# Blender 5.2.1 LTS
# www.blender.org
o Object_2
v -0.009065 -0.008732 0.201293
v -0.009064 -0.008731 0.201293
v -0.012599 0.000052 0.195974
v -0.012597 0.000053 0.195974
v 0.012570 -0.000256 0.195974
v 0.012568 -0.000256 0.195974
l 1 2
l 3 4
l 5 6
o Object_3
v -0.001450 0.001450 0.008124
v -0.000785 0.001894 0.008124
v -0.000200 0.000374 0.007760
v -0.002050 0.000000 0.008124
v -0.001894 0.000785 0.008124
v -0.000406 0.000123 0.007760
v -0.001450 -0.001450 0.008124
v -0.001894 -0.000785 0.008124
v -0.000374 -0.000200 0.007760
v 0.000000 -0.002050 0.008124
v -0.000785 -0.001894 0.008124
v -0.000123 -0.000406 0.007760
v 0.001450 -0.001450 0.008124
v 0.000785 -0.001894 0.008124
v 0.000200 -0.000374 0.007760
v 0.002050 0.000000 0.008124
v 0.001894 -0.000785 0.008124
v 0.000406 -0.000123 0.007760
v 0.001450 0.001450 0.008124
v 0.001894 0.000785 0.008124
v 0.000374 0.000200 0.007760
v 0.000123 0.000406 0.007760
v 0.000000 0.000000 0.007640
v 0.000374 0.000200 0.007760
v 0.000406 -0.000123 0.007760
v 0.000200 -0.000374 0.007760
v -0.000123 -0.000406 0.007760
v -0.000374 -0.000200 0.007760
v -0.000406 0.000123 0.007760
v -0.000200 0.000374 0.007760
v 0.000123 0.000406 0.007760
v 0.000000 0.002050 0.008124
v 0.000785 0.001894 0.008124
v -0.000692 0.001671 0.009092
v -0.001279 0.001279 0.009092
v -0.000104 0.000195 0.008736
v -0.001671 0.000692 0.009092
v -0.001809 0.000000 0.009092
v -0.000212 0.000064 0.008736
v -0.001671 -0.000692 0.009092
v -0.001279 -0.001279 0.009092
v -0.000195 -0.000104 0.008736
v -0.000692 -0.001671 0.009092
v 0.000000 -0.001809 0.009092
v -0.000064 -0.000212 0.008736
v 0.000692 -0.001671 0.009092
v 0.001279 -0.001279 0.009092
v 0.000104 -0.000195 0.008736
v 0.001671 -0.000692 0.009092
v 0.001809 0.000000 0.009092
v 0.000212 -0.000064 0.008736
v 0.001671 0.000692 0.009092
v 0.001279 0.001279 0.009092
v 0.000195 0.000104 0.008736
v 0.000064 0.000212 0.008736
v 0.000000 0.000000 0.008635
v 0.000195 0.000104 0.008736
v 0.000212 -0.000064 0.008736
v 0.000104 -0.000195 0.008736
v -0.000064 -0.000212 0.008736
v -0.000195 -0.000104 0.008736
v -0.000212 0.000064 0.008736
v -0.000104 0.000195 0.008736
v 0.000064 0.000212 0.008736
v 0.000692 0.001671 0.009092
v 0.000000 0.001809 0.009092
v 0.005101 0.012315 0.190944
v 0.005029 0.012141 0.190894
v 0.000000 0.013142 0.190894
v 0.000000 0.013330 0.190944
v 0.012315 0.005101 0.190944
v 0.012936 0.005358 0.191123
v 0.014002 0.000000 0.191123
v 0.013330 0.000000 0.190944
v 0.012936 -0.005358 0.191123
v 0.012315 -0.005101 0.190944
v 0.009901 -0.009901 0.191123
v 0.009426 -0.009426 0.190944
v 0.005358 -0.012936 0.191123
v 0.005101 -0.012315 0.190944
v 0.000000 -0.014002 0.191123
v 0.000000 -0.013330 0.190944
v -0.005358 -0.012936 0.191123
v -0.005101 -0.012315 0.190944
v -0.009901 -0.009901 0.191123
v -0.009426 -0.009426 0.190944
v -0.012936 -0.005358 0.191123
v -0.012315 -0.005101 0.190944
v -0.014002 0.000000 0.191123
v -0.013330 0.000000 0.190944
v -0.012936 0.005358 0.191123
v -0.012315 0.005101 0.190944
v -0.009901 0.009901 0.191123
v -0.009426 0.009426 0.190944
v -0.005358 0.012936 0.191123
v -0.005101 0.012315 0.190944
v 0.000000 0.013116 0.193643
v -0.005019 0.012117 0.193643
v -0.004990 0.012046 0.201781
v 0.000000 0.013039 0.201781
v -0.012762 0.030811 0.011153
v 0.000000 0.033349 0.009777
v 0.000000 0.032288 0.004756
v -0.012356 0.029830 0.006208
v 0.005687 0.013729 0.184360
v 0.010508 0.010508 0.184360
v 0.016411 0.016411 0.174203
v 0.008882 0.021442 0.174203
v 0.016411 -0.016411 0.174203
v 0.008882 -0.021442 0.174203
v 0.011235 -0.027124 0.164672
v 0.020760 -0.020760 0.164672
v 0.023131 0.023131 0.104379
v 0.023539 0.023539 0.105606
v 0.030756 0.012739 0.105606
v 0.030223 0.012519 0.104379
v 0.000000 0.014861 0.184360
v 0.000000 0.023209 0.174203
v 0.030293 -0.012548 0.101694
v 0.029782 -0.012336 0.103037
v 0.022794 -0.022794 0.103037
v 0.023185 -0.023185 0.101694
v -0.022740 0.022740 0.113102
v -0.022727 0.022727 0.114925
v -0.012300 0.029694 0.114925
v -0.012307 0.029712 0.113102
v -0.023071 0.023071 0.047777
v -0.012486 0.030144 0.047777
v -0.012147 0.029326 0.046790
v -0.022445 0.022445 0.046790
v 0.012614 0.030453 0.025822
v 0.012262 0.029603 0.024830
v 0.000000 0.032042 0.024830
v 0.000000 0.032962 0.025822
v 0.000000 -0.032920 0.022016
v 0.012598 -0.030414 0.021900
v 0.012248 -0.029569 0.023006
v 0.000000 -0.032006 0.023007
v 0.000000 -0.032042 0.024830
v 0.012262 -0.029603 0.024830
v 0.012614 -0.030453 0.025822
v 0.000000 -0.032962 0.025822
v -0.012614 -0.030453 0.025822
v -0.012262 -0.029603 0.024830
v -0.023307 -0.023307 0.025822
v -0.022657 -0.022657 0.024830
v -0.030414 -0.012598 0.022016
v -0.023278 -0.023278 0.022016
v -0.022631 -0.022631 0.023007
v -0.029569 -0.012248 0.023007
v -0.029603 -0.012262 0.024830
v -0.030453 -0.012614 0.025822
v -0.032962 0.000000 0.025822
v -0.032042 0.000000 0.024830
v -0.029603 0.012262 0.024830
v -0.030453 0.012614 0.025822
v -0.023278 0.023278 0.022016
v -0.030414 0.012598 0.022016
v -0.029569 0.012248 0.023007
v -0.022631 0.022631 0.023007
v -0.023307 0.023307 0.025822
v -0.012614 0.030453 0.025822
v -0.012262 0.029603 0.024830
v -0.022657 0.022657 0.024830
v 0.000000 0.032577 0.033504
v 0.000000 0.032058 0.034845
v 0.012268 0.029617 0.034845
v 0.012467 0.030097 0.033504
v 0.000000 0.032560 0.036186
v 0.000000 0.032058 0.034845
v -0.012268 0.029617 0.034845
v -0.012460 0.030081 0.036186
v 0.012545 0.030286 0.094876
v 0.011203 0.027046 0.081298
v 0.000000 0.029275 0.081298
v 0.000000 0.032781 0.094876
v 0.012781 0.030855 0.100468
v 0.023615 0.023615 0.100468
v 0.023180 0.023180 0.094876
v 0.027046 0.011203 0.081298
v 0.029275 0.000000 0.081298
v 0.028539 0.000000 0.075892
v 0.026367 0.010922 0.075892
v 0.030855 0.012781 0.100468
v 0.030286 0.012545 0.094876
v 0.027046 -0.011203 0.081298
v 0.026367 -0.010922 0.075892
v 0.033397 0.000000 0.100468
v 0.032781 0.000000 0.094876
v 0.020700 -0.020700 0.081298
v 0.020180 -0.020180 0.075892
v 0.030855 -0.012781 0.100468
v 0.030286 -0.012545 0.094876
v 0.011203 -0.027046 0.081298
v 0.010922 -0.026367 0.075892
v 0.023615 -0.023615 0.100468
v 0.023180 -0.023180 0.094876
v 0.000000 -0.029275 0.081298
v 0.000000 -0.028539 0.075892
v 0.012781 -0.030855 0.100468
v 0.012545 -0.030286 0.094876
v -0.011203 -0.027046 0.081298
v -0.010922 -0.026367 0.075892
v 0.000000 -0.033397 0.100468
v 0.000000 -0.032781 0.094876
v -0.020700 -0.020700 0.081298
v -0.020180 -0.020180 0.075892
v -0.012781 -0.030855 0.100468
v -0.012545 -0.030286 0.094876
v -0.027046 -0.011203 0.081298
v -0.026367 -0.010922 0.075892
v -0.023615 -0.023615 0.100468
v -0.023180 -0.023180 0.094876
v -0.029275 0.000000 0.081298
v -0.028539 0.000000 0.075892
v -0.030855 -0.012781 0.100468
v -0.030286 -0.012545 0.094876
v -0.027046 0.011203 0.081298
v -0.026367 0.010922 0.075892
v -0.033397 0.000000 0.100468
v -0.032781 0.000000 0.094876
v -0.020700 0.020700 0.081298
v -0.020180 0.020180 0.075892
v -0.030855 0.012781 0.100468
v -0.030286 0.012545 0.094876
v -0.011203 0.027046 0.081298
v -0.010922 0.026367 0.075892
v -0.023615 0.023615 0.100468
v -0.023180 0.023180 0.094876
v -0.022445 -0.022445 0.046790
v -0.012147 -0.029326 0.046790
v -0.012486 -0.030144 0.047777
v -0.023071 -0.023071 0.047777
v -0.012781 0.030855 0.100468
v -0.012545 0.030286 0.094876
v 0.012739 0.030756 0.105606
v 0.012661 0.030565 0.112110
v 0.023394 0.023394 0.112110
v 0.000000 0.029275 0.081298
v 0.000000 0.028539 0.075892
v 0.020700 0.020700 0.081298
v 0.020180 0.020180 0.075892
v 0.010922 0.026367 0.075892
v 0.000000 0.033397 0.100468
v 0.000000 0.032781 0.094876
v -0.028730 0.011900 0.058753
v -0.029332 0.012150 0.057520
v -0.031748 0.000000 0.057520
v -0.031097 0.000000 0.058753
v 0.030097 -0.012467 0.033504
v 0.032577 0.000000 0.033504
v 0.032058 0.000000 0.034845
v 0.029617 -0.012268 0.034845
v 0.012150 0.029332 0.057520
v 0.012486 0.030144 0.047777
v 0.000000 0.032628 0.047777
v 0.000000 0.031748 0.057520
v -0.021989 0.021989 0.058753
v -0.022450 0.022450 0.057520
v 0.030631 0.012688 0.032276
v 0.033154 0.000000 0.032276
v 0.032962 0.000000 0.025822
v 0.030453 0.012614 0.025822
v 0.030631 -0.012688 0.032276
v 0.030453 -0.012614 0.025822
v 0.023444 -0.023444 0.032276
v 0.023307 -0.023307 0.025822
v 0.012688 -0.030631 0.032276
v 0.000000 -0.033154 0.032276
v -0.012688 -0.030631 0.032276
v 0.000000 -0.031742 0.046790
v 0.012147 -0.029326 0.046790
v 0.012486 -0.030144 0.047777
v 0.000000 -0.032628 0.047777
v 0.000000 0.033290 0.105606
v 0.000000 0.033084 0.112110
v -0.030144 -0.012486 0.047777
v -0.029326 -0.012147 0.046790
v 0.012762 0.030811 0.013631
v 0.023581 0.023581 0.015145
v 0.022831 0.022831 0.011552
v 0.012356 0.029830 0.009257
v -0.021579 0.021579 0.061365
v -0.021870 0.021870 0.062592
v -0.011836 0.028574 0.062592
v -0.011678 0.028194 0.061365
v 0.030811 0.012762 0.011153
v 0.029830 0.012356 0.006208
v 0.033349 0.000000 0.009777
v 0.032288 0.000000 0.004756
v 0.030811 -0.012762 0.013631
v 0.029830 -0.012356 0.009257
v 0.023581 -0.023581 0.013631
v 0.022831 -0.022831 0.009257
v 0.012762 -0.030811 0.009777
v 0.012356 -0.029830 0.004756
v 0.000000 -0.033349 0.011153
v 0.000000 -0.032288 0.006208
v -0.012762 -0.030811 0.015145
v -0.012356 -0.029830 0.011552
v -0.023581 -0.023581 0.015145
v -0.022831 -0.022831 0.011552
v -0.030811 -0.012762 0.011153
v -0.029830 -0.012356 0.006208
v -0.033349 0.000000 0.009777
v -0.032288 0.000000 0.004756
v -0.030811 0.012762 0.013631
v -0.029830 0.012356 0.009257
v -0.023581 0.023581 0.015145
v -0.022831 0.022831 0.011552
v 0.007262 0.017533 0.002241
v 0.013419 0.013419 0.004088
v 0.008860 0.008860 0.005677
v 0.004795 0.011576 0.004945
v 0.000000 0.033470 0.014799
v 0.012808 0.030922 0.018006
v 0.000000 0.032288 0.004756
v 0.000000 0.026254 -0.001549
v -0.010047 0.024255 -0.000325
v 0.010047 0.024255 0.002350
v 0.018564 0.018564 0.005014
v 0.023667 0.023667 0.018737
v 0.012598 0.030414 0.022016
v 0.023278 0.023278 0.022016
v 0.024255 0.010047 -0.000325
v 0.026254 -0.000000 -0.001549
v 0.017533 0.007262 0.000619
v 0.030922 0.012808 0.016099
v 0.030414 0.012598 0.022016
v 0.024255 -0.010047 0.002350
v 0.018978 -0.000000 -0.000232
v 0.033470 0.000000 0.014799
v 0.032920 0.000000 0.021900
v 0.018564 -0.018564 0.002350
v 0.017533 -0.007262 0.002241
v 0.030922 -0.012808 0.018006
v 0.030414 -0.012598 0.022016
v 0.010047 -0.024255 -0.001549
v 0.013419 -0.013419 0.002241
v 0.023667 -0.023667 0.018006
v 0.023278 -0.023278 0.022016
v 0.000000 -0.026254 -0.000325
v 0.007262 -0.017533 -0.000232
v 0.012808 -0.030922 0.014799
v -0.010047 -0.024255 0.005014
v 0.000000 -0.018978 0.000619
v 0.000000 -0.033470 0.016099
v -0.018564 -0.018564 0.005014
v -0.007262 -0.017533 0.004088
v -0.012808 -0.030922 0.018737
v -0.012598 -0.030414 0.022016
v -0.024255 -0.010047 -0.000325
v -0.013419 -0.013419 0.004088
v -0.023667 -0.023667 0.018737
v -0.026254 -0.000000 -0.001549
v -0.017533 -0.007262 0.000619
v -0.030922 -0.012808 0.016099
v -0.024255 0.010047 0.002350
v -0.018978 -0.000000 -0.000232
v -0.033470 0.000000 0.014799
v -0.032920 0.000000 0.021900
v -0.018564 0.018564 0.005014
v -0.017533 0.007262 0.002241
v -0.030922 0.012808 0.018006
v 0.000000 0.033470 0.014799
v -0.012808 0.030922 0.016099
v -0.012598 0.030414 0.022016
v 0.000000 0.032920 0.021900
v -0.013419 0.013419 0.004088
v -0.023667 0.023667 0.018737
v 0.002404 0.005805 0.007855
v 0.004447 0.004447 0.007871
v 0.000000 0.018978 -0.000232
v 0.000000 0.012530 0.003894
v -0.007262 0.017533 0.000619
v 0.011576 0.004795 0.004270
v 0.012530 0.000000 0.003894
v 0.033170 0.000000 0.127441
v 0.030645 0.012694 0.127441
v 0.030455 0.012615 0.133961
v 0.032965 0.000000 0.133961
v 0.004795 -0.011576 0.003894
v 0.008860 -0.008860 0.004945
v 0.000000 -0.012530 0.004270
v -0.004795 -0.011576 0.005677
v -0.008860 -0.008860 0.005677
v -0.011576 -0.004795 0.004270
v -0.012530 0.000000 0.003894
v -0.011576 0.004795 0.004945
v -0.008860 0.008860 0.005677
v -0.004795 0.011576 0.004270
v -0.002402 0.005800 0.007822
v 0.000000 0.006274 0.007793
v 0.004149 0.004149 0.007952
v 0.005800 0.002402 0.007822
v 0.005421 0.002245 0.007934
v 0.011576 -0.004795 0.004945
v 0.006274 0.000000 0.007793
v 0.005805 -0.002404 0.007855
v 0.032876 0.000000 0.043983
v 0.031957 0.000000 0.044972
v 0.029525 -0.012230 0.044972
v 0.030374 -0.012581 0.043983
v 0.000000 0.005868 0.007914
v -0.002245 0.005421 0.007934
v 0.021967 -0.021967 0.022594
v 0.021999 -0.021999 0.025260
v 0.028743 -0.011906 0.025260
v 0.028702 -0.011889 0.022594
v 0.029326 -0.012147 0.046790
v 0.031742 0.000000 0.046790
v 0.032628 0.000000 0.047777
v 0.030144 -0.012486 0.047777
v 0.022642 -0.022642 0.026231
v 0.011906 -0.028743 0.025260
v 0.012254 -0.029584 0.026231
v 0.029584 -0.012254 0.026231
v 0.032021 0.000000 0.026231
v 0.031111 0.000000 0.025260
v 0.028700 0.011889 0.022599
v 0.031061 -0.000001 0.022607
v 0.028743 0.011906 0.025260
v 0.029326 0.012147 0.046790
v 0.030144 0.012486 0.047777
v -0.000001 -0.031065 0.022599
v 0.011887 -0.028696 0.022607
v 0.012234 -0.029526 0.021535
v -0.000004 -0.031970 0.021627
v -0.004149 0.004149 0.007952
v -0.005421 0.002245 0.007952
v -0.004447 0.004447 0.007871
v 0.029525 0.012230 0.044972
v -0.005805 0.002404 0.007855
v -0.005868 0.000000 0.007914
v -0.005421 -0.002245 0.007934
v -0.006274 0.000000 0.007793
v 0.031960 -0.000004 0.021535
v 0.029541 -0.012236 0.021616
v -0.005800 -0.002402 0.007822
v 0.026105 0.010813 0.081458
v 0.029361 0.012162 0.095116
v 0.022472 0.022472 0.095116
v 0.019980 0.019980 0.081458
v -0.004149 -0.004149 0.007952
v -0.002245 -0.005421 0.007952
v -0.004447 -0.004447 0.007871
v -0.002407 -0.005810 0.007871
v 0.000000 -0.005868 0.007934
v 0.002245 -0.005421 0.007914
v 0.000000 -0.006277 0.007822
v 0.002401 -0.005797 0.007793
v 0.004149 -0.004149 0.007952
v 0.005421 -0.002245 0.007952
v 0.004443 -0.004443 0.007855
v 0.005868 0.000000 0.007914
v 0.002245 0.005421 0.007952
v -0.010613 0.025622 0.074923
v -0.019610 0.019610 0.074923
v 0.000000 0.032577 0.033504
v 0.012688 0.030631 0.032276
v 0.000000 0.033154 0.032276
v 0.012548 0.030293 0.101694
v 0.012336 0.029782 0.103037
v 0.022794 0.022794 0.103037
v 0.023185 0.023185 0.101694
v 0.012147 0.029326 0.046790
v 0.000000 0.031742 0.046790
v 0.000000 0.032628 0.047777
v 0.030097 0.012467 0.033504
v 0.023444 0.023444 0.032276
v 0.023035 0.023035 0.033504
v 0.022445 0.022445 0.046790
v 0.023071 0.023071 0.047777
v 0.022445 -0.022445 0.046790
v 0.023071 -0.023071 0.047777
v -0.023444 -0.023444 0.032276
v -0.032628 0.000000 0.047777
v -0.031742 0.000000 0.046790
v 0.022668 -0.022668 0.034845
v 0.023035 -0.023035 0.033504
v -0.029712 0.012307 0.113102
v -0.029694 0.012300 0.114925
v 0.023475 0.023475 0.122302
v 0.023378 0.023378 0.115916
v 0.012652 0.030545 0.115916
v 0.012705 0.030671 0.122302
v 0.000000 0.030517 0.061365
v 0.000000 0.030381 0.060066
v -0.011626 0.028068 0.060066
v -0.025622 0.010613 0.074923
v -0.027733 0.000000 0.074923
v 0.021989 -0.021989 0.058753
v 0.022450 -0.022450 0.057520
v 0.029332 -0.012150 0.057520
v 0.028730 -0.011900 0.058753
v -0.021870 -0.021870 0.062592
v -0.011836 -0.028574 0.062592
v -0.011001 -0.026558 0.072159
v -0.020327 -0.020327 0.072159
v 0.000000 -0.030929 0.062592
v 0.000000 -0.028746 0.072159
v 0.011836 -0.028574 0.062592
v 0.011001 -0.026558 0.072159
v 0.021870 -0.021870 0.062592
v 0.020327 -0.020327 0.072159
v 0.028574 -0.011836 0.062592
v 0.026558 -0.011001 0.072159
v 0.030929 0.000000 0.062592
v 0.028746 0.000000 0.072159
v 0.011900 0.028730 0.058753
v 0.000000 0.031748 0.057520
v 0.000000 0.031097 0.058753
v 0.028574 0.011836 0.062592
v 0.021870 0.021870 0.062592
v 0.020327 0.020327 0.072159
v 0.026558 0.011001 0.072159
v 0.000000 0.030929 0.062592
v 0.000000 0.030517 0.061365
v 0.000000 0.033154 0.032276
v 0.000000 0.032962 0.025822
v -0.010682 0.025788 0.073123
v 0.000000 0.027912 0.073123
v 0.000000 0.028746 0.072159
v -0.011001 0.026558 0.072159
v 0.000000 -0.031097 0.058753
v 0.000000 -0.031748 0.057520
v 0.012150 -0.029332 0.057520
v 0.011900 -0.028730 0.058753
v -0.028574 -0.011836 0.062592
v -0.026558 -0.011001 0.072159
v 0.000000 0.033130 0.037415
v 0.000000 0.032876 0.043983
v 0.012581 0.030374 0.043983
v 0.012678 0.030608 0.037415
v 0.000000 0.030929 0.062592
v 0.000000 0.028746 0.072159
v 0.011001 0.026558 0.072159
v 0.011836 0.028574 0.062592
v 0.000000 -0.023209 0.174203
v 0.000000 -0.029359 0.164672
v -0.008882 -0.021442 0.174203
v -0.011235 -0.027124 0.164672
v -0.016411 -0.016411 0.174203
v -0.020760 -0.020760 0.164672
v -0.021442 -0.008882 0.174203
v -0.027124 -0.011235 0.164672
v -0.023209 0.000000 0.174203
v -0.029359 0.000000 0.164672
v -0.021442 0.008882 0.174203
v -0.027124 0.011235 0.164672
v -0.016411 0.016411 0.174203
v -0.020760 0.020760 0.164672
v -0.008882 0.021442 0.174203
v -0.011235 0.027124 0.164672
v 0.020760 0.020760 0.164672
v 0.011235 0.027124 0.164672
v -0.029712 -0.012307 0.113102
v -0.029694 -0.012300 0.114925
v -0.032140 0.000000 0.114925
v -0.032160 0.000000 0.113102
v -0.022740 -0.022740 0.113102
v -0.022727 -0.022727 0.114925
v -0.012307 -0.029712 0.113102
v -0.012300 -0.029694 0.114925
v 0.000000 -0.032160 0.113102
v 0.000000 -0.032140 0.114925
v 0.012307 -0.029712 0.113102
v 0.012300 -0.029694 0.114925
v 0.022740 -0.022740 0.113102
v 0.022727 -0.022727 0.114925
v 0.029712 -0.012307 0.113102
v 0.029694 -0.012300 0.114925
v 0.032160 0.000000 0.113102
v 0.032140 0.000000 0.114925
v 0.029712 0.012307 0.113102
v 0.029694 0.012300 0.114925
v 0.022740 0.022740 0.113102
v 0.022727 0.022727 0.114925
v 0.012307 0.029712 0.113102
v 0.012300 0.029694 0.114925
v -0.023048 0.023048 0.126213
v -0.012473 0.030113 0.126213
v -0.012281 0.029650 0.124871
v -0.022693 0.022693 0.124871
v 0.000000 0.033084 0.112110
v 0.000000 0.032160 0.113102
v 0.032474 0.000000 0.148334
v 0.033049 0.000000 0.149563
v 0.030534 -0.012647 0.149563
v 0.030002 -0.012427 0.148334
v -0.012263 0.029605 0.134953
v -0.012255 0.029587 0.136775
v 0.000000 0.032025 0.136775
v 0.000000 0.032044 0.134953
v 0.000000 0.032942 0.137767
v 0.000000 0.032025 0.136775
v -0.012606 0.030435 0.137767
v -0.030021 0.012435 0.145652
v -0.029542 0.012237 0.146993
v -0.022610 0.022610 0.146993
v -0.022977 0.022977 0.145652
v 0.023369 0.023369 0.149563
v 0.023645 0.023645 0.152194
v 0.030893 0.012796 0.152194
v 0.030534 0.012647 0.149563
v -0.029605 -0.012263 0.134953
v -0.029587 -0.012255 0.136775
v -0.032025 0.000000 0.136775
v -0.032044 0.000000 0.134953
v -0.022659 -0.022659 0.134953
v -0.022645 -0.022645 0.136775
v -0.012263 -0.029605 0.134953
v -0.012255 -0.029587 0.136775
v 0.000000 -0.032044 0.134953
v 0.000000 -0.032025 0.136775
v 0.012263 -0.029605 0.134953
v 0.012255 -0.029587 0.136775
v 0.022659 -0.022659 0.134953
v 0.022645 -0.022645 0.136775
v 0.029605 -0.012263 0.134953
v 0.029587 -0.012255 0.136775
v 0.032044 0.000000 0.134953
v 0.032025 0.000000 0.136775
v 0.029605 0.012263 0.134953
v 0.029587 0.012255 0.136775
v 0.022659 0.022659 0.134953
v 0.022645 0.022645 0.136775
v 0.012263 0.029605 0.134953
v 0.012255 0.029587 0.136775
v -0.022963 0.022963 0.148334
v -0.012427 0.030002 0.148334
v -0.012237 0.029542 0.146993
v 0.012615 0.030455 0.133961
v 0.000000 0.032965 0.133961
v 0.000000 0.032044 0.134953
v 0.000000 0.033438 0.152194
v 0.000000 0.033049 0.149563
v -0.012647 0.030534 0.149563
v -0.012796 0.030893 0.152194
v -0.012581 -0.030374 0.043983
v -0.012230 -0.029525 0.044972
v -0.022597 -0.022597 0.044972
v -0.023247 -0.023247 0.043983
v 0.000000 0.032789 0.101694
v 0.000000 0.033397 0.100468
v -0.012548 0.030293 0.101694
v 0.000000 0.023209 0.174203
v 0.000000 0.029359 0.164672
v 0.021999 0.021999 0.025260
v 0.021967 0.021967 0.022594
v -0.023369 0.023369 0.149563
v -0.023645 0.023645 0.152194
v -0.030534 0.012647 0.149563
v -0.030893 0.012796 0.152194
v -0.033049 0.000000 0.149563
v -0.033438 0.000000 0.152194
v -0.030534 -0.012647 0.149563
v -0.030893 -0.012796 0.152194
v -0.012435 0.030021 0.145652
v -0.012658 0.030560 0.144424
v -0.023389 0.023389 0.144424
v -0.023369 -0.023369 0.149563
v -0.023645 -0.023645 0.152194
v -0.030560 0.012658 0.144424
v -0.012647 -0.030534 0.149563
v -0.012796 -0.030893 0.152194
v -0.033078 0.000000 0.144424
v -0.032494 0.000000 0.145652
v 0.000000 -0.033049 0.149563
v 0.000000 -0.033438 0.152194
v -0.030560 -0.012658 0.144424
v -0.030021 -0.012435 0.145652
v 0.012647 -0.030534 0.149563
v 0.012796 -0.030893 0.152194
v -0.023389 -0.023389 0.144424
v -0.022977 -0.022977 0.145652
v 0.023369 -0.023369 0.149563
v 0.023645 -0.023645 0.152194
v -0.012658 -0.030560 0.144424
v -0.012435 -0.030021 0.145652
v 0.030893 -0.012796 0.152194
v 0.000000 -0.033078 0.144424
v 0.000000 -0.032494 0.145652
v 0.021442 -0.008882 0.174203
v 0.027124 -0.011235 0.164672
v 0.012658 -0.030560 0.144424
v 0.012435 -0.030021 0.145652
v 0.033438 0.000000 0.152194
v 0.023389 -0.023389 0.144424
v 0.022977 -0.022977 0.145652
v 0.030560 -0.012658 0.144424
v 0.030021 -0.012435 0.145652
v 0.012647 0.030534 0.149563
v 0.012796 0.030893 0.152194
v 0.033078 0.000000 0.144424
v 0.032494 0.000000 0.145652
v 0.013729 0.005687 0.184360
v 0.021442 0.008882 0.174203
v -0.009729 0.009729 0.186335
v -0.005266 0.012712 0.186335
v -0.005687 0.013729 0.184360
v -0.010508 0.010508 0.184360
v 0.013659 0.000000 0.186641
v 0.012619 0.005227 0.186641
v 0.012144 0.005030 0.190739
v 0.013145 0.000000 0.190739
v -0.012712 0.005266 0.186335
v -0.013729 0.005687 0.184360
v -0.014861 0.000000 0.184360
v -0.013729 -0.005687 0.184360
v -0.010508 -0.010508 0.184360
v -0.005687 -0.013729 0.184360
v 0.000000 -0.014861 0.184360
v 0.005687 -0.013729 0.184360
v 0.010508 -0.010508 0.184360
v 0.013729 -0.005687 0.184360
v 0.014861 0.000000 0.184360
v 0.023209 0.000000 0.174203
v 0.022631 -0.022631 0.023007
v 0.012619 -0.005227 0.186641
v 0.012144 -0.005030 0.190739
v 0.000000 0.013760 0.186335
v 0.005266 0.012712 0.186335
v 0.000000 0.014861 0.184360
v 0.000000 0.014002 0.191123
v 0.009659 0.009659 0.186641
v 0.009295 0.009295 0.190739
v 0.022657 -0.022657 0.024830
v 0.000000 -0.013760 0.186335
v -0.005266 -0.012712 0.186335
v 0.009729 0.009729 0.186335
v 0.012712 0.005266 0.186335
v -0.009729 -0.009729 0.186335
v 0.005122 0.012365 0.193368
v 0.005020 0.012119 0.193441
v 0.009276 0.009276 0.193441
v 0.009464 0.009464 0.193368
v 0.005266 -0.012712 0.186335
v 0.005358 0.012936 0.191123
v 0.009901 0.009901 0.191123
v 0.009426 0.009426 0.190944
v -0.005029 0.012141 0.190894
v 0.000000 0.013142 0.190894
v 0.000000 0.013145 0.190739
v -0.005030 0.012144 0.190739
v -0.012712 -0.005266 0.186335
v -0.013760 0.000000 0.186335
v 0.005227 0.012619 0.186641
v 0.000000 0.013659 0.186641
v 0.005030 0.012144 0.190739
v -0.009659 -0.009659 0.186641
v -0.005227 -0.012619 0.186641
v -0.005030 -0.012144 0.190739
v -0.009295 -0.009295 0.190739
v -0.005227 0.012619 0.186641
v -0.009659 0.009659 0.186641
v -0.009295 0.009295 0.190739
v -0.012619 0.005227 0.186641
v -0.012144 0.005030 0.190739
v 0.013760 0.000000 0.186335
v -0.013659 0.000000 0.186641
v -0.013145 0.000000 0.190739
v -0.012619 -0.005227 0.186641
v -0.012144 -0.005030 0.190739
v 0.000000 -0.013659 0.186641
v 0.000000 -0.013145 0.190739
v 0.009729 -0.009729 0.186335
v 0.005227 -0.012619 0.186641
v 0.005030 -0.012144 0.190739
v 0.009659 -0.009659 0.186641
v 0.009295 -0.009295 0.190739
v -0.005122 0.012365 0.193368
v -0.005020 0.012119 0.193441
v 0.000000 0.013118 0.193441
v 0.000000 0.013384 0.193368
v -0.004640 0.011203 0.202052
v 0.000000 0.012126 0.202052
v 0.000000 0.012624 0.202172
v -0.004831 0.011663 0.202172
v -0.009220 0.009220 0.201781
v -0.008926 0.008926 0.202172
v -0.008574 0.008574 0.202052
v -0.012046 0.004990 0.201781
v -0.011663 0.004831 0.202172
v -0.011203 0.004640 0.202052
v -0.013039 0.000000 0.201781
v -0.012624 0.000000 0.202172
v -0.012126 0.000000 0.202052
v -0.012046 -0.004990 0.201781
v -0.011663 -0.004831 0.202172
v -0.011203 -0.004640 0.202052
v -0.009220 -0.009220 0.201781
v -0.008926 -0.008926 0.202172
v -0.008574 -0.008574 0.202052
v -0.004990 -0.012046 0.201781
v -0.004831 -0.011663 0.202172
v -0.004640 -0.011203 0.202052
v 0.000000 -0.013039 0.201781
v 0.000000 -0.012624 0.202172
v 0.000000 -0.012126 0.202052
v 0.004990 -0.012046 0.201781
v 0.004831 -0.011663 0.202172
v 0.004640 -0.011203 0.202052
v 0.009220 -0.009220 0.201781
v 0.008926 -0.008926 0.202172
v 0.008574 -0.008574 0.202052
v 0.012046 -0.004990 0.201781
v 0.011663 -0.004831 0.202172
v 0.011203 -0.004640 0.202052
v 0.013039 0.000000 0.201781
v 0.012624 0.000000 0.202172
v 0.012126 0.000000 0.202052
v 0.012046 0.004990 0.201781
v 0.011663 0.004831 0.202172
v 0.011203 0.004640 0.202052
v -0.012117 -0.005019 0.193643
v -0.013116 0.000000 0.193643
v -0.013118 0.000000 0.193441
v -0.012119 -0.005020 0.193441
v 0.000000 -0.013384 0.193368
v 0.000000 -0.013118 0.193441
v -0.005020 -0.012119 0.193441
v -0.005122 -0.012365 0.193368
v 0.009220 0.009220 0.201781
v 0.008926 0.008926 0.202172
v -0.009274 0.009274 0.193643
v -0.009276 0.009276 0.193441
v -0.012117 0.005019 0.193643
v -0.012119 0.005020 0.193441
v 0.029603 -0.012262 0.024830
v 0.032042 0.000000 0.024830
v 0.029569 0.012248 0.023007
v 0.029603 0.012262 0.024830
v 0.032006 0.000000 0.023006
v -0.030144 0.012486 0.047777
v -0.029326 0.012147 0.046790
v -0.009464 0.009464 0.193368
v -0.009274 -0.009274 0.193643
v -0.009276 -0.009276 0.193441
v -0.005019 -0.012117 0.193643
v -0.012365 -0.005122 0.193368
v -0.013384 0.000000 0.193368
v 0.000000 -0.013116 0.193643
v 0.005019 -0.012117 0.193643
v 0.005020 -0.012119 0.193441
v 0.009274 -0.009274 0.193643
v 0.009276 -0.009276 0.193441
v 0.012117 -0.005019 0.193643
v 0.012119 -0.005020 0.193441
v 0.013116 0.000000 0.193643
v 0.013118 0.000000 0.193441
v 0.012117 0.005019 0.193643
v 0.012119 0.005020 0.193441
v 0.009274 0.009274 0.193643
v 0.005019 0.012117 0.193643
v 0.000000 -0.015699 0.192173
v 0.006008 -0.014504 0.192173
v 0.005351 -0.012918 0.193203
v 0.000000 -0.013982 0.193203
v -0.006008 -0.014504 0.192173
v -0.005351 -0.012918 0.193203
v -0.014504 -0.006008 0.192173
v -0.011101 -0.011101 0.192173
v -0.009887 -0.009887 0.193203
v -0.012918 -0.005351 0.193203
v -0.009887 0.009887 0.193203
v -0.011101 0.011101 0.192173
v -0.014504 0.006008 0.192173
v -0.012918 0.005351 0.193203
v -0.012365 0.005122 0.193368
v -0.015699 0.000000 0.192173
v -0.006008 0.014504 0.192173
v -0.005351 0.012918 0.193203
v 0.000000 0.014002 0.191123
v 0.000000 0.015699 0.192173
v -0.009464 -0.009464 0.193368
v 0.005122 -0.012365 0.193368
v 0.011101 -0.011101 0.192173
v 0.009887 -0.009887 0.193203
v -0.013982 0.000000 0.193203
v 0.009464 -0.009464 0.193368
v 0.014504 -0.006008 0.192173
v 0.012918 -0.005351 0.193203
v 0.012365 -0.005122 0.193368
v 0.015699 0.000000 0.192173
v 0.013982 0.000000 0.193203
v 0.013384 0.000000 0.193368
v 0.014504 0.006008 0.192173
v 0.012918 0.005351 0.193203
v 0.012365 0.005122 0.193368
v 0.011101 0.011101 0.192173
v 0.009887 0.009887 0.193203
v 0.006008 0.014504 0.192173
v 0.005351 0.012918 0.193203
v 0.000000 0.013118 0.193441
v 0.000000 0.015699 0.192173
v 0.000000 0.013982 0.193203
v 0.012712 -0.005266 0.186335
v 0.029569 -0.012248 0.023007
v -0.021579 -0.021579 0.061365
v -0.028194 -0.011678 0.061365
v -0.012615 0.030455 0.133961
v -0.030002 -0.012427 0.148334
v -0.032474 0.000000 0.148334
v -0.031976 0.000000 0.146993
v -0.029542 -0.012237 0.146993
v -0.012705 -0.030671 0.122302
v -0.012652 -0.030545 0.115916
v 0.000000 -0.033061 0.115916
v 0.000000 -0.033198 0.122302
v 0.032614 0.000000 0.123530
v 0.033198 0.000000 0.122302
v 0.030671 0.012705 0.122302
v 0.030132 0.012481 0.123530
v 0.023378 -0.023378 0.115916
v 0.030545 -0.012652 0.115916
v 0.023048 0.023048 0.126213
v 0.023455 0.023455 0.127441
v 0.030113 0.012473 0.126213
v 0.000000 -0.030381 0.060066
v -0.011626 -0.028068 0.060066
v -0.011900 -0.028730 0.058753
v -0.011678 -0.028194 0.061365
v 0.029617 0.012268 0.034845
v 0.012460 0.030081 0.036186
v 0.023023 0.023023 0.036186
v 0.022668 0.022668 0.034845
v -0.030002 0.012427 0.148334
v -0.011900 0.028730 0.058753
v -0.012150 0.029332 0.057520
v -0.023475 -0.023475 0.122302
v -0.023378 -0.023378 0.115916
v 0.030132 -0.012481 0.123530
v 0.030671 -0.012705 0.122302
v 0.012652 -0.030545 0.115916
v 0.012473 0.030113 0.126213
v 0.022693 0.022693 0.124871
v 0.012281 0.029650 0.124871
v -0.021482 -0.021482 0.060066
v -0.021989 -0.021989 0.058753
v 0.000000 -0.030517 0.061365
v 0.000000 0.032494 0.145652
v 0.000000 0.031976 0.146993
v 0.012237 0.029542 0.146993
v 0.012435 0.030021 0.145652
v -0.030671 -0.012705 0.122302
v -0.030545 -0.012652 0.115916
v 0.023062 -0.023062 0.123530
v 0.023475 -0.023475 0.122302
v 0.029650 0.012281 0.124871
v -0.028068 -0.011626 0.060066
v -0.028730 -0.011900 0.058753
v 0.011678 -0.028194 0.061365
v 0.029359 0.000000 0.164672
v 0.027124 0.011235 0.164672
v -0.033198 0.000000 0.122302
v -0.033061 0.000000 0.115916
v 0.012481 -0.030132 0.123530
v 0.012705 -0.030671 0.122302
v 0.032594 0.000000 0.126213
v 0.032093 0.000000 0.124871
v -0.022645 0.022645 0.136775
v -0.023294 0.023294 0.137767
v 0.012427 0.030002 0.148334
v 0.000000 0.031976 0.146993
v 0.000000 0.032474 0.148334
v -0.030381 0.000000 0.060066
v 0.021579 -0.021579 0.061365
v 0.030293 0.012548 0.101694
v -0.030671 0.012705 0.122302
v -0.030545 0.012652 0.115916
v 0.000000 -0.032614 0.123530
v 0.032942 0.000000 0.137767
v 0.030435 0.012606 0.137767
v 0.030560 0.012658 0.144424
v 0.030113 -0.012473 0.126213
v 0.029650 -0.012281 0.124871
v 0.012606 0.030435 0.137767
v -0.028068 0.011626 0.060066
v 0.028194 -0.011678 0.061365
v 0.032789 0.000000 0.101694
v 0.000000 0.033078 0.144424
v 0.000000 0.032942 0.137767
v -0.023475 0.023475 0.122302
v -0.023378 0.023378 0.115916
v -0.021482 0.021482 0.060066
v -0.012481 -0.030132 0.123530
v 0.030435 -0.012606 0.137767
v 0.023048 -0.023048 0.126213
v 0.022693 -0.022693 0.124871
v 0.023294 0.023294 0.137767
v -0.032006 0.000000 0.023006
v 0.030517 0.000000 0.061365
v -0.012705 0.030671 0.122302
v -0.012652 0.030545 0.115916
v -0.023062 -0.023062 0.123530
v 0.023294 -0.023294 0.137767
v 0.012473 -0.030113 0.126213
v 0.012281 -0.029650 0.124871
v -0.012688 0.030631 0.032276
v 0.028194 0.011678 0.061365
v -0.030608 -0.012678 0.037415
v -0.030374 -0.012581 0.043983
v -0.032876 0.000000 0.043983
v -0.033130 0.000000 0.037415
v 0.023062 0.023062 0.123530
v 0.012481 0.030132 0.123530
v -0.030132 -0.012481 0.123530
v 0.012606 -0.030435 0.137767
v 0.000000 -0.032594 0.126213
v 0.000000 -0.032093 0.124871
v -0.012678 0.030608 0.037415
v 0.000000 0.033130 0.037415
v 0.000000 0.032560 0.036186
v -0.012467 0.030097 0.033504
v -0.023035 0.023035 0.033504
v -0.022668 0.022668 0.034845
v 0.021579 0.021579 0.061365
v 0.012548 -0.030293 0.101694
v -0.012519 0.030223 0.104379
v -0.012739 0.030756 0.105606
v 0.000000 0.033290 0.105606
v 0.000000 0.032713 0.104379
v -0.023426 -0.023426 0.037415
v -0.032614 0.000000 0.123530
v 0.000000 -0.032942 0.137767
v -0.012473 -0.030113 0.126213
v -0.012281 -0.029650 0.124871
v -0.023023 0.023023 0.036186
v -0.023426 0.023426 0.037415
v -0.012248 -0.029569 0.023007
v -0.030097 0.012467 0.033504
v -0.029617 0.012268 0.034845
v 0.011678 0.028194 0.061365
v -0.030113 0.012473 0.126213
v -0.029650 0.012281 0.124871
v 0.000000 -0.032789 0.101694
v -0.012678 -0.030608 0.037415
v -0.030132 0.012481 0.123530
v -0.012606 -0.030435 0.137767
v -0.023048 -0.023048 0.126213
v -0.022693 -0.022693 0.124871
v -0.030081 0.012460 0.036186
v -0.030608 0.012678 0.037415
v -0.032577 0.000000 0.033504
v -0.032058 0.000000 0.034845
v -0.012548 -0.030293 0.101694
v 0.000000 -0.033130 0.037415
v 0.000000 -0.032876 0.043983
v -0.012661 0.030565 0.112110
v -0.023394 0.023394 0.112110
v 0.000000 0.032140 0.114925
v 0.000000 0.032160 0.113102
v -0.023062 0.023062 0.123530
v -0.023294 -0.023294 0.137767
v -0.030113 -0.012473 0.126213
v -0.029650 -0.012281 0.124871
v -0.032560 0.000000 0.036186
v 0.022963 0.022963 0.148334
v 0.022610 0.022610 0.146993
v -0.030097 -0.012467 0.033504
v -0.029617 -0.012268 0.034845
v -0.023185 -0.023185 0.101694
v 0.012678 -0.030608 0.037415
v 0.012581 -0.030374 0.043983
v -0.012481 0.030132 0.123530
v -0.030435 -0.012606 0.137767
v -0.032594 0.000000 0.126213
v -0.032093 0.000000 0.124871
v -0.030081 -0.012460 0.036186
v 0.030002 0.012427 0.148334
v 0.029542 0.012237 0.146993
v -0.023035 -0.023035 0.033504
v -0.022668 -0.022668 0.034845
v 0.000000 0.033061 0.115916
v 0.000000 0.032140 0.114925
v -0.030293 -0.012548 0.101694
v 0.023426 -0.023426 0.037415
v 0.023247 -0.023247 0.043983
v 0.000000 0.033170 0.127441
v -0.012694 0.030645 0.127441
v 0.000000 0.032965 0.133961
v -0.032942 0.000000 0.137767
v -0.023023 -0.023023 0.036186
v 0.031976 0.000000 0.146993
v -0.012467 -0.030097 0.033504
v -0.012268 -0.029617 0.034845
v -0.032789 0.000000 0.101694
v 0.030608 -0.012678 0.037415
v 0.000000 0.031097 0.058753
v 0.000000 0.030381 0.060066
v 0.011626 0.028068 0.060066
v 0.023389 0.023389 0.144424
v -0.030435 0.012606 0.137767
v 0.000000 0.032614 0.123530
v 0.000000 0.032093 0.124871
v -0.012460 -0.030081 0.036186
v 0.029542 -0.012237 0.146993
v 0.000000 -0.032577 0.033504
v 0.000000 -0.032058 0.034845
v -0.030293 0.012548 0.101694
v -0.030631 0.012688 0.032276
v -0.023444 0.023444 0.032276
v 0.033130 0.000000 0.037415
v 0.021482 0.021482 0.060066
v 0.021989 0.021989 0.058753
v 0.000000 -0.032560 0.036186
v -0.022597 0.022597 0.044972
v -0.029525 0.012230 0.044972
v -0.030929 0.000000 0.062592
v -0.028746 0.000000 0.072159
v 0.022963 -0.022963 0.148334
v 0.022610 -0.022610 0.146993
v -0.023185 0.023185 0.101694
v 0.000000 0.032093 0.124871
v 0.000000 0.032594 0.126213
v 0.030608 0.012678 0.037415
v 0.030374 0.012581 0.043983
v 0.012268 -0.029617 0.034845
v 0.012460 -0.030081 0.036186
v 0.028068 0.011626 0.060066
v 0.028730 0.011900 0.058753
v 0.000000 0.031742 0.046790
v 0.000000 0.031957 0.044972
v -0.012230 0.029525 0.044972
v 0.012427 -0.030002 0.148334
v 0.012237 -0.029542 0.146993
v 0.033061 0.000000 0.115916
v 0.030545 0.012652 0.115916
v 0.023426 0.023426 0.037415
v 0.023247 0.023247 0.043983
v 0.030381 0.000000 0.060066
v 0.031097 0.000000 0.058753
v 0.022977 0.022977 0.145652
v 0.012658 0.030560 0.144424
v 0.000000 0.033198 0.122302
v 0.000000 0.033061 0.115916
v 0.023023 -0.023023 0.036186
v -0.029587 0.012255 0.136775
v 0.030081 0.012460 0.036186
v 0.000000 -0.032474 0.148334
v 0.000000 -0.031976 0.146993
v -0.028574 0.011836 0.062592
v -0.026558 0.011001 0.072159
v -0.020327 0.020327 0.072159
v 0.012467 -0.030097 0.033504
v 0.028068 -0.011626 0.060066
v 0.030081 -0.012460 0.036186
v -0.012427 -0.030002 0.148334
v -0.012237 -0.029542 0.146993
v 0.032560 0.000000 0.036186
v 0.021482 -0.021482 0.060066
v -0.030374 0.012581 0.043983
v -0.023247 0.023247 0.043983
v -0.030517 0.000000 0.061365
v -0.028194 0.011678 0.061365
v -0.022963 -0.022963 0.148334
v -0.022610 -0.022610 0.146993
v 0.011626 -0.028068 0.060066
v -0.029605 0.012263 0.134953
v 0.030021 0.012435 0.145652
v 0.000000 0.032235 0.103037
v -0.012336 0.029782 0.103037
v 0.000000 0.032713 0.104379
v 0.000000 0.032235 0.103037
v 0.000000 0.032789 0.101694
v -0.022794 0.022794 0.103037
v -0.023131 0.023131 0.104379
v -0.029782 0.012336 0.103037
v -0.030223 0.012519 0.104379
v -0.032235 0.000000 0.103037
v -0.032713 0.000000 0.104379
v -0.029782 -0.012336 0.103037
v -0.030223 -0.012519 0.104379
v -0.022794 -0.022794 0.103037
v -0.023131 -0.023131 0.104379
v -0.012336 -0.029782 0.103037
v -0.012519 -0.030223 0.104379
v 0.000000 -0.032235 0.103037
v 0.000000 -0.032713 0.104379
v 0.012336 -0.029782 0.103037
v 0.012519 -0.030223 0.104379
v 0.023131 -0.023131 0.104379
v 0.030223 -0.012519 0.104379
v 0.032235 0.000000 0.103037
v 0.032713 0.000000 0.104379
v 0.029782 0.012336 0.103037
v -0.025788 0.010682 0.073123
v -0.027912 0.000000 0.073123
v 0.012519 0.030223 0.104379
v 0.010682 0.025788 0.073123
v 0.019610 0.019610 0.074923
v 0.010613 0.025622 0.074923
v 0.000000 0.027733 0.074923
v 0.000000 0.028539 0.075892
v 0.019737 0.019737 0.073123
v 0.025622 0.010613 0.074923
v 0.000000 0.027733 0.074923
v 0.000000 0.027912 0.073123
v 0.025788 0.010682 0.073123
v 0.027733 0.000000 0.074923
v 0.027912 0.000000 0.073123
v 0.022450 0.022450 0.057520
v 0.025622 -0.010613 0.074923
v 0.025788 -0.010682 0.073123
v 0.029332 0.012150 0.057520
v 0.019610 -0.019610 0.074923
v 0.019737 -0.019737 0.073123
v 0.031748 0.000000 0.057520
v 0.010613 -0.025622 0.074923
v 0.010682 -0.025788 0.073123
v 0.000000 -0.027733 0.074923
v 0.000000 -0.027912 0.073123
v -0.010613 -0.025622 0.074923
v -0.010682 -0.025788 0.073123
v -0.012150 -0.029332 0.057520
v -0.019610 -0.019610 0.074923
v -0.019737 -0.019737 0.073123
v -0.022450 -0.022450 0.057520
v -0.025622 -0.010613 0.074923
v -0.025788 -0.010682 0.073123
v -0.029332 -0.012150 0.057520
v -0.019737 0.019737 0.073123
v 0.000000 0.032876 0.043983
v 0.000000 0.031957 0.044972
v 0.012230 0.029525 0.044972
v -0.012581 0.030374 0.043983
v 0.022597 0.022597 0.044972
v 0.022597 -0.022597 0.044972
v 0.012230 -0.029525 0.044972
v 0.000000 -0.031957 0.044972
v -0.029525 -0.012230 0.044972
v -0.031957 0.000000 0.044972
v -0.033154 0.000000 0.032276
v 0.023307 0.023307 0.025822
v -0.012248 0.029569 0.023007
v 0.000000 0.032042 0.024830
v 0.000000 0.032006 0.023006
v 0.012248 0.029569 0.023007
v 0.022631 0.022631 0.023007
v 0.022657 0.022657 0.024830
v 0.000000 0.032920 0.021900
v 0.000000 0.032006 0.023006
v 0.023309 0.023309 0.133961
v -0.030565 0.012661 0.112110
v -0.033084 0.000000 0.112110
v -0.030565 -0.012661 0.112110
v -0.023394 -0.023394 0.112110
v -0.012661 -0.030565 0.112110
v 0.000000 -0.033084 0.112110
v 0.012661 -0.030565 0.112110
v 0.023394 -0.023394 0.112110
v 0.030565 -0.012661 0.112110
v 0.033084 0.000000 0.112110
v 0.030565 0.012661 0.112110
v 0.030645 -0.012694 0.127441
v 0.030455 -0.012615 0.133961
v -0.023309 0.023309 0.133961
v -0.022659 0.022659 0.134953
v -0.030455 0.012615 0.133961
v -0.032965 0.000000 0.133961
v -0.030455 -0.012615 0.133961
v -0.023309 -0.023309 0.133961
v -0.012615 -0.030455 0.133961
v 0.000000 -0.032965 0.133961
v 0.012615 -0.030455 0.133961
v 0.023309 -0.023309 0.133961
v -0.023539 0.023539 0.105606
v -0.030756 0.012739 0.105606
v -0.033290 0.000000 0.105606
v -0.030756 -0.012739 0.105606
v -0.023539 -0.023539 0.105606
v -0.012739 -0.030756 0.105606
v 0.000000 -0.033290 0.105606
v 0.012739 -0.030756 0.105606
v 0.023539 -0.023539 0.105606
v 0.030756 -0.012739 0.105606
v 0.033290 0.000000 0.105606
v -0.030631 -0.012688 0.032276
v 0.000000 0.032614 0.123530
v 0.000000 0.033198 0.122302
v 0.000000 0.033170 0.127441
v 0.000000 0.032594 0.126213
v -0.023455 0.023455 0.127441
v -0.030645 0.012694 0.127441
v -0.033170 0.000000 0.127441
v -0.030645 -0.012694 0.127441
v -0.023455 -0.023455 0.127441
v -0.012694 -0.030645 0.127441
v 0.000000 -0.033170 0.127441
v 0.012694 -0.030645 0.127441
v 0.023455 -0.023455 0.127441
v 0.012694 0.030645 0.127441
v 0.000000 0.032494 0.145652
v 0.000000 0.033078 0.144424
v 0.000000 0.033049 0.149563
v 0.000000 0.032474 0.148334
v -0.031040 0.000000 0.044517
v -0.028677 0.011879 0.044517
v -0.028434 0.011778 0.047141
v -0.030777 0.000000 0.047141
v 0.004634 0.011188 0.190885
v 0.005273 0.012731 0.192095
v 0.000000 0.013780 0.192095
v 0.000000 0.012110 0.190885
v -0.000001 0.031913 0.016545
v -0.012209 0.029485 0.017851
v -0.011777 0.028761 0.006534
v -0.000043 0.031072 0.005085
v 0.013009 0.005388 0.183708
v 0.009956 0.009956 0.183708
v 0.015822 0.015822 0.173617
v 0.020672 0.008563 0.173617
v 0.022644 -0.022644 0.101027
v 0.022065 -0.022065 0.102998
v 0.028829 -0.011941 0.102998
v 0.029586 -0.012255 0.101027
v -0.011950 0.028851 0.112674
v -0.011941 0.028829 0.115342
v -0.022064 0.022064 0.115342
v -0.022081 0.022081 0.112674
v -0.022391 0.022391 0.048136
v -0.021762 0.021762 0.047141
v -0.011778 0.028434 0.047141
v -0.012118 0.029255 0.048136
v 0.000000 0.032021 0.026231
v 0.000000 0.031111 0.025260
v 0.011906 0.028743 0.025260
v 0.012254 0.029584 0.026231
v 0.000000 -0.032021 0.026231
v 0.000000 -0.031111 0.025260
v -0.011906 -0.028743 0.025260
v -0.012254 -0.029584 0.026231
v -0.021999 -0.021999 0.025260
v -0.022642 -0.022642 0.026231
v -0.029584 -0.012254 0.026231
v -0.028743 -0.011906 0.025260
v -0.031111 0.000000 0.025260
v -0.032021 0.000000 0.026231
v -0.029584 0.012254 0.026231
v -0.028743 0.011906 0.025260
v -0.022642 0.022642 0.026231
v -0.021999 0.021999 0.025260
v -0.011906 0.028743 0.025260
v -0.012254 0.029584 0.026231
v 0.000000 0.031788 0.036847
v -0.012165 0.029368 0.036847
v -0.011873 0.028664 0.034836
v 0.000000 0.031026 0.034836
v 0.000000 0.031780 0.095116
v 0.000000 0.028256 0.081458
v 0.010813 0.026105 0.081458
v 0.012162 0.029361 0.095116
v 0.022894 0.022894 0.100318
v 0.012390 0.029912 0.100318
v 0.028256 0.000000 0.081458
v 0.025505 0.010565 0.076318
v 0.027607 0.000000 0.076318
v 0.029912 0.012390 0.100318
v 0.026105 -0.010813 0.081458
v 0.025505 -0.010565 0.076318
v 0.032377 0.000000 0.100318
v 0.031780 0.000000 0.095116
v 0.019980 -0.019980 0.081458
v 0.019521 -0.019521 0.076318
v 0.029912 -0.012390 0.100318
v 0.029361 -0.012162 0.095116
v 0.010813 -0.026105 0.081458
v 0.010565 -0.025505 0.076318
v 0.022894 -0.022894 0.100318
v 0.022472 -0.022472 0.095116
v 0.000000 -0.028256 0.081458
v 0.000000 -0.027607 0.076318
v 0.012390 -0.029912 0.100318
v 0.012162 -0.029361 0.095116
v -0.010813 -0.026105 0.081458
v -0.010565 -0.025505 0.076318
v 0.000000 -0.032377 0.100318
v 0.000000 -0.031780 0.095116
v -0.019980 -0.019980 0.081458
v -0.019521 -0.019521 0.076318
v -0.012390 -0.029912 0.100318
v -0.012162 -0.029361 0.095116
v -0.026105 -0.010813 0.081458
v -0.025505 -0.010565 0.076318
v -0.022894 -0.022894 0.100318
v -0.022472 -0.022472 0.095116
v -0.028256 0.000000 0.081458
v -0.027607 0.000000 0.076318
v -0.029912 -0.012390 0.100318
v -0.029361 -0.012162 0.095116
v -0.026105 0.010813 0.081458
v -0.025505 0.010565 0.076318
v -0.032377 0.000000 0.100318
v -0.031780 0.000000 0.095116
v -0.019980 0.019980 0.081458
v -0.019521 0.019521 0.076318
v -0.029912 0.012390 0.100318
v -0.029361 0.012162 0.095116
v -0.010813 0.026105 0.081458
v -0.010565 0.025505 0.076318
v -0.022894 0.022894 0.100318
v -0.022472 0.022472 0.095116
v 0.012301 0.029697 0.111698
v 0.000000 0.032144 0.111698
v 0.000000 0.032265 0.105721
v 0.012347 0.029809 0.105721
v -0.012390 0.029912 0.100318
v -0.012162 0.029361 0.095116
v 0.032144 0.000000 0.111698
v 0.029697 0.012301 0.111698
v 0.029809 0.012347 0.105721
v 0.032265 0.000000 0.105721
v 0.000000 0.028256 0.081458
v 0.000000 0.027607 0.076318
v 0.022729 0.022729 0.111698
v 0.022815 0.022815 0.105721
v 0.019521 0.019521 0.076318
v 0.010565 0.025505 0.076318
v 0.011778 -0.028434 0.047141
v 0.011879 -0.028677 0.044517
v 0.000000 -0.031040 0.044517
v 0.000000 -0.030777 0.047141
v 0.000000 0.032377 0.100318
v 0.000000 0.031780 0.095116
v -0.030326 0.000000 0.058092
v -0.030739 0.000000 0.057314
v -0.028399 0.011763 0.057314
v -0.028018 0.011605 0.058092
v 0.031026 0.000000 0.034836
v 0.031806 0.000000 0.032842
v 0.029385 -0.012172 0.032842
v 0.028664 -0.011873 0.034836
v -0.021736 0.021736 0.057314
v -0.021444 0.021444 0.058092
v 0.012118 -0.029255 0.048136
v 0.000000 -0.031665 0.048136
v -0.021949 -0.021949 0.044517
v -0.021762 -0.021762 0.047141
v -0.011778 -0.028434 0.047141
v -0.011879 -0.028677 0.044517
v -0.021736 -0.021736 0.057314
v -0.022391 -0.022391 0.048136
v -0.029255 -0.012118 0.048136
v -0.028399 -0.011763 0.057314
v 0.022569 0.022566 0.020536
v 0.012208 0.029486 0.019778
v 0.011763 0.028764 0.009572
v 0.022011 0.021929 0.013602
v 0.029485 0.012209 0.017851
v 0.028761 0.011777 0.006534
v 0.031913 0.000001 0.016545
v 0.031072 0.000043 0.005085
v 0.029486 -0.012208 0.019778
v 0.028764 -0.011763 0.009572
v 0.022563 -0.022570 0.019778
v 0.021875 -0.022073 0.009572
v 0.012211 -0.029484 0.016545
v 0.011851 -0.028723 0.005085
v 0.000004 -0.031913 0.017851
v 0.000126 -0.031078 0.006534
v -0.012211 -0.029487 0.020536
v -0.011825 -0.028738 0.013613
v -0.022569 -0.022566 0.020536
v -0.022025 -0.021923 0.013613
v -0.029485 -0.012209 0.017851
v -0.028761 -0.011777 0.006534
v -0.031913 -0.000001 0.016545
v -0.031072 -0.000043 0.005085
v -0.029486 0.012208 0.019778
v -0.028764 0.011763 0.009572
v -0.022566 0.022569 0.020536
v -0.021929 0.022011 0.013602
v 0.017929 -0.006949 0.003109
v 0.019422 0.000105 0.000661
v 0.013149 0.000068 0.004688
v 0.012118 -0.004729 0.005789
v 0.013672 0.013331 0.005049
v 0.006949 0.017929 0.003109
v 0.004729 0.012118 0.005789
v 0.009236 0.009034 0.006589
v -0.000115 0.025948 -0.000605
v -0.000043 0.031072 0.005085
v -0.009605 0.024069 0.000556
v 0.009486 0.024052 0.003162
v 0.024069 0.009605 0.000556
v 0.018374 0.018057 0.005861
v 0.018003 0.007118 0.001494
v 0.029535 0.012238 0.021627
v 0.022610 0.022610 0.021615
v 0.025948 0.000115 -0.000605
v 0.024052 -0.009486 0.003162
v 0.017969 -0.018591 0.003162
v 0.013281 -0.013905 0.003109
v 0.022610 -0.022609 0.021616
v 0.009823 -0.024017 -0.000605
v 0.007335 -0.017984 0.000661
v 0.000337 -0.025912 0.000556
v 0.000314 -0.019357 0.001494
v -0.009564 -0.023967 0.005849
v -0.006928 -0.017786 0.004998
v -0.012236 -0.029541 0.021615
v -0.018483 -0.018008 0.005849
v -0.013781 -0.013207 0.004998
v -0.022610 -0.022610 0.021615
v -0.024069 -0.009605 0.000556
v -0.018003 -0.007118 0.001494
v -0.029535 -0.012238 0.021627
v -0.025948 -0.000115 -0.000605
v -0.019422 -0.000105 0.000661
v -0.031960 0.000004 0.021535
v -0.024052 0.009486 0.003162
v -0.017929 0.006949 0.003109
v -0.029541 0.012236 0.021616
v -0.018057 0.018374 0.005861
v -0.013331 0.013672 0.005049
v -0.022610 0.022610 0.021615
v -0.007118 0.018003 0.001494
v -0.012238 0.029535 0.021627
v -0.000105 0.019422 0.000661
v -0.000001 0.031913 0.016545
v 0.000004 0.031960 0.021535
v 0.004668 0.004627 0.008827
v 0.002474 0.006137 0.008795
v -0.000068 0.013149 0.004688
v 0.012176 0.004834 0.005079
v 0.009006 -0.009386 0.005789
v 0.004969 -0.012174 0.004688
v 0.000194 -0.013098 0.005079
v -0.004706 -0.012006 0.006578
v -0.009291 -0.008942 0.006578
v -0.012176 -0.004834 0.005079
v -0.013149 -0.000068 0.004688
v -0.012118 0.004729 0.005789
v -0.009034 0.009236 0.006589
v -0.004834 0.012176 0.005079
v -0.000022 0.006695 0.008702
v -0.002500 0.006180 0.008742
v 0.006180 0.002500 0.008742
v 0.002295 0.005565 0.008936
v -0.000008 0.006046 0.008894
v 0.031938 0.000000 0.043569
v 0.029507 -0.012222 0.043569
v 0.028677 -0.011879 0.044517
v 0.031040 0.000000 0.044517
v -0.002294 0.005582 0.008915
v 0.000000 0.012624 0.202172
v 0.000000 0.013039 0.201781
v 0.004640 0.011203 0.202052
v 0.004831 0.011663 0.202172
v 0.031665 0.000000 0.048136
v 0.030777 0.000000 0.047141
v 0.028434 -0.011778 0.047141
v 0.029255 -0.012118 0.048136
v 0.028434 0.011778 0.047141
v 0.028677 0.011879 0.044517
v 0.008574 0.008574 0.202052
v -0.004249 0.004251 0.008938
v -0.005565 0.002295 0.008936
v -0.004627 0.004668 0.008827
v -0.006137 0.002474 0.008795
v 0.029255 0.012118 0.048136
v -0.006046 -0.000008 0.008894
v -0.005582 -0.002294 0.008915
v -0.006695 -0.000022 0.008702
v 0.004990 0.012046 0.201781
v -0.006180 -0.002500 0.008742
v -0.004250 -0.004248 0.008938
v -0.002298 -0.005552 0.008938
v -0.004672 -0.004613 0.008829
v -0.002473 -0.006082 0.008829
v 0.000016 -0.006035 0.008915
v 0.002306 -0.005589 0.008894
v 0.000056 -0.006667 0.008742
v 0.002542 -0.006194 0.008702
v 0.004250 -0.004263 0.008936
v 0.005565 -0.002295 0.008936
v 0.004634 -0.004723 0.008795
v 0.006137 -0.002474 0.008795
v 0.006046 0.000008 0.008894
v 0.005582 0.002294 0.008916
v 0.006695 0.000022 0.008702
v 0.004251 0.004249 0.008938
v -0.018943 0.018943 0.075326
v -0.010252 0.024750 0.075326
v 0.000000 0.032129 0.032159
v 0.012295 0.029684 0.032159
v 0.012172 0.029385 0.032842
v 0.000000 0.031806 0.032842
v 0.022644 0.022644 0.101027
v 0.022065 0.022065 0.102998
v 0.011941 0.028829 0.102998
v 0.012255 0.029586 0.101027
v 0.000000 0.031665 0.048136
v 0.000000 0.030777 0.047141
v 0.011778 0.028434 0.047141
v 0.012118 0.029255 0.048136
v 0.021762 0.021762 0.047141
v 0.022391 0.022391 0.048136
v 0.012236 0.029541 0.021616
v 0.021762 -0.021762 0.047141
v 0.022391 -0.022391 0.048136
v -0.012295 -0.029684 0.032159
v 0.000000 -0.032129 0.032159
v -0.012118 -0.029255 0.048136
v -0.028434 -0.011778 0.047141
v -0.031665 0.000000 0.048136
v 0.022490 -0.022490 0.032842
v 0.021939 -0.021939 0.034836
v -0.028829 0.011941 0.115342
v -0.028851 0.011950 0.112674
v -0.012313 0.029726 0.122178
v -0.012292 0.029675 0.116323
v 0.000000 0.032119 0.116323
v 0.000000 0.032175 0.122178
v 0.000000 0.029715 0.061991
v -0.011371 0.027453 0.061991
v -0.011248 0.027155 0.059778
v 0.000000 0.029393 0.059778
v -0.024750 0.010252 0.075326
v -0.026790 0.000000 0.075326
v 0.028018 -0.011605 0.058092
v 0.028399 -0.011763 0.057314
v 0.021736 -0.021736 0.057314
v 0.021444 -0.021444 0.058092
v -0.011442 -0.027623 0.062533
v -0.010653 -0.025719 0.071687
v 0.000000 -0.027838 0.071687
v 0.000000 -0.029899 0.062533
v 0.010653 -0.025719 0.071687
v 0.011442 -0.027623 0.062533
v 0.019684 -0.019684 0.071687
v 0.021141 -0.021141 0.062533
v 0.025719 -0.010653 0.071687
v 0.027623 -0.011442 0.062533
v 0.027838 0.000000 0.071687
v 0.029899 0.000000 0.062533
v 0.000000 0.030326 0.058092
v 0.000000 0.030739 0.057314
v 0.011763 0.028399 0.057314
v 0.011605 0.028018 0.058092
v 0.027623 0.011442 0.062533
v 0.025719 0.010653 0.071687
v 0.019684 0.019684 0.071687
v 0.021141 0.021141 0.062533
v 0.000000 0.029899 0.062533
v -0.011442 0.027623 0.062533
v 0.000000 0.029715 0.061991
v -0.011763 0.028399 0.057314
v 0.012286 0.029661 0.037524
v 0.012222 0.029507 0.043569
v 0.000000 0.031938 0.043569
v 0.000000 0.032104 0.037524
v -0.021141 -0.021141 0.062533
v -0.019684 -0.019684 0.071687
v -0.021444 -0.021444 0.058092
v -0.028018 -0.011605 0.058092
v -0.011605 -0.028018 0.058092
v -0.011763 -0.028399 0.057314
v 0.000000 -0.030326 0.058092
v 0.000000 -0.030739 0.057314
v -0.029661 0.012286 0.037524
v -0.022701 0.022701 0.037524
v -0.022583 0.022583 0.043569
v -0.029507 0.012222 0.043569
v -0.012286 0.029661 0.037524
v -0.012222 0.029507 0.043569
v -0.028744 0.011906 0.134526
v -0.028722 0.011897 0.137192
v -0.031088 0.000000 0.137192
v -0.031112 0.000000 0.134526
v -0.031228 0.000000 0.112674
v -0.031204 0.000000 0.115342
v -0.028829 -0.011941 0.115342
v -0.028851 -0.011950 0.112674
v -0.022064 -0.022064 0.115342
v -0.022081 -0.022081 0.112674
v -0.011941 -0.028829 0.115342
v -0.011950 -0.028851 0.112674
v 0.000000 -0.031204 0.115342
v 0.000000 -0.031228 0.112674
v 0.011941 -0.028829 0.115342
v 0.011950 -0.028851 0.112674
v 0.022064 -0.022064 0.115342
v 0.022081 -0.022081 0.112674
v 0.028829 -0.011941 0.115342
v 0.028851 -0.011950 0.112674
v 0.031204 0.000000 0.115342
v 0.031228 0.000000 0.112674
v 0.028829 0.011941 0.115342
v 0.028851 0.011950 0.112674
v 0.022064 0.022064 0.115342
v 0.022081 0.022081 0.112674
v 0.011941 0.028829 0.115342
v 0.011950 0.028851 0.112674
v -0.022503 0.022503 0.126874
v -0.021963 0.021963 0.124861
v -0.011886 0.028696 0.124861
v -0.012178 0.029401 0.126874
v 0.000000 0.031228 0.112674
v 0.000000 0.032144 0.111698
v 0.029289 -0.012132 0.148994
v 0.029587 -0.012255 0.149677
v 0.032024 0.000000 0.149677
v 0.031702 0.000000 0.148994
v 0.000000 0.031088 0.137192
v -0.011897 0.028722 0.137192
v -0.011906 0.028744 0.134526
v 0.000000 0.031112 0.134526
v 0.000000 0.032000 0.138173
v -0.012246 0.029564 0.138173
v 0.000000 0.031088 0.137192
v -0.029309 0.012140 0.144991
v -0.022432 0.022432 0.144991
v -0.021881 0.021881 0.146983
v -0.028588 0.011842 0.146983
v 0.022432 0.022432 0.144991
v 0.022665 0.022665 0.144300
v 0.029614 0.012266 0.144300
v 0.029309 0.012140 0.144991
v -0.028722 -0.011897 0.137192
v -0.028744 -0.011906 0.134526
v -0.021982 -0.021982 0.137192
v -0.021999 -0.021999 0.134526
v -0.011897 -0.028722 0.137192
v -0.011906 -0.028744 0.134526
v 0.000000 -0.031088 0.137192
v 0.000000 -0.031112 0.134526
v 0.011897 -0.028722 0.137192
v 0.011906 -0.028744 0.134526
v 0.021982 -0.021982 0.137192
v 0.021999 -0.021999 0.134526
v 0.028722 -0.011897 0.137192
v 0.028744 -0.011906 0.134526
v 0.031088 0.000000 0.137192
v 0.031112 0.000000 0.134526
v 0.028722 0.011897 0.137192
v 0.028744 0.011906 0.134526
v 0.021982 0.021982 0.137192
v 0.021999 0.021999 0.134526
v 0.011897 0.028722 0.137192
v 0.011906 0.028744 0.134526
v -0.022417 0.022417 0.148994
v -0.011842 0.028588 0.146983
v -0.012132 0.029289 0.148994
v 0.012255 0.029587 0.133550
v 0.000000 0.031112 0.134526
v 0.000000 0.032025 0.133550
v -0.012222 -0.029507 0.043569
v -0.022583 -0.022583 0.043569
v 0.012255 0.029587 0.149677
v 0.011961 0.028876 0.158575
v 0.000000 0.031255 0.158575
v 0.000000 0.032024 0.149677
v 0.013009 -0.005388 0.183708
v 0.014080 0.000000 0.183708
v 0.022375 0.000000 0.173617
v 0.020672 -0.008563 0.173617
v -0.008563 0.020672 0.173617
v -0.015822 0.015822 0.173617
v -0.022101 0.022101 0.158575
v -0.011961 0.028876 0.158575
v 0.005388 0.013009 0.183708
v 0.000000 0.014080 0.183708
v 0.000000 0.022375 0.173617
v 0.008563 0.020672 0.173617
v -0.020672 0.008563 0.173617
v -0.028876 0.011961 0.158575
v -0.022375 0.000000 0.173617
v -0.031255 0.000000 0.158575
v -0.020672 -0.008563 0.173617
v -0.028876 -0.011961 0.158575
v -0.022665 0.022665 0.144300
v -0.012266 0.029614 0.144300
v -0.012140 0.029309 0.144991
v -0.015822 -0.015822 0.173617
v -0.022101 -0.022101 0.158575
v -0.029614 0.012266 0.144300
v -0.008563 -0.020672 0.173617
v -0.011961 -0.028876 0.158575
v -0.031723 0.000000 0.144991
v -0.032054 0.000000 0.144300
v 0.000000 -0.022375 0.173617
v 0.000000 -0.031255 0.158575
v -0.029309 -0.012140 0.144991
v -0.029614 -0.012266 0.144300
v 0.008563 -0.020672 0.173617
v 0.011961 -0.028876 0.158575
v -0.022432 -0.022432 0.144991
v -0.022665 -0.022665 0.144300
v 0.015822 -0.015822 0.173617
v 0.022101 -0.022101 0.158575
v -0.012140 -0.029309 0.144991
v -0.012266 -0.029614 0.144300
v 0.028876 -0.011961 0.158575
v 0.000000 -0.031723 0.144991
v 0.000000 -0.032054 0.144300
v 0.031255 0.000000 0.158575
v 0.012140 -0.029309 0.144991
v 0.012266 -0.029614 0.144300
v 0.028876 0.011961 0.158575
v 0.022432 -0.022432 0.144991
v 0.022665 -0.022665 0.144300
v 0.022101 0.022101 0.158575
v 0.029309 -0.012140 0.144991
v 0.029614 -0.012266 0.144300
v 0.031723 0.000000 0.144991
v 0.032054 0.000000 0.144300
v 0.011188 0.004634 0.190885
v 0.008563 0.008563 0.190885
v 0.011188 -0.004634 0.190885
v 0.012110 0.000000 0.190885
v 0.000000 0.012110 0.190885
v 0.000000 0.014080 0.183708
v 0.008563 -0.008563 0.190885
v 0.009744 -0.009744 0.192095
v 0.012731 -0.005273 0.192095
v -0.005388 0.013009 0.183708
v -0.009956 0.009956 0.183708
v -0.013009 0.005388 0.183708
v -0.014080 0.000000 0.183708
v -0.013009 -0.005388 0.183708
v -0.009956 -0.009956 0.183708
v -0.005388 -0.013009 0.183708
v 0.000000 -0.014080 0.183708
v 0.005388 -0.013009 0.183708
v 0.004634 -0.011188 0.190885
v 0.009956 -0.009956 0.183708
v 0.013780 0.000000 0.192095
v 0.000000 0.012086 0.193432
v 0.004625 0.011166 0.193432
v 0.000000 0.012126 0.202052
v 0.000000 0.013779 0.192228
v 0.000000 0.012086 0.193432
v -0.004625 0.011166 0.193432
v -0.005273 0.012730 0.192228
v -0.004634 0.011188 0.190885
v -0.008563 0.008563 0.190885
v -0.011188 0.004634 0.190885
v -0.012110 0.000000 0.190885
v -0.011188 -0.004634 0.190885
v -0.008563 -0.008563 0.190885
v -0.004634 -0.011188 0.190885
v 0.000000 -0.012110 0.190885
v -0.005273 0.012731 0.192095
v 0.012731 0.005273 0.192095
v 0.009744 0.009744 0.192095
v -0.013780 0.000000 0.192095
v -0.012731 -0.005273 0.192095
v -0.012731 0.005273 0.192095
v -0.009744 0.009744 0.192095
v -0.009744 -0.009744 0.192095
v -0.012975 -0.005374 0.192164
v -0.009930 -0.009930 0.192164
v -0.009743 0.009743 0.192228
v -0.012730 0.005273 0.192228
v -0.012975 0.005374 0.192164
v -0.009930 0.009930 0.192164
v 0.005273 -0.012731 0.192095
v 0.005374 -0.012975 0.192164
v 0.009930 -0.009930 0.192164
v 0.012975 -0.005374 0.192164
v -0.005374 0.012975 0.192164
v -0.011166 -0.004625 0.193432
v -0.012086 0.000000 0.193432
v -0.005273 -0.012730 0.192228
v -0.004625 -0.011166 0.193432
v 0.000000 -0.012086 0.193432
v 0.000000 -0.013779 0.192228
v -0.008546 0.008546 0.193432
v -0.013779 0.000000 0.192228
v -0.012730 -0.005273 0.192228
v -0.014044 0.000000 0.192164
v -0.011166 0.004625 0.193432
v -0.008546 -0.008546 0.193432
v 0.004625 -0.011166 0.193432
v 0.014044 0.000000 0.192164
v 0.012975 0.005374 0.192164
v 0.008546 -0.008546 0.193432
v 0.011166 -0.004625 0.193432
v 0.012086 0.000000 0.193432
v 0.011166 0.004625 0.193432
v 0.008546 0.008546 0.193432
v 0.005273 -0.012730 0.192228
v 0.000000 -0.014044 0.192164
v 0.000000 -0.013780 0.192095
v -0.005374 -0.012975 0.192164
v -0.009743 -0.009743 0.192228
v -0.005273 -0.012731 0.192095
v 0.000000 0.013780 0.192095
v 0.000000 0.014044 0.192164
v 0.009743 -0.009743 0.192228
v 0.012730 -0.005273 0.192228
v 0.013779 0.000000 0.192228
v 0.012730 0.005273 0.192228
v 0.009930 0.009930 0.192164
v 0.009743 0.009743 0.192228
v 0.005374 0.012975 0.192164
v 0.005273 0.012730 0.192228
v 0.000000 0.014044 0.192164
v 0.000000 0.013779 0.192228
v -0.027453 -0.011371 0.061991
v -0.027623 -0.011442 0.062533
v -0.021011 -0.021011 0.061991
v 0.000000 0.022375 0.173617
v 0.000000 0.031255 0.158575
v -0.012255 0.029587 0.133550
v -0.029289 -0.012132 0.148994
v -0.028588 -0.011842 0.146983
v -0.030944 0.000000 0.146983
v -0.031702 0.000000 0.148994
v -0.012313 -0.029726 0.122178
v 0.000000 -0.032175 0.122178
v 0.000000 -0.032119 0.116323
v -0.012292 -0.029675 0.116323
v 0.029421 0.012186 0.122867
v 0.029726 0.012313 0.122178
v 0.032175 0.000000 0.122178
v 0.031845 0.000000 0.122867
v 0.022712 -0.022712 0.116323
v 0.029675 -0.012292 0.116323
v 0.029401 0.012178 0.126874
v 0.029699 0.012302 0.127556
v 0.022730 0.022730 0.127556
v 0.022503 0.022503 0.126874
v -0.011248 -0.027155 0.059778
v 0.000000 -0.029393 0.059778
v -0.011371 -0.027453 0.061991
v 0.028664 0.011873 0.034836
v 0.029385 0.012172 0.032842
v 0.029368 0.012165 0.036847
v 0.022477 0.022477 0.036847
v 0.021939 0.021939 0.034836
v -0.029289 0.012132 0.148994
v -0.022751 -0.022751 0.122178
v -0.022712 -0.022712 0.116323
v 0.029726 -0.012313 0.122178
v 0.029421 -0.012186 0.122867
v 0.012292 -0.029675 0.116323
v 0.012178 0.029401 0.126874
v 0.011886 0.028696 0.124861
v 0.021963 0.021963 0.124861
v -0.020784 -0.020784 0.059778
v 0.000000 -0.029715 0.061991
v 0.011842 0.028588 0.146983
v 0.000000 0.030944 0.146983
v 0.000000 0.031723 0.144991
v 0.012140 0.029309 0.144991
v -0.029726 -0.012313 0.122178
v -0.029675 -0.012292 0.116323
v 0.022751 -0.022751 0.122178
v 0.022517 -0.022517 0.122867
v 0.028696 0.011886 0.124861
v -0.027155 -0.011248 0.059778
v 0.011371 -0.027453 0.061991
v -0.032175 0.000000 0.122178
v -0.032119 0.000000 0.116323
v 0.012313 -0.029726 0.122178
v 0.012186 -0.029421 0.122867
v 0.029587 0.012255 0.149677
v 0.022645 0.022645 0.149677
v 0.031061 0.000000 0.124861
v 0.031824 0.000000 0.126874
v -0.022627 0.022627 0.138173
v -0.021983 0.021982 0.137192
v 0.000000 0.031702 0.148994
v 0.000000 0.030944 0.146983
v 0.012132 0.029289 0.148994
v -0.029393 0.000000 0.059778
v 0.021011 -0.021011 0.061991
v 0.029586 0.012255 0.101027
v -0.029726 0.012313 0.122178
v -0.029675 0.012292 0.116323
v 0.000000 -0.031845 0.122867
v 0.029564 0.012246 0.138173
v 0.032000 0.000000 0.138173
v 0.028696 -0.011886 0.124861
v 0.029401 -0.012178 0.126874
v 0.012246 0.029564 0.138173
v -0.027155 0.011248 0.059778
v 0.027453 -0.011371 0.061991
v 0.032023 0.000000 0.101027
v 0.012266 0.029614 0.144300
v 0.022627 0.022627 0.138173
v -0.022751 0.022751 0.122178
v -0.022712 0.022712 0.116323
v -0.021011 0.021011 0.061991
v -0.020784 0.020784 0.059778
v -0.012186 -0.029421 0.122867
v 0.029564 -0.012246 0.138173
v 0.021963 -0.021963 0.124861
v 0.022503 -0.022503 0.126874
v -0.028702 0.011889 0.022594
v -0.031061 0.000001 0.022607
v -0.011605 0.028018 0.058092
v 0.029715 0.000000 0.061991
v -0.022517 -0.022517 0.122867
v 0.022627 -0.022627 0.138173
v 0.011886 -0.028696 0.124861
v 0.012178 -0.029401 0.126874
v 0.000000 0.032129 0.032159
v -0.012295 0.029684 0.032159
v 0.000000 0.032021 0.026231
v 0.027453 0.011371 0.061991
v 0.000000 0.032175 0.122178
v 0.000000 0.031845 0.122867
v -0.012186 0.029421 0.122867
v -0.029421 -0.012186 0.122867
v 0.012246 -0.029564 0.138173
v 0.000000 -0.031061 0.124861
v 0.000000 -0.031824 0.126874
v 0.000000 0.031788 0.036847
v 0.000000 0.032104 0.037524
v -0.021967 0.021967 0.022594
v -0.012172 0.029385 0.032842
v -0.021939 0.021939 0.034836
v -0.022490 0.022490 0.032842
v 0.021011 0.021011 0.061991
v 0.012255 -0.029586 0.101027
v 0.000000 0.031943 0.105042
v 0.000000 0.032265 0.105721
v -0.012347 0.029809 0.105721
v -0.012224 0.029512 0.105042
v -0.032129 0.000000 0.032159
v -0.029684 -0.012295 0.032159
v -0.031845 0.000000 0.122867
v 0.000000 -0.032000 0.138173
v -0.011886 -0.028696 0.124861
v -0.012178 -0.029401 0.126874
v -0.022477 0.022477 0.036847
v -0.021967 -0.021967 0.022594
v -0.011889 -0.028702 0.022594
v -0.028664 0.011873 0.034836
v -0.029385 0.012172 0.032842
v 0.011442 0.027623 0.062533
v 0.011371 0.027453 0.061991
v -0.029401 0.012178 0.126874
v -0.028696 0.011886 0.124861
v 0.000000 -0.032023 0.101027
v -0.012286 -0.029661 0.037524
v -0.022701 -0.022701 0.037524
v -0.029421 0.012186 0.122867
v -0.012246 -0.029564 0.138173
v -0.021963 -0.021963 0.124861
v -0.022503 -0.022503 0.126874
v 0.022645 -0.022645 0.149677
v -0.029368 0.012165 0.036847
v -0.031026 0.000000 0.034836
v -0.031806 0.000000 0.032842
v -0.012255 -0.029586 0.101027
v -0.012301 0.029697 0.111698
v -0.022729 0.022729 0.111698
v 0.000000 0.031204 0.115342
v 0.000000 0.031228 0.112674
v -0.022517 0.022517 0.122867
v -0.022627 -0.022627 0.138173
v -0.028696 -0.011886 0.124861
v -0.029401 -0.012178 0.126874
v 0.012255 -0.029587 0.149677
v -0.032104 0.000000 0.037524
v -0.031788 0.000000 0.036847
v -0.028700 -0.011889 0.022599
v 0.021881 0.021881 0.146983
v 0.022417 0.022417 0.148994
v -0.028664 -0.011873 0.034836
v -0.029385 -0.012172 0.032842
v -0.022644 -0.022644 0.101027
v 0.000000 0.031665 0.048136
v 0.000000 0.030739 0.057314
v 0.012295 -0.029684 0.032159
v -0.029564 -0.012246 0.138173
v -0.031061 0.000000 0.124861
v -0.031824 0.000000 0.126874
v 0.000000 -0.032024 0.149677
v -0.029661 -0.012286 0.037524
v -0.029368 -0.012165 0.036847
v 0.028588 0.011842 0.146983
v 0.029289 0.012132 0.148994
v -0.021939 -0.021939 0.034836
v -0.022490 -0.022490 0.032842
v 0.000000 0.032119 0.116323
v 0.000000 0.031204 0.115342
v -0.029586 -0.012255 0.101027
v 0.022701 -0.022701 0.037524
v 0.012286 -0.029661 0.037524
v 0.012222 -0.029507 0.043569
v 0.022583 -0.022583 0.043569
v 0.032025 0.000000 0.133550
v 0.029587 0.012255 0.133550
v 0.032145 0.000000 0.127556
v 0.000000 0.032025 0.133550
v -0.012302 0.029699 0.127556
v 0.000000 0.032145 0.127556
v -0.032000 0.000000 0.138173
v -0.012255 -0.029587 0.149677
v -0.022477 -0.022477 0.036847
v 0.030944 0.000000 0.146983
v -0.011873 -0.028664 0.034836
v -0.012172 -0.029385 0.032842
v -0.032023 0.000000 0.101027
v 0.029661 -0.012286 0.037524
v 0.011248 0.027155 0.059778
v 0.000000 0.029393 0.059778
v 0.000000 0.030326 0.058092
v -0.029564 0.012246 0.138173
v 0.000000 0.031061 0.124861
v 0.000000 0.031845 0.122867
v 0.012186 0.029421 0.122867
v -0.022645 -0.022645 0.149677
v -0.012165 -0.029368 0.036847
v 0.028588 -0.011842 0.146983
v 0.000000 -0.031026 0.034836
v 0.000000 -0.031806 0.032842
v -0.029586 0.012255 0.101027
v -0.022719 0.022719 0.032159
v -0.029684 0.012295 0.032159
v 0.032104 0.000000 0.037524
v -0.021949 0.021949 0.044517
v 0.021444 0.021444 0.058092
v 0.020784 0.020784 0.059778
v -0.029587 -0.012255 0.149677
v 0.000000 -0.032104 0.037524
v 0.000000 -0.031788 0.036847
v -0.011879 0.028677 0.044517
v 0.000000 0.031040 0.044517
v 0.000000 0.030777 0.047141
v -0.029899 0.000000 0.062533
v -0.027838 0.000000 0.071687
v -0.025719 -0.010653 0.071687
v 0.021881 -0.021881 0.146983
v 0.022417 -0.022417 0.148994
v -0.022644 0.022644 0.101027
v 0.000000 0.031824 0.126874
v 0.000000 0.031061 0.124861
v 0.029661 0.012286 0.037524
v 0.029507 0.012222 0.043569
v -0.029255 0.012118 0.048136
v 0.012165 -0.029368 0.036847
v 0.011873 -0.028664 0.034836
v 0.028018 0.011605 0.058092
v 0.027155 0.011248 0.059778
v -0.032024 0.000000 0.149677
v 0.011605 -0.028018 0.058092
v 0.011763 -0.028399 0.057314
v 0.011842 -0.028588 0.146983
v 0.012132 -0.029289 0.148994
v 0.029675 0.012292 0.116323
v 0.032119 0.000000 0.116323
v -0.012255 0.029586 0.101027
v 0.012292 0.029675 0.116323
v 0.022701 0.022701 0.037524
v 0.022583 0.022583 0.043569
v 0.030326 0.000000 0.058092
v 0.029393 0.000000 0.059778
v 0.000000 0.032054 0.144300
v 0.000000 0.031723 0.144991
v 0.022751 0.022751 0.122178
v 0.012313 0.029726 0.122178
v 0.022712 0.022712 0.116323
v -0.029587 0.012255 0.149677
v 0.022477 -0.022477 0.036847
v 0.012165 0.029368 0.036847
v 0.011873 0.028664 0.034836
v 0.000000 -0.030944 0.146983
v 0.000000 -0.031702 0.148994
v -0.021141 0.021141 0.062533
v -0.019684 0.019684 0.071687
v -0.025719 0.010653 0.071687
v -0.027623 0.011442 0.062533
v 0.012172 -0.029385 0.032842
v 0.027155 -0.011248 0.059778
v -0.022645 0.022645 0.149677
v 0.029368 -0.012165 0.036847
v -0.011842 -0.028588 0.146983
v -0.012132 -0.029289 0.148994
v 0.031788 0.000000 0.036847
v 0.020784 -0.020784 0.059778
v -0.027453 0.011371 0.061991
v -0.029715 0.000000 0.061991
v -0.012255 0.029587 0.149677
v -0.021881 -0.021881 0.146983
v -0.022417 -0.022417 0.148994
v 0.011248 -0.027155 0.059778
v 0.000000 0.032000 0.138173
v 0.000000 0.032054 0.144300
v 0.022517 0.022517 0.122867
v 0.022587 0.022587 0.105042
v 0.012224 0.029512 0.105042
v -0.011941 0.028829 0.102998
v 0.000000 0.031204 0.102998
v 0.000000 0.031943 0.105042
v 0.000000 0.032023 0.101027
v 0.000000 0.031204 0.102998
v -0.022587 0.022587 0.105042
v -0.022065 0.022065 0.102998
v -0.029512 0.012224 0.105042
v -0.028829 0.011941 0.102998
v -0.031943 0.000000 0.105042
v -0.031204 0.000000 0.102998
v -0.029512 -0.012224 0.105042
v -0.028829 -0.011941 0.102998
v -0.022587 -0.022587 0.105042
v -0.022065 -0.022065 0.102998
v -0.012224 -0.029512 0.105042
v -0.011941 -0.028829 0.102998
v 0.000000 -0.031943 0.105042
v 0.000000 -0.031204 0.102998
v 0.012224 -0.029512 0.105042
v 0.011941 -0.028829 0.102998
v 0.022587 -0.022587 0.105042
v 0.029512 -0.012224 0.105042
v 0.031943 0.000000 0.105042
v 0.031204 0.000000 0.102998
v 0.029512 0.012224 0.105042
v 0.028829 0.011941 0.102998
v -0.027014 0.000000 0.072634
v -0.024957 0.010338 0.072634
v 0.000000 0.026790 0.075326
v 0.010252 0.024750 0.075326
v 0.000000 0.027607 0.076318
v 0.000000 0.029899 0.062533
v 0.010653 0.025719 0.071687
v 0.000000 0.027838 0.071687
v 0.000000 0.027014 0.072634
v 0.010338 0.024957 0.072634
v 0.000000 0.026790 0.075326
v 0.000000 0.027014 0.072634
v 0.000000 0.027838 0.071687
v 0.018943 0.018943 0.075326
v 0.024750 0.010252 0.075326
v 0.024957 0.010338 0.072634
v 0.019101 0.019101 0.072634
v 0.026790 0.000000 0.075326
v 0.021736 0.021736 0.057314
v 0.027014 0.000000 0.072634
v 0.024750 -0.010252 0.075326
v 0.028399 0.011763 0.057314
v 0.024957 -0.010338 0.072634
v 0.018943 -0.018943 0.075326
v 0.030739 0.000000 0.057314
v 0.019101 -0.019101 0.072634
v 0.010252 -0.024750 0.075326
v 0.010338 -0.024957 0.072634
v 0.000000 -0.026790 0.075326
v 0.000000 -0.027014 0.072634
v -0.010252 -0.024750 0.075326
v -0.018943 -0.018943 0.075326
v -0.010338 -0.024957 0.072634
v -0.019101 -0.019101 0.072634
v -0.024750 -0.010252 0.075326
v -0.024957 -0.010338 0.072634
v -0.010653 0.025719 0.071687
v -0.019101 0.019101 0.072634
v -0.010338 0.024957 0.072634
v 0.000000 0.031938 0.043569
v 0.011879 0.028677 0.044517
v 0.000000 0.031040 0.044517
v 0.021949 0.021949 0.044517
v 0.021949 -0.021949 0.044517
v 0.000000 -0.031938 0.043569
v -0.029507 -0.012222 0.043569
v -0.028677 -0.011879 0.044517
v -0.031938 0.000000 0.043569
v 0.000001 0.031061 0.022607
v 0.000000 0.031111 0.025260
v -0.011889 0.028700 0.022599
v 0.011889 0.028702 0.022594
v 0.000004 0.031960 0.021535
v 0.000001 0.031061 0.022607
v 0.022642 0.022642 0.026231
v 0.029584 0.012254 0.026231
v 0.000000 0.031026 0.034836
v 0.000000 0.031806 0.032842
v 0.022490 0.022490 0.032842
v 0.022719 0.022719 0.032159
v 0.022645 0.022645 0.133550
v -0.029697 0.012301 0.111698
v -0.032144 0.000000 0.111698
v -0.029697 -0.012301 0.111698
v -0.022729 -0.022729 0.111698
v -0.012301 -0.029697 0.111698
v 0.000000 -0.032144 0.111698
v 0.012301 -0.029697 0.111698
v 0.022729 -0.022729 0.111698
v 0.029697 -0.012301 0.111698
v 0.029587 -0.012255 0.133550
v 0.029699 -0.012302 0.127556
v -0.021999 0.021999 0.134526
v -0.022645 0.022645 0.133550
v -0.029587 0.012255 0.133550
v -0.032025 0.000000 0.133550
v -0.029587 -0.012255 0.133550
v -0.022645 -0.022645 0.133550
v -0.012255 -0.029587 0.133550
v 0.000000 -0.032025 0.133550
v 0.012255 -0.029587 0.133550
v 0.022645 -0.022645 0.133550
v 0.000000 0.032377 0.100318
v 0.000000 0.032023 0.101027
v -0.022815 0.022815 0.105721
v -0.029809 0.012347 0.105721
v -0.032265 0.000000 0.105721
v -0.029809 -0.012347 0.105721
v -0.022815 -0.022815 0.105721
v -0.012347 -0.029809 0.105721
v 0.000000 -0.032265 0.105721
v 0.012347 -0.029809 0.105721
v 0.022815 -0.022815 0.105721
v 0.029809 -0.012347 0.105721
v 0.029684 0.012295 0.032159
v 0.032129 0.000000 0.032159
v 0.029684 -0.012295 0.032159
v 0.022719 -0.022719 0.032159
v -0.022719 -0.022719 0.032159
v 0.000000 0.031824 0.126874
v 0.000000 0.032145 0.127556
v -0.022730 0.022730 0.127556
v -0.029699 0.012302 0.127556
v -0.032145 0.000000 0.127556
v -0.029699 -0.012302 0.127556
v -0.022730 -0.022730 0.127556
v -0.012302 -0.029699 0.127556
v 0.000000 -0.032145 0.127556
v 0.012302 -0.029699 0.127556
v 0.022730 -0.022730 0.127556
v 0.012302 0.029699 0.127556
v 0.000000 0.031702 0.148994
v 0.000000 0.032024 0.149677
v 0.000000 0.032362 0.158603
v 0.012384 0.029898 0.158603
v 0.012384 0.029898 0.158603
v 0.000000 0.032362 0.158603
v 0.022883 0.022883 0.158603
v 0.029898 0.012384 0.158603
v 0.032362 0.000000 0.158603
v 0.029898 -0.012384 0.158603
v 0.022883 -0.022883 0.158603
v 0.012384 -0.029898 0.158603
v 0.000000 -0.032362 0.158603
v -0.012384 -0.029898 0.158603
v -0.022883 -0.022883 0.158603
v -0.029898 -0.012384 0.158603
v -0.032362 0.000000 0.158603
v -0.029898 0.012384 0.158603
v -0.022883 0.022883 0.158603
v -0.012384 0.029898 0.158603
v -0.012384 0.029898 0.158603
v 0.000000 0.032362 0.158603
v 0.000000 0.032362 0.158603
v 0.000000 0.013982 0.193203
v 0.012141 0.005029 0.190894
v 0.013142 0.000000 0.190894
v 0.012141 -0.005029 0.190894
v 0.009293 -0.009293 0.190894
v 0.005029 -0.012141 0.190894
v 0.000000 -0.013142 0.190894
v -0.005029 -0.012141 0.190894
v -0.009293 -0.009293 0.190894
v -0.012141 -0.005029 0.190894
v -0.013142 0.000000 0.190894
v -0.012141 0.005029 0.190894
v -0.009293 0.009293 0.190894
v 0.009293 0.009293 0.190894
v 0.005242 0.012655 0.186484
v 0.000000 0.013697 0.186484
v 0.000000 0.013697 0.186484
v 0.009686 0.009686 0.186484
v 0.012655 0.005242 0.186484
v 0.013697 0.000000 0.186484
v 0.012655 -0.005242 0.186484
v 0.009686 -0.009686 0.186484
v 0.005242 -0.012655 0.186484
v 0.000000 -0.013697 0.186484
v -0.005242 -0.012655 0.186484
v -0.009686 -0.009686 0.186484
v -0.012655 -0.005242 0.186484
v -0.013697 0.000000 0.186484
v -0.012655 0.005242 0.186484
v -0.009686 0.009686 0.186484
v -0.005242 0.012655 0.186484
vn -0.0506 0.0489 -0.9975
vn -0.0277 0.0616 -0.9977
vn -0.1146 0.2013 -0.9728
vn -0.0663 0.0023 -0.9978
vn -0.0619 0.0316 -0.9976
vn -0.2235 0.0613 -0.9728
vn -0.0489 -0.0506 -0.9975
vn -0.0613 -0.0279 -0.9977
vn -0.2013 -0.1147 -0.9728
vn -0.0043 -0.0681 -0.9977
vn -0.0299 -0.0630 -0.9976
vn -0.0613 -0.2236 -0.9728
vn 0.0516 -0.0473 -0.9975
vn 0.0253 -0.0607 -0.9978
vn 0.1147 -0.2014 -0.9728
vn 0.0663 -0.0023 -0.9978
vn 0.0617 -0.0313 -0.9976
vn 0.2235 -0.0613 -0.9728
vn 0.0489 0.0506 -0.9975
vn 0.0613 0.0279 -0.9977
vn 0.2013 0.1147 -0.9728
vn 0.0613 0.2236 -0.9728
vn -0.0000 -0.0000 -1.0000
vn 0.0001 -0.0000 -1.0000
vn -0.0000 -0.0001 -1.0000
vn -0.0001 -0.0000 -1.0000
vn -0.0000 0.0001 -1.0000
vn 0.0023 0.0663 -0.9978
vn 0.0314 0.0622 -0.9976
vn 0.0307 -0.0658 0.9974
vn 0.0544 -0.0523 0.9971
vn 0.1425 -0.2505 0.9576
vn 0.0670 -0.0334 0.9972
vn 0.0711 -0.0023 0.9975
vn 0.2782 -0.0765 0.9575
vn 0.0658 0.0307 0.9974
vn 0.0522 0.0545 0.9971
vn 0.2505 0.1425 0.9576
vn 0.0316 0.0682 0.9972
vn 0.0046 0.0728 0.9973
vn 0.0765 0.2781 0.9575
vn -0.0280 0.0650 0.9975
vn -0.0554 0.0505 0.9972
vn -0.1425 0.2505 0.9576
vn -0.0670 0.0332 0.9972
vn -0.0711 0.0024 0.9975
vn -0.2781 0.0765 0.9575
vn -0.0659 -0.0308 0.9974
vn -0.0524 -0.0543 0.9971
vn -0.2505 -0.1425 0.9576
vn -0.0765 -0.2781 0.9575
vn -0.0000 -0.0000 1.0000
vn -0.0334 -0.0670 0.9972
vn -0.0024 -0.0710 0.9975
vn 0.0984 0.2375 -0.9664
vn 0.2933 0.7083 -0.6421
vn -0.0000 0.7668 -0.6419
vn -0.0000 0.2572 -0.9664
vn 0.2375 0.0984 -0.9664
vn 0.3799 0.1573 -0.9116
vn 0.4109 -0.0000 -0.9117
vn 0.2568 -0.0000 -0.9665
vn 0.3799 -0.1573 -0.9116
vn 0.2375 -0.0984 -0.9664
vn 0.2908 -0.2908 -0.9115
vn 0.1816 -0.1817 -0.9664
vn 0.1573 -0.3799 -0.9116
vn 0.0984 -0.2375 -0.9664
vn -0.0000 -0.4112 -0.9115
vn -0.0000 -0.2572 -0.9664
vn -0.1573 -0.3799 -0.9116
vn -0.0982 -0.2372 -0.9665
vn -0.2908 -0.2908 -0.9115
vn -0.1819 -0.1819 -0.9663
vn -0.3799 -0.1573 -0.9116
vn -0.2375 -0.0984 -0.9664
vn -0.4109 -0.0000 -0.9117
vn -0.2568 -0.0000 -0.9665
vn -0.3799 0.1573 -0.9116
vn -0.2375 0.0984 -0.9664
vn -0.2908 0.2908 -0.9115
vn -0.1816 0.1817 -0.9664
vn -0.1572 0.3794 -0.9118
vn -0.0984 0.2375 -0.9664
vn -0.0000 0.9999 0.0100
vn -0.3827 0.9238 0.0096
vn -0.3534 0.8532 0.3837
vn -0.0000 0.9234 0.3838
vn -0.4084 0.9032 -0.1321
vn 0.0151 0.9912 -0.1316
vn 0.0557 0.8710 -0.4881
vn -0.4491 0.7570 -0.4746
vn 0.3149 0.7601 0.5684
vn 0.5817 0.5817 0.5685
vn 0.5729 0.5729 0.5862
vn 0.3101 0.7485 0.5862
vn 0.5729 -0.5729 0.5862
vn 0.3101 -0.7485 0.5862
vn 0.3335 -0.8050 0.4906
vn 0.6162 -0.6162 0.4906
vn 0.6533 0.6533 -0.3827
vn 0.6932 0.6932 -0.1971
vn 0.9058 0.3752 -0.1969
vn 0.8535 0.3536 -0.3829
vn -0.0000 0.8227 0.5685
vn -0.0000 0.8102 0.5862
vn 0.8407 -0.3483 0.4146
vn 0.9236 -0.3825 0.0257
vn 0.7069 -0.7069 0.0258
vn 0.6434 -0.6434 0.4149
vn -0.6518 0.6519 0.3876
vn -0.6548 0.6548 -0.3774
vn -0.3544 0.8556 -0.3773
vn -0.3528 0.8517 0.3875
vn -0.6743 0.6743 -0.3012
vn -0.3649 0.8810 -0.3013
vn -0.3629 0.8760 -0.3176
vn -0.6704 0.6705 -0.3177
vn 0.3564 0.8603 -0.3646
vn 0.3523 0.8504 -0.3909
vn -0.0000 0.9205 -0.3908
vn -0.0000 0.9312 -0.3646
vn 0.0062 -0.9201 0.3915
vn 0.3521 -0.8558 0.3789
vn 0.3576 -0.8632 0.3564
vn 0.0019 -0.9313 0.3642
vn -0.0000 -0.9205 -0.3907
vn 0.3523 -0.8504 -0.3909
vn 0.3564 -0.8603 -0.3646
vn -0.0000 -0.9312 -0.3645
vn -0.3564 -0.8603 -0.3646
vn -0.3522 -0.8504 -0.3909
vn -0.6585 -0.6585 -0.3645
vn -0.6509 -0.6509 -0.3907
vn -0.8524 -0.3464 0.3916
vn -0.6457 -0.6406 0.4155
vn -0.6566 -0.6566 0.3712
vn -0.8611 -0.3547 0.3642
vn -0.8504 -0.3523 -0.3909
vn -0.8603 -0.3564 -0.3646
vn -0.9312 -0.0000 -0.3645
vn -0.9205 -0.0000 -0.3907
vn -0.8504 0.3523 -0.3909
vn -0.8603 0.3564 -0.3646
vn -0.6427 0.6460 0.4119
vn -0.8484 0.3445 0.4020
vn -0.8611 0.3547 0.3642
vn -0.6566 0.6566 0.3712
vn -0.6585 0.6585 -0.3645
vn -0.3563 0.8603 -0.3646
vn -0.3523 0.8504 -0.3909
vn -0.6508 0.6508 -0.3910
vn -0.0000 0.9186 0.3952
vn -0.0000 1.0000 0.0059
vn 0.3827 0.9239 0.0059
vn 0.3515 0.8486 0.3954
vn -0.0000 0.9218 -0.3877
vn -0.3827 0.9239 0.0060
vn -0.3528 0.8516 -0.3878
vn 0.3765 0.9090 -0.1787
vn 0.3754 0.9063 -0.1941
vn -0.0000 0.9810 -0.1941
vn -0.0000 0.9839 -0.1787
vn 0.3772 0.9106 0.1688
vn 0.6970 0.6969 0.1688
vn 0.6957 0.6957 -0.1786
vn 0.9063 0.3754 -0.1941
vn 0.9810 -0.0000 -0.1942
vn 0.9205 -0.0000 -0.3907
vn 0.8504 0.3523 -0.3907
vn 0.9106 0.3772 0.1688
vn 0.9090 0.3765 -0.1787
vn 0.9063 -0.3754 -0.1941
vn 0.8504 -0.3523 -0.3907
vn 0.9857 -0.0000 0.1687
vn 0.9839 -0.0000 -0.1787
vn 0.6937 -0.6936 -0.1942
vn 0.6509 -0.6509 -0.3907
vn 0.9106 -0.3772 0.1688
vn 0.9090 -0.3765 -0.1787
vn 0.3754 -0.9063 -0.1941
vn 0.3523 -0.8504 -0.3907
vn 0.6969 -0.6970 0.1688
vn 0.6957 -0.6957 -0.1786
vn -0.0000 -0.9810 -0.1942
vn 0.3772 -0.9106 0.1688
vn 0.3765 -0.9090 -0.1787
vn -0.3754 -0.9063 -0.1941
vn -0.3523 -0.8504 -0.3907
vn -0.0000 -0.9857 0.1687
vn -0.0000 -0.9839 -0.1787
vn -0.6936 -0.6937 -0.1942
vn -0.3772 -0.9106 0.1688
vn -0.3765 -0.9090 -0.1787
vn -0.9063 -0.3754 -0.1941
vn -0.8504 -0.3523 -0.3907
vn -0.6970 -0.6969 0.1688
vn -0.6957 -0.6957 -0.1786
vn -0.9810 -0.0000 -0.1942
vn -0.9106 -0.3772 0.1688
vn -0.9090 -0.3765 -0.1787
vn -0.9063 0.3754 -0.1941
vn -0.8504 0.3523 -0.3907
vn -0.9857 -0.0000 0.1687
vn -0.9839 -0.0000 -0.1787
vn -0.6937 0.6936 -0.1942
vn -0.6509 0.6509 -0.3907
vn -0.9106 0.3772 0.1688
vn -0.9090 0.3765 -0.1787
vn -0.3754 0.9063 -0.1941
vn -0.3523 0.8504 -0.3907
vn -0.6969 0.6970 0.1688
vn -0.6957 0.6957 -0.1786
vn -0.6705 -0.6704 -0.3177
vn -0.3628 -0.8760 -0.3176
vn -0.3649 -0.8810 -0.3012
vn -0.6743 -0.6743 -0.3012
vn -0.3772 0.9106 0.1688
vn -0.3765 0.9090 -0.1787
vn 0.3752 0.9058 -0.1969
vn 0.3561 0.8597 0.3663
vn 0.6579 0.6579 0.3665
vn -0.0000 0.9205 -0.3907
vn 0.6936 0.6937 -0.1942
vn 0.6509 0.6509 -0.3907
vn 0.3523 0.8504 -0.3907
vn -0.0000 0.9857 0.1687
vn -0.8141 0.3372 0.4729
vn -0.8875 0.3676 0.2777
vn -0.9607 -0.0000 0.2775
vn -0.8812 -0.0000 0.4728
vn 0.8486 -0.3515 0.3954
vn 0.9187 -0.0000 0.3949
vn 1.0000 -0.0000 0.0058
vn 0.9239 -0.3827 0.0060
vn 0.3676 0.8875 0.2777
vn 0.3649 0.8810 -0.3013
vn -0.0000 0.9535 -0.3013
vn -0.0000 0.9607 0.2775
vn -0.6230 0.6230 0.4730
vn -0.6794 0.6794 0.2773
vn 0.9057 0.3751 0.1976
vn 0.9802 -0.0000 0.1978
vn 0.9312 -0.0000 -0.3645
vn 0.8603 0.3564 -0.3646
vn 0.9056 -0.3751 0.1980
vn 0.8603 -0.3564 -0.3646
vn 0.6931 -0.6931 0.1981
vn 0.6585 -0.6585 -0.3645
vn 0.3751 -0.9057 0.1976
vn -0.0000 -0.9802 0.1978
vn -0.3751 -0.9056 0.1980
vn -0.0000 -0.9481 -0.3179
vn 0.3629 -0.8760 -0.3176
vn 0.3649 -0.8810 -0.3013
vn -0.0000 -0.9535 -0.3013
vn -0.0000 0.9804 -0.1969
vn -0.0000 0.9305 0.3663
vn -0.8810 -0.3649 -0.3013
vn -0.8760 -0.3629 -0.3176
vn 0.4031 0.9062 -0.1275
vn 0.6950 0.7084 -0.1230
vn 0.6135 0.6717 -0.4152
vn 0.4429 0.7816 -0.4394
vn -0.6905 0.6905 -0.2156
vn -0.7063 0.7063 -0.0481
vn -0.3823 0.9228 -0.0481
vn -0.3737 0.9022 -0.2153
vn 0.9032 0.4084 -0.1321
vn 0.7570 0.4491 -0.4746
vn 0.9912 -0.0151 -0.1316
vn 0.8710 -0.0557 -0.4882
vn 0.9114 -0.3945 -0.1170
vn 0.8112 -0.4076 -0.4194
vn 0.7132 -0.6911 -0.1170
vn 0.6870 -0.5935 -0.4193
vn 0.3933 -0.9100 -0.1316
vn 0.3848 -0.7833 -0.4882
vn -0.0317 -0.9907 -0.1321
vn -0.1252 -0.8713 -0.4746
vn -0.3960 -0.9083 -0.1347
vn -0.4169 -0.7969 -0.4373
vn -0.6877 -0.7134 -0.1347
vn -0.5767 -0.6901 -0.4372
vn -0.9032 -0.4084 -0.1321
vn -0.7570 -0.4491 -0.4746
vn -0.9912 0.0151 -0.1316
vn -0.8710 0.0557 -0.4882
vn -0.9062 0.4032 -0.1275
vn -0.7815 0.4429 -0.4394
vn -0.7084 0.6950 -0.1230
vn -0.6717 0.6135 -0.4152
vn 0.1934 -0.2637 -0.9450
vn -0.1268 0.0200 -0.9917
vn -0.2810 -0.1897 -0.9408
vn 0.0160 -0.4380 -0.8988
vn -0.0003 0.9996 0.0266
vn 0.3798 0.9237 0.0508
vn 0.0557 0.8709 -0.4882
vn 0.0996 0.3386 -0.9357
vn -0.3630 0.2427 -0.8996
vn 0.4052 0.3168 -0.8576
vn 0.3088 0.4512 -0.8373
vn 0.7069 0.7049 0.0582
vn 0.3445 0.8484 0.4020
vn 0.6460 0.6427 0.4119
vn 0.2427 0.3630 -0.8996
vn 0.3386 -0.0996 -0.9356
vn -0.3488 0.1468 -0.9256
vn 0.9238 0.3813 0.0344
vn 0.8525 0.3464 0.3916
vn 0.3769 -0.3267 -0.8667
vn -0.3174 -0.1063 -0.9423
vn 0.9996 0.0003 0.0266
vn 0.9254 0.0022 0.3789
vn 0.4461 -0.2233 -0.8667
vn -0.2337 -0.0804 -0.9690
vn 0.9236 -0.3802 0.0497
vn 0.8493 -0.3463 0.3984
vn 0.2215 -0.2747 -0.9357
vn -0.0152 0.2467 -0.9690
vn 0.7047 -0.7078 0.0497
vn 0.6448 -0.6520 0.3989
vn -0.2425 -0.3632 -0.8996
vn -0.0233 0.3339 -0.9423
vn 0.3823 -0.9237 0.0264
vn -0.3784 -0.3966 -0.8364
vn -0.2691 0.2661 -0.9256
vn 0.0013 -0.9994 0.0345
vn -0.2216 -0.5014 -0.8364
vn -0.1830 0.1425 -0.9727
vn -0.3802 -0.9230 0.0598
vn -0.3447 -0.8416 0.4157
vn -0.2427 -0.3630 -0.8996
vn 0.2017 -0.1145 -0.9727
vn -0.7072 -0.7044 0.0598
vn -0.3386 0.0996 -0.9356
vn 0.3488 -0.1468 -0.9256
vn -0.9238 -0.3813 0.0344
vn -0.3168 0.4052 -0.8576
vn 0.3174 0.1063 -0.9423
vn -0.9996 -0.0003 0.0266
vn -0.9254 -0.0022 0.3789
vn -0.4512 0.3088 -0.8373
vn 0.2637 0.1934 -0.9450
vn -0.9237 0.3798 0.0508
vn -0.3813 0.9238 0.0344
vn -0.3464 0.8525 0.3916
vn -0.0022 0.9255 0.3789
vn -0.0200 -0.1268 -0.9917
vn -0.7049 0.7069 0.0582
vn -0.0605 -0.3428 -0.9375
vn -0.2356 -0.1956 -0.9520
vn 0.1063 -0.3174 -0.9423
vn 0.0687 -0.5121 -0.8562
vn -0.1468 -0.3488 -0.9256
vn -0.4993 -0.0089 -0.8664
vn -0.5121 -0.0687 -0.8562
vn 0.9805 -0.0000 -0.1967
vn 0.9058 0.3752 -0.1966
vn 0.8600 0.3562 0.3654
vn 0.9308 -0.0000 0.3655
vn -0.1325 0.4994 -0.8562
vn -0.2250 0.3690 -0.9018
vn -0.1828 0.4647 -0.8664
vn -0.0146 0.3424 -0.9394
vn 0.3219 0.1175 -0.9395
vn 0.4993 0.0089 -0.8664
vn 0.5121 0.0687 -0.8562
vn 0.4380 0.0160 -0.8988
vn 0.1897 -0.2810 -0.9408
vn 0.0089 -0.4993 -0.8664
vn 0.0751 -0.3775 -0.9230
vn 0.0287 -0.4053 -0.9137
vn -0.1040 -0.0965 -0.9899
vn -0.3775 -0.0751 -0.9230
vn -0.1556 -0.0511 -0.9865
vn -0.4270 0.0666 -0.9018
vn -0.4057 -0.0286 -0.9136
vn -0.3430 0.0931 -0.9347
vn 0.9294 -0.0000 0.3691
vn 0.9003 -0.0000 0.4352
vn 0.8317 -0.3446 0.4353
vn 0.8587 -0.3557 0.3690
vn 0.0053 -0.1750 -0.9846
vn 0.0511 -0.1556 -0.9865
vn -0.6563 0.6587 -0.3678
vn -0.6505 0.6506 0.3919
vn -0.8500 0.3520 0.3920
vn -0.8597 0.3543 -0.3678
vn 0.8760 -0.3628 -0.3176
vn 0.9481 -0.0000 -0.3179
vn 0.9535 -0.0000 -0.3013
vn 0.8810 -0.3649 -0.3012
vn -0.6593 0.6594 0.3613
vn -0.3520 0.8495 0.3930
vn -0.3568 0.8614 0.3614
vn -0.8614 0.3568 0.3614
vn -0.9324 -0.0000 0.3614
vn -0.9196 -0.0000 0.3929
vn -0.8598 -0.3542 -0.3678
vn -0.9330 -0.0000 -0.3599
vn -0.8498 -0.3520 0.3923
vn 0.8760 0.3629 -0.3176
vn 0.8810 0.3649 -0.3013
vn -0.0018 0.9299 -0.3678
vn -0.3570 0.8620 -0.3599
vn -0.3615 0.8711 -0.3324
vn -0.0004 0.9411 -0.3381
vn 0.0963 -0.1038 -0.9899
vn 0.1436 -0.0462 -0.9886
vn 0.1956 -0.2356 -0.9520
vn 0.8317 0.3446 0.4353
vn 0.3428 -0.0605 -0.9375
vn 0.1746 0.0054 -0.9846
vn 0.1556 0.0511 -0.9865
vn 0.4057 0.0286 -0.9136
vn -0.9432 0.0006 -0.3323
vn -0.8710 0.3599 -0.3344
vn 0.3775 0.0751 -0.9230
vn -0.9072 -0.3758 0.1894
vn -0.9086 -0.3764 0.1808
vn -0.6955 -0.6954 0.1808
vn -0.6943 -0.6943 0.1894
vn 0.1019 0.0913 -0.9906
vn 0.0454 0.1292 -0.9906
vn 0.2477 0.1650 -0.9547
vn 0.0578 0.2924 -0.9545
vn -0.0123 0.1635 -0.9865
vn -0.0617 0.1633 -0.9846
vn -0.0750 0.3775 -0.9230
vn -0.1286 0.3853 -0.9138
vn -0.1028 0.1172 -0.9878
vn -0.1477 0.0501 -0.9878
vn -0.2173 0.2812 -0.9347
vn -0.1746 -0.0054 -0.9846
vn -0.0462 -0.1435 -0.9886
vn -0.3641 0.8792 -0.3073
vn -0.6729 0.6729 -0.3072
vn 0.3751 0.9056 0.1980
vn -0.0000 0.9802 0.1979
vn 0.3482 0.8407 0.4146
vn 0.3825 0.9236 0.0256
vn 0.7069 0.7069 0.0258
vn 0.6435 0.6435 0.4144
vn 0.3628 0.8760 -0.3176
vn -0.0000 0.9482 -0.3178
vn 0.8486 0.3515 0.3954
vn 0.6931 0.6931 0.1981
vn 0.6496 0.6496 0.3951
vn 0.6705 0.6704 -0.3177
vn 0.6743 0.6743 -0.3012
vn 0.6704 -0.6705 -0.3177
vn 0.6743 -0.6743 -0.3012
vn -0.6931 -0.6931 0.1981
vn -0.9535 -0.0000 -0.3013
vn -0.9481 -0.0000 -0.3179
vn 0.7071 -0.7071 0.0058
vn 0.6495 -0.6495 0.3954
vn -0.8517 0.3527 0.3875
vn -0.8556 0.3544 -0.3772
vn 0.6922 0.6922 0.2040
vn 0.6594 0.6594 -0.3610
vn 0.3568 0.8616 -0.3611
vn 0.3747 0.9045 0.2039
vn -0.0000 0.9766 -0.2153
vn -0.0000 0.9790 0.2036
vn -0.3747 0.9045 0.2037
vn -0.8792 0.3641 -0.3073
vn -0.9516 -0.0000 -0.3074
vn 0.6230 -0.6230 0.4730
vn 0.6794 -0.6794 0.2773
vn 0.8875 -0.3676 0.2777
vn 0.8141 -0.3372 0.4729
vn -0.7063 -0.7063 -0.0481
vn -0.3823 -0.9228 -0.0481
vn -0.3436 -0.8297 0.4399
vn -0.6349 -0.6349 0.4401
vn -0.0000 -0.9989 -0.0479
vn -0.0000 -0.8980 0.4401
vn 0.3823 -0.9228 -0.0481
vn 0.3437 -0.8297 0.4399
vn 0.7063 -0.7063 -0.0481
vn 0.6349 -0.6349 0.4401
vn 0.9228 -0.3823 -0.0481
vn 0.8297 -0.3436 0.4399
vn 0.9989 -0.0000 -0.0477
vn 0.8980 -0.0000 0.4401
vn 0.3372 0.8141 0.4729
vn -0.0000 0.9607 0.2776
vn -0.0000 0.8812 0.4727
vn 0.9228 0.3823 -0.0481
vn 0.7063 0.7063 -0.0481
vn 0.6349 0.6349 0.4401
vn 0.8297 0.3437 0.4399
vn -0.0000 0.9989 -0.0478
vn -0.0000 0.9765 -0.2153
vn -0.3491 0.8429 0.4094
vn -0.0000 0.9123 0.4094
vn -0.0000 0.8980 0.4401
vn -0.3437 0.8297 0.4399
vn -0.0000 -0.8812 0.4728
vn -0.0000 -0.9607 0.2775
vn 0.3676 -0.8875 0.2777
vn 0.3372 -0.8141 0.4728
vn -0.9228 -0.3823 -0.0481
vn -0.8297 -0.3437 0.4399
vn -0.0000 0.9816 -0.1912
vn -0.0000 0.9294 0.3690
vn 0.3557 0.8587 0.3690
vn 0.3756 0.9068 -0.1913
vn -0.0000 0.8980 0.4400
vn 0.3436 0.8297 0.4399
vn 0.3823 0.9228 -0.0481
vn -0.0000 -0.8102 0.5862
vn -0.0000 -0.8714 0.4906
vn -0.3101 -0.7485 0.5862
vn -0.3335 -0.8051 0.4906
vn -0.5729 -0.5729 0.5862
vn -0.6162 -0.6162 0.4906
vn -0.7485 -0.3101 0.5862
vn -0.8050 -0.3335 0.4906
vn -0.8102 -0.0000 0.5862
vn -0.8714 -0.0000 0.4906
vn -0.7485 0.3101 0.5862
vn -0.8051 0.3335 0.4906
vn -0.5729 0.5729 0.5862
vn -0.6162 0.6162 0.4906
vn -0.3101 0.7485 0.5862
vn -0.3335 0.8050 0.4906
vn 0.6162 0.6162 0.4906
vn 0.3335 0.8051 0.4906
vn -0.8517 -0.3528 0.3875
vn -0.8556 -0.3544 -0.3773
vn -0.9262 -0.0000 -0.3771
vn -0.9218 -0.0000 0.3877
vn -0.6519 -0.6518 0.3876
vn -0.6548 -0.6548 -0.3774
vn -0.3527 -0.8517 0.3875
vn -0.3544 -0.8558 -0.3769
vn -0.0000 -0.9218 0.3877
vn -0.0000 -0.9262 -0.3771
vn 0.3528 -0.8517 0.3875
vn 0.3544 -0.8556 -0.3773
vn 0.6518 -0.6519 0.3876
vn 0.6548 -0.6548 -0.3774
vn 0.8517 -0.3527 0.3875
vn 0.8556 -0.3544 -0.3772
vn 0.9218 -0.0000 0.3877
vn 0.9262 -0.0000 -0.3771
vn 0.8517 0.3528 0.3875
vn 0.8556 0.3544 -0.3773
vn 0.6519 0.6518 0.3876
vn 0.6548 0.6548 -0.3774
vn 0.3527 0.8517 0.3875
vn 0.3544 0.8558 -0.3768
vn -0.6513 0.6512 -0.3895
vn -0.3524 0.8510 -0.3894
vn -0.3827 0.9239 0.0068
vn -0.7071 0.7071 0.0069
vn -0.0000 0.9218 0.3877
vn 0.9216 -0.0000 -0.3881
vn 0.9591 -0.0000 -0.2832
vn 0.8860 -0.3670 -0.2834
vn 0.8514 -0.3527 -0.3882
vn -0.3530 0.8520 0.3866
vn -0.3546 0.8561 -0.3760
vn -0.0000 0.9266 -0.3760
vn -0.0000 0.9223 0.3866
vn -0.0000 0.9331 -0.3596
vn -0.0000 0.9266 -0.3761
vn -0.3571 0.8621 -0.3596
vn -0.8480 0.3513 0.3968
vn -0.9238 0.3827 0.0070
vn -0.7071 0.7071 0.0068
vn -0.6491 0.6491 0.3967
vn 0.6782 0.6782 -0.2832
vn 0.7071 0.7070 0.0095
vn 0.9238 0.3828 0.0094
vn 0.8860 0.3670 -0.2834
vn -0.8520 -0.3530 0.3866
vn -0.8561 -0.3546 -0.3760
vn -0.9266 -0.0000 -0.3760
vn -0.9222 -0.0000 0.3867
vn -0.6522 -0.6522 0.3864
vn -0.6552 -0.6552 -0.3760
vn -0.3529 -0.8520 0.3866
vn -0.3546 -0.8561 -0.3760
vn -0.0000 -0.9222 0.3867
vn -0.0000 -0.9266 -0.3760
vn 0.3530 -0.8520 0.3866
vn 0.3546 -0.8561 -0.3760
vn 0.6522 -0.6522 0.3864
vn 0.6552 -0.6552 -0.3760
vn 0.8520 -0.3529 0.3866
vn 0.8561 -0.3546 -0.3760
vn 0.9222 -0.0000 0.3867
vn 0.9266 -0.0000 -0.3760
vn 0.8520 0.3530 0.3866
vn 0.8561 0.3546 -0.3760
vn 0.6522 0.6522 0.3864
vn 0.6552 0.6552 -0.3760
vn 0.3529 0.8520 0.3866
vn 0.3546 0.8561 -0.3760
vn -0.6517 0.6516 -0.3882
vn -0.3526 0.8514 -0.3882
vn -0.3827 0.9238 0.0070
vn 0.3562 0.8600 0.3654
vn -0.0000 0.9308 0.3654
vn -0.0000 0.9222 0.3867
vn -0.0000 1.0000 0.0096
vn -0.0000 0.9590 -0.2833
vn -0.3670 0.8860 -0.2834
vn -0.3828 0.9238 0.0094
vn -0.3557 -0.8587 0.3690
vn -0.3446 -0.8317 0.4353
vn -0.6366 -0.6366 0.4353
vn -0.6572 -0.6572 0.3691
vn -0.0000 0.9100 0.4146
vn -0.0000 0.9856 0.1688
vn -0.3483 0.8407 0.4146
vn -0.0000 0.8714 0.4906
vn -0.6504 -0.6505 0.3923
vn -0.6557 -0.6557 -0.3742
vn -0.6782 0.6782 -0.2832
vn -0.7070 0.7071 0.0095
vn -0.8860 0.3670 -0.2834
vn -0.9238 0.3826 0.0097
vn -0.9591 -0.0000 -0.2832
vn -1.0000 -0.0000 0.0096
vn -0.8860 -0.3670 -0.2834
vn -0.9238 -0.3828 0.0094
vn -0.3513 0.8481 0.3968
vn -0.3746 0.9044 0.2044
vn -0.6922 0.6922 0.2042
vn -0.6782 -0.6782 -0.2832
vn -0.7071 -0.7070 0.0095
vn -0.9044 0.3746 0.2043
vn -0.3670 -0.8860 -0.2834
vn -0.3826 -0.9238 0.0097
vn -0.9789 -0.0000 0.2045
vn -0.9181 -0.0000 0.3964
vn -0.0000 -0.9591 -0.2832
vn -0.0000 -1.0000 0.0096
vn -0.9044 -0.3746 0.2044
vn -0.8481 -0.3513 0.3967
vn 0.3670 -0.8860 -0.2834
vn 0.3827 -0.9238 0.0097
vn -0.6922 -0.6922 0.2042
vn -0.6491 -0.6491 0.3967
vn 0.6782 -0.6782 -0.2832
vn 0.7070 -0.7071 0.0095
vn -0.3746 -0.9044 0.2043
vn -0.3513 -0.8480 0.3968
vn 0.9238 -0.3826 0.0097
vn -0.0000 -0.9789 0.2042
vn -0.0000 -0.9179 0.3969
vn 0.7485 -0.3101 0.5862
vn 0.8051 -0.3335 0.4906
vn 0.3746 -0.9044 0.2044
vn 0.3513 -0.8481 0.3968
vn 1.0000 -0.0000 0.0096
vn 0.6922 -0.6922 0.2042
vn 0.6491 -0.6491 0.3967
vn 0.9044 -0.3746 0.2043
vn 0.8480 -0.3513 0.3968
vn 0.3670 0.8860 -0.2834
vn 0.3826 0.9238 0.0097
vn 0.9789 -0.0000 0.2045
vn 0.9181 -0.0000 0.3964
vn 0.7601 0.3149 0.5684
vn 0.7485 0.3101 0.5862
vn -0.6352 0.6352 0.4393
vn -0.3438 0.8299 0.4394
vn -0.3149 0.7601 0.5684
vn -0.5817 0.5817 0.5685
vn 0.9831 -0.0000 0.1829
vn 0.9083 0.3761 0.1831
vn 0.9215 0.3816 0.0724
vn 0.9974 -0.0000 0.0725
vn -0.8299 0.3438 0.4393
vn -0.7601 0.3149 0.5684
vn -0.8227 -0.0000 0.5685
vn -0.7601 -0.3149 0.5684
vn -0.5817 -0.5817 0.5685
vn -0.3149 -0.7601 0.5684
vn -0.0000 -0.8227 0.5685
vn 0.3149 -0.7601 0.5684
vn 0.5817 -0.5817 0.5685
vn 0.7601 -0.3149 0.5684
vn 0.8227 -0.0000 0.5685
vn 0.8102 -0.0000 0.5862
vn 0.6572 -0.6598 0.3643
vn 0.9083 -0.3763 0.1826
vn 0.9215 -0.3817 0.0722
vn -0.0000 0.8983 0.4394
vn 0.3438 0.8299 0.4393
vn -0.0000 0.8227 0.5684
vn -0.0000 0.4108 -0.9117
vn 0.6952 0.6952 0.1828
vn 0.7053 0.7053 0.0720
vn 0.6508 -0.6508 -0.3910
vn -0.0000 -0.8983 0.4394
vn -0.3438 -0.8299 0.4393
vn 0.6352 0.6352 0.4394
vn 0.8299 0.3438 0.4394
vn -0.6352 -0.6352 0.4393
vn 0.1015 0.2450 0.9642
vn 0.2912 0.7031 0.6488
vn 0.5381 0.5381 0.6488
vn 0.1877 0.1877 0.9641
vn 0.3438 -0.8299 0.4394
vn 0.1573 0.3799 -0.9116
vn 0.2908 0.2908 -0.9115
vn 0.1819 0.1819 -0.9663
vn -0.2935 0.7085 -0.6418
vn -0.0000 0.7667 -0.6420
vn -0.0000 0.9974 0.0725
vn -0.3816 0.9215 0.0724
vn -0.8299 -0.3438 0.4394
vn -0.8983 -0.0000 0.4394
vn 0.3763 0.9083 0.1827
vn -0.0000 0.9831 0.1828
vn 0.3817 0.9215 0.0721
vn -0.6951 -0.6951 0.1833
vn -0.3763 -0.9083 0.1827
vn -0.3817 -0.9215 0.0722
vn -0.7053 -0.7053 0.0720
vn -0.3763 0.9083 0.1826
vn -0.6952 0.6952 0.1827
vn -0.7053 0.7053 0.0720
vn -0.9083 0.3763 0.1826
vn -0.9215 0.3817 0.0722
vn 0.8983 -0.0000 0.4394
vn -0.9831 -0.0000 0.1829
vn -0.9974 -0.0000 0.0725
vn -0.9083 -0.3761 0.1831
vn -0.9215 -0.3816 0.0724
vn -0.0000 -0.9831 0.1828
vn -0.0000 -0.9974 0.0725
vn 0.6352 -0.6352 0.4393
vn 0.3763 -0.9083 0.1826
vn 0.3817 -0.9215 0.0721
vn 0.6952 -0.6952 0.1827
vn 0.7053 -0.7053 0.0720
vn -0.1015 0.2450 0.9642
vn -0.2912 0.7030 0.6489
vn -0.0000 0.7610 0.6488
vn -0.0000 0.2653 0.9642
vn 0.2873 -0.6935 0.6607
vn -0.0000 -0.7507 0.6606
vn -0.0000 0.3106 0.9506
vn -0.1187 0.2867 0.9506
vn -0.6529 0.6528 0.3842
vn -0.2192 0.2191 0.9508
vn 0.5309 -0.5309 0.6606
vn -0.8531 0.3534 0.3837
vn -0.2868 0.1187 0.9506
vn 0.6935 -0.2873 0.6607
vn -0.9234 -0.0000 0.3839
vn -0.3108 -0.0000 0.9505
vn 0.7507 -0.0000 0.6607
vn -0.8531 -0.3534 0.3837
vn -0.2870 -0.1188 0.9505
vn 0.6935 0.2873 0.6607
vn -0.6528 -0.6529 0.3842
vn -0.2191 -0.2192 0.9508
vn 0.5309 0.5308 0.6606
vn -0.3535 -0.8531 0.3837
vn -0.1189 -0.2870 0.9505
vn 0.2873 0.6935 0.6607
vn -0.0000 -0.9234 0.3839
vn -0.0000 -0.3104 0.9506
vn -0.0000 0.7507 0.6607
vn 0.3534 -0.8532 0.3837
vn 0.1187 -0.2868 0.9506
vn -0.2873 0.6935 0.6607
vn 0.6529 -0.6530 0.3838
vn 0.2192 -0.2191 0.9508
vn -0.5309 0.5309 0.6606
vn 0.8531 -0.3534 0.3837
vn 0.2868 -0.1187 0.9506
vn -0.6935 0.2873 0.6607
vn 0.9234 -0.0000 0.3839
vn 0.3108 -0.0000 0.9505
vn -0.7507 -0.0000 0.6607
vn 0.8531 0.3534 0.3837
vn 0.2870 0.1188 0.9505
vn -0.6935 -0.2873 0.6607
vn -0.9238 -0.3827 0.0098
vn -0.9999 -0.0000 0.0100
vn -0.7609 -0.0000 0.6488
vn -0.7031 -0.2912 0.6488
vn -0.0000 -0.2654 0.9641
vn -0.0000 -0.7608 0.6489
vn -0.2912 -0.7031 0.6487
vn -0.1015 -0.2449 0.9642
vn 0.6528 0.6529 0.3842
vn 0.2191 0.2192 0.9508
vn -0.7071 0.7071 0.0095
vn -0.5381 0.5381 0.6488
vn -0.9238 0.3827 0.0096
vn -0.7031 0.2912 0.6487
vn 0.8504 -0.3522 -0.3909
vn 0.8611 0.3547 0.3642
vn 0.8504 0.3523 -0.3909
vn 0.9344 -0.0000 0.3563
vn -0.8810 0.3649 -0.3012
vn -0.8760 0.3628 -0.3176
vn -0.1877 0.1876 0.9641
vn -0.7071 -0.7071 0.0095
vn -0.5381 -0.5381 0.6488
vn -0.3827 -0.9238 0.0096
vn -0.2450 -0.1015 0.9642
vn -0.2654 -0.0000 0.9641
vn -0.0000 -1.0000 0.0097
vn 0.3827 -0.9238 0.0096
vn 0.2912 -0.7031 0.6487
vn 0.7071 -0.7071 0.0095
vn 0.5381 -0.5381 0.6488
vn 0.9238 -0.3827 0.0096
vn 0.7031 -0.2912 0.6487
vn 0.9999 -0.0000 0.0100
vn 0.7609 -0.0000 0.6488
vn 0.9238 0.3827 0.0098
vn 0.7031 0.2912 0.6488
vn 0.7071 0.7071 0.0095
vn 0.3827 0.9238 0.0096
vn -0.0000 -1.0000 0.0062
vn 0.3827 -0.9239 0.0057
vn 0.1558 -0.3764 0.9133
vn -0.0000 -0.4079 0.9130
vn -0.3827 -0.9239 0.0057
vn -0.1561 -0.3768 0.9131
vn -0.9239 -0.3827 0.0057
vn -0.7071 -0.7071 0.0062
vn -0.2884 -0.2884 0.9130
vn -0.3768 -0.1561 0.9131
vn -0.2884 0.2884 0.9130
vn -0.7071 0.7071 0.0062
vn -0.9239 0.3827 0.0062
vn -0.3768 0.1561 0.9131
vn -0.2450 0.1015 0.9642
vn -1.0000 -0.0000 0.0062
vn -0.3827 0.9239 0.0057
vn -0.1558 0.3764 0.9133
vn -0.1877 -0.1877 0.9641
vn 0.1015 -0.2450 0.9642
vn 0.7071 -0.7071 0.0062
vn 0.2884 -0.2884 0.9130
vn -0.4079 -0.0000 0.9130
vn 0.1877 -0.1876 0.9641
vn 0.9239 -0.3827 0.0062
vn 0.3768 -0.1561 0.9131
vn 0.2450 -0.1015 0.9642
vn 1.0000 -0.0000 0.0062
vn 0.4079 -0.0000 0.9130
vn 0.2654 -0.0000 0.9641
vn 0.9239 0.3827 0.0062
vn 0.3768 0.1561 0.9131
vn 0.2450 0.1015 0.9642
vn 0.7071 0.7071 0.0062
vn 0.2884 0.2884 0.9130
vn 0.3827 0.9239 0.0057
vn 0.1561 0.3768 0.9131
vn -0.0001 1.0000 0.0059
vn -0.0000 0.4075 0.9132
vn 0.8299 -0.3438 0.4393
vn 0.8611 -0.3547 0.3642
vn -0.6905 -0.6905 -0.2156
vn -0.9022 -0.3737 -0.2153
vn -0.3562 0.8600 0.3654
vn -0.8513 -0.3525 -0.3886
vn -0.9216 -0.0000 -0.3881
vn -1.0000 -0.0000 0.0068
vn -0.9238 -0.3827 0.0070
vn -0.3747 -0.9045 0.2040
vn -0.3568 -0.8616 -0.3611
vn -0.0000 -0.9325 -0.3611
vn -0.0000 -0.9790 0.2040
vn 0.9175 -0.0000 0.3977
vn 0.9790 -0.0000 0.2040
vn 0.9045 0.3747 0.2040
vn 0.8476 0.3511 0.3979
vn 0.6594 -0.6594 -0.3610
vn 0.8616 -0.3571 -0.3607
vn 0.6512 0.6513 -0.3895
vn 0.6933 0.6933 -0.1964
vn 0.8508 0.3524 -0.3899
vn -0.0000 -0.9790 0.2037
vn -0.3747 -0.9045 0.2037
vn -0.3372 -0.8141 0.4729
vn -0.3737 -0.9022 -0.2153
vn 0.9239 0.3827 0.0060
vn 0.3528 0.8516 -0.3878
vn 0.6518 0.6518 -0.3876
vn 0.7071 0.7071 0.0058
vn -0.8514 0.3527 -0.3882
vn -0.3372 0.8141 0.4728
vn -0.3676 0.8875 0.2777
vn -0.6922 -0.6922 0.2040
vn -0.6594 -0.6594 -0.3610
vn 0.8476 -0.3511 0.3979
vn 0.9044 -0.3745 0.2044
vn 0.3569 -0.8617 -0.3608
vn 0.3525 0.8510 -0.3894
vn 0.7071 0.7071 0.0069
vn 0.3827 0.9238 0.0067
vn -0.6923 -0.6923 0.2035
vn -0.6230 -0.6230 0.4730
vn -0.0000 -0.9765 -0.2154
vn -0.0000 0.9180 0.3965
vn -0.0000 1.0000 0.0070
vn 0.3827 0.9238 0.0070
vn 0.3513 0.8480 0.3968
vn -0.9045 -0.3747 0.2040
vn -0.8616 -0.3570 -0.3608
vn 0.6487 -0.6487 0.3980
vn 0.6922 -0.6922 0.2040
vn 0.9238 0.3827 0.0067
vn -0.9045 -0.3747 0.2037
vn -0.8141 -0.3372 0.4728
vn 0.3737 -0.9022 -0.2153
vn 0.8714 -0.0000 0.4906
vn 0.8050 0.3335 0.4906
vn -0.9790 -0.0000 0.2040
vn -0.9325 -0.0000 -0.3611
vn 0.3511 -0.8476 0.3979
vn 0.3747 -0.9045 0.2040
vn 0.9211 -0.0000 -0.3893
vn 1.0000 -0.0000 0.0070
vn -0.6552 0.6552 -0.3760
vn -0.6598 0.6598 -0.3596
vn 0.3527 0.8514 -0.3882
vn -0.0000 1.0000 0.0069
vn -0.0000 0.9216 -0.3882
vn -0.9790 -0.0000 0.2037
vn 0.6905 -0.6905 -0.2156
vn 0.8407 0.3483 0.4146
vn -0.9044 0.3745 0.2044
vn -0.8616 0.3568 -0.3611
vn -0.0000 -0.9175 0.3977
vn 0.9331 -0.0000 -0.3595
vn 0.8621 0.3571 -0.3596
vn 0.9044 0.3746 0.2044
vn 0.8510 -0.3524 -0.3894
vn 0.9239 -0.3827 0.0068
vn 0.3571 0.8621 -0.3596
vn -0.9045 0.3747 0.2037
vn 0.9022 -0.3737 -0.2153
vn 0.9100 -0.0000 0.4147
vn -0.0000 0.9789 0.2044
vn -0.6922 0.6922 0.2040
vn -0.6594 0.6594 -0.3610
vn -0.6923 0.6923 0.2035
vn -0.3511 -0.8476 0.3979
vn 0.8621 -0.3571 -0.3596
vn 0.6513 -0.6512 -0.3895
vn 0.7071 -0.7071 0.0069
vn 0.6598 0.6598 -0.3596
vn -0.9344 -0.0000 0.3563
vn 0.9765 -0.0000 -0.2154
vn -0.3747 0.9045 0.2040
vn -0.3568 0.8616 -0.3611
vn -0.6487 -0.6487 0.3980
vn 0.6598 -0.6598 -0.3596
vn 0.3524 -0.8510 -0.3894
vn 0.3827 -0.9239 0.0068
vn -0.3751 0.9056 0.1980
vn 0.9022 0.3737 -0.2153
vn -0.9068 -0.3756 -0.1913
vn -0.8587 -0.3557 0.3690
vn -0.9294 -0.0000 0.3691
vn -0.9816 -0.0000 -0.1911
vn 0.6487 0.6487 0.3980
vn 0.3511 0.8476 0.3979
vn -0.8476 -0.3511 0.3979
vn 0.3571 -0.8621 -0.3596
vn -0.0000 -0.9211 -0.3893
vn -0.0000 -1.0000 0.0070
vn -0.3756 0.9068 -0.1913
vn -0.0000 0.9815 -0.1913
vn -0.3515 0.8486 0.3954
vn -0.6496 0.6496 0.3949
vn -0.7071 0.7071 0.0058
vn 0.6905 0.6905 -0.2156
vn 0.3483 -0.8407 0.4146
vn -0.3536 0.8535 -0.3829
vn -0.3752 0.9058 -0.1969
vn -0.0000 0.9804 -0.1970
vn -0.0000 0.9239 -0.3827
vn -0.6941 -0.6941 -0.1912
vn -0.9175 -0.0000 0.3977
vn -0.0000 -0.9331 -0.3595
vn -0.3524 -0.8508 -0.3898
vn -0.3827 -0.9238 0.0065
vn -0.6518 0.6518 -0.3876
vn -0.6941 0.6941 -0.1912
vn -0.3554 -0.8579 0.3711
vn -0.8486 0.3515 0.3954
vn -0.9238 0.3827 0.0059
vn 0.3737 0.9022 -0.2153
vn -0.8510 0.3524 -0.3894
vn -0.9239 0.3827 0.0068
vn -0.0000 -0.9100 0.4147
vn -0.3756 -0.9068 -0.1913
vn -0.8476 0.3511 0.3979
vn -0.3571 -0.8621 -0.3596
vn -0.6512 -0.6513 -0.3895
vn -0.7071 -0.7071 0.0069
vn -0.8516 0.3528 -0.3878
vn -0.9068 0.3756 -0.1913
vn -0.9187 -0.0000 0.3949
vn -1.0000 -0.0000 0.0058
vn -0.3483 -0.8407 0.4146
vn -0.0000 -0.9816 -0.1911
vn -0.0000 -0.9294 0.3691
vn -0.3561 0.8597 0.3663
vn -0.6579 0.6579 0.3665
vn -0.0000 0.9261 -0.3772
vn -0.0000 0.9218 0.3876
vn -0.6487 0.6487 0.3980
vn -0.6598 -0.6598 -0.3596
vn -0.8508 -0.3524 -0.3899
vn -0.9238 -0.3827 0.0067
vn -0.9218 -0.0000 -0.3876
vn 0.6516 0.6517 -0.3882
vn 0.7071 0.7071 0.0068
vn -0.8486 -0.3515 0.3954
vn -0.9239 -0.3827 0.0059
vn -0.6435 -0.6435 0.4144
vn 0.3756 -0.9068 -0.1913
vn 0.3557 -0.8587 0.3690
vn -0.3511 0.8476 0.3979
vn -0.8621 -0.3571 -0.3596
vn -0.9211 -0.0000 -0.3893
vn -1.0000 -0.0000 0.0070
vn -0.8516 -0.3528 -0.3878
vn 0.8513 0.3525 -0.3886
vn 0.9238 0.3827 0.0070
vn -0.6496 -0.6496 0.3951
vn -0.7071 -0.7071 0.0058
vn -0.0000 0.9326 -0.3608
vn -0.0000 0.9261 -0.3773
vn -0.8407 -0.3483 0.4146
vn 0.6941 -0.6941 -0.1912
vn 0.6572 -0.6572 0.3691
vn -0.0000 0.9805 -0.1965
vn -0.3752 0.9058 -0.1966
vn -0.0000 0.9309 0.3654
vn -0.9331 -0.0000 -0.3595
vn -0.6518 -0.6518 -0.3876
vn 1.0000 -0.0000 0.0068
vn -0.3515 -0.8486 0.3954
vn -0.3827 -0.9238 0.0059
vn -0.9100 -0.0000 0.4147
vn 0.9068 -0.3756 -0.1913
vn -0.0000 0.9790 0.2037
vn 0.3747 0.9045 0.2037
vn 0.6922 0.6922 0.2042
vn -0.8621 0.3571 -0.3596
vn -0.0000 0.9175 0.3978
vn -0.0000 1.0000 0.0067
vn -0.3528 -0.8516 -0.3878
vn 0.9238 -0.3827 0.0070
vn -0.0000 -0.9187 0.3949
vn -0.0000 -1.0000 0.0058
vn -0.8407 0.3483 0.4146
vn -0.9056 0.3751 0.1980
vn -0.6931 0.6931 0.1981
vn 0.9816 -0.0000 -0.1911
vn 0.6923 0.6923 0.2035
vn 0.6230 0.6230 0.4730
vn -0.0000 -0.9218 -0.3876
vn -0.6366 0.6366 0.4353
vn -0.8317 0.3446 0.4353
vn -0.9989 -0.0000 -0.0477
vn -0.8980 -0.0000 0.4401
vn 0.6517 -0.6516 -0.3882
vn 0.7071 -0.7071 0.0068
vn -0.6434 0.6434 0.4149
vn -0.0000 0.9211 -0.3894
vn 0.9068 0.3756 -0.1913
vn 0.8587 0.3557 0.3690
vn 0.3827 -0.9239 0.0059
vn 0.3528 -0.8516 -0.3878
vn 0.9045 0.3747 0.2037
vn 0.8141 0.3372 0.4728
vn -0.0000 0.9003 0.4353
vn -0.3446 0.8317 0.4353
vn 0.3526 -0.8514 -0.3882
vn 0.3827 -0.9238 0.0070
vn 0.9325 -0.0000 -0.3611
vn 0.8616 0.3568 -0.3611
vn 0.6941 0.6941 -0.1912
vn 0.6572 0.6572 0.3691
vn 0.9790 -0.0000 0.2037
vn 0.8812 -0.0000 0.4728
vn 0.6491 0.6491 0.3967
vn 0.3746 0.9044 0.2043
vn -0.0000 0.9790 0.2039
vn -0.0000 0.9327 -0.3608
vn 0.6518 -0.6518 -0.3876
vn -0.8561 0.3546 -0.3760
vn 0.8516 0.3528 -0.3878
vn -0.0000 -0.9216 -0.3881
vn -0.0000 -1.0000 0.0068
vn -0.9228 0.3823 -0.0481
vn -0.8297 0.3436 0.4399
vn -0.6349 0.6349 0.4401
vn 0.3515 -0.8486 0.3954
vn 0.9045 -0.3747 0.2037
vn 0.8516 -0.3528 -0.3878
vn -0.3527 -0.8514 -0.3882
vn -0.3827 -0.9238 0.0070
vn 0.9218 -0.0000 -0.3876
vn 0.6923 -0.6923 0.2035
vn -0.8587 0.3557 0.3690
vn -0.6572 0.6572 0.3691
vn -0.9765 -0.0000 -0.2154
vn -0.9022 0.3737 -0.2153
vn -0.6516 -0.6517 -0.3882
vn -0.7071 -0.7071 0.0068
vn 0.3747 -0.9045 0.2037
vn -0.8520 0.3529 0.3866
vn 0.8481 0.3513 0.3967
vn -0.0000 0.9997 0.0256
vn -0.3825 0.9236 0.0256
vn -0.0000 0.9997 0.0257
vn -0.7069 0.7069 0.0258
vn -0.6533 0.6533 -0.3827
vn -0.9236 0.3825 0.0257
vn -0.8535 0.3536 -0.3829
vn -0.9997 -0.0000 0.0257
vn -0.9237 -0.0000 -0.3831
vn -0.9236 -0.3825 0.0256
vn -0.8535 -0.3536 -0.3829
vn -0.7069 -0.7069 0.0258
vn -0.6533 -0.6533 -0.3827
vn -0.3825 -0.9236 0.0257
vn -0.3536 -0.8535 -0.3829
vn -0.0000 -0.9997 0.0257
vn -0.0000 -0.9237 -0.3831
vn 0.3825 -0.9236 0.0256
vn 0.3536 -0.8535 -0.3829
vn 0.6533 -0.6533 -0.3827
vn 0.8535 -0.3536 -0.3829
vn 0.9997 -0.0000 0.0257
vn 0.9237 -0.0000 -0.3831
vn 0.9236 0.3825 0.0256
vn -0.8429 0.3491 0.4095
vn -0.9124 -0.0000 0.4094
vn 0.3536 0.8535 -0.3829
vn 0.3491 0.8429 0.4094
vn 0.6729 0.6729 -0.3072
vn 0.3642 0.8792 -0.3073
vn -0.0000 0.9516 -0.3073
vn 0.6451 0.6450 0.4097
vn 0.8792 0.3641 -0.3073
vn -0.0000 0.9124 0.4093
vn 0.8429 0.3492 0.4094
vn 0.9516 -0.0000 -0.3074
vn 0.9124 -0.0000 0.4094
vn 0.6794 0.6794 0.2774
vn 0.8792 -0.3641 -0.3073
vn 0.8429 -0.3491 0.4095
vn 0.8875 0.3676 0.2777
vn 0.6729 -0.6729 -0.3072
vn 0.6450 -0.6451 0.4097
vn 0.9607 -0.0000 0.2775
vn 0.3641 -0.8792 -0.3073
vn 0.3492 -0.8429 0.4094
vn -0.0000 -0.9516 -0.3074
vn -0.0000 -0.9124 0.4094
vn -0.3641 -0.8792 -0.3073
vn -0.3491 -0.8429 0.4095
vn -0.3676 -0.8875 0.2777
vn -0.6729 -0.6729 -0.3072
vn -0.6451 -0.6450 0.4097
vn -0.6794 -0.6794 0.2774
vn -0.8792 -0.3641 -0.3073
vn -0.8429 -0.3492 0.4094
vn -0.8875 -0.3676 0.2777
vn -0.6450 0.6451 0.4097
vn -0.0000 0.9294 0.3691
vn 0.3446 0.8317 0.4353
vn -0.3557 0.8587 0.3690
vn 0.6366 0.6366 0.4353
vn 0.6366 -0.6366 0.4353
vn 0.3446 -0.8317 0.4353
vn -0.0000 -0.9003 0.4352
vn -0.8317 -0.3446 0.4353
vn -0.9003 -0.0000 0.4352
vn -0.9802 -0.0000 0.1978
vn 0.6585 0.6585 -0.3645
vn -0.3547 0.8611 0.3642
vn -0.0000 0.9344 0.3563
vn 0.3547 0.8611 0.3642
vn 0.6566 0.6566 0.3712
vn -0.0022 0.9254 0.3789
vn 0.6583 0.6583 0.3652
vn -0.8597 0.3561 0.3663
vn -0.9305 -0.0000 0.3664
vn -0.8597 -0.3561 0.3663
vn -0.6579 -0.6579 0.3665
vn -0.3561 -0.8597 0.3663
vn -0.0000 -0.9305 0.3664
vn 0.3561 -0.8597 0.3663
vn 0.6579 -0.6579 0.3665
vn 0.8597 -0.3561 0.3663
vn 0.9305 -0.0000 0.3664
vn 0.8597 0.3561 0.3663
vn 0.9058 -0.3752 -0.1966
vn 0.8600 -0.3562 0.3654
vn -0.6583 0.6583 0.3652
vn -0.6522 0.6522 0.3864
vn -0.8600 0.3562 0.3654
vn -0.9308 -0.0000 0.3655
vn -0.8600 -0.3562 0.3654
vn -0.6583 -0.6583 0.3652
vn -0.3562 -0.8600 0.3654
vn -0.0000 -0.9308 0.3655
vn 0.3562 -0.8600 0.3654
vn 0.6583 -0.6583 0.3652
vn -0.6932 0.6932 -0.1971
vn -0.9058 0.3752 -0.1969
vn -0.9804 -0.0000 -0.1970
vn -0.9058 -0.3752 -0.1969
vn -0.6932 -0.6932 -0.1971
vn -0.3752 -0.9058 -0.1969
vn -0.0000 -0.9804 -0.1970
vn 0.3752 -0.9058 -0.1969
vn 0.6932 -0.6932 -0.1971
vn 0.9058 -0.3752 -0.1969
vn 0.9804 -0.0000 -0.1970
vn -0.9056 -0.3751 0.1980
vn -0.0000 0.9790 0.2040
vn -0.0000 0.9805 -0.1967
vn -0.6933 0.6933 -0.1964
vn -0.9058 0.3752 -0.1966
vn -0.9805 -0.0000 -0.1967
vn -0.9058 -0.3752 -0.1966
vn -0.6933 -0.6933 -0.1964
vn -0.3752 -0.9058 -0.1966
vn -0.0000 -0.9805 -0.1967
vn 0.3752 -0.9058 -0.1966
vn 0.6933 -0.6933 -0.1964
vn 0.3752 0.9058 -0.1967
vn -0.0000 0.9590 -0.2834
vn 0.9018 -0.0000 -0.4321
vn 0.8332 -0.3451 -0.4321
vn 0.8737 -0.3619 0.3251
vn 0.9457 -0.0000 0.3250
vn -0.3576 -0.8634 0.3559
vn -0.1561 -0.3769 0.9130
vn -0.0000 -0.4080 0.9130
vn -0.0000 -0.9345 0.3560
vn -0.0049 -0.9989 0.0474
vn 0.3936 -0.9178 0.0513
vn 0.4637 -0.7934 0.3944
vn -0.0509 -0.9067 0.4187
vn -0.8150 -0.3376 -0.4709
vn -0.6238 -0.6238 -0.4709
vn -0.5815 -0.5815 -0.5689
vn -0.7598 -0.3147 -0.5689
vn -0.6427 0.6428 -0.4168
vn -0.7069 0.7069 -0.0247
vn -0.9236 0.3826 -0.0246
vn -0.8396 0.3478 -0.4173
vn 0.3526 -0.8512 -0.3887
vn 0.3541 -0.8549 0.3792
vn 0.6543 -0.6543 0.3793
vn 0.6514 -0.6515 -0.3889
vn 0.6756 -0.6755 0.2955
vn 0.6687 -0.6687 0.3252
vn 0.3619 -0.8737 0.3251
vn 0.3656 -0.8827 0.2952
vn -0.0000 -0.9324 0.3614
vn -0.0000 -0.9197 0.3925
vn -0.3520 -0.8500 0.3920
vn -0.3568 -0.8614 0.3614
vn -0.0000 0.9324 0.3614
vn -0.0001 0.9199 0.3922
vn 0.3521 0.8499 0.3920
vn 0.3568 0.8614 0.3614
vn 0.6506 0.6505 0.3919
vn 0.6593 0.6593 0.3613
vn 0.8614 0.3568 0.3614
vn 0.8498 0.3519 0.3923
vn 0.9196 0.0001 0.3928
vn 0.9324 -0.0000 0.3614
vn 0.8614 -0.3568 0.3614
vn 0.8499 -0.3521 0.3919
vn 0.6593 -0.6593 0.3613
vn 0.6505 -0.6506 0.3919
vn 0.3519 -0.8498 0.3923
vn 0.3568 -0.8614 0.3614
vn -0.0000 -0.9204 0.3909
vn 0.3522 -0.8502 0.3912
vn 0.3826 -0.9239 -0.0057
vn -0.0000 -1.0000 -0.0055
vn -0.0000 -0.9835 0.1808
vn -0.0000 -0.9819 0.1894
vn -0.3757 -0.9072 0.1894
vn -0.3764 -0.9087 0.1808
vn -0.6971 -0.6971 -0.1679
vn -0.3773 -0.9109 -0.1672
vn -0.9819 -0.0000 0.1894
vn -0.8530 -0.3533 0.3842
vn -0.9233 -0.0000 0.3841
vn -0.9108 -0.3773 -0.1678
vn -0.9072 0.3757 0.1894
vn -0.8530 0.3533 0.3842
vn -0.9858 -0.0000 -0.1678
vn -0.9835 -0.0000 0.1808
vn -0.6943 0.6943 0.1894
vn -0.6528 0.6528 0.3842
vn -0.9108 0.3773 -0.1676
vn -0.9087 0.3764 0.1808
vn -0.3758 0.9072 0.1894
vn -0.3533 0.8530 0.3842
vn -0.6971 0.6971 -0.1676
vn -0.6954 0.6955 0.1808
vn -0.0000 0.9819 0.1894
vn -0.0000 0.9233 0.3841
vn -0.3773 0.9109 -0.1672
vn -0.3764 0.9086 0.1808
vn 0.3757 0.9072 0.1894
vn 0.3533 0.8530 0.3842
vn -0.0000 0.9858 -0.1678
vn -0.0000 0.9835 0.1808
vn 0.6943 0.6943 0.1894
vn 0.6528 0.6528 0.3842
vn 0.3773 0.9109 -0.1672
vn 0.3764 0.9087 0.1808
vn 0.9072 0.3758 0.1894
vn 0.8530 0.3533 0.3842
vn 0.6971 0.6971 -0.1679
vn 0.6955 0.6954 0.1808
vn 0.9819 -0.0000 0.1894
vn 0.9233 -0.0000 0.3841
vn 0.9108 0.3773 -0.1678
vn 0.9086 0.3764 0.1808
vn 0.9072 -0.3757 0.1894
vn 0.8530 -0.3533 0.3842
vn 0.9858 -0.0000 -0.1678
vn 0.9835 -0.0000 0.1808
vn 0.6943 -0.6943 0.1894
vn 0.6528 -0.6528 0.3842
vn 0.9108 -0.3773 -0.1676
vn 0.9087 -0.3764 0.1808
vn 0.3758 -0.9072 0.1894
vn 0.3533 -0.8530 0.3842
vn 0.6971 -0.6971 -0.1676
vn 0.6954 -0.6955 0.1808
vn -0.3567 -0.8610 -0.3626
vn -0.0000 -0.9319 -0.3626
vn -0.0000 -0.9790 0.2039
vn -0.3747 -0.9045 0.2038
vn 0.3773 -0.9108 -0.1676
vn 0.3764 -0.9086 0.1808
vn -0.9319 -0.0000 -0.3627
vn -0.8610 -0.3567 -0.3627
vn -0.9045 -0.3746 0.2038
vn -0.9790 -0.0000 0.2041
vn -0.0000 -0.9233 0.3841
vn -0.6589 -0.6589 -0.3628
vn -0.6922 -0.6922 0.2043
vn -0.6528 -0.6528 0.3842
vn -0.3533 -0.8530 0.3842
vn -0.3619 0.8737 0.3251
vn -0.3452 0.8331 -0.4321
vn -0.0000 0.9018 -0.4321
vn -0.0000 0.9457 0.3250
vn -0.0000 -0.9859 -0.1675
vn 0.8794 -0.0000 -0.4761
vn 0.9589 -0.0000 -0.2836
vn 0.8125 -0.3365 -0.4760
vn -1.0000 -0.0000 -0.0056
vn -0.9175 -0.0000 -0.3977
vn -0.8475 0.3512 -0.3980
vn -0.9239 0.3827 -0.0057
vn 0.6781 -0.6781 -0.2836
vn 0.6218 -0.6218 -0.4761
vn -0.3656 0.8827 0.2952
vn -0.0000 0.9555 0.2951
vn 0.6378 0.6377 -0.4319
vn 0.6687 0.6687 0.3252
vn 0.3619 0.8737 0.3251
vn 0.3450 0.8330 -0.4325
vn 0.6781 0.6781 -0.2836
vn 0.6755 0.6756 0.2955
vn 0.8827 0.3656 0.2952
vn -0.7032 -0.7083 0.0615
vn -0.3917 -0.9183 0.0566
vn -0.4513 -0.8209 0.3499
vn -0.6616 -0.6957 0.2798
vn -0.9178 -0.3936 0.0513
vn -0.7934 -0.4637 0.3944
vn -0.9989 0.0049 0.0474
vn -0.9068 0.0510 0.4185
vn -0.9206 0.3873 0.0500
vn -0.8513 0.4069 0.3312
vn -0.7101 0.7023 0.0500
vn -0.7017 0.6306 0.3315
vn -0.3867 0.9210 0.0474
vn -0.3939 0.8182 0.4187
vn 0.0123 0.9986 0.0513
vn 0.1243 0.9107 0.3940
vn 0.3892 0.9184 0.0710
vn 0.4217 0.8552 0.3014
vn 0.6995 0.7111 0.0710
vn 0.6287 0.7169 0.3014
vn 0.9179 0.3935 0.0512
vn 0.7938 0.4634 0.3939
vn 0.9989 -0.0049 0.0474
vn 0.9068 -0.0510 0.4185
vn 0.9183 -0.3917 0.0566
vn 0.8209 -0.4513 0.3499
vn 0.7083 -0.7032 0.0615
vn 0.6957 -0.6616 0.2798
vn 0.2418 0.0792 0.9671
vn 0.3230 0.1075 0.9403
vn 0.5120 0.0688 0.8562
vn 0.4303 -0.0703 0.8999
vn 0.1365 -0.0177 0.9905
vn -0.1887 0.2674 0.9449
vn -0.0101 0.4379 0.8990
vn 0.2838 0.1918 0.9395
vn -0.0993 -0.3483 0.9321
vn 0.3763 -0.2592 0.8895
vn -0.4216 -0.3334 0.8433
vn -0.2592 -0.3763 0.8895
vn -0.3370 -0.4812 0.8092
vn 0.3535 -0.1446 0.9242
vn -0.8697 -0.3598 -0.3378
vn -0.6657 -0.6664 -0.3359
vn -0.3483 0.0993 0.9321
vn -0.3877 0.3318 0.8600
vn -0.4549 0.2312 0.8600
vn 0.0194 -0.2537 0.9671
vn -0.6659 0.6669 -0.3344
vn -0.2249 0.2838 0.9321
vn 0.0243 -0.3396 0.9403
vn 0.2490 0.3831 0.8895
vn 0.2703 -0.2714 0.9237
vn 0.4097 0.4408 0.7986
vn 0.1834 -0.1487 0.9717
vn 0.3616 0.8710 -0.3325
vn 0.2504 0.5472 0.7987
vn -0.2076 0.1126 0.9717
vn 0.6663 0.6674 -0.3325
vn 0.2587 0.3767 0.8895
vn -0.3542 0.1459 0.9237
vn 0.8697 0.3598 -0.3378
vn 0.3483 -0.0993 0.9321
vn -0.3230 -0.1075 0.9403
vn 0.9432 -0.0006 -0.3323
vn 0.3334 -0.4216 0.8433
vn -0.2674 -0.1886 0.9449
vn 0.8716 -0.3605 -0.3323
vn 0.4812 -0.3370 0.8092
vn 0.0177 0.1365 0.9905
vn 0.6664 -0.6657 -0.3359
vn 0.1446 0.3535 0.9242
vn 0.3598 -0.8697 -0.3378
vn -0.1075 0.3230 0.9403
vn -0.0006 -0.9432 -0.3322
vn 0.2367 0.1979 0.9512
vn 0.0628 0.3434 0.9371
vn -0.0688 0.5120 0.8562
vn 0.4981 0.0099 0.8671
vn 0.2296 -0.3706 0.8999
vn 0.1324 -0.4994 0.8562
vn 0.1828 -0.4641 0.8667
vn 0.0106 -0.3448 0.9386
vn -0.3226 -0.1222 0.9386
vn -0.4987 -0.0087 0.8667
vn -0.5120 -0.0688 0.8562
vn -0.4379 -0.0101 0.8990
vn -0.1918 0.2838 0.9395
vn -0.0099 0.4981 0.8671
vn -0.0290 0.4054 0.9137
vn -0.0751 0.3780 0.9227
vn 0.3783 0.0752 0.9226
vn 0.0462 0.1409 0.9889
vn -0.0055 0.1713 0.9852
vn -0.9298 -0.0000 -0.3680
vn -0.8590 0.3558 -0.3680
vn -0.8332 0.3451 -0.4321
vn -0.9018 -0.0000 -0.4321
vn -0.0503 0.1531 0.9869
vn -0.0000 0.3106 0.9505
vn -0.2873 -0.6935 0.6607
vn 0.1189 0.2870 0.9505
vn -0.9555 -0.0000 0.2951
vn -0.9457 -0.0000 0.3250
vn -0.8737 0.3619 0.3251
vn -0.8827 0.3656 0.2953
vn -0.8737 -0.3619 0.3252
vn -0.8331 -0.3452 -0.4321
vn -0.5309 -0.5308 0.6606
vn -0.0960 0.1028 0.9901
vn -0.1409 0.0462 0.9889
vn -0.1978 0.2366 0.9513
vn -0.3437 0.0628 0.9370
vn -0.8827 -0.3656 0.2952
vn -0.1713 -0.0055 0.9852
vn -0.1525 -0.0501 0.9870
vn -0.4054 -0.0290 0.9137
vn 0.3535 0.8531 0.3837
vn -0.3780 -0.0745 0.9228
vn -0.1003 -0.0905 0.9908
vn -0.0454 -0.1275 0.9908
vn -0.2481 -0.1685 0.9540
vn -0.0606 -0.2934 0.9541
vn 0.0121 -0.1603 0.9870
vn 0.0604 -0.1600 0.9853
vn 0.0758 -0.3778 0.9228
vn 0.1283 -0.3855 0.9137
vn 0.1021 -0.1144 0.9882
vn 0.1451 -0.0506 0.9881
vn 0.2195 -0.2813 0.9342
vn 0.3439 -0.0951 0.9342
vn 0.1713 0.0057 0.9852
vn 0.1527 0.0501 0.9870
vn 0.4056 0.0290 0.9136
vn 0.1029 0.0962 0.9900
vn 0.6716 -0.6716 0.3128
vn 0.3635 -0.8776 0.3126
vn -0.0000 -0.9788 -0.2047
vn -0.3745 -0.9043 -0.2048
vn -0.3511 -0.8475 -0.3980
vn -0.0000 -0.9174 -0.3979
vn -0.6428 -0.6427 -0.4168
vn -0.7069 -0.7069 -0.0247
vn -0.3826 -0.9236 -0.0246
vn -0.3478 -0.8397 -0.4171
vn -0.0000 -0.9554 0.2952
vn -0.0000 -0.9457 0.3251
vn -0.3619 -0.8737 0.3251
vn -0.3656 -0.8827 0.2953
vn -0.6687 -0.6687 0.3252
vn -0.6755 -0.6756 0.2955
vn -0.3605 -0.8716 -0.3323
vn -0.6687 0.6687 0.3252
vn -0.6756 0.6755 0.2955
vn 0.3745 0.9043 -0.2048
vn -0.0000 0.9788 -0.2046
vn 0.3656 0.8827 0.2952
vn 0.8737 0.3619 0.3251
vn 0.9555 -0.0000 0.2951
vn -0.6487 0.6487 -0.3981
vn -0.7071 0.7071 -0.0057
vn 0.8549 -0.3541 0.3792
vn 0.8512 -0.3526 -0.3887
vn 0.3741 -0.9030 -0.2114
vn 0.3575 -0.8632 0.3565
vn -0.0000 -0.9343 0.3564
vn -0.0000 -0.9775 -0.2111
vn -0.0000 -0.9717 0.2364
vn 0.3718 -0.8977 0.2366
vn 0.3760 -0.9076 -0.1871
vn -0.0000 -0.9824 -0.1870
vn 0.8776 -0.3635 0.3127
vn 0.9499 -0.0000 0.3126
vn -0.8125 0.3365 -0.4760
vn -0.6781 0.6781 -0.2836
vn -0.6218 0.6218 -0.4761
vn 0.3823 0.9226 0.0514
vn 0.3437 0.8296 -0.4401
vn -0.0000 0.8980 -0.4399
vn -0.0000 0.9987 0.0512
vn -0.3436 0.8296 -0.4401
vn -0.3823 0.9226 0.0514
vn -0.6350 0.6350 -0.4400
vn -0.7062 0.7062 0.0511
vn -0.8296 0.3437 -0.4401
vn -0.9226 0.3823 0.0514
vn -0.8980 -0.0000 -0.4399
vn -0.9987 -0.0000 0.0512
vn -0.0000 -0.8794 -0.4761
vn -0.0000 -0.9590 -0.2835
vn -0.3365 -0.8125 -0.4760
vn -0.9226 -0.3823 0.0514
vn -0.8296 -0.3436 -0.4401
vn -0.6350 -0.6350 -0.4400
vn -0.7062 -0.7062 0.0511
vn -0.0000 -0.9987 0.0512
vn 0.3823 -0.9226 0.0514
vn -0.0000 -0.9716 0.2364
vn -0.3751 -0.9055 0.1982
vn -0.3558 -0.8588 -0.3685
vn -0.0000 -0.9298 -0.3680
vn -0.0000 -0.9802 0.1980
vn 0.7062 0.7062 0.0511
vn 0.6350 0.6350 -0.4400
vn 0.6218 0.6218 -0.4761
vn 0.8125 0.3365 -0.4760
vn 0.3365 0.8125 -0.4760
vn -0.0000 0.8794 -0.4761
vn -0.0000 0.9589 -0.2836
vn 0.9056 -0.3751 0.1982
vn 0.6574 -0.6574 -0.3682
vn 0.8590 -0.3558 -0.3680
vn 0.3751 -0.9055 0.1982
vn 0.3558 -0.8590 -0.3681
vn 0.8516 -0.3528 -0.3877
vn 0.8551 -0.3541 0.3786
vn 0.9258 -0.0000 0.3781
vn 0.9217 -0.0000 -0.3879
vn 0.9213 -0.0000 -0.3888
vn 0.9254 -0.0000 0.3789
vn 0.8549 0.3541 0.3792
vn 0.8512 0.3526 -0.3887
vn 0.6543 0.6543 0.3793
vn 0.6515 0.6514 -0.3889
vn 0.3541 0.8549 0.3792
vn 0.3526 0.8512 -0.3887
vn -0.0000 0.9254 0.3789
vn -0.0000 0.9213 -0.3888
vn -0.3541 0.8549 0.3792
vn -0.3526 0.8512 -0.3887
vn -0.6543 0.6543 0.3793
vn -0.6514 0.6515 -0.3889
vn -0.8549 0.3541 0.3792
vn -0.8512 0.3526 -0.3887
vn -0.9254 -0.0000 0.3789
vn -0.9213 -0.0000 -0.3888
vn -0.8549 -0.3541 0.3792
vn -0.8512 -0.3526 -0.3887
vn -0.6543 -0.6543 0.3793
vn -0.6515 -0.6514 -0.3889
vn -0.3541 -0.8549 0.3792
vn -0.3526 -0.8512 -0.3887
vn 0.6504 -0.6504 0.3923
vn 0.7071 -0.7071 -0.0062
vn 0.3827 -0.9238 -0.0065
vn 0.3519 -0.8497 0.3928
vn -0.0000 -0.9214 -0.3887
vn -0.0000 -0.9319 -0.3627
vn -0.8499 0.3520 0.3920
vn -0.9103 0.3770 0.1711
vn -0.9853 -0.0000 0.1709
vn -0.9201 -0.0000 0.3917
vn -0.0000 -0.9258 0.3780
vn 0.3543 -0.8553 0.3780
vn 0.3528 -0.8516 -0.3877
vn -0.0000 -0.9218 -0.3878
vn -0.0000 -0.9348 0.3552
vn 0.3578 -0.8636 0.3551
vn 0.8469 -0.3508 -0.3997
vn 0.6482 -0.6482 -0.3997
vn 0.7071 -0.7071 -0.0065
vn 0.9239 -0.3827 -0.0066
vn -0.6481 -0.6481 -0.3999
vn -0.6912 -0.6912 -0.2107
vn -0.9031 -0.3741 -0.2110
vn -0.8469 -0.3508 -0.3997
vn 0.8553 0.3543 0.3780
vn 0.8516 0.3528 -0.3877
vn 0.6546 0.6546 0.3781
vn 0.6517 0.6517 -0.3881
vn 0.3541 0.8552 0.3784
vn 0.3528 0.8516 -0.3877
vn -0.0000 0.9258 0.3781
vn -0.0000 0.9217 -0.3879
vn -0.3541 0.8552 0.3784
vn -0.3528 0.8516 -0.3877
vn -0.6546 0.6546 0.3781
vn -0.6517 0.6517 -0.3881
vn -0.8553 0.3543 0.3780
vn -0.8516 0.3528 -0.3877
vn -0.9258 -0.0000 0.3781
vn -0.9217 -0.0000 -0.3879
vn -0.8553 -0.3543 0.3780
vn -0.8516 -0.3528 -0.3877
vn -0.6546 -0.6546 0.3781
vn -0.6517 -0.6517 -0.3881
vn -0.3541 -0.8552 0.3784
vn -0.3528 -0.8516 -0.3877
vn 0.6505 -0.6505 0.3919
vn 0.3827 -0.9238 -0.0066
vn 0.3521 -0.8499 0.3920
vn -0.3567 -0.8613 -0.3618
vn -0.0000 -0.9217 -0.3879
vn -0.0000 -0.9322 -0.3619
vn 0.3558 0.8589 -0.3684
vn 0.6576 0.6575 -0.3677
vn -0.3771 -0.9103 0.1708
vn -0.3654 -0.8822 -0.2971
vn -0.0000 -0.9548 -0.2971
vn -0.0000 -0.9853 0.1709
vn -0.8150 0.3376 -0.4709
vn -0.8822 -0.0000 -0.4709
vn -0.8224 -0.0000 -0.5689
vn -0.7598 0.3147 -0.5689
vn 0.3147 -0.7598 -0.5689
vn 0.5815 -0.5815 -0.5689
vn 0.6752 -0.6752 -0.2971
vn 0.3654 -0.8822 -0.2971
vn -0.3376 -0.8150 -0.4709
vn -0.0000 -0.8822 -0.4709
vn -0.0000 -0.8224 -0.5689
vn -0.3147 -0.7598 -0.5689
vn 0.7598 -0.3147 -0.5689
vn 0.8822 -0.3654 -0.2971
vn 0.8224 -0.0000 -0.5689
vn 0.9548 -0.0000 -0.2971
vn 0.7598 0.3147 -0.5689
vn 0.8822 0.3654 -0.2971
vn 0.6912 -0.6912 -0.2107
vn 0.3740 -0.9031 -0.2110
vn 0.3508 -0.8469 -0.3997
vn 0.5815 0.5815 -0.5689
vn 0.6752 0.6752 -0.2971
vn 0.9031 -0.3741 -0.2110
vn 0.3147 0.7598 -0.5689
vn 0.3654 0.8822 -0.2971
vn 0.9167 -0.0000 -0.3996
vn 0.9774 -0.0000 -0.2115
vn -0.0000 0.8224 -0.5689
vn -0.0000 0.9548 -0.2971
vn 0.8469 0.3508 -0.3997
vn 0.9031 0.3741 -0.2110
vn -0.3147 0.7598 -0.5689
vn -0.3654 0.8822 -0.2971
vn 0.6481 0.6481 -0.3999
vn 0.6912 0.6912 -0.2107
vn -0.5815 0.5815 -0.5689
vn -0.6752 0.6752 -0.2971
vn 0.3508 0.8469 -0.3997
vn 0.3741 0.9031 -0.2110
vn -0.8822 0.3654 -0.2971
vn -0.0000 0.9167 -0.3996
vn -0.0000 0.9774 -0.2115
vn -0.9548 -0.0000 -0.2971
vn -0.3508 0.8469 -0.3997
vn -0.3741 0.9031 -0.2110
vn -0.8822 -0.3654 -0.2971
vn -0.6482 0.6482 -0.3997
vn -0.6912 0.6912 -0.2107
vn -0.6752 -0.6752 -0.2971
vn -0.8469 0.3508 -0.3997
vn -0.9031 0.3741 -0.2110
vn -0.9167 -0.0000 -0.3996
vn -0.9774 -0.0000 -0.2115
vn -0.8634 -0.3576 0.3559
vn -0.6608 -0.6608 0.3560
vn -0.8634 0.3576 0.3559
vn -0.9345 -0.0000 0.3560
vn -0.6608 0.6608 0.3560
vn -0.2888 0.2888 0.9128
vn -0.3769 0.1561 0.9130
vn 0.3376 -0.8150 -0.4709
vn 0.6238 -0.6238 -0.4709
vn 0.8150 -0.3376 -0.4709
vn 0.8822 -0.0000 -0.4709
vn 0.8150 0.3376 -0.4709
vn 0.6238 0.6238 -0.4709
vn 0.3376 0.8150 -0.4709
vn -0.0000 0.8822 -0.4709
vn -0.3376 0.8150 -0.4709
vn -0.3576 0.8634 0.3559
vn -0.6238 0.6238 -0.4709
vn -0.4076 -0.0000 0.9131
vn -0.0000 -0.8765 -0.4814
vn -0.3354 -0.8098 -0.4814
vn -0.0000 -0.7507 0.6607
vn -0.0000 -0.3942 -0.9190
vn 0.3354 -0.8098 -0.4814
vn 0.1509 -0.3644 -0.9189
vn 0.3576 -0.8634 0.3559
vn 0.6608 -0.6608 0.3560
vn 0.8634 -0.3576 0.3559
vn 0.9345 -0.0000 0.3560
vn 0.8634 0.3576 0.3559
vn 0.6608 0.6608 0.3560
vn 0.3576 0.8634 0.3559
vn -0.0000 0.9345 0.3560
vn 0.1561 -0.3768 0.9130
vn -0.3769 -0.1561 0.9130
vn -0.2887 -0.2888 0.9128
vn 0.3769 0.1561 0.9130
vn 0.3769 -0.1561 0.9130
vn 0.2888 -0.2887 0.9128
vn 0.2887 0.2888 0.9128
vn 0.9239 0.3826 -0.0084
vn 0.7071 0.7071 -0.0086
vn 0.2791 -0.2791 -0.9188
vn 0.3646 -0.1511 -0.9188
vn 0.9239 -0.3826 -0.0084
vn 0.7071 -0.7071 -0.0086
vn -0.1561 0.3769 0.9130
vn -0.3826 0.9239 -0.0084
vn -0.7071 0.7071 -0.0086
vn -0.9239 0.3826 -0.0084
vn 0.3826 -0.9239 -0.0083
vn 0.8098 0.3354 -0.4814
vn 0.8765 -0.0000 -0.4814
vn 0.1511 0.3646 -0.9188
vn 0.3354 0.8098 -0.4814
vn -0.0000 0.8765 -0.4814
vn -0.0000 0.3944 -0.9190
vn 0.6198 -0.6198 -0.4814
vn 0.3947 -0.0000 -0.9188
vn 0.3644 0.1509 -0.9189
vn 1.0000 -0.0000 -0.0084
vn 0.8098 -0.3354 -0.4814
vn 0.6198 0.6198 -0.4814
vn -0.3354 0.8098 -0.4814
vn -1.0000 -0.0000 -0.0084
vn -0.9238 -0.3827 -0.0090
vn -0.6198 0.6198 -0.4814
vn -0.8098 0.3354 -0.4814
vn -0.8765 -0.0000 -0.4814
vn -0.8098 -0.3354 -0.4814
vn -0.6198 -0.6198 -0.4814
vn -0.1511 0.3647 -0.9188
vn -0.0000 1.0000 -0.0084
vn -0.0000 0.4076 0.9132
vn 0.3827 0.9238 -0.0091
vn 0.2791 0.2791 -0.9188
vn 0.1561 0.3769 0.9130
vn -0.0000 -1.0000 -0.0084
vn -0.2793 0.2793 -0.9187
vn -0.3646 0.1511 -0.9188
vn -0.3947 -0.0000 -0.9188
vn -0.3646 -0.1511 -0.9188
vn -0.7071 -0.7071 -0.0086
vn -0.2788 -0.2788 -0.9190
vn -0.3827 -0.9238 -0.0090
vn -0.1511 -0.3646 -0.9188
vn 0.8977 0.3718 0.2366
vn 0.9226 0.3823 0.0514
vn 0.6872 0.6871 0.2360
vn 0.3568 -0.8613 -0.3618
vn 0.8499 0.3521 0.3920
vn 0.9238 0.3827 -0.0066
vn 1.0000 -0.0000 -0.0065
vn 0.9201 -0.0000 0.3917
vn 0.3741 0.9030 -0.2114
vn -0.0000 0.9775 -0.2111
vn 0.3575 0.8632 0.3565
vn -0.8463 -0.3505 -0.4012
vn -0.9030 -0.3741 -0.2114
vn -0.9775 -0.0000 -0.2111
vn -0.9161 -0.0000 -0.4009
vn -0.6606 0.6606 0.3566
vn -0.8632 0.3575 0.3565
vn -0.8496 -0.3519 0.3929
vn -0.6924 -0.6924 0.2029
vn -0.6504 -0.6504 0.3923
vn 0.3760 0.9076 -0.1871
vn -0.0000 0.9824 -0.1869
vn 0.3718 0.8977 0.2366
vn -0.9239 -0.3826 -0.0057
vn -0.8475 -0.3511 -0.3980
vn -0.8503 -0.3523 0.3909
vn -0.6509 -0.6509 0.3908
vn -0.7071 -0.7071 -0.0057
vn 0.8499 -0.3520 0.3920
vn 0.6912 0.6912 -0.2110
vn 0.6606 0.6606 0.3566
vn -0.9030 0.3741 -0.2114
vn -0.8464 0.3506 -0.4009
vn -0.3576 0.8632 0.3565
vn -0.3519 -0.8497 0.3928
vn -0.3827 -0.9239 -0.0066
vn -0.7071 -0.7071 -0.0062
vn 0.6946 0.6947 -0.1869
vn -0.0000 0.9717 0.2363
vn -0.0000 -1.0000 -0.0065
vn -0.0000 -0.9165 -0.3999
vn -0.3508 -0.8469 -0.3997
vn 0.9030 0.3741 -0.2114
vn 0.8632 0.3576 0.3565
vn -0.6912 0.6912 -0.2112
vn -0.6478 0.6478 -0.4010
vn -0.9238 -0.3827 -0.0066
vn 0.9076 0.3760 -0.1871
vn -0.3718 0.8977 0.2366
vn 0.9775 -0.0000 -0.2111
vn -0.3741 0.9030 -0.2114
vn -0.3506 0.8465 -0.4007
vn -0.9103 -0.3771 0.1705
vn -0.6967 -0.6967 0.1711
vn -1.0000 -0.0000 -0.0065
vn -0.9199 -0.0000 0.3922
vn 0.6610 -0.6610 0.3551
vn 0.6547 -0.6546 0.3780
vn -0.0000 -0.9200 0.3919
vn -0.3520 -0.8499 0.3920
vn 0.9824 -0.0000 -0.1869
vn -0.6871 0.6872 0.2360
vn -0.8397 -0.3478 -0.4171
vn 0.9030 -0.3741 -0.2114
vn 0.8632 -0.3575 0.3565
vn -0.0000 0.9161 -0.4009
vn -0.8636 -0.3578 0.3552
vn -0.9348 -0.0000 0.3553
vn -0.9239 0.3827 -0.0066
vn -0.8496 0.3519 0.3929
vn -0.3578 -0.8636 0.3552
vn 0.9076 -0.3760 -0.1871
vn -0.8977 0.3718 0.2366
vn -0.9089 -0.0000 -0.4171
vn -0.3741 -0.9031 -0.2110
vn -0.6610 -0.6610 0.3553
vn 0.6912 -0.6912 -0.2112
vn 0.6606 -0.6606 0.3566
vn 0.6871 -0.6872 0.2360
vn 0.6947 -0.6947 -0.1867
vn 0.3505 0.8463 -0.4012
vn -0.8636 0.3578 0.3552
vn -0.7071 0.7071 -0.0062
vn -0.6504 0.6504 0.3923
vn 0.8597 -0.3544 -0.3679
vn 0.9330 -0.0000 -0.3599
vn 0.3365 -0.8125 -0.4760
vn -0.9717 -0.0000 0.2363
vn 0.6478 0.6478 -0.4008
vn -0.6610 0.6610 0.3553
vn -0.3827 0.9238 -0.0065
vn -0.3519 0.8496 0.3929
vn 0.3745 -0.9043 -0.2048
vn -0.8977 -0.3718 0.2366
vn -0.0000 -0.9774 -0.2113
vn -0.0000 -0.9161 -0.4010
vn 0.3505 -0.8463 -0.4012
vn 0.8463 0.3505 -0.4012
vn -0.3578 0.8636 0.3552
vn -0.0000 1.0000 -0.0065
vn -0.0000 0.9197 0.3925
vn 0.6558 -0.6557 -0.3742
vn 0.3511 -0.8475 -0.3980
vn 0.7071 -0.7071 -0.0057
vn 0.6487 -0.6487 -0.3981
vn -0.6872 -0.6871 0.2360
vn -0.3478 0.8397 -0.4171
vn -0.0000 -0.9223 0.3864
vn 0.3746 -0.9045 0.2038
vn 0.3529 -0.8521 0.3866
vn 0.9788 -0.0000 -0.2046
vn 0.9043 0.3745 -0.2048
vn 0.9161 -0.0000 -0.4009
vn -0.0000 0.9348 0.3553
vn 0.3827 0.9239 -0.0066
vn 0.3519 0.8497 0.3928
vn 0.6509 -0.6509 0.3908
vn 0.6557 0.6558 -0.3742
vn 0.3551 0.8568 -0.3740
vn 0.9239 -0.3827 -0.0057
vn 0.8475 -0.3512 -0.3980
vn -0.3823 -0.9226 0.0514
vn -0.3718 -0.8977 0.2366
vn 0.8496 -0.3519 0.3929
vn -0.0000 0.9089 -0.4171
vn 0.3751 0.9056 0.1982
vn 0.8464 -0.3506 -0.4009
vn 0.3578 0.8636 0.3552
vn 0.7071 0.7071 -0.0062
vn 0.6504 0.6504 0.3923
vn -0.6967 0.6967 0.1711
vn 0.8503 -0.3523 0.3909
vn 1.0000 -0.0000 -0.0056
vn 0.9175 -0.0000 -0.3977
vn 0.3478 0.8397 -0.4171
vn 0.3567 -0.8610 -0.3627
vn 0.6589 -0.6589 -0.3628
vn -0.0000 -0.9254 0.3790
vn 0.6478 -0.6478 -0.4010
vn 0.6610 0.6610 0.3553
vn 0.8496 0.3519 0.3929
vn -0.3771 0.9103 0.1705
vn 0.9802 -0.0000 0.1981
vn 0.9206 -0.0000 0.3906
vn 0.8598 0.3542 -0.3678
vn -0.7071 -0.7071 -0.0065
vn -0.6505 -0.6505 0.3919
vn 0.9239 0.3826 -0.0057
vn 0.8475 0.3511 -0.3980
vn 0.6428 0.6427 -0.4168
vn -0.3745 0.9043 -0.2048
vn 0.8636 0.3578 0.3552
vn 0.9199 -0.0000 0.3922
vn -0.0000 0.9853 0.1709
vn 0.9055 0.3751 0.1982
vn 0.8502 0.3522 0.3912
vn -0.8499 -0.3521 0.3920
vn 0.7071 0.7071 -0.0057
vn 0.6487 0.6487 -0.3981
vn 0.8397 0.3478 -0.4171
vn -0.3751 0.9055 0.1982
vn -0.3558 0.8590 -0.3681
vn -0.6574 0.6574 -0.3682
vn -0.9322 -0.0000 -0.3619
vn -0.8613 -0.3568 -0.3618
vn -0.9792 -0.0000 0.2029
vn -0.0000 -0.9323 -0.3618
vn 0.3747 -0.9046 0.2033
vn -0.0000 -0.9791 0.2033
vn 0.9348 -0.0000 0.3553
vn 0.3771 0.9103 0.1708
vn 0.6509 0.6509 0.3908
vn 0.3827 0.9239 -0.0057
vn 0.3512 0.8475 -0.3980
vn 0.9089 -0.0000 -0.4171
vn -0.9056 0.3751 0.1982
vn -0.3760 -0.9076 -0.1871
vn 0.8636 -0.3578 0.3552
vn -0.0000 -1.0000 -0.0062
vn -0.3506 -0.8464 -0.4009
vn 0.6967 0.6967 0.1711
vn 0.3522 0.8502 0.3912
vn -0.0000 1.0000 -0.0056
vn -0.0000 0.9175 -0.3977
vn 0.8397 -0.3478 -0.4171
vn 0.6921 -0.6921 -0.2050
vn 0.9043 -0.3745 -0.2048
vn -0.9802 -0.0000 0.1981
vn 0.6377 -0.6378 -0.4319
vn -0.6218 -0.6218 -0.4761
vn -0.6946 -0.6947 -0.1869
vn 0.9103 0.3771 0.1705
vn -0.0000 0.9802 0.1981
vn -0.0000 0.9206 0.3906
vn 0.3452 -0.8332 -0.4321
vn -0.0000 -0.9018 -0.4321
vn 0.9987 -0.0000 0.0512
vn 0.8980 -0.0000 -0.4399
vn 0.8296 0.3436 -0.4401
vn -0.7071 0.7071 -0.0065
vn -0.6505 0.6505 0.3919
vn 0.6427 -0.6428 -0.4168
vn -0.0000 -0.9197 0.3927
vn -0.0000 -1.0000 -0.0061
vn -0.9055 -0.3751 0.1982
vn -0.8590 -0.3558 -0.3681
vn 0.8827 -0.3656 0.2953
vn -0.3522 0.8502 0.3912
vn -0.3826 0.9239 -0.0057
vn -0.8125 -0.3365 -0.4760
vn -0.9076 -0.3760 -0.1871
vn 0.9853 -0.0000 0.1709
vn -0.3365 0.8125 -0.4760
vn -0.3827 0.9238 -0.0066
vn -0.3521 0.8499 0.3920
vn -0.8632 -0.3576 0.3565
vn 0.3478 -0.8396 -0.4172
vn -0.3575 -0.8632 0.3565
vn -0.6576 -0.6575 -0.3677
vn -0.8794 -0.0000 -0.4761
vn -0.9824 -0.0000 -0.1869
vn -0.6912 -0.6912 -0.2110
vn -0.3741 -0.9030 -0.2114
vn -0.6606 -0.6606 0.3566
vn 0.9103 -0.3770 0.1711
vn -0.6509 0.6509 0.3908
vn -0.3523 -0.8502 0.3912
vn -0.3827 -0.9239 -0.0057
vn -0.0000 0.9201 0.3917
vn 0.7062 -0.7062 0.0511
vn 0.6350 -0.6350 -0.4400
vn 0.8296 -0.3437 -0.4401
vn 0.9226 -0.3823 0.0514
vn -0.3511 0.8475 -0.3980
vn -0.9076 0.3760 -0.1871
vn 0.6967 -0.6967 0.1711
vn -0.8503 0.3523 0.3909
vn 0.3520 0.8499 0.3920
vn -0.9204 -0.0000 0.3909
vn -0.6946 0.6946 -0.1872
vn 0.8977 -0.3718 0.2366
vn 0.9717 -0.0000 0.2363
vn 0.3771 -0.9103 0.1706
vn 0.7071 0.7071 -0.0065
vn 0.6505 0.6505 0.3919
vn -0.3760 0.9076 -0.1871
vn -0.6478 -0.6478 -0.4008
vn -0.6520 -0.6521 0.3869
vn -0.3529 -0.8521 0.3866
vn 0.3825 -0.9236 -0.0246
vn -0.0000 -0.9997 -0.0246
vn -0.0000 -0.9088 -0.4172
vn 0.6521 -0.6520 0.3869
vn 0.7069 -0.7069 -0.0247
vn 0.8520 -0.3530 0.3866
vn 0.9236 -0.3826 -0.0246
vn 0.9222 -0.0000 0.3868
vn 0.9997 -0.0000 -0.0246
vn 0.8521 0.3529 0.3866
vn 0.9236 0.3825 -0.0246
vn 0.6521 0.6521 0.3866
vn 0.7069 0.7069 -0.0247
vn 0.3530 0.8520 0.3866
vn 0.3826 0.9236 -0.0246
vn -0.0000 0.9222 0.3868
vn -0.0000 0.9997 -0.0246
vn -0.3529 0.8521 0.3866
vn -0.3825 0.9236 -0.0246
vn -0.6521 0.6520 0.3869
vn -0.8520 0.3530 0.3866
vn -0.9222 -0.0000 0.3868
vn -0.9997 -0.0000 -0.0246
vn -0.8521 -0.3529 0.3866
vn -0.9236 -0.3825 -0.0246
vn 0.9149 -0.0000 -0.4036
vn 0.8452 -0.3502 -0.4038
vn -0.0000 -0.9499 0.3126
vn -0.3635 -0.8776 0.3127
vn -0.3437 -0.8296 -0.4401
vn -0.0000 -0.8980 -0.4399
vn -0.0000 -0.9149 -0.4036
vn -0.3502 -0.8452 -0.4038
vn -0.0000 -0.9499 0.3125
vn -0.0000 -0.9149 -0.4038
vn -0.0000 -0.8980 -0.4401
vn -0.6716 -0.6716 0.3128
vn -0.8776 -0.3635 0.3126
vn -0.8452 -0.3502 -0.4037
vn -0.6469 -0.6470 -0.4036
vn -0.9499 -0.0000 0.3126
vn -0.6781 -0.6781 -0.2836
vn -0.9149 -0.0000 -0.4036
vn -0.8776 0.3635 0.3127
vn -0.8452 0.3502 -0.4038
vn -0.6716 0.6716 0.3128
vn -0.9589 -0.0000 -0.2836
vn -0.6470 0.6469 -0.4036
vn -0.3635 0.8776 0.3126
vn -0.3502 0.8452 -0.4037
vn -0.0000 0.9499 0.3126
vn -0.0000 0.9149 -0.4036
vn 0.3635 0.8776 0.3127
vn 0.6716 0.6716 0.3128
vn 0.3502 0.8452 -0.4038
vn 0.6469 0.6470 -0.4036
vn 0.8776 0.3635 0.3126
vn 0.8452 0.3502 -0.4037
vn 0.3436 -0.8296 -0.4401
vn 0.6470 -0.6469 -0.4036
vn 0.3502 -0.8452 -0.4038
vn -0.3451 -0.8332 -0.4321
vn -0.0000 -0.9018 -0.4322
vn -0.6378 -0.6377 -0.4319
vn -0.6377 0.6378 -0.4319
vn -0.0000 0.9298 -0.3680
vn 0.8590 0.3558 -0.3681
vn 0.8331 0.3452 -0.4321
vn 0.9298 -0.0000 -0.3680
vn -0.0000 -0.9330 -0.3599
vn -0.0000 -0.9198 0.3925
vn 0.3542 -0.8598 -0.3678
vn -0.3544 -0.8597 -0.3678
vn -0.0006 -0.9432 -0.3323
vn -0.0000 -0.9330 -0.3600
vn -0.6593 -0.6593 0.3613
vn -0.8614 -0.3568 0.3614
vn -0.0000 -1.0000 -0.0056
vn -0.6487 -0.6487 -0.3981
vn -0.6921 -0.6921 -0.2050
vn -0.6592 -0.6591 -0.3620
vn 0.8610 -0.3567 -0.3626
vn 0.9319 -0.0000 -0.3627
vn 0.8610 0.3567 -0.3627
vn 0.6589 0.6589 -0.3628
vn 0.3567 0.8610 -0.3626
vn -0.0000 0.9319 -0.3627
vn -0.3567 0.8610 -0.3627
vn -0.6589 0.6589 -0.3628
vn -0.8610 0.3567 -0.3626
vn -0.8613 0.3567 -0.3618
vn -0.9046 0.3747 0.2031
vn 0.6517 -0.6517 -0.3880
vn 0.6591 -0.6592 -0.3620
vn 0.8613 -0.3567 -0.3618
vn 0.9322 -0.0000 -0.3619
vn 0.8613 0.3568 -0.3618
vn 0.6592 0.6591 -0.3620
vn 0.3567 0.8613 -0.3618
vn -0.0000 0.9322 -0.3619
vn -0.3568 0.8613 -0.3618
vn -0.6591 0.6592 -0.3620
vn -0.0000 -0.9859 -0.1676
vn 0.6922 -0.6922 0.2043
vn 0.9045 -0.3747 0.2038
vn 0.9790 -0.0000 0.2041
vn 0.9045 0.3746 0.2038
vn 0.6922 0.6922 0.2043
vn 0.3747 0.9045 0.2038
vn -0.0000 0.9790 0.2038
vn -0.3746 0.9045 0.2038
vn -0.6922 0.6922 0.2043
vn -0.9045 0.3747 0.2038
vn -0.9043 -0.3745 -0.2048
vn -0.9788 -0.0000 -0.2046
vn -0.9043 0.3745 -0.2048
vn -0.6921 0.6921 -0.2050
vn 0.6921 0.6921 -0.2050
vn 0.6924 -0.6924 0.2029
vn 0.9046 -0.3747 0.2032
vn 0.9792 -0.0000 0.2029
vn 0.9046 0.3747 0.2033
vn 0.6924 0.6924 0.2029
vn 0.3747 0.9046 0.2032
vn -0.0000 0.9791 0.2032
vn -0.3747 0.9046 0.2033
vn -0.6924 0.6924 0.2029
vn -0.3747 -0.9046 0.2032
vn -0.0000 -0.9853 0.1710
vn -0.0000 0.9531 0.3027
vn 0.3647 0.8805 0.3027
vn 0.3647 0.8805 0.3028
vn 0.6739 0.6739 0.3027
vn 0.8805 0.3647 0.3027
vn 0.9531 -0.0000 0.3026
vn 0.8805 -0.3647 0.3027
vn 0.6739 -0.6739 0.3027
vn 0.3647 -0.8805 0.3027
vn -0.0000 -0.9531 0.3026
vn -0.3647 -0.8805 0.3027
vn -0.6739 -0.6739 0.3027
vn -0.8805 -0.3647 0.3027
vn -0.9531 -0.0000 0.3026
vn -0.8805 0.3647 0.3027
vn -0.6739 0.6739 0.3027
vn -0.3647 0.8805 0.3027
vn -0.3647 0.8806 0.3027
vn 0.7083 0.2934 -0.6420
vn 0.7671 -0.0000 -0.6415
vn 0.7084 -0.2934 -0.6420
vn 0.5421 -0.5421 -0.6420
vn 0.2934 -0.7084 -0.6420
vn -0.0000 -0.7671 -0.6415
vn -0.2934 -0.7084 -0.6420
vn -0.5421 -0.5421 -0.6420
vn -0.7083 -0.2934 -0.6420
vn -0.7671 -0.0000 -0.6415
vn -0.7084 0.2934 -0.6420
vn -0.5421 0.5421 -0.6420
vn 0.5421 0.5421 -0.6420
vn 0.3632 0.8768 0.3152
vn -0.0000 0.9490 0.3154
vn 0.6711 0.6710 0.3152
vn 0.8767 0.3631 0.3155
vn 0.9490 -0.0000 0.3153
vn 0.8768 -0.3632 0.3153
vn 0.6711 -0.6710 0.3152
vn 0.3632 -0.8767 0.3153
vn -0.0000 -0.9489 0.3155
vn -0.3632 -0.8768 0.3152
vn -0.6711 -0.6710 0.3152
vn -0.8767 -0.3631 0.3155
vn -0.9490 -0.0000 0.3153
vn -0.8768 0.3632 0.3153
vn -0.6711 0.6710 0.3152
vn -0.3632 0.8767 0.3153
vt 0.719642 0.719642
vt 0.733570 0.710335
vt 0.744294 0.743051
vt 0.707067 0.750000
vt 0.710335 0.733570
vt 0.741052 0.749121
vt 0.719642 0.780358
vt 0.710335 0.766430
vt 0.743051 0.755706
vt 0.750000 0.792933
vt 0.733570 0.789665
vt 0.749121 0.758948
vt 0.780359 0.780358
vt 0.766430 0.789665
vt 0.755706 0.756949
vt 0.792934 0.750000
vt 0.789665 0.766430
vt 0.758948 0.750879
vt 0.780358 0.719641
vt 0.789665 0.733570
vt 0.756949 0.744294
vt 0.755052 0.742439
vt 0.750000 0.750000
vt 0.758918 0.748226
vt 0.757561 0.755052
vt 0.751774 0.758919
vt 0.744948 0.757561
vt 0.741081 0.751774
vt 0.742439 0.744948
vt 0.748226 0.741081
vt 0.750879 0.741052
vt 0.750000 0.707067
vt 0.766430 0.710335
vt 0.747798 0.741211
vt 0.742229 0.745342
vt 0.741211 0.752202
vt 0.745342 0.757772
vt 0.780358 0.780358
vt 0.752202 0.758789
vt 0.792933 0.750000
vt 0.757771 0.754658
vt 0.780359 0.719641
vt 0.758789 0.747798
vt 0.754658 0.742228
vt 0.756995 0.744259
vt 0.759006 0.750887
vt 0.755741 0.756995
vt 0.749113 0.759006
vt 0.743005 0.755741
vt 0.740994 0.749113
vt 0.744259 0.743005
vt 0.750887 0.740994
vt 0.927849 0.028326
vt 0.937555 0.028448
vt -0.003894 0.028448
vt 0.235322 0.028326
vt 0.812500 0.028326
vt 0.812500 0.027891
vt 0.750000 0.027891
vt 0.750000 0.028326
vt 0.687500 0.027891
vt 0.687500 0.028326
vt 0.625000 0.027891
vt 0.625000 0.028326
vt 0.562500 0.027891
vt 0.562500 0.028326
vt 0.500000 0.027891
vt 0.500000 0.028327
vt 0.437500 0.027891
vt 0.437500 0.028326
vt 0.375000 0.027891
vt 0.375000 0.028326
vt 0.312500 0.027891
vt 0.312500 0.028326
vt 0.250000 0.027891
vt 0.250000 0.028326
vt 0.187500 0.027891
vt 0.187500 0.028326
vt 0.125000 0.027891
vt 0.125000 0.028326
vt 0.062431 0.027891
vt 0.053325 0.028326
vt 0.160670 0.021518
vt -0.007259 0.021518
vt 0.062496 0.000996
vt 1.000112 0.000996
vt 0.062691 0.476940
vt 0.500191 0.476940
vt 0.000382 0.485129
vt 0.062489 0.485129
vt 0.937539 0.044926
vt 0.875000 0.044926
vt 0.875000 0.070539
vt 0.937508 0.070539
vt 0.625000 0.070539
vt 0.562500 0.070539
vt 0.562500 0.094574
vt 0.625000 0.094574
vt 0.875000 0.245387
vt 0.875000 0.243520
vt 0.812500 0.243520
vt 0.812500 0.245387
vt 1.006228 0.044926
vt -0.007201 0.070539
vt 0.687500 0.255695
vt 0.687500 0.250000
vt 0.625000 0.250000
vt 0.625000 0.255695
vt 0.125000 0.226933
vt 0.125000 0.217707
vt 0.062500 0.217707
vt 0.062500 0.226933
vt 0.125000 0.417298
vt 0.062499 0.417298
vt 0.937500 0.450116
vt -0.000656 0.450116
vt 1.000574 0.450116
vt 0.500000 0.455584
vt 0.562500 0.455584
vt 0.500000 0.450116
vt 0.562500 0.450116
vt 0.437500 0.450116
vt 0.375000 0.450116
vt 0.312500 0.455584
vt 0.375000 0.455584
vt 0.312500 0.450116
vt 0.250000 0.450116
vt 0.187500 0.450117
vt 0.125000 0.455584
vt 0.187500 0.455585
vt 0.187500 0.455584
vt 0.125000 0.450116
vt 0.062500 0.450116
vt -0.000900 0.439254
vt 1.000954 0.436519
vt 0.937500 0.436519
vt 0.937500 0.439254
vt 1.000981 0.433785
vt -0.000954 0.436519
vt 0.062500 0.436519
vt 0.062500 0.433785
vt 0.937500 0.281250
vt 0.937500 0.343750
vt 0.000000 0.343750
vt 1.000000 0.281250
vt 0.937500 0.258000
vt 0.875000 0.258000
vt 0.875000 0.281250
vt 0.812500 0.343750
vt 0.750000 0.343750
vt 0.750000 0.367198
vt 0.812500 0.367198
vt 0.812500 0.258000
vt 0.812500 0.281250
vt 0.687500 0.343750
vt 0.687500 0.367198
vt 0.750000 0.258000
vt 0.750000 0.281250
vt 0.625000 0.343750
vt 0.625000 0.367198
vt 0.687500 0.258000
vt 0.687500 0.281250
vt 0.562500 0.343750
vt 0.562500 0.367198
vt 0.625000 0.258000
vt 0.625000 0.281250
vt 0.500000 0.343750
vt 0.500000 0.367198
vt 0.562500 0.258000
vt 0.562500 0.281250
vt 0.437500 0.343750
vt 0.437500 0.367199
vt 0.500000 0.258000
vt 0.500000 0.281250
vt 0.375000 0.343750
vt 0.375000 0.367199
vt 0.437500 0.258000
vt 0.437500 0.281250
vt 0.312500 0.343750
vt 0.312500 0.367199
vt 0.375000 0.258000
vt 0.375000 0.281250
vt 0.250000 0.343750
vt 0.250000 0.367199
vt 0.312500 0.258000
vt 0.312500 0.281250
vt 0.187500 0.343750
vt 0.187500 0.367198
vt 0.250000 0.258000
vt 0.250000 0.281250
vt 0.125000 0.343750
vt 0.125000 0.367198
vt 0.187500 0.258000
vt 0.187500 0.281250
vt 0.062500 0.343750
vt 0.062500 0.367198
vt 0.125000 0.258000
vt 0.125000 0.281250
vt 0.375000 0.417298
vt 0.437500 0.417298
vt 0.062500 0.258000
vt 0.062500 0.281250
vt 0.937500 0.243520
vt 0.937500 0.226933
vt 0.875000 0.226933
vt 1.000000 0.343750
vt 0.000075 0.367199
vt 0.875000 0.343750
vt 0.875000 0.367199
vt 0.937500 0.367199
vt 1.000000 0.258000
vt 0.000000 0.281250
vt 0.187500 0.401529
vt 0.187500 0.402629
vt 0.250000 0.402629
vt 0.250000 0.401529
vt 0.687500 0.439254
vt 0.750000 0.439254
vt 0.750000 0.436519
vt 0.687500 0.436519
vt 0.937501 0.402630
vt 0.937501 0.417299
vt -0.000925 0.417298
vt 1.000702 0.402629
vt 0.125000 0.401529
vt 0.125000 0.402630
vt 0.812500 0.440360
vt 0.750000 0.440360
vt 0.750000 0.450116
vt 0.812500 0.450116
vt 0.687500 0.440360
vt 0.687500 0.450117
vt 0.625000 0.440360
vt 0.625000 0.450116
vt 0.562500 0.440360
vt 0.500000 0.440360
vt 0.437500 0.440360
vt 0.500000 0.417298
vt 0.562500 0.417298
vt 0.562500 0.417299
vt -0.000016 0.243520
vt 0.999978 0.226933
vt 0.312500 0.417299
vt 0.312500 0.417298
vt 0.937691 0.476940
vt 0.875191 0.476940
vt 0.875085 0.485129
vt 0.937539 0.485129
vt 0.125000 0.395748
vt 0.125000 0.394510
vt 0.062499 0.394510
vt 0.062499 0.395748
vt 0.812691 0.476940
vt 0.812489 0.485129
vt 0.750191 0.476940
vt 0.749970 0.485129
vt 0.687691 0.476940
vt 0.687559 0.485129
vt 0.625191 0.476940
vt 0.625059 0.485129
vt 0.562691 0.476940
vt 0.562470 0.485129
vt 0.499989 0.485129
vt 0.437691 0.476940
vt 0.437566 0.485129
vt 0.375191 0.476940
vt 0.375066 0.485129
vt 0.312691 0.476940
vt 0.312489 0.485129
vt 0.250191 0.476940
vt 0.249970 0.485129
vt 0.187691 0.476940
vt 0.187539 0.485129
vt 0.125191 0.476940
vt 0.125085 0.485129
vt 0.805684 0.615567
vt 0.852891 0.647109
vt 0.828664 0.671336
vt 0.792573 0.647221
vt 1.000000 0.468750
vt 0.937500 0.468750
vt 0.999618 0.485129
vt 0.750000 0.557676
vt 0.676401 0.572316
vt 0.823599 0.572316
vt 0.885993 0.614007
vt 0.875000 0.468750
vt 0.937500 0.455584
vt 0.875000 0.455584
vt 0.927684 0.676401
vt 0.942323 0.750000
vt 0.884433 0.694316
vt 0.812500 0.468750
vt 0.812500 0.455584
vt 0.927684 0.823599
vt 0.895510 0.750000
vt 0.750000 0.468750
vt 0.750000 0.455584
vt 0.885993 0.885993
vt 0.884433 0.805684
vt 0.687500 0.468750
vt 0.687500 0.455585
vt 0.823599 0.927684
vt 0.852891 0.852891
vt 0.625000 0.468750
vt 0.625000 0.455585
vt 0.750000 0.942323
vt 0.805684 0.884433
vt 0.562500 0.468750
vt 0.676401 0.927684
vt 0.750000 0.895509
vt 0.500000 0.468750
vt 0.614007 0.885993
vt 0.694316 0.884433
vt 0.437500 0.468750
vt 0.437500 0.455584
vt 0.572316 0.823599
vt 0.647109 0.852891
vt 0.375000 0.468750
vt 0.557676 0.750000
vt 0.615567 0.805684
vt 0.312500 0.468750
vt 0.572316 0.676401
vt 0.604490 0.750000
vt 0.250000 0.468750
vt 0.250000 0.455584
vt 0.614007 0.614007
vt 0.615567 0.694316
vt 0.187500 0.468750
vt 0.000000 0.468750
vt 0.062500 0.468750
vt 0.062500 0.455584
vt 1.000409 0.455584
vt 0.647109 0.647109
vt 0.125000 0.468750
vt 0.779870 0.677888
vt 0.805213 0.694787
vt 0.750000 0.604490
vt 0.750000 0.638753
vt 0.694316 0.615567
vt 0.852779 0.707428
vt 0.861247 0.750000
vt 0.750000 0.188458
vt 0.812500 0.188459
vt 0.812500 0.171831
vt 0.750000 0.171831
vt 0.792572 0.852779
vt 0.828664 0.828664
vt 0.750000 0.861247
vt 0.707428 0.852779
vt 0.671337 0.828663
vt 0.647221 0.792572
vt 0.638753 0.750000
vt 0.647221 0.707428
vt 0.671336 0.671336
vt 0.707428 0.647221
vt 0.720142 0.677916
vt 0.750000 0.671994
vt 0.803654 0.696346
vt 0.822084 0.720142
vt 0.820103 0.720962
vt 0.852779 0.792572
vt 0.828006 0.750000
vt 0.822112 0.779870
vt 0.750000 0.422752
vt 0.687500 0.422752
vt 0.750000 0.674121
vt 0.720963 0.679897
vt 0.625000 0.455584
vt 0.687500 0.417298
vt 0.750000 0.417298
vt 0.812500 0.417298
vt 0.812500 0.417299
vt 0.696346 0.696346
vt 0.679898 0.720963
vt 0.694787 0.694787
vt 0.812500 0.422752
vt 0.677888 0.720130
vt 0.674121 0.750000
vt 0.679897 0.779038
vt 0.671994 0.750000
vt 0.677916 0.779858
vt 0.696346 0.803654
vt 0.720963 0.820102
vt 0.694787 0.805213
vt 0.720119 0.822139
vt 0.750000 0.825879
vt 0.779038 0.820103
vt 0.750000 0.828023
vt 0.779852 0.822068
vt 0.803654 0.803654
vt 0.820103 0.779037
vt 0.805192 0.805192
vt 0.825879 0.750000
vt 0.779037 0.679897
vt 0.062500 0.367199
vt 1.000900 0.439254
vt 0.937500 0.440360
vt -0.000875 0.440360
vt 0.937500 0.255695
vt 0.937500 0.250000
vt 0.875000 0.250000
vt 0.875000 0.255695
vt 0.937501 0.417298
vt -0.001020 0.417298
vt 1.000925 0.417298
vt 0.812500 0.439254
vt 0.875000 0.440360
vt 0.875000 0.439254
vt 0.875000 0.417299
vt 0.875000 0.417298
vt 0.625000 0.417298
vt 0.375000 0.440360
vt 0.250000 0.417298
vt 0.625000 0.436519
vt 0.625000 0.439254
vt 0.187500 0.226933
vt 0.187500 0.217707
vt 0.875000 0.201418
vt 0.875000 0.217707
vt 0.937500 0.217707
vt 0.937500 0.201418
vt 1.000540 0.395748
vt -0.000591 0.398810
vt 0.062499 0.398810
vt 0.187500 0.367199
vt 0.250000 0.367198
vt 0.625000 0.401529
vt 0.625000 0.402629
vt 0.687500 0.402630
vt 0.687500 0.401529
vt 0.375000 0.394510
vt 0.437500 0.394510
vt 0.437500 0.378062
vt 0.375000 0.378062
vt 0.500000 0.394510
vt 0.500000 0.378061
vt 0.562500 0.394510
vt 0.562500 0.378061
vt 0.625000 0.394510
vt 0.625000 0.378061
vt 0.687500 0.394510
vt 0.687500 0.378061
vt 0.750000 0.394510
vt 0.750000 0.378061
vt 0.937501 0.401529
vt -0.000702 0.402629
vt 1.000678 0.401529
vt 0.812500 0.394510
vt 0.875000 0.394510
vt 0.875000 0.378061
vt 0.812500 0.378062
vt 1.000507 0.394510
vt -0.000540 0.395748
vt 1.000875 0.440360
vt -0.000574 0.450116
vt 0.062500 0.378062
vt 1.000080 0.378061
vt -0.000017 0.378061
vt 0.062500 0.378061
vt 0.500000 0.401529
vt 0.500000 0.402629
vt 0.562500 0.402629
vt 0.562500 0.401529
vt 0.312500 0.394510
vt 0.312500 0.378061
vt -0.000988 0.432679
vt 1.000978 0.422752
vt 0.937501 0.422752
vt 0.937500 0.432679
vt -0.000507 0.394510
vt 1.000017 0.378061
vt 0.937500 0.378062
vt 0.937501 0.394510
vt 0.500000 0.070539
vt 0.500000 0.094574
vt 0.437500 0.070539
vt 0.437500 0.094574
vt 0.375000 0.070539
vt 0.375000 0.094574
vt 0.312500 0.070539
vt 0.312500 0.094574
vt 0.250000 0.070539
vt 0.250000 0.094574
vt 0.187500 0.070539
vt 0.187500 0.094574
vt 0.125000 0.070539
vt 0.125000 0.094574
vt 0.062492 0.070539
vt 0.062496 0.094574
vt 0.875000 0.094574
vt 0.937504 0.094574
vt 0.312500 0.226933
vt 0.312500 0.217707
vt 0.250000 0.217705
vt 0.250000 0.226932
vt 0.375000 0.226933
vt 0.375000 0.217707
vt 0.437500 0.226933
vt 0.437500 0.217707
vt 0.500000 0.226932
vt 0.500000 0.217706
vt 0.562500 0.226933
vt 0.562500 0.217707
vt 0.625000 0.226933
vt 0.625000 0.217707
vt 0.687500 0.226933
vt 0.687500 0.217707
vt 0.750000 0.226932
vt 0.750000 0.217706
vt 0.812500 0.226933
vt 0.812500 0.217707
vt 0.125000 0.190326
vt 0.062500 0.190326
vt 0.062500 0.194939
vt 0.125000 0.194939
vt 0.000022 0.226933
vt 1.000058 0.226933
vt 0.750000 0.134541
vt 0.750000 0.132674
vt 0.687500 0.132675
vt 0.687500 0.134541
vt 0.062500 0.171832
vt 0.062500 0.162605
vt 1.000133 0.162605
vt -0.000129 0.171831
vt 1.000052 0.162605
vt -0.000134 0.162605
vt 0.062500 0.162606
vt 0.187500 0.143767
vt 0.187500 0.139154
vt 0.125000 0.139154
vt 0.125000 0.143767
vt 0.875000 0.132675
vt 0.875000 0.126040
vt 0.812500 0.126040
vt 0.812500 0.132675
vt 0.312500 0.171832
vt 0.312500 0.162605
vt 0.250000 0.162605
vt 0.250000 0.171830
vt 0.375000 0.171831
vt 0.375000 0.162605
vt 0.437500 0.171832
vt 0.437500 0.162606
vt 0.500000 0.171831
vt 0.500000 0.162605
vt 0.562500 0.171831
vt 0.562500 0.162605
vt 0.625000 0.171831
vt 0.625000 0.162605
vt 0.687500 0.171831
vt 0.687500 0.162605
vt 0.750000 0.162605
vt 0.812500 0.171832
vt 0.812500 0.162605
vt 0.875000 0.171831
vt 0.875000 0.162605
vt 0.937500 0.171831
vt 0.937500 0.162605
vt 0.125000 0.134541
vt 0.062499 0.134541
vt 0.062499 0.139154
vt -0.000049 0.171831
vt 1.000129 0.171831
vt 0.284556 0.126040
vt -0.000142 0.132675
vt 0.062499 0.132675
vt 0.062498 0.126040
vt 0.437500 0.422752
vt 0.375000 0.422752
vt 1.000000 0.255695
vt 0.000000 0.258000
vt 0.062500 0.255695
vt 1.007200 0.070539
vt 0.379715 0.094574
vt 0.875000 0.450116
vt 0.125000 0.132675
vt 0.125000 0.126040
vt 0.187500 0.132675
vt 0.187500 0.126040
vt 0.250000 0.132675
vt 0.250000 0.126040
vt 0.312500 0.132675
vt 0.312500 0.126040
vt 0.062499 0.143767
vt 0.062499 0.145634
vt 0.125000 0.145634
vt 0.375000 0.132675
vt 0.375000 0.126040
vt 0.187500 0.145634
vt 0.437500 0.132675
vt 0.437500 0.126040
vt 0.250000 0.145634
vt 0.250000 0.143767
vt 0.500000 0.132674
vt 0.500000 0.126040
vt 0.312500 0.145634
vt 0.312500 0.143767
vt 0.562500 0.132675
vt 0.562500 0.126040
vt 0.375000 0.145634
vt 0.375000 0.143767
vt 0.625000 0.132675
vt 0.625000 0.126040
vt 0.437500 0.145634
vt 0.437500 0.143767
vt 0.687500 0.126040
vt 0.500000 0.145634
vt 0.500000 0.143767
vt 0.687500 0.070539
vt 0.687500 0.094574
vt 0.562500 0.145634
vt 0.562500 0.143767
vt 0.750000 0.126039
vt 0.625000 0.145634
vt 0.625000 0.143767
vt 0.687500 0.145634
vt 0.687500 0.143767
vt 0.937501 0.132675
vt 0.937501 0.126040
vt 0.750000 0.145633
vt 0.750000 0.143767
vt 0.812500 0.044926
vt 0.812500 0.070539
vt 0.125000 0.040942
vt 0.062426 0.040942
vt 0.062461 0.044926
vt 0.125000 0.044926
vt 0.750000 0.040204
vt 0.812500 0.040204
vt 0.812500 0.028841
vt 0.750000 0.028841
vt 0.187500 0.040942
vt 0.187500 0.044926
vt 0.250000 0.044926
vt 0.312500 0.044926
vt 0.375000 0.044926
vt 0.437500 0.044926
vt 0.500000 0.044926
vt 0.562500 0.044926
vt 0.625000 0.044926
vt 0.687500 0.044926
vt 0.750000 0.044926
vt 0.750000 0.070539
vt 0.687500 0.040204
vt 0.687500 0.028841
vt 0.936862 0.040942
vt 0.937574 0.040942
vt -0.006228 0.044926
vt 1.003600 0.027891
vt 0.875000 0.040204
vt 0.874999 0.028841
vt 0.625000 0.450117
vt 0.500000 0.040942
vt 0.437500 0.040942
vt 0.875000 0.040942
vt 0.812500 0.040942
vt 0.375000 0.040942
vt 0.943198 0.022217
vt 0.937596 0.022026
vt 0.875000 0.022026
vt 0.875001 0.022217
vt 0.562500 0.040942
vt 0.937569 0.027891
vt 0.875000 0.027891
vt 0.875000 0.028326
vt 0.062446 0.028448
vt 1.003894 0.028448
vt 0.865509 0.028841
vt 0.115574 0.028841
vt 0.312500 0.040942
vt 0.250000 0.040942
vt 0.939575 0.040205
vt 0.027503 0.040204
vt 0.990337 0.028841
vt 0.375000 0.040205
vt 0.437500 0.040205
vt 0.437500 0.028841
vt 0.375000 0.028841
vt 0.064436 0.040204
vt 0.125000 0.040204
vt 0.125001 0.028841
vt 0.187500 0.040204
vt 0.187500 0.028841
vt 0.750000 0.040942
vt 0.250000 0.040204
vt 0.250000 0.028841
vt 0.312500 0.040204
vt 0.312500 0.028841
vt 0.500000 0.040204
vt 0.500000 0.028841
vt 0.625000 0.040942
vt 0.562500 0.040204
vt 0.562500 0.028841
vt 0.625000 0.040205
vt 0.625000 0.028841
vt 0.068397 0.022217
vt 0.062404 0.022026
vt 1.002485 0.022026
vt 0.681239 0.022217
vt 0.062500 0.000000
vt 1.000000 0.000000
vt 0.000000 0.000000
vt 0.125000 0.000996
vt 0.125000 0.000000
vt 0.187500 0.000996
vt 0.187500 0.000000
vt 0.250000 0.000996
vt 0.250000 0.000000
vt 0.312500 0.000996
vt 0.312500 0.000000
vt 0.375000 0.000996
vt 0.375000 0.000000
vt 0.437500 0.000996
vt 0.437500 0.000000
vt 0.500000 0.000996
vt 0.500000 0.000000
vt 0.562500 0.000996
vt 0.562500 0.000000
vt 0.625000 0.000996
vt 0.625000 0.000000
vt 0.687500 0.000996
vt 0.687500 0.000000
vt 0.750000 0.000996
vt 0.750000 0.000000
vt 0.812500 0.000996
vt 0.812500 0.000000
vt 0.312500 0.021518
vt 0.250000 0.021518
vt 0.250000 0.022026
vt 0.312500 0.022026
vt 0.500000 0.022217
vt 0.500000 0.022026
vt 0.437500 0.022026
vt 0.437500 0.022217
vt 0.875000 0.000996
vt 0.875000 0.000000
vt 0.124993 0.021518
vt 0.125000 0.022026
vt 0.187500 0.021518
vt 0.187500 0.022026
vt 0.687500 0.450116
vt 0.187500 0.417298
vt 0.124999 0.022217
vt 0.375000 0.021518
vt 0.375000 0.022026
vt 0.437500 0.021518
vt 0.312500 0.022217
vt 0.250000 0.022217
vt 0.500000 0.021518
vt 0.562500 0.021518
vt 0.562500 0.022026
vt 0.625000 0.021518
vt 0.625000 0.022026
vt 0.687500 0.021518
vt 0.687500 0.022026
vt 0.750000 0.021518
vt 0.750000 0.022026
vt 0.812500 0.021518
vt 0.812500 0.022026
vt 0.875007 0.021518
vt 0.868322 0.021518
vt 0.500000 0.025268
vt 0.562500 0.025268
vt 0.562500 0.022645
vt 0.500000 0.022645
vt 0.437500 0.025268
vt 0.437500 0.022645
vt 0.312500 0.025268
vt 0.375000 0.025268
vt 0.375000 0.022645
vt 0.312500 0.022645
vt 0.125000 0.022645
vt 0.125000 0.025268
vt 0.187500 0.025268
vt 0.187500 0.022645
vt 0.187500 0.022217
vt 0.250000 0.025268
vt 0.062433 0.025268
vt 0.062440 0.022645
vt -0.003600 0.027891
vt 1.003212 0.025268
vt 0.375000 0.022217
vt 0.562500 0.022216
vt 0.625000 0.025268
vt 0.625000 0.022645
vt 0.250000 0.022645
vt 0.625000 0.022217
vt 0.687500 0.025268
vt 0.687500 0.022645
vt 0.687500 0.022217
vt 0.750000 0.025268
vt 0.750000 0.022645
vt 0.750000 0.022217
vt 0.812500 0.025268
vt 0.812500 0.022645
vt 0.812500 0.022217
vt 0.875000 0.025268
vt 0.875000 0.022645
vt 0.937567 0.025268
vt 0.937560 0.022645
vt -0.002486 0.022026
vt -0.003212 0.025268
vt 1.002879 0.022645
vt 0.687500 0.040942
vt 0.375000 0.395748
vt 0.312500 0.395748
vt 0.312500 0.134541
vt 0.250000 0.134541
vt 0.250000 0.139154
vt 0.312500 0.139154
vt 0.437500 0.201419
vt 0.500000 0.201418
vt 0.750000 0.199551
vt 0.750000 0.201418
vt 0.812500 0.201418
vt 0.812500 0.199552
vt 0.875000 0.190326
vt 0.875000 0.188459
vt 0.812500 0.190326
vt 0.500000 0.398810
vt 0.437500 0.398810
vt 0.437500 0.401529
vt 0.437500 0.395748
vt 0.812500 0.436519
vt 0.937500 0.433785
vt 0.875000 0.433785
vt 0.875000 0.436519
vt 0.187500 0.134541
vt 0.062499 0.401529
vt 0.062499 0.402629
vt 0.375000 0.201419
vt 0.687500 0.199552
vt 0.687500 0.201418
vt 0.937500 0.190326
vt 0.875000 0.194939
vt 0.937500 0.194939
vt 0.375000 0.398810
vt 0.375000 0.401529
vt 0.500000 0.395748
vt -0.000136 0.143767
vt 1.000137 0.139154
vt 0.937501 0.139154
vt 0.937501 0.143767
vt 0.312500 0.201419
vt 0.625000 0.199552
vt 0.625000 0.201418
vt 0.812500 0.194939
vt 0.312500 0.398810
vt 0.312500 0.401529
vt 0.562500 0.395748
vt 0.750000 0.094573
vt 0.812500 0.094574
vt 0.250000 0.201417
vt 0.562500 0.199552
vt 0.562500 0.201418
vt 0.750000 0.190325
vt 0.750000 0.194938
vt 0.125000 0.162605
vt 0.937501 0.134541
vt -0.000137 0.139154
vt 1.000140 0.134541
vt 0.250000 0.398810
vt 0.625000 0.395748
vt 0.812500 0.255695
vt 0.187500 0.201418
vt 0.500000 0.199551
vt 0.812500 0.145634
vt 0.687500 0.190326
vt 0.687500 0.194939
vt 0.187500 0.398810
vt 0.687500 0.395748
vt 0.750000 0.255695
vt 1.000136 0.145634
vt -0.000052 0.162605
vt 0.125000 0.201419
vt 0.125000 0.398810
vt 0.437500 0.199552
vt 0.625000 0.190326
vt 0.625000 0.194939
vt 0.750000 0.395748
vt 0.062500 0.201419
vt 0.375000 0.199552
vt 0.562500 0.190326
vt 0.562500 0.194939
vt 0.062500 0.440360
vt 0.812500 0.395749
vt 0.312500 0.432679
vt 0.312500 0.422752
vt 0.250000 0.422752
vt 0.250000 0.432679
vt 0.875000 0.199552
vt 0.937500 0.199552
vt 0.312500 0.199552
vt 0.500000 0.190325
vt 0.500000 0.194938
vt 0.062500 0.432679
vt 1.000989 0.432679
vt -0.000981 0.433785
vt 0.062500 0.439254
vt 0.125000 0.439254
vt 0.125000 0.436519
vt 0.875000 0.395748
vt 0.562500 0.255695
vt 0.062500 0.245387
vt 0.062500 0.243520
vt 1.000016 0.243520
vt -0.000012 0.245387
vt 0.375000 0.432679
vt 0.250000 0.199550
vt 0.437500 0.190326
vt 0.437500 0.194939
vt 0.125000 0.433785
vt 0.125000 0.432679
vt 0.187500 0.439254
vt 0.187500 0.436519
vt 0.937501 0.395749
vt 0.187500 0.190326
vt 0.187500 0.194939
vt 0.500000 0.255695
vt 0.437500 0.432679
vt 0.187500 0.199552
vt 0.437500 0.162605
vt 0.375000 0.190326
vt 0.375000 0.194939
vt 0.187500 0.433785
vt 0.187500 0.432679
vt 0.250000 0.439254
vt 0.250000 0.436519
vt 0.437500 0.255695
vt 0.500000 0.432679
vt 0.500000 0.422752
vt 1.000077 0.217707
vt -0.000058 0.226933
vt 0.125000 0.199552
vt 0.312500 0.190326
vt 0.312500 0.194939
vt 0.250000 0.433785
vt 0.875000 0.134541
vt 0.875000 0.139154
vt 0.312500 0.439254
vt 0.312500 0.436519
vt 0.375000 0.255695
vt 0.562500 0.432679
vt 0.562500 0.422752
vt 0.062500 0.199552
vt 0.312500 0.162606
vt 0.250000 0.190324
vt 0.250000 0.194937
vt 0.312500 0.433785
vt 0.812500 0.134541
vt 0.812500 0.139154
vt 0.375000 0.439254
vt 0.375000 0.436519
vt 0.999995 0.217707
vt -0.000077 0.217707
vt 0.312500 0.255695
vt 0.625000 0.432679
vt 0.625000 0.422752
vt -0.000117 0.188459
vt 0.062500 0.188459
vt 1.000049 0.171831
vt 0.375000 0.433785
vt 0.750000 0.139154
vt 0.437500 0.439254
vt 0.437500 0.436519
vt 0.250000 0.255695
vt 0.687500 0.432679
vt -0.000678 0.401529
vt 1.000592 0.398810
vt 0.937501 0.398810
vt 0.875000 0.145634
vt 0.187500 0.162605
vt -0.000105 0.199552
vt 1.000112 0.194939
vt 0.437500 0.433785
vt 0.687500 0.139154
vt 0.500000 0.439254
vt 0.500000 0.436519
vt 0.187500 0.255695
vt 0.187500 0.440360
vt 0.125000 0.440360
vt 0.750000 0.432679
vt 0.875000 0.398810
vt 0.875000 0.401529
vt 0.500000 0.433785
vt 0.125000 0.422752
vt 0.187500 0.422752
vt 0.250000 0.394510
vt 0.250000 0.378061
vt 0.625000 0.134541
vt 0.625000 0.139154
vt 0.125000 0.255695
vt -0.000112 0.194939
vt 1.000115 0.190325
vt 0.812500 0.432679
vt 0.562500 0.436519
vt 0.562500 0.433785
vt 0.812500 0.398810
vt 0.812500 0.401529
vt 1.001021 0.417298
vt -0.001060 0.422752
vt 0.062499 0.422752
vt 0.562500 0.134541
vt 0.562500 0.139154
vt 0.875000 0.432679
vt 0.875000 0.422752
vt 0.750000 0.398810
vt 0.750000 0.401529
vt 0.875000 0.143767
vt 0.937500 0.145634
vt 1.000102 0.201418
vt 0.000005 0.217707
vt 0.625000 0.433785
vt 0.812500 0.433785
vt 0.500000 0.134541
vt 0.500000 0.139154
vt 0.187500 0.394510
vt 0.187500 0.378061
vt 0.125000 0.378061
vt 0.562500 0.439254
vt 0.687500 0.398810
vt 0.687500 0.433785
vt 0.437500 0.134541
vt 0.437500 0.139154
vt 0.750000 0.433785
vt 0.625000 0.398810
vt 0.250000 0.395748
vt 0.187500 0.395748
vt 0.375000 0.134541
vt 0.375000 0.139154
vt 0.562500 0.398810
vt 0.187500 0.171831
vt 0.812500 0.143767
vt 0.000000 0.250000
vt 0.062500 0.250000
vt 1.000011 0.245387
vt 1.000000 0.250000
vt 0.000000 0.255695
vt 0.125000 0.250000
vt 0.125000 0.245387
vt 0.187500 0.250000
vt 0.187500 0.245387
vt 0.250000 0.250000
vt 0.250000 0.245387
vt 0.312500 0.250000
vt 0.312500 0.245387
vt 0.375000 0.250000
vt 0.375000 0.245387
vt 0.437500 0.250000
vt 0.437500 0.245387
vt 0.500000 0.250000
vt 0.500000 0.245387
vt 0.562500 0.250000
vt 0.562500 0.245387
vt 0.625000 0.245387
vt 0.687500 0.245387
vt 0.750000 0.250000
vt 0.750000 0.245387
vt 0.812500 0.250000
vt 0.937500 0.245387
vt 0.937500 0.378061
vt 0.937500 0.367198
vt 0.000000 0.367199
vt 0.999925 0.367198
vt 0.812500 0.367199
vt 1.000000 0.367198
vt -0.000080 0.378061
vt 0.875000 0.402629
vt 0.687500 0.367199
vt 0.812500 0.402629
vt 0.750000 0.402629
vt 0.562500 0.367199
vt 0.562500 0.378062
vt 0.437500 0.367198
vt 0.437500 0.402630
vt 0.375000 0.367198
vt 0.375000 0.378061
vt 0.375000 0.402629
vt 0.312500 0.402629
vt 0.125000 0.378062
vt -0.000978 0.422752
vt 1.001060 0.422752
vt 0.250000 0.440360
vt 1.000656 0.450116
vt -0.000493 0.455584
vt -0.000409 0.455584
vt 1.000493 0.455584
vt 0.687500 0.188459
vt 0.687500 0.171832
vt 0.125000 0.171831
vt 0.562500 0.171832
vt 0.125000 0.243520
vt 0.187500 0.243520
vt 0.250000 0.243520
vt 0.312500 0.243520
vt 0.375000 0.243520
vt 0.437500 0.243520
vt 0.500000 0.243520
vt 0.562500 0.243520
vt 0.625000 0.243520
vt 0.687500 0.243520
vt 0.750000 0.243520
vt 0.312500 0.440360
vt 1.000105 0.199552
vt -0.000102 0.201418
vt 1.000117 0.188459
vt -0.000115 0.190326
vt 0.125000 0.188459
vt 0.187500 0.188459
vt 0.250000 0.188458
vt 0.312500 0.188459
vt 0.375000 0.188459
vt 0.437500 0.188459
vt 0.500000 0.188459
vt 0.562500 0.188459
vt 0.625000 0.188459
vt 0.937500 0.188459
vt 1.000136 0.143767
vt -0.000136 0.145634
vt 1.000142 0.132675
vt -0.000140 0.134541
vt 0.062516 0.485129
vt 0.187500 0.450116
vt 0.875000 0.367198
vt 0.125000 0.402629
vt 0.937463 0.485129
vt 0.874915 0.485129
vt 0.812516 0.485129
vt 0.750037 0.485129
vt 0.687442 0.485129
vt 0.624942 0.485129
vt 0.562538 0.485129
vt 0.500016 0.485129
vt 0.437435 0.485129
vt 0.374935 0.485129
vt 0.312516 0.485129
vt 0.250038 0.485129
vt 0.187463 0.485129
vt 0.124915 0.485129
vt 0.792572 0.647221
vt 0.604491 0.750000
vt 0.250000 0.455585
vt 0.671337 0.828664
vt 0.779037 0.679898
vt -0.000112 0.000996
vt 0.937500 0.000000
vt 0.937504 0.000996
vt 0.687500 0.402629
vt 0.437500 0.378061
vt 1.000702 0.402630
vt 0.937501 0.402629
vt 0.812500 0.378061
vt 0.437500 0.402629
vt 0.937502 0.109272
vt -0.004028 0.109272
vt 0.125000 0.109272
vt 0.062498 0.109273
vt 0.187500 0.109272
vt 0.250000 0.109272
vt 0.312500 0.109273
vt 0.375000 0.109272
vt 0.437500 0.109272
vt 0.500000 0.109272
vt 0.562500 0.109272
vt 0.625000 0.109272
vt 0.687500 0.109272
vt 0.750000 0.109272
vt 0.812500 0.109272
vt 0.875000 0.109273
vt 0.812500 0.028448
vt 0.875000 0.028448
vt 0.687500 0.028448
vt 0.750000 0.028448
vt 0.625000 0.028448
vt 0.562500 0.028448
vt 0.125000 0.028448
vt 0.187500 0.028448
vt 0.250000 0.028448
vt 0.312500 0.028448
vt 0.375000 0.028448
vt 0.437500 0.028448
vt 0.500000 0.028448
vt -0.002879 0.022645
vt 1.004028 0.109273
vt 0.937501 0.145634
vt 1.000012 0.245387
vt 0.937501 0.395748
vt 0.000075 0.367198
vt 0.312500 0.367198
vt 0.625000 0.171832
vt 0.500000 0.188458
vt 1.003165 0.109273
vt 0.937263 0.109272
vt 0.925287 0.109272
vt 0.008187 0.109272
vt 0.312500 0.109272
vt 0.062765 0.109273
vt 0.074713 0.109273
vt 0.991812 0.109273
vt -0.003165 0.109272
vt 0.937577 0.040652
vt -0.005487 0.040652
vt 1.005487 0.040652
vt 0.875000 0.040652
vt 0.812500 0.040652
vt 0.750000 0.040652
vt 0.687500 0.040652
vt 0.625000 0.040652
vt 0.562500 0.040652
vt 0.500000 0.040652
vt 0.437500 0.040652
vt 0.375000 0.040652
vt 0.312500 0.040652
vt 0.250000 0.040652
vt 0.187500 0.040652
vt 0.125000 0.040652
vt 0.062423 0.040652
s 1
f 7/1/1 8/2/2 9/3/3
f 10/4/4 11/5/5 12/6/6
f 13/7/7 14/8/8 15/9/9
f 16/10/10 17/11/11 18/12/12
f 19/13/13 20/14/14 21/15/15
f 22/16/16 23/17/17 24/18/18
f 25/19/19 26/20/20 27/21/21
f 28/22/22 27/21/21 29/23/23
f 30/24/21 24/18/18 29/23/24
f 31/25/18 21/15/15 29/23/23
f 32/26/15 18/12/12 29/23/25
f 33/27/12 15/9/9 29/23/23
f 34/28/9 12/6/6 29/23/26
f 35/29/6 9/3/3 29/23/23
f 36/30/3 37/31/22 29/23/27
f 38/32/28 39/33/29 37/31/22
f 40/2/30 41/1/31 42/34/32
f 43/5/33 44/4/34 45/35/35
f 46/8/36 47/7/37 48/36/38
f 49/11/39 50/10/40 51/37/41
f 52/14/42 53/38/43 54/39/44
f 55/17/45 56/40/46 57/41/47
f 58/20/48 59/42/49 60/43/50
f 61/44/51 62/23/52 63/45/50
f 60/43/50 62/23/52 64/46/47
f 57/41/47 62/23/52 65/47/44
f 54/39/44 62/23/52 66/48/41
f 51/37/41 62/23/52 67/49/38
f 48/36/38 62/23/52 68/50/35
f 45/35/35 62/23/52 69/51/32
f 42/34/32 62/23/52 70/52/51
f 71/33/53 72/32/54 61/44/51
f 73/53/55 74/54/56 75/55/57
f 73/53/55 75/55/57 76/56/58
f 77/57/59 78/58/60 79/59/61
f 77/57/59 79/59/61 80/60/62
f 80/60/62 79/59/61 81/61/63
f 80/60/62 81/61/63 82/62/64
f 82/62/64 81/61/63 83/63/65
f 82/62/64 83/63/65 84/64/66
f 84/64/66 83/63/65 85/65/67
f 84/64/66 85/65/67 86/66/68
f 86/66/68 85/65/67 87/67/69
f 86/66/68 87/67/69 88/68/70
f 88/68/70 87/67/69 89/69/71
f 88/68/70 89/69/71 90/70/72
f 90/70/72 89/69/71 91/71/73
f 90/70/72 91/71/73 92/72/74
f 92/72/74 91/71/73 93/73/75
f 92/72/74 93/73/75 94/74/76
f 94/74/76 93/73/75 95/75/77
f 94/74/76 95/75/77 96/76/78
f 96/76/78 95/75/77 97/77/79
f 96/76/78 97/77/79 98/78/80
f 98/78/80 97/77/79 99/79/81
f 98/78/80 99/79/81 100/80/82
f 100/80/82 99/79/81 101/81/83
f 100/80/82 101/81/83 102/82/84
f 103/83/85 104/84/86 105/85/87
f 103/83/85 105/85/87 106/86/88
f 107/87/89 108/88/90 109/89/91
f 107/87/89 109/89/91 110/90/92
f 111/91/93 112/92/94 113/93/95
f 111/91/93 113/93/95 114/94/96
f 115/95/97 116/96/98 117/97/99
f 115/95/97 117/97/99 118/98/100
f 119/99/101 120/100/102 121/101/103
f 119/99/101 121/101/103 122/102/104
f 123/103/105 111/91/93 114/94/96
f 123/103/105 114/94/96 124/104/106
f 125/105/107 126/106/108 127/107/109
f 125/105/107 127/107/109 128/108/110
f 129/109/111 130/110/112 131/111/113
f 129/109/111 131/111/113 132/112/114
f 133/113/115 134/114/116 135/114/117
f 133/113/115 135/114/117 136/113/118
f 137/115/119 138/115/120 139/116/121
f 137/115/119 139/116/121 140/117/122
f 141/118/123 142/119/124 143/119/125
f 141/118/123 143/119/125 144/118/126
f 145/120/127 146/121/128 147/121/129
f 145/120/127 147/121/129 148/120/130
f 148/120/130 149/122/131 150/122/132
f 148/120/130 150/122/132 145/120/127
f 149/122/131 151/123/133 152/123/134
f 149/122/131 152/123/134 150/122/132
f 153/124/135 154/125/136 155/125/137
f 153/124/135 155/125/137 156/124/138
f 157/126/139 152/123/134 151/123/133
f 157/126/139 151/123/133 158/126/140
f 158/126/140 159/127/141 160/127/142
f 158/126/140 160/127/142 157/126/139
f 161/128/143 160/127/142 159/127/141
f 161/128/143 159/127/141 162/128/144
f 163/129/145 164/130/146 165/131/147
f 163/129/145 165/131/147 166/129/148
f 167/132/149 168/133/150 169/133/151
f 167/132/149 169/133/151 170/132/152
f 139/116/121 169/133/151 168/133/150
f 139/116/121 168/133/150 140/117/122
f 171/134/153 172/135/154 173/136/155
f 171/134/153 173/136/155 174/137/156
f 175/138/157 176/139/154 177/140/158
f 175/138/157 177/140/158 178/141/159
f 179/142/160 180/143/161 181/144/162
f 179/142/160 181/144/162 182/145/163
f 183/146/164 184/147/165 185/148/166
f 183/146/164 185/148/166 179/142/160
f 186/149/167 187/150/168 188/151/169
f 186/149/167 188/151/169 189/152/170
f 184/147/165 190/153/171 191/154/172
f 184/147/165 191/154/172 185/148/166
f 187/150/168 192/155/173 193/156/174
f 187/150/168 193/156/174 188/151/169
f 190/153/171 194/157/175 195/158/176
f 190/153/171 195/158/176 191/154/172
f 192/155/173 196/159/177 197/160/178
f 192/155/173 197/160/178 193/156/174
f 194/157/175 198/161/179 199/162/180
f 194/157/175 199/162/180 195/158/176
f 196/159/177 200/163/181 201/164/182
f 196/159/177 201/164/182 197/160/178
f 198/161/179 202/165/183 203/166/184
f 198/161/179 203/166/184 199/162/180
f 200/163/181 204/167/185 205/168/127
f 200/163/181 205/168/127 201/164/182
f 202/165/183 206/169/186 207/170/187
f 202/165/183 207/170/187 203/166/184
f 204/167/185 208/171/188 209/172/189
f 204/167/185 209/172/189 205/168/127
f 206/169/186 210/173/190 211/174/191
f 206/169/186 211/174/191 207/170/187
f 208/171/188 212/175/192 213/176/134
f 208/171/188 213/176/134 209/172/189
f 210/173/190 214/177/193 215/178/194
f 210/173/190 215/178/194 211/174/191
f 212/175/192 216/179/195 217/180/196
f 212/175/192 217/180/196 213/176/134
f 214/177/193 218/181/197 219/182/198
f 214/177/193 219/182/198 215/178/194
f 216/179/195 220/183/199 221/184/142
f 216/179/195 221/184/142 217/180/196
f 218/181/197 222/185/200 223/186/201
f 218/181/197 223/186/201 219/182/198
f 220/183/199 224/187/202 225/188/203
f 220/183/199 225/188/203 221/184/142
f 222/185/200 226/189/204 227/190/205
f 222/185/200 227/190/205 223/186/201
f 224/187/202 228/191/206 229/192/207
f 224/187/202 229/192/207 225/188/203
f 226/189/204 230/193/208 231/194/209
f 226/189/204 231/194/209 227/190/205
f 228/191/206 232/195/210 233/196/211
f 228/191/206 233/196/211 229/192/207
f 230/193/208 234/197/212 235/198/213
f 230/193/208 235/198/213 231/194/209
f 236/199/214 237/200/215 238/200/216
f 236/199/214 238/200/216 239/199/217
f 234/197/212 240/201/218 241/202/219
f 234/197/212 241/202/219 235/198/213
f 120/100/102 242/203/220 243/204/221
f 120/100/102 243/204/221 244/205/222
f 232/195/210 245/206/162 246/207/223
f 232/195/210 246/207/223 233/196/211
f 247/208/224 186/149/167 189/152/170
f 247/208/224 189/152/170 248/209/225
f 180/143/161 247/208/224 248/209/225
f 180/143/161 248/209/225 249/210/226
f 187/150/168 195/158/176 199/162/180
f 187/150/168 199/162/180 192/155/173
f 192/155/173 199/162/180 203/166/184
f 192/155/173 203/166/184 196/159/177
f 196/159/177 203/166/184 207/170/187
f 196/159/177 207/170/187 200/163/181
f 200/163/181 207/170/187 211/174/191
f 200/163/181 211/174/191 204/167/185
f 204/167/185 211/174/191 215/178/194
f 204/167/185 215/178/194 208/171/188
f 208/171/188 215/178/194 219/182/198
f 208/171/188 219/182/198 212/175/192
f 212/175/192 219/182/198 223/186/201
f 212/175/192 223/186/201 216/179/195
f 216/179/195 223/186/201 227/190/205
f 216/179/195 227/190/205 220/183/199
f 220/183/199 227/190/205 231/194/209
f 220/183/199 231/194/209 224/187/202
f 224/187/202 231/194/209 235/198/213
f 224/187/202 235/198/213 228/191/206
f 228/191/206 235/198/213 241/202/219
f 228/191/206 241/202/219 232/195/210
f 240/201/218 250/211/227 251/212/163
f 240/201/218 251/212/163 241/202/219
f 252/213/228 253/214/229 254/215/230
f 252/213/228 254/215/230 255/216/231
f 256/217/232 257/218/233 258/219/234
f 256/217/232 258/219/234 259/220/235
f 260/221/236 261/222/237 262/223/238
f 260/221/236 262/223/238 263/224/239
f 264/225/240 265/226/241 253/214/229
f 264/225/240 253/214/229 252/213/228
f 266/227/242 267/228/243 268/229/244
f 266/227/242 268/229/244 269/230/245
f 267/228/243 270/231/246 271/232/247
f 267/228/243 271/232/247 268/229/244
f 270/231/246 272/233/248 273/234/249
f 270/231/246 273/234/249 271/232/247
f 272/233/248 274/235/250 147/121/129
f 272/233/248 147/121/129 273/234/249
f 274/235/250 275/236/251 148/120/130
f 274/235/250 148/120/130 147/121/129
f 275/236/251 276/237/252 149/122/131
f 275/236/251 149/122/131 148/120/130
f 277/238/253 278/239/254 279/240/255
f 277/238/253 279/240/255 280/238/256
f 242/203/220 281/241/257 282/242/258
f 242/203/220 282/242/258 243/204/221
f 186/149/167 191/154/172 195/158/176
f 186/149/167 195/158/176 187/150/168
f 239/199/217 283/243/259 284/244/260
f 239/199/217 284/244/260 236/199/214
f 285/245/261 286/246/262 287/247/263
f 285/245/261 287/247/263 288/248/264
f 289/249/265 290/250/266 291/251/267
f 289/249/265 291/251/267 292/252/268
f 286/246/262 293/253/269 294/254/270
f 286/246/262 294/254/270 287/247/263
f 293/253/269 295/255/271 296/256/272
f 293/253/269 296/256/272 294/254/270
f 295/255/271 297/257/273 298/258/274
f 295/255/271 298/258/274 296/256/272
f 297/257/273 299/259/275 300/260/276
f 297/257/273 300/260/276 298/258/274
f 299/259/275 301/261/277 302/262/278
f 299/259/275 302/262/278 300/260/276
f 301/261/277 303/88/279 304/263/280
f 301/261/277 304/263/280 302/262/278
f 303/88/279 305/264/281 306/265/282
f 303/88/279 306/265/282 304/263/280
f 305/264/281 307/266/283 308/267/284
f 305/264/281 308/267/284 306/265/282
f 307/266/283 309/268/285 310/269/286
f 307/266/283 310/269/286 308/267/284
f 309/268/285 311/270/287 312/271/288
f 309/268/285 312/271/288 310/269/286
f 311/270/287 313/272/289 314/273/290
f 311/270/287 314/273/290 312/271/288
f 313/272/289 315/274/291 316/275/292
f 313/272/289 316/275/292 314/273/290
f 315/274/291 107/87/89 110/90/92
f 315/274/291 110/90/92 316/275/292
f 317/276/293 318/277/294 319/278/295
f 317/276/293 319/278/295 320/279/296
f 285/245/261 108/88/90 321/280/297
f 285/245/261 321/280/297 322/281/298
f 110/90/92 323/282/299 324/283/300
f 110/90/92 324/283/300 325/284/301
f 324/283/300 323/282/299 288/248/264
f 324/283/300 288/248/264 326/285/302
f 318/277/294 317/276/293 326/285/302
f 318/277/294 326/285/302 327/286/303
f 328/287/304 322/281/298 329/288/305
f 328/287/304 329/288/305 330/289/306
f 331/290/307 294/254/270 296/256/272
f 331/290/307 296/256/272 332/291/308
f 333/292/309 318/277/294 327/286/303
f 333/292/309 327/286/303 331/290/307
f 334/293/310 328/287/304 330/289/306
f 334/293/310 330/289/306 335/294/311
f 332/291/308 296/256/272 298/258/274
f 332/291/308 298/258/274 336/295/312
f 337/296/313 333/292/309 331/290/307
f 337/296/313 331/290/307 332/291/308
f 338/297/314 334/293/310 335/294/311
f 338/297/314 335/294/311 339/298/315
f 336/295/312 298/258/274 300/260/276
f 336/295/312 300/260/276 340/299/316
f 341/300/317 337/296/313 332/291/308
f 341/300/317 332/291/308 336/295/312
f 342/301/318 338/297/314 339/298/315
f 342/301/318 339/298/315 343/302/319
f 340/299/316 300/260/276 302/262/278
f 340/299/316 302/262/278 344/303/320
f 345/304/321 341/300/317 336/295/312
f 345/304/321 336/295/312 340/299/316
f 346/305/322 342/301/318 343/302/319
f 346/305/322 343/302/319 347/306/323
f 344/303/320 302/262/278 304/263/280
f 344/303/320 304/263/280 348/307/324
f 349/308/325 345/304/321 340/299/316
f 349/308/325 340/299/316 344/303/320
f 350/309/326 346/305/322 347/306/323
f 350/309/326 347/306/323 142/119/124
f 348/307/324 304/263/280 306/265/282
f 348/307/324 306/265/282 351/310/327
f 352/311/328 349/308/325 344/303/320
f 352/311/328 344/303/320 348/307/324
f 353/312/329 350/309/326 142/119/124
f 353/312/329 142/119/124 141/118/123
f 351/310/327 306/265/282 308/267/284
f 351/310/327 308/267/284 354/313/330
f 355/314/331 352/311/328 348/307/324
f 355/314/331 348/307/324 351/310/327
f 356/315/332 353/312/329 141/118/123
f 356/315/332 141/118/123 357/316/333
f 354/313/330 308/267/284 310/269/286
f 354/313/330 310/269/286 358/317/334
f 359/318/335 355/314/331 351/310/327
f 359/318/335 351/310/327 354/313/330
f 360/319/336 356/315/332 357/316/333
f 360/319/336 357/316/333 154/125/136
f 358/317/334 310/269/286 312/271/288
f 358/317/334 312/271/288 361/320/337
f 362/321/338 359/318/335 354/313/330
f 362/321/338 354/313/330 358/317/334
f 363/322/339 360/319/336 154/125/136
f 363/322/339 154/125/136 153/124/135
f 361/320/337 312/271/288 314/273/290
f 361/320/337 314/273/290 364/323/340
f 365/324/341 362/321/338 358/317/334
f 365/324/341 358/317/334 361/320/337
f 366/325/342 363/322/339 153/124/135
f 366/325/342 153/124/135 367/326/343
f 364/323/340 314/273/290 316/275/292
f 364/323/340 316/275/292 368/327/344
f 369/328/345 365/324/341 361/320/337
f 369/328/345 361/320/337 364/323/340
f 370/329/346 366/325/342 367/326/343
f 370/329/346 367/326/343 164/130/146
f 368/327/344 316/275/292 110/90/92
f 368/327/344 110/90/92 325/284/301
f 371/330/297 372/331/347 373/332/348
f 371/330/297 373/332/348 374/333/349
f 375/334/350 369/328/345 364/323/340
f 375/334/350 364/323/340 368/327/344
f 376/335/351 370/329/346 164/130/146
f 376/335/351 164/130/146 163/129/145
f 377/336/352 320/279/296 319/278/295
f 377/336/352 319/278/295 378/337/353
f 379/338/354 317/276/293 320/279/296
f 379/338/354 320/279/296 380/339/355
f 381/340/356 375/334/350 368/327/344
f 381/340/356 368/327/344 325/284/301
f 372/331/347 376/335/351 163/129/145
f 372/331/347 163/129/145 373/332/348
f 318/277/294 333/292/309 382/341/357
f 318/277/294 382/341/357 319/278/295
f 333/292/309 337/296/313 383/342/358
f 333/292/309 383/342/358 382/341/357
f 327/286/303 287/247/263 294/254/270
f 327/286/303 294/254/270 331/290/307
f 384/343/359 385/344/360 386/345/361
f 384/343/359 386/345/361 387/346/362
f 345/304/321 349/308/325 388/347/363
f 345/304/321 388/347/363 389/348/364
f 349/308/325 352/311/328 390/349/365
f 349/308/325 390/349/365 388/347/363
f 352/311/328 355/314/331 391/350/366
f 352/311/328 391/350/366 390/349/365
f 355/314/331 359/318/335 392/351/367
f 355/314/331 392/351/367 391/350/366
f 359/318/335 362/321/338 393/352/368
f 359/318/335 393/352/368 392/351/367
f 362/321/338 365/324/341 394/353/369
f 362/321/338 394/353/369 393/352/368
f 365/324/341 369/328/345 395/354/370
f 365/324/341 395/354/370 394/353/369
f 369/328/345 375/334/350 396/355/371
f 369/328/345 396/355/371 395/354/370
f 375/334/350 381/340/356 397/356/372
f 375/334/350 397/356/372 396/355/371
f 381/340/356 379/338/354 380/339/355
f 381/340/356 380/339/355 397/356/372
f 398/357/373 397/356/372 380/339/355
f 398/357/373 380/339/355 399/358/374
f 400/359/375 378/337/353 401/360/376
f 400/359/375 401/360/376 402/361/377
f 378/337/353 319/278/295 382/341/357
f 378/337/353 382/341/357 401/360/376
f 341/300/317 345/304/321 389/348/364
f 341/300/317 389/348/364 403/362/378
f 22/16/16 24/18/18 27/21/21
f 22/16/16 27/21/21 26/20/20
f 404/363/379 383/342/358 403/362/378
f 404/363/379 403/362/378 405/364/380
f 406/365/381 407/365/382 408/366/383
f 406/365/381 408/366/383 409/366/384
f 410/367/385 38/32/28 8/2/2
f 410/367/385 8/2/2 411/368/386
f 412/369/387 413/234/388 414/232/389
f 412/369/387 414/232/389 415/302/390
f 416/370/391 417/371/392 418/371/393
f 416/370/391 418/371/393 419/370/394
f 420/234/395 413/234/388 421/121/396
f 420/234/395 421/121/396 422/121/397
f 423/232/398 424/229/399 425/229/400
f 423/232/398 425/229/400 414/232/389
f 426/294/401 427/298/402 425/229/400
f 426/294/401 425/229/400 428/230/403
f 417/371/392 429/372/404 430/373/405
f 417/371/392 430/373/405 418/371/393
f 431/118/406 432/119/407 433/119/408
f 431/118/406 433/119/408 434/118/409
f 435/374/410 7/1/1 11/5/5
f 435/374/410 11/5/5 436/375/411
f 435/374/410 437/376/412 398/357/373
f 435/374/410 398/357/373 411/368/386
f 25/19/19 27/21/21 37/31/22
f 25/19/19 37/31/22 39/33/29
f 417/371/392 407/365/382 438/377/413
f 417/371/392 438/377/413 429/372/404
f 436/375/411 439/378/414 437/376/412
f 436/375/411 437/376/412 435/374/410
f 437/376/412 396/355/371 397/356/372
f 437/376/412 397/356/372 398/357/373
f 7/1/1 9/3/3 12/6/6
f 7/1/1 12/6/6 11/5/5
f 440/379/415 10/4/4 14/8/8
f 440/379/415 14/8/8 441/380/416
f 440/379/415 442/381/417 439/378/414
f 440/379/415 439/378/414 436/375/411
f 439/378/414 395/354/370 396/355/371
f 439/378/414 396/355/371 437/376/412
f 415/302/390 427/298/402 443/298/418
f 415/302/390 443/298/418 444/302/419
f 441/380/416 445/382/420 442/381/417
f 441/380/416 442/381/417 440/379/415
f 442/381/417 394/353/369 395/354/370
f 442/381/417 395/354/370 439/378/414
f 10/4/4 12/6/6 15/9/9
f 10/4/4 15/9/9 14/8/8
f 446/149/421 447/154/422 448/148/423
f 446/149/421 448/148/423 449/208/424
f 450/383/425 13/7/7 17/11/11
f 450/383/425 17/11/11 451/384/426
f 450/383/425 452/385/427 445/382/420
f 450/383/425 445/382/420 441/380/416
f 445/382/420 393/352/368 394/353/369
f 445/382/420 394/353/369 442/381/417
f 451/384/426 453/386/428 452/385/427
f 451/384/426 452/385/427 450/383/425
f 452/385/427 392/351/367 393/352/368
f 452/385/427 393/352/368 445/382/420
f 13/7/7 15/9/9 18/12/12
f 13/7/7 18/12/12 17/11/11
f 454/387/429 16/10/10 20/14/14
f 454/387/429 20/14/14 455/388/430
f 454/387/429 456/389/431 453/386/428
f 454/387/429 453/386/428 451/384/426
f 453/386/428 391/350/366 392/351/367
f 453/386/428 392/351/367 452/385/427
f 455/388/430 457/390/432 456/389/431
f 455/388/430 456/389/431 454/387/429
f 456/389/431 390/349/365 391/350/366
f 456/389/431 391/350/366 453/386/428
f 16/10/10 18/12/12 21/15/15
f 16/10/10 21/15/15 20/14/14
f 458/391/433 19/13/13 23/17/17
f 458/391/433 23/17/17 459/392/434
f 458/391/433 460/393/435 457/390/432
f 458/391/433 457/390/432 455/388/430
f 457/390/432 388/347/363 390/349/365
f 457/390/432 390/349/365 456/389/431
f 459/392/434 405/364/380 460/393/435
f 459/392/434 460/393/435 458/391/433
f 460/393/435 389/348/364 388/347/363
f 460/393/435 388/347/363 457/390/432
f 19/13/13 21/15/15 24/18/18
f 19/13/13 24/18/18 23/17/17
f 461/394/436 22/16/16 26/20/20
f 461/394/436 26/20/20 402/361/377
f 461/394/436 404/363/379 405/364/380
f 461/394/436 405/364/380 459/392/434
f 405/364/380 403/362/378 389/348/364
f 405/364/380 389/348/364 460/393/435
f 401/360/376 382/341/357 383/342/358
f 401/360/376 383/342/358 404/363/379
f 377/336/352 399/358/374 380/339/355
f 377/336/352 380/339/355 320/279/296
f 400/359/375 25/19/19 39/33/29
f 400/359/375 39/33/29 462/395/437
f 462/395/437 39/33/29 38/32/28
f 462/395/437 38/32/28 410/367/385
f 462/395/437 410/367/385 399/358/374
f 462/395/437 399/358/374 377/336/352
f 411/368/386 8/2/2 7/1/1
f 411/368/386 7/1/1 435/374/410
f 436/375/411 11/5/5 10/4/4
f 436/375/411 10/4/4 440/379/415
f 441/380/416 14/8/8 13/7/7
f 441/380/416 13/7/7 450/383/425
f 451/384/426 17/11/11 16/10/10
f 451/384/426 16/10/10 454/387/429
f 455/388/430 20/14/14 19/13/13
f 455/388/430 19/13/13 458/391/433
f 459/392/434 23/17/17 22/16/16
f 459/392/434 22/16/16 461/394/436
f 402/361/377 26/20/20 25/19/19
f 402/361/377 25/19/19 400/359/375
f 37/31/22 9/3/3 8/2/2
f 37/31/22 8/2/2 38/32/28
f 233/196/211 463/396/438 464/192/439
f 233/196/211 464/192/439 229/192/207
f 465/397/153 174/137/156 466/398/440
f 465/397/153 466/398/440 467/399/441
f 468/400/442 469/401/443 470/402/444
f 468/400/442 470/402/444 471/403/445
f 261/222/237 472/404/446 473/405/447
f 261/222/237 473/405/447 474/406/238
f 475/407/448 266/227/242 476/408/449
f 475/407/448 476/408/449 477/409/450
f 478/410/451 472/404/446 261/222/237
f 478/410/451 261/222/237 479/411/452
f 402/361/377 401/360/376 404/363/379
f 402/361/377 404/363/379 461/394/436
f 479/411/452 430/373/405 429/372/404
f 479/411/452 429/372/404 478/410/451
f 480/412/453 416/370/391 419/370/394
f 480/412/453 419/370/394 481/412/454
f 237/200/215 277/238/253 280/238/256
f 237/200/215 280/238/256 238/200/216
f 276/237/252 482/413/455 151/123/133
f 276/237/252 151/123/133 149/122/131
f 283/243/259 483/414/456 484/414/457
f 283/243/259 484/414/457 284/244/260
f 256/217/232 259/220/235 485/415/458
f 256/217/232 485/415/458 486/416/459
f 487/417/460 488/418/461 130/110/112
f 487/417/460 130/110/112 129/109/111
f 489/419/462 490/420/463 491/421/464
f 489/419/462 491/421/464 492/422/465
f 493/423/466 494/424/467 495/425/468
f 493/423/466 495/425/468 292/252/268
f 229/192/207 464/192/439 496/426/469
f 229/192/207 496/426/469 225/188/203
f 225/188/203 496/426/469 497/427/470
f 225/188/203 497/427/470 221/184/142
f 498/428/471 499/429/472 500/430/473
f 498/428/471 500/430/473 501/431/474
f 502/432/475 503/433/476 504/434/477
f 502/432/475 504/434/477 505/435/478
f 503/433/476 506/436/479 507/437/480
f 503/433/476 507/437/480 504/434/477
f 506/436/479 508/438/481 509/439/482
f 506/436/479 509/439/482 507/437/480
f 508/438/481 510/440/483 511/441/484
f 508/438/481 511/441/484 509/439/482
f 510/440/483 512/442/485 513/443/486
f 510/440/483 513/443/486 511/441/484
f 512/442/485 514/444/487 515/445/488
f 512/442/485 515/445/488 513/443/486
f 516/446/489 260/221/236 517/447/490
f 516/446/489 517/447/490 518/448/491
f 519/449/492 520/450/493 521/451/494
f 519/449/492 521/451/494 522/452/495
f 292/252/268 291/251/267 523/453/496
f 292/252/268 523/453/496 524/454/497
f 525/455/441 466/398/440 137/115/119
f 525/455/441 137/115/119 526/456/122
f 527/457/498 528/458/499 529/459/500
f 527/457/498 529/459/500 530/460/501
f 531/461/502 532/462/503 533/463/504
f 531/461/502 533/463/504 534/464/505
f 535/465/506 502/432/475 505/435/478
f 535/465/506 505/435/478 536/466/507
f 537/467/508 538/468/509 539/469/510
f 537/467/508 539/469/510 540/470/511
f 541/471/496 542/472/512 543/473/513
f 541/471/496 543/473/513 544/474/514
f 116/96/98 545/475/515 546/476/516
f 116/96/98 546/476/516 117/97/99
f 545/475/515 547/477/517 548/478/518
f 545/475/515 548/478/518 546/476/516
f 547/477/517 549/479/519 550/480/520
f 547/477/517 550/480/520 548/478/518
f 549/479/519 551/481/521 552/482/522
f 549/479/519 552/482/522 550/480/520
f 551/481/521 553/483/523 554/484/524
f 551/481/521 554/484/524 552/482/522
f 553/483/523 555/485/525 556/486/526
f 553/483/523 556/486/526 554/484/524
f 555/485/525 557/487/527 558/488/528
f 555/485/525 558/488/528 556/486/526
f 557/487/527 559/489/529 560/490/530
f 557/487/527 560/490/530 558/488/528
f 114/94/96 113/93/95 561/491/531
f 114/94/96 561/491/531 562/492/532
f 563/493/533 564/494/534 565/495/535
f 563/493/533 565/495/535 566/496/536
f 567/497/537 568/498/538 564/494/534
f 567/497/537 564/494/534 563/493/533
f 569/499/539 570/500/540 568/498/538
f 569/499/539 568/498/538 567/497/537
f 571/501/541 572/502/542 570/500/540
f 571/501/541 570/500/540 569/499/539
f 573/503/543 574/504/544 572/502/542
f 573/503/543 572/502/542 571/501/541
f 575/505/545 576/506/546 574/504/544
f 575/505/545 574/504/544 573/503/543
f 577/507/547 578/508/548 576/506/546
f 577/507/547 576/506/546 575/505/545
f 579/509/549 580/510/550 578/508/548
f 579/509/549 578/508/548 577/507/547
f 581/511/551 582/512/552 580/510/550
f 581/511/551 580/510/550 579/509/549
f 583/205/553 584/420/554 582/512/552
f 583/205/553 582/512/552 581/511/551
f 585/204/555 586/421/556 584/420/554
f 585/204/555 584/420/554 583/205/553
f 587/513/557 588/514/558 589/515/559
f 587/513/557 589/515/559 590/516/560
f 243/204/221 591/517/258 592/518/561
f 243/204/221 592/518/561 585/204/555
f 593/519/562 594/520/563 595/521/564
f 593/519/562 595/521/564 596/522/565
f 597/523/566 598/524/567 599/525/568
f 597/523/566 599/525/568 600/526/569
f 601/527/570 602/528/571 598/524/567
f 601/527/570 598/524/567 603/529/572
f 604/530/573 605/531/574 606/532/575
f 604/530/573 606/532/575 607/533/576
f 608/534/577 609/535/578 610/536/579
f 608/534/577 610/536/579 611/537/580
f 612/538/581 613/539/582 614/540/583
f 612/538/581 614/540/583 615/541/584
f 616/542/585 617/543/586 613/539/582
f 616/542/585 613/539/582 612/538/581
f 618/544/587 619/545/588 617/543/586
f 618/544/587 617/543/586 616/542/585
f 620/546/589 621/547/590 619/545/588
f 620/546/589 619/545/588 618/544/587
f 622/548/591 623/549/592 621/547/590
f 622/548/591 621/547/590 620/546/589
f 624/550/593 625/551/594 623/549/592
f 624/550/593 623/549/592 622/548/591
f 626/552/595 627/553/596 625/551/594
f 626/552/595 625/551/594 624/550/593
f 628/346/597 629/554/598 627/553/596
f 628/346/597 627/553/596 626/552/595
f 630/555/599 631/556/600 629/554/598
f 630/555/599 629/554/598 628/346/597
f 632/557/601 633/558/602 631/556/600
f 632/557/601 631/556/600 630/555/599
f 634/559/603 635/560/604 633/558/602
f 634/559/603 633/558/602 632/557/601
f 636/561/605 637/562/606 638/563/607
f 636/561/605 638/563/607 606/532/575
f 639/559/608 640/564/609 641/565/610
f 639/559/608 641/565/610 634/559/603
f 642/566/611 643/567/612 644/568/613
f 642/566/611 644/568/613 645/569/614
f 646/570/615 647/570/616 648/571/617
f 646/570/615 648/571/617 649/571/618
f 650/572/619 651/573/620 240/201/218
f 650/572/619 240/201/218 652/574/621
f 653/575/106 114/94/96 562/492/532
f 653/575/106 562/492/532 654/576/622
f 426/294/401 428/230/403 655/577/623
f 426/294/401 655/577/623 656/289/624
f 657/578/625 658/579/626 645/569/614
f 657/578/625 645/569/614 644/568/613
f 659/580/627 660/581/628 658/579/626
f 659/580/627 658/579/626 657/578/625
f 661/582/629 662/583/630 660/581/628
f 661/582/629 660/581/628 659/580/627
f 462/395/437 377/336/352 378/337/353
f 462/395/437 378/337/353 400/359/375
f 663/584/631 664/585/632 662/583/630
f 663/584/631 662/583/630 661/582/629
f 665/586/633 666/587/634 667/588/635
f 665/586/633 667/588/635 607/533/576
f 668/589/636 669/590/637 664/585/632
f 668/589/636 664/585/632 663/584/631
f 607/533/576 667/588/635 670/591/638
f 607/533/576 670/591/638 604/530/573
f 671/592/639 672/593/640 669/590/637
f 671/592/639 669/590/637 668/589/636
f 604/530/573 670/591/638 673/594/641
f 604/530/573 673/594/641 674/595/642
f 675/596/643 676/597/644 672/593/640
f 675/596/643 672/593/640 671/592/639
f 674/595/642 673/594/641 677/598/645
f 674/595/642 677/598/645 678/599/646
f 679/600/647 680/601/648 676/597/644
f 679/600/647 676/597/644 675/596/643
f 678/599/646 677/598/645 681/602/649
f 678/599/646 681/602/649 682/603/650
f 683/604/651 684/605/652 680/601/648
f 683/604/651 680/601/648 679/600/647
f 682/603/650 681/602/649 685/606/653
f 682/603/650 685/606/653 686/607/654
f 595/521/564 687/608/655 684/605/652
f 595/521/564 684/605/652 683/604/651
f 686/607/654 685/606/653 688/609/656
f 686/607/654 688/609/656 689/610/657
f 690/611/658 115/95/97 118/98/100
f 690/611/658 118/98/100 691/612/659
f 689/610/657 688/609/656 692/613/660
f 689/610/657 692/613/660 693/614/661
f 594/520/563 694/615/662 687/608/655
f 594/520/563 687/608/655 595/521/564
f 693/614/661 692/613/660 695/616/663
f 693/614/661 695/616/663 696/617/664
f 611/537/580 610/536/579 694/615/662
f 611/537/580 694/615/662 594/520/563
f 696/617/664 695/616/663 697/618/665
f 696/617/664 697/618/665 698/619/666
f 699/620/667 700/621/668 609/535/578
f 699/620/667 609/535/578 608/534/577
f 698/619/666 697/618/665 701/622/669
f 698/619/666 701/622/669 702/623/670
f 112/92/94 703/624/671 704/625/672
f 112/92/94 704/625/672 113/93/95
f 705/626/673 706/627/674 707/628/675
f 705/626/673 707/628/675 708/629/676
f 707/628/675 123/103/105 124/104/106
f 707/628/675 124/104/106 559/489/529
f 709/630/677 710/631/678 711/632/679
f 709/630/677 711/632/679 712/633/680
f 713/634/681 705/626/673 708/629/676
f 713/634/681 708/629/676 714/635/682
f 708/629/676 707/628/675 559/489/529
f 708/629/676 559/489/529 557/487/527
f 714/635/682 708/629/676 557/487/527
f 714/635/682 557/487/527 555/485/525
f 715/636/683 714/635/682 555/485/525
f 715/636/683 555/485/525 553/483/523
f 716/637/684 715/636/683 553/483/523
f 716/637/684 553/483/523 551/481/521
f 717/638/685 716/637/684 551/481/521
f 717/638/685 551/481/521 549/479/519
f 718/639/686 717/638/685 549/479/519
f 718/639/686 549/479/519 547/477/517
f 719/640/687 718/639/686 547/477/517
f 719/640/687 547/477/517 545/475/515
f 720/641/688 719/640/687 545/475/515
f 720/641/688 545/475/515 116/96/98
f 721/642/689 720/641/688 116/96/98
f 721/642/689 116/96/98 115/95/97
f 722/643/690 721/642/689 115/95/97
f 722/643/690 115/95/97 690/611/658
f 723/644/691 722/643/690 690/611/658
f 723/644/691 690/611/658 724/645/692
f 703/624/671 723/644/691 724/645/692
f 703/624/671 724/645/692 704/625/672
f 347/306/323 725/306/693 143/119/125
f 347/306/323 143/119/125 142/119/124
f 726/646/694 709/630/677 712/633/680
f 726/646/694 712/633/680 727/647/695
f 728/648/696 729/649/697 111/91/93
f 728/648/696 111/91/93 730/650/698
f 102/82/84 101/81/83 731/651/699
f 102/82/84 731/651/699 76/56/58
f 706/627/674 728/648/696 730/650/698
f 706/627/674 730/650/698 707/628/675
f 710/631/678 732/652/700 733/653/701
f 710/631/678 733/653/701 711/632/679
f 725/306/693 734/654/702 146/121/128
f 725/306/693 146/121/128 143/119/125
f 735/655/703 736/656/704 718/639/686
f 735/655/703 718/639/686 719/640/687
f 737/657/705 738/658/706 703/624/671
f 737/657/705 703/624/671 112/92/94
f 736/656/704 739/659/707 717/638/685
f 736/656/704 717/638/685 718/639/686
f 740/660/708 741/661/709 742/662/710
f 740/660/708 742/662/710 743/663/711
f 744/664/712 735/655/703 719/640/687
f 744/664/712 719/640/687 720/641/688
f 73/53/55 745/665/713 746/666/714
f 73/53/55 746/666/714 747/667/715
f 748/668/716 749/669/717 750/670/718
f 748/668/716 750/670/718 751/671/719
f 752/672/720 753/673/721 715/636/683
f 752/672/720 715/636/683 716/637/684
f 754/674/722 755/675/723 750/670/718
f 754/674/722 750/670/718 756/676/724
f 757/677/725 758/678/726 759/679/727
f 757/677/725 759/679/727 760/680/728
f 761/681/729 762/682/730 763/683/731
f 761/681/729 763/683/731 751/671/719
f 762/682/730 764/684/732 765/685/733
f 762/682/730 765/685/733 763/683/731
f 738/658/706 766/686/734 723/644/691
f 738/658/706 723/644/691 703/624/671
f 764/684/732 767/687/735 768/688/736
f 764/684/732 768/688/736 765/685/733
f 767/687/735 769/689/737 770/690/738
f 767/687/735 770/690/738 768/688/736
f 739/659/707 752/672/720 716/637/684
f 739/659/707 716/637/684 717/638/685
f 769/689/737 757/677/725 760/680/728
f 769/689/737 760/680/728 770/690/738
f 758/678/726 771/691/739 772/692/740
f 758/678/726 772/692/740 759/679/727
f 773/693/741 744/664/712 720/641/688
f 773/693/741 720/641/688 721/642/689
f 771/691/739 774/694/742 775/695/743
f 771/691/739 775/695/743 772/692/740
f 774/694/742 776/696/744 777/697/745
f 774/694/742 777/697/745 775/695/743
f 776/696/744 726/646/694 727/647/695
f 776/696/744 727/647/695 777/697/745
f 778/698/746 779/699/747 780/700/748
f 778/698/746 780/700/748 781/701/749
f 782/702/750 783/703/751 784/704/752
f 782/702/750 784/704/752 785/702/753
f 785/702/753 105/85/87 786/705/754
f 785/702/753 786/705/754 787/706/755
f 782/702/750 785/702/753 787/706/755
f 782/702/750 787/706/755 788/706/756
f 787/706/755 786/705/754 789/707/757
f 787/706/755 789/707/757 790/708/758
f 788/706/756 787/706/755 790/708/758
f 788/706/756 790/708/758 791/708/759
f 790/708/758 789/707/757 792/709/760
f 790/708/758 792/709/760 793/710/761
f 791/708/759 790/708/758 793/710/761
f 791/708/759 793/710/761 794/710/762
f 793/710/761 792/709/760 795/711/763
f 793/710/761 795/711/763 796/712/764
f 794/710/762 793/710/761 796/712/764
f 794/710/762 796/712/764 797/712/765
f 796/712/764 795/711/763 798/713/766
f 796/712/764 798/713/766 799/714/767
f 797/712/765 796/712/764 799/714/767
f 797/712/765 799/714/767 800/714/768
f 799/714/767 798/713/766 801/715/769
f 799/714/767 801/715/769 802/716/770
f 800/714/768 799/714/767 802/716/770
f 800/714/768 802/716/770 803/716/771
f 802/716/770 801/715/769 804/717/772
f 802/716/770 804/717/772 805/718/773
f 803/716/771 802/716/770 805/718/773
f 803/716/771 805/718/773 806/718/774
f 805/718/773 804/717/772 807/719/775
f 805/718/773 807/719/775 808/720/776
f 806/718/774 805/718/773 808/720/776
f 806/718/774 808/720/776 809/720/777
f 808/720/776 807/719/775 810/721/778
f 808/720/776 810/721/778 811/722/779
f 809/720/777 808/720/776 811/722/779
f 809/720/777 811/722/779 812/722/780
f 811/722/779 810/721/778 813/723/781
f 811/722/779 813/723/781 814/724/782
f 812/722/780 811/722/779 814/724/782
f 812/722/780 814/724/782 815/724/783
f 814/724/782 813/723/781 816/725/784
f 814/724/782 816/725/784 817/726/785
f 815/724/783 814/724/782 817/726/785
f 815/724/783 817/726/785 818/726/786
f 817/726/785 816/725/784 819/727/787
f 817/726/785 819/727/787 820/728/788
f 818/726/786 817/726/785 820/728/788
f 818/726/786 820/728/788 821/728/789
f 822/729/790 823/730/791 824/731/792
f 822/729/790 824/731/792 825/732/793
f 826/733/794 827/734/795 828/735/796
f 826/733/794 828/735/796 829/736/797
f 820/728/788 819/727/787 830/737/798
f 820/728/788 830/737/798 831/738/799
f 832/739/800 104/84/86 779/699/747
f 832/739/800 779/699/747 833/740/801
f 145/120/127 144/118/126 143/119/125
f 145/120/127 143/119/125 146/121/128
f 834/741/802 832/739/800 833/740/801
f 834/741/802 833/740/801 835/742/803
f 836/743/804 837/229/169 268/229/244
f 836/743/804 268/229/244 271/232/247
f 823/730/791 834/741/802 835/742/803
f 823/730/791 835/742/803 824/731/792
f 838/294/805 839/230/806 837/229/169
f 838/294/805 837/229/169 840/298/807
f 841/744/808 133/113/115 136/113/118
f 841/744/808 136/113/118 842/744/809
f 843/745/810 833/740/801 779/699/747
f 843/745/810 779/699/747 778/698/746
f 844/746/811 822/729/790 825/732/793
f 844/746/811 825/732/793 845/747/812
f 846/748/813 844/746/811 845/747/812
f 846/748/813 845/747/812 828/735/796
f 847/749/814 825/732/793 824/731/792
f 847/749/814 824/731/792 848/750/815
f 849/751/816 846/748/813 828/735/796
f 849/751/816 828/735/796 827/734/795
f 850/752/817 849/751/816 827/734/795
f 850/752/817 827/734/795 851/753/818
f 852/754/819 850/752/817 851/753/818
f 852/754/819 851/753/818 853/755/820
f 854/756/821 852/754/819 853/755/820
f 854/756/821 853/755/820 855/757/822
f 856/758/823 854/756/821 855/757/822
f 856/758/823 855/757/822 857/759/824
f 858/760/825 856/758/823 857/759/824
f 858/760/825 857/759/824 859/761/826
f 860/762/827 858/760/825 859/761/826
f 860/762/827 859/761/826 742/662/710
f 861/763/828 860/762/827 742/662/710
f 861/763/828 742/662/710 741/661/709
f 862/764/829 863/765/830 864/766/831
f 862/764/829 864/766/831 865/767/832
f 866/768/833 862/764/829 865/767/832
f 866/768/833 865/767/832 867/769/834
f 868/770/835 869/771/836 870/772/837
f 868/770/835 870/772/837 871/773/838
f 872/774/839 873/775/840 874/776/841
f 872/774/839 874/776/841 875/777/842
f 848/750/815 824/731/792 835/742/803
f 848/750/815 835/742/803 876/778/843
f 868/770/835 877/779/844 95/75/77
f 868/770/835 95/75/77 93/73/75
f 874/776/841 873/775/840 99/79/81
f 874/776/841 99/79/81 97/77/79
f 878/780/845 873/775/840 872/774/839
f 878/780/845 872/774/839 879/781/846
f 873/775/840 878/780/845 101/81/83
f 873/775/840 101/81/83 99/79/81
f 880/782/699 101/81/83 878/780/845
f 880/782/699 878/780/845 881/783/154
f 829/736/797 828/735/796 845/747/812
f 829/736/797 845/747/812 882/784/847
f 867/769/834 870/772/837 869/771/836
f 867/769/834 869/771/836 866/768/833
f 882/784/847 845/747/812 825/732/793
f 882/784/847 825/732/793 847/749/814
f 876/778/843 835/742/803 833/740/801
f 876/778/843 833/740/801 843/745/810
f 877/779/844 874/776/841 97/77/79
f 877/779/844 97/77/79 95/75/77
f 866/768/833 869/771/836 91/71/73
f 866/768/833 91/71/73 89/69/71
f 883/785/848 851/753/818 827/734/795
f 883/785/848 827/734/795 826/733/794
f 863/765/830 884/786/849 885/787/850
f 863/765/830 885/787/850 864/766/831
f 271/232/247 273/234/249 734/654/702
f 271/232/247 734/654/702 836/743/804
f 869/771/836 868/770/835 93/73/75
f 869/771/836 93/73/75 91/71/73
f 886/788/851 875/777/842 874/776/841
f 886/788/851 874/776/841 877/779/844
f 887/789/852 853/755/820 851/753/818
f 887/789/852 851/753/818 883/785/848
f 884/786/849 888/790/853 889/791/854
f 884/786/849 889/791/854 885/787/850
f 890/792/855 855/757/822 853/755/820
f 890/792/855 853/755/820 887/789/852
f 888/790/853 891/793/856 892/794/857
f 888/790/853 892/794/857 889/791/854
f 893/795/858 857/759/824 855/757/822
f 893/795/858 855/757/822 890/792/855
f 891/793/856 894/796/859 895/797/860
f 891/793/856 895/797/860 892/794/857
f 896/798/861 859/761/826 857/759/824
f 896/798/861 857/759/824 893/795/858
f 894/796/859 897/799/862 898/800/863
f 894/796/859 898/800/863 895/797/860
f 743/663/711 742/662/710 859/761/826
f 743/663/711 859/761/826 896/798/861
f 897/799/862 899/801/864 900/802/865
f 897/799/862 900/802/865 898/800/863
f 103/83/85 861/763/828 741/661/709
f 103/83/85 741/661/709 901/803/748
f 899/801/864 902/804/866 903/805/867
f 899/801/864 903/805/867 900/802/865
f 747/667/715 746/666/714 78/58/60
f 747/667/715 78/58/60 77/57/59
f 904/806/868 773/693/741 721/642/689
f 904/806/868 721/642/689 722/643/690
f 880/782/699 881/783/154 899/801/864
f 880/782/699 899/801/864 745/665/713
f 753/673/721 713/634/681 714/635/682
f 753/673/721 714/635/682 715/636/683
f 766/686/734 904/806/868 722/643/690
f 766/686/734 722/643/690 723/644/691
f 740/660/708 781/701/749 780/700/748
f 740/660/708 780/700/748 741/661/709
f 899/801/864 897/799/862 746/666/714
f 899/801/864 746/666/714 745/665/713
f 897/799/862 894/796/859 78/58/60
f 897/799/862 78/58/60 746/666/714
f 894/796/859 891/793/856 79/59/61
f 894/796/859 79/59/61 78/58/60
f 891/793/856 888/790/853 81/61/63
f 891/793/856 81/61/63 79/59/61
f 888/790/853 884/786/849 83/63/65
f 888/790/853 83/63/65 81/61/63
f 884/786/849 863/765/830 85/65/67
f 884/786/849 85/65/67 83/63/65
f 863/765/830 862/764/829 87/67/69
f 863/765/830 87/67/69 85/65/67
f 862/764/829 866/768/833 89/69/71
f 862/764/829 89/69/71 87/67/69
f 343/302/319 905/302/869 725/306/693
f 343/302/319 725/306/693 347/306/323
f 902/804/866 878/780/845 879/781/846
f 902/804/866 879/781/846 903/805/867
f 877/779/844 868/770/835 871/773/838
f 877/779/844 871/773/838 886/788/851
f 906/807/870 502/432/475 535/465/506
f 906/807/870 535/465/506 907/808/871
f 640/564/609 908/523/872 597/523/566
f 640/564/609 597/523/566 641/565/610
f 909/809/873 910/810/874 911/811/875
f 909/809/873 911/811/875 912/812/876
f 913/813/877 914/500/878 915/502/879
f 913/813/877 915/502/879 916/814/880
f 917/815/881 918/816/882 919/817/883
f 917/815/881 919/817/883 920/818/884
f 921/506/885 576/506/546 578/508/548
f 921/506/885 578/508/548 922/508/886
f 923/819/887 924/820/888 385/344/360
f 923/819/887 385/344/360 925/821/889
f 531/461/502 926/822/890 927/823/891
f 531/461/502 927/823/891 928/824/892
f 929/825/893 503/433/476 502/432/475
f 929/825/893 502/432/475 906/807/870
f 475/407/448 930/826/894 258/219/234
f 475/407/448 258/219/234 257/218/233
f 173/136/155 931/827/895 932/828/896
f 173/136/155 932/828/896 933/829/897
f 910/810/874 934/830/898 605/531/574
f 910/810/874 605/531/574 911/811/875
f 935/831/899 936/832/900 265/226/241
f 935/831/899 265/226/241 264/225/240
f 937/833/901 938/498/902 914/500/878
f 937/833/901 914/500/878 913/813/877
f 939/834/903 940/835/904 918/816/882
f 939/834/903 918/816/882 917/815/881
f 941/504/905 574/504/544 576/506/546
f 941/504/905 576/506/546 921/506/885
f 942/836/906 923/819/887 943/837/907
f 942/836/906 943/837/907 944/838/908
f 928/824/892 927/823/891 945/839/909
f 928/824/892 945/839/909 946/840/910
f 947/841/911 506/436/479 503/433/476
f 947/841/911 503/433/476 929/825/893
f 948/842/912 949/843/913 950/844/914
f 948/842/912 950/844/914 951/845/915
f 952/846/916 953/494/917 938/498/902
f 952/846/916 938/498/902 937/833/901
f 954/847/918 955/848/919 940/835/904
f 954/847/918 940/835/904 939/834/903
f 915/502/879 572/502/542 574/504/544
f 915/502/879 574/504/544 941/504/905
f 923/819/887 925/821/889 956/849/920
f 923/819/887 956/849/920 943/837/907
f 946/840/910 945/839/909 957/850/921
f 946/840/910 957/850/921 958/851/922
f 959/852/923 508/438/481 506/436/479
f 959/852/923 506/436/479 947/841/911
f 704/625/672 724/645/692 960/853/924
f 704/625/672 960/853/924 961/854/925
f 962/855/926 963/495/927 953/494/917
f 962/855/926 953/494/917 952/846/916
f 964/856/928 965/857/929 955/848/919
f 964/856/928 955/848/919 954/847/918
f 914/500/878 570/500/540 572/502/542
f 914/500/878 572/502/542 915/502/879
f 113/93/95 704/625/672 961/854/925
f 113/93/95 961/854/925 561/491/531
f 925/821/889 966/858/930 967/859/931
f 925/821/889 967/859/931 956/849/920
f 603/529/572 598/524/567 968/860/932
f 603/529/572 968/860/932 969/860/933
f 970/861/934 950/844/914 971/862/935
f 970/861/934 971/862/935 972/863/936
f 958/851/922 957/850/921 973/864/937
f 958/851/922 973/864/937 255/216/231
f 974/865/938 510/440/483 508/438/481
f 974/865/938 508/438/481 959/852/923
f 975/866/939 190/153/171 184/147/165
f 975/866/939 184/147/165 471/403/445
f 976/867/940 977/418/941 963/495/927
f 976/867/940 963/495/927 962/855/926
f 978/868/942 916/814/880 965/857/929
f 978/868/942 965/857/929 964/856/928
f 938/498/902 568/498/538 570/500/540
f 938/498/902 570/500/540 914/500/878
f 701/622/669 979/554/943 980/556/944
f 701/622/669 980/556/944 981/869/945
f 966/858/930 982/870/946 983/871/947
f 966/858/930 983/871/947 967/859/931
f 984/560/948 635/560/604 602/528/571
f 984/560/948 602/528/571 601/527/570
f 255/216/231 973/864/937 985/872/949
f 255/216/231 985/872/949 252/213/228
f 986/873/950 512/442/485 510/440/483
f 986/873/950 510/440/483 974/865/938
f 987/874/951 194/157/175 190/153/171
f 987/874/951 190/153/171 975/866/939
f 988/875/952 989/876/570 603/529/572
f 988/875/952 603/529/572 666/587/634
f 990/877/953 991/110/954 977/418/941
f 990/877/953 977/418/941 976/867/940
f 289/249/265 292/252/268 495/425/468
f 289/249/265 495/425/468 992/878/955
f 993/879/956 913/813/877 916/814/880
f 993/879/956 916/814/880 978/868/942
f 953/494/917 564/494/534 568/498/538
f 953/494/917 568/498/538 938/498/902
f 697/618/665 994/553/957 979/554/943
f 697/618/665 979/554/943 701/622/669
f 982/870/946 995/880/958 996/881/959
f 982/870/946 996/881/959 983/871/947
f 997/558/960 633/558/602 635/560/604
f 997/558/960 635/560/604 984/560/948
f 998/326/961 160/127/142 161/128/143
f 998/326/961 161/128/143 165/131/147
f 264/225/240 992/878/955 495/425/468
f 264/225/240 495/425/468 935/831/899
f 999/882/962 514/444/487 512/442/485
f 999/882/962 512/442/485 986/873/950
f 125/105/107 198/161/179 194/157/175
f 125/105/107 194/157/175 987/874/951
f 1000/883/963 1001/111/964 991/110/954
f 1000/883/963 991/110/954 990/877/953
f 1002/884/965 937/833/901 913/813/877
f 1002/884/965 913/813/877 993/879/956
f 963/495/927 565/495/535 564/494/534
f 963/495/927 564/494/534 953/494/917
f 695/616/663 1003/551/966 994/553/957
f 695/616/663 994/553/957 697/618/665
f 995/880/958 1004/885/967 1005/886/968
f 995/880/958 1005/886/968 996/881/959
f 168/133/150 1006/887/969 525/455/441
f 168/133/150 525/455/441 526/456/122
f 980/556/944 631/556/600 633/558/602
f 980/556/944 633/558/602 997/558/960
f 1007/888/970 519/449/492 514/444/487
f 1007/888/970 514/444/487 999/882/962
f 128/108/110 202/165/183 198/161/179
f 128/108/110 198/161/179 125/105/107
f 1008/889/971 1009/890/972 1010/891/973
f 1008/889/971 1010/891/973 1011/892/974
f 170/132/152 166/129/148 165/131/147
f 170/132/152 165/131/147 161/128/143
f 1012/893/975 489/419/462 492/422/465
f 1012/893/975 492/422/465 1013/894/976
f 935/831/899 518/448/491 517/447/490
f 935/831/899 517/447/490 936/832/900
f 1014/895/977 952/846/916 937/833/901
f 1014/895/977 937/833/901 1002/884/965
f 977/418/941 488/418/461 565/495/535
f 977/418/941 565/495/535 963/495/927
f 692/613/660 1015/549/978 1003/551/966
f 692/613/660 1003/551/966 695/616/663
f 1004/885/967 1016/896/979 1017/897/980
f 1004/885/967 1017/897/980 1005/886/968
f 178/141/159 1018/898/981 1019/899/982
f 178/141/159 1019/899/982 1020/900/157
f 326/285/302 288/248/264 287/247/263
f 326/285/302 287/247/263 327/286/303
f 979/554/943 629/554/598 631/556/600
f 979/554/943 631/556/600 980/556/944
f 1021/901/983 1022/902/984 1023/903/985
f 1021/901/983 1023/903/985 177/140/158
f 1024/904/986 520/450/493 519/449/492
f 1024/904/986 519/449/492 1007/888/970
f 1025/905/987 206/169/186 202/165/183
f 1025/905/987 202/165/183 128/108/110
f 1026/906/988 1027/907/989 1028/908/990
f 1026/906/988 1028/908/990 1029/909/991
f 1030/910/992 649/571/618 1009/890/972
f 1030/910/992 1009/890/972 1008/889/971
f 1031/911/993 962/855/926 952/846/916
f 1031/911/993 952/846/916 1014/895/977
f 991/110/954 130/110/112 488/418/461
f 991/110/954 488/418/461 977/418/941
f 688/609/656 1032/547/994 1015/549/978
f 688/609/656 1015/549/978 692/613/660
f 1016/896/979 1033/912/995 1034/913/996
f 1016/896/979 1034/913/996 1017/897/980
f 1035/914/997 1036/915/998 1018/898/981
f 1035/914/997 1018/898/981 178/141/159
f 337/296/313 341/300/317 403/362/378
f 337/296/313 403/362/378 383/342/358
f 994/553/957 627/553/596 629/554/598
f 994/553/957 629/554/598 979/554/943
f 1037/316/999 150/122/132 152/123/134
f 1037/316/999 152/123/134 155/125/137
f 1022/902/984 1038/916/1000 1039/917/1001
f 1022/902/984 1039/917/1001 1023/903/985
f 1040/918/1002 544/474/514 520/450/493
f 1040/918/1002 520/450/493 1024/904/986
f 1041/919/1003 587/513/557 590/516/560
f 1041/919/1003 590/516/560 1042/920/1004
f 1043/921/1005 210/173/190 206/169/186
f 1043/921/1005 206/169/186 1025/905/987
f 1044/922/1006 646/570/615 649/571/618
f 1044/922/1006 649/571/618 1030/910/992
f 1045/923/1007 976/867/940 962/855/926
f 1045/923/1007 962/855/926 1031/911/993
f 685/606/653 1046/924/1008 1032/547/994
f 685/606/653 1032/547/994 688/609/656
f 1033/912/995 1047/925/1009 1048/926/1010
f 1033/912/995 1048/926/1010 1034/913/996
f 1049/927/1011 1050/928/1012 1036/915/998
f 1049/927/1011 1036/915/998 1035/914/997
f 1003/551/966 625/551/594 627/553/596
f 1003/551/966 627/553/596 994/553/957
f 1038/916/1000 1051/929/1013 1052/930/1014
f 1038/916/1000 1052/930/1014 1039/917/1001
f 524/454/497 523/453/496 544/474/514
f 524/454/497 544/474/514 1040/918/1002
f 1053/931/1015 214/177/193 210/173/190
f 1053/931/1015 210/173/190 1043/921/1005
f 1054/932/1016 1055/933/1017 646/570/615
f 1054/932/1016 646/570/615 1044/922/1006
f 1056/112/1018 1057/109/1019 129/109/111
f 1056/112/1018 129/109/111 132/112/114
f 157/126/139 156/124/138 155/125/137
f 157/126/139 155/125/137 152/123/134
f 132/112/114 131/111/113 1058/934/1020
f 132/112/114 1058/934/1020 1059/935/1021
f 1060/936/1022 990/877/953 976/867/940
f 1060/936/1022 976/867/940 1045/923/1007
f 681/602/649 1061/543/1023 1046/924/1008
f 681/602/649 1046/924/1008 685/606/653
f 1047/925/1009 1062/937/1024 1063/938/1025
f 1047/925/1009 1063/938/1025 1048/926/1010
f 1064/939/1026 1011/892/974 1050/928/1012
f 1064/939/1026 1050/928/1012 1049/927/1011
f 1015/549/978 623/549/592 625/551/594
f 1015/549/978 625/551/594 1003/551/966
f 970/861/934 1065/940/1027 1066/941/1028
f 970/861/934 1066/941/1028 950/844/914
f 1051/929/1013 1067/942/1029 1068/943/1030
f 1051/929/1013 1068/943/1030 1052/930/1014
f 1069/944/1031 218/181/197 214/177/193
f 1069/944/1031 214/177/193 1053/931/1015
f 936/832/900 263/224/239 262/223/238
f 936/832/900 262/223/238 134/114/116
f 1070/945/1032 1071/946/1033 1055/933/1017
f 1070/945/1032 1055/933/1017 1054/932/1016
f 566/496/536 565/495/535 488/418/461
f 566/496/536 488/418/461 487/417/460
f 1072/947/1034 1000/883/963 990/877/953
f 1072/947/1034 990/877/953 1060/936/1022
f 677/598/645 1073/948/1035 1061/543/1023
f 677/598/645 1061/543/1023 681/602/649
f 1062/937/1024 1074/949/1036 1075/950/1037
f 1062/937/1024 1075/950/1037 1063/938/1025
f 1076/951/1038 1008/889/971 1011/892/974
f 1076/951/1038 1011/892/974 1064/939/1026
f 1032/547/994 621/547/590 623/549/592
f 1032/547/994 623/549/592 1015/549/978
f 1065/940/1027 1077/952/1039 1078/953/1040
f 1065/940/1027 1078/953/1040 1066/941/1028
f 1067/942/1029 1079/954/1041 1080/955/1042
f 1067/942/1029 1080/955/1042 1068/943/1030
f 1081/956/1043 1082/957/1044 131/111/113
f 1081/956/1043 131/111/113 1001/111/964
f 1083/958/1045 222/185/200 218/181/197
f 1083/958/1045 218/181/197 1069/944/1031
f 1084/959/1046 1085/960/1047 1071/946/1033
f 1084/959/1046 1071/946/1033 1070/945/1032
f 1086/961/1048 1087/962/1049 908/523/872
f 1086/961/1048 908/523/872 1088/963/1050
f 591/517/258 1056/112/1018 132/112/114
f 591/517/258 132/112/114 592/518/561
f 673/594/641 1089/540/1051 1073/948/1035
f 673/594/641 1073/948/1035 677/598/645
f 1074/949/1036 1041/919/1003 1042/920/1004
f 1074/949/1036 1042/920/1004 1075/950/1037
f 1090/964/1052 1030/910/992 1008/889/971
f 1090/964/1052 1008/889/971 1076/951/1038
f 1046/924/1008 619/545/588 621/547/590
f 1046/924/1008 621/547/590 1032/547/994
f 1077/952/1039 593/519/562 1091/965/1053
f 1077/952/1039 1091/965/1053 1078/953/1040
f 1079/954/1041 1092/966/1054 1093/967/1055
f 1079/954/1041 1093/967/1055 1080/955/1042
f 1094/968/1056 226/189/204 222/185/200
f 1094/968/1056 222/185/200 1083/958/1045
f 1095/969/1057 409/366/384 1085/960/1047
f 1095/969/1057 1085/960/1047 1084/959/1046
f 1096/970/491 1097/971/1058 1098/972/1059
f 1096/970/491 1098/972/1059 516/446/489
f 981/869/945 980/556/944 997/558/960
f 981/869/945 997/558/960 1099/973/1060
f 670/591/638 1100/974/1061 1089/540/1051
f 670/591/638 1089/540/1051 673/594/641
f 1101/975/1062 1102/976/1063 944/838/908
f 1101/975/1062 944/838/908 1013/894/976
f 1103/977/1064 1044/922/1006 1030/910/992
f 1103/977/1064 1030/910/992 1090/964/1052
f 1061/543/1023 617/543/586 619/545/588
f 1061/543/1023 619/545/588 1046/924/1008
f 593/519/562 596/522/565 1104/978/1065
f 593/519/562 1104/978/1065 1091/965/1053
f 1092/966/1054 1105/979/1066 1106/980/1067
f 1092/966/1054 1106/980/1067 1093/967/1055
f 1107/981/1068 230/193/208 226/189/204
f 1107/981/1068 226/189/204 1094/968/1056
f 1045/923/1007 1042/920/1004 590/516/560
f 1045/923/1007 590/516/560 1060/936/1022
f 1108/982/1069 1109/983/1070 167/132/149
f 1108/982/1069 167/132/149 162/128/144
f 1110/984/1071 406/365/381 409/366/384
f 1110/984/1071 409/366/384 1095/969/1057
f 516/446/489 1098/972/1059 1111/985/1072
f 516/446/489 1111/985/1072 1112/986/1073
f 667/588/635 969/860/933 1100/974/1061
f 667/588/635 1100/974/1061 670/591/638
f 1113/987/1074 1054/932/1016 1044/922/1006
f 1113/987/1074 1044/922/1006 1103/977/1064
f 1073/948/1035 613/539/582 617/543/586
f 1073/948/1035 617/543/586 1061/543/1023
f 136/113/118 1114/988/1075 1115/989/1076
f 136/113/118 1115/989/1076 842/744/809
f 1077/952/1039 611/537/580 594/520/563
f 1077/952/1039 594/520/563 593/519/562
f 1116/990/1077 535/465/506 536/466/507
f 1116/990/1077 536/466/507 1117/991/1078
f 596/522/565 1118/992/1079 1119/993/1080
f 596/522/565 1119/993/1080 1104/978/1065
f 1120/994/1081 234/197/212 230/193/208
f 1120/994/1081 230/193/208 1107/981/1068
f 1001/111/964 131/111/113 130/110/112
f 1001/111/964 130/110/112 991/110/954
f 942/836/906 944/838/908 1121/995/1063
f 942/836/906 1121/995/1063 1122/996/1082
f 1123/997/1083 1124/377/1084 406/365/381
f 1123/997/1083 406/365/381 1110/984/1071
f 253/214/229 265/226/241 133/113/115
f 253/214/229 133/113/115 841/744/808
f 1113/987/1074 1106/980/1067 1125/998/1085
f 1113/987/1074 1125/998/1085 1126/999/1086
f 1112/986/1073 1111/985/1072 1127/1000/1087
f 1112/986/1073 1127/1000/1087 1128/1001/1088
f 666/587/634 603/529/572 969/860/933
f 666/587/634 969/860/933 667/588/635
f 1126/999/1086 1070/945/1032 1054/932/1016
f 1126/999/1086 1054/932/1016 1113/987/1074
f 1089/540/1051 614/540/583 613/539/582
f 1089/540/1051 613/539/582 1073/948/1035
f 1129/1002/447 1130/1003/1089 1131/1004/1090
f 1129/1002/447 1131/1004/1090 135/114/117
f 1118/992/1079 1132/1005/1091 1133/1006/1092
f 1118/992/1079 1133/1006/1092 1119/993/1080
f 918/816/882 1134/510/1093 1135/512/1094
f 918/816/882 1135/512/1094 919/817/883
f 652/574/621 240/201/218 234/197/212
f 652/574/621 234/197/212 1120/994/1081
f 491/421/464 586/421/556 1082/957/1044
f 491/421/464 1082/957/1044 1081/956/1043
f 1136/1007/1095 1137/1008/1096 1124/377/1084
f 1136/1007/1095 1124/377/1084 1123/997/1083
f 1128/1001/1088 1127/1000/1087 1138/1009/1097
f 1128/1001/1088 1138/1009/1097 1139/1010/1098
f 1140/1011/1099 1099/973/1060 1141/1012/1100
f 1140/1011/1099 1141/1012/1100 951/845/915
f 1142/1013/1101 1143/1014/1102 1001/111/964
f 1142/1013/1101 1001/111/964 1000/883/963
f 1144/1015/1103 1084/959/1046 1070/945/1032
f 1144/1015/1103 1070/945/1032 1126/999/1086
f 1100/974/1061 1145/974/1104 614/540/583
f 1100/974/1061 614/540/583 1089/540/1051
f 1146/1016/1105 930/826/894 933/829/897
f 1146/1016/1105 933/829/897 932/828/896
f 1132/1005/1091 1147/1017/1106 1148/1018/1107
f 1132/1005/1091 1148/1018/1107 1133/1006/1092
f 940/835/904 922/508/886 1134/510/1093
f 940/835/904 1134/510/1093 918/816/882
f 281/241/257 1027/907/989 1056/112/1018
f 281/241/257 1056/112/1018 282/242/258
f 490/420/463 584/420/554 586/421/556
f 490/420/463 586/421/556 491/421/464
f 290/250/266 1149/1019/1108 1150/1020/1109
f 290/250/266 1150/1020/1109 1151/1021/1110
f 540/470/511 539/469/510 1137/1008/1096
f 540/470/511 1137/1008/1096 1136/1007/1095
f 1152/1022/1111 486/416/459 485/415/458
f 1152/1022/1111 485/415/458 1125/998/1085
f 1139/1010/1098 1138/1009/1097 1153/1023/1112
f 1139/1010/1098 1153/1023/1112 501/431/474
f 1109/983/1070 1006/887/969 168/133/150
f 1109/983/1070 168/133/150 167/132/149
f 1154/1024/1113 1095/969/1057 1084/959/1046
f 1154/1024/1113 1084/959/1046 1144/1015/1103
f 969/860/933 968/860/932 1145/974/1104
f 969/860/933 1145/974/1104 1100/974/1061
f 1147/1017/1106 1155/1025/1114 1156/1026/1115
f 1147/1017/1106 1156/1026/1115 1148/1018/1107
f 1144/1015/1103 485/415/458 259/220/235
f 1144/1015/1103 259/220/235 1154/1024/1113
f 955/848/919 921/506/885 922/508/886
f 955/848/919 922/508/886 940/835/904
f 1135/512/1094 582/512/552 584/420/554
f 1135/512/1094 584/420/554 490/420/463
f 1149/1019/1108 1116/990/1077 1117/991/1078
f 1149/1019/1108 1117/991/1078 1150/1020/1109
f 934/830/898 636/561/605 606/532/575
f 934/830/898 606/532/575 605/531/574
f 1157/1027/1116 258/219/234 930/826/894
f 1157/1027/1116 930/826/894 1146/1016/1105
f 501/431/474 1153/1023/1112 1158/1028/1117
f 501/431/474 1158/1028/1117 498/428/471
f 1050/928/1012 1159/989/1118 1160/988/1119
f 1050/928/1012 1160/988/1119 1036/915/998
f 1161/1029/1120 1116/990/1077 1149/1019/1108
f 1161/1029/1120 1149/1019/1108 1162/1030/1121
f 1157/1027/1116 1110/984/1071 1095/969/1057
f 1157/1027/1116 1095/969/1057 1154/1024/1113
f 1155/1025/1114 1163/1031/1122 1164/1032/1123
f 1155/1025/1114 1164/1032/1123 1156/1026/1115
f 965/857/929 941/504/905 921/506/885
f 965/857/929 921/506/885 955/848/919
f 1134/510/1093 580/510/550 582/512/552
f 1134/510/1093 582/512/552 1135/512/1094
f 1020/900/157 1019/899/982 540/470/511
f 1020/900/157 540/470/511 931/827/895
f 498/428/471 1158/1028/1117 1165/1033/1124
f 498/428/471 1165/1033/1124 534/464/505
f 615/541/584 614/540/583 1145/974/1104
f 615/541/584 1145/974/1104 1166/1034/1125
f 907/808/871 535/465/506 1116/990/1077
f 907/808/871 1116/990/1077 1161/1029/1120
f 600/526/569 599/525/568 635/560/604
f 600/526/569 635/560/604 634/559/603
f 1146/1016/1105 1123/997/1083 1110/984/1071
f 1146/1016/1105 1110/984/1071 1157/1027/1116
f 1099/973/1060 997/558/960 984/560/948
f 1099/973/1060 984/560/948 1141/1012/1100
f 1163/1031/1122 909/809/873 912/812/876
f 1163/1031/1122 912/812/876 1164/1032/1123
f 252/213/228 985/872/949 992/878/955
f 252/213/228 992/878/955 264/225/240
f 916/814/880 915/502/879 941/504/905
f 916/814/880 941/504/905 965/857/929
f 920/818/884 919/817/883 489/419/462
f 920/818/884 489/419/462 1012/893/975
f 922/508/886 578/508/548 580/510/550
f 922/508/886 580/510/550 1134/510/1093
f 932/828/896 1136/1007/1095 1123/997/1083
f 932/828/896 1123/997/1083 1146/1016/1105
f 534/464/505 1165/1033/1124 926/822/890
f 534/464/505 926/822/890 531/461/502
f 1167/1035/1126 981/869/945 1099/973/1060
f 1167/1035/1126 1099/973/1060 1140/1011/1099
f 559/489/529 653/575/106 654/576/622
f 559/489/529 654/576/622 560/490/530
f 1168/1036/1127 1169/1037/1128 1026/906/988
f 1168/1036/1127 1026/906/988 1170/1038/991
f 652/574/621 1169/1037/1128 1171/1039/1129
f 652/574/621 1171/1039/1129 1172/1040/619
f 1026/906/988 1169/1037/1128 1173/1041/1130
f 1026/906/988 1173/1041/1130 1174/1042/1131
f 1120/994/1081 1173/1041/1130 1169/1037/1128
f 1120/994/1081 1169/1037/1128 652/574/621
f 1174/1042/1131 1173/1041/1130 1175/1043/1132
f 1174/1042/1131 1175/1043/1132 1176/1044/1133
f 1107/981/1068 1175/1043/1132 1173/1041/1130
f 1107/981/1068 1173/1041/1130 1120/994/1081
f 1176/1044/1133 1175/1043/1132 1177/1045/1134
f 1176/1044/1133 1177/1045/1134 1178/1046/1135
f 1094/968/1056 1177/1045/1134 1175/1043/1132
f 1094/968/1056 1175/1043/1132 1107/981/1068
f 1178/1046/1135 1177/1045/1134 1179/1047/1136
f 1178/1046/1135 1179/1047/1136 1180/1048/1137
f 1083/958/1045 1179/1047/1136 1177/1045/1134
f 1083/958/1045 1177/1045/1134 1094/968/1056
f 1180/1048/1137 1179/1047/1136 1181/1049/1138
f 1180/1048/1137 1181/1049/1138 1182/1050/1139
f 1069/944/1031 1181/1049/1138 1179/1047/1136
f 1069/944/1031 1179/1047/1136 1083/958/1045
f 1182/1050/1139 1181/1049/1138 1183/1051/1140
f 1182/1050/1139 1183/1051/1140 1184/1052/1141
f 1053/931/1015 1183/1051/1140 1181/1049/1138
f 1053/931/1015 1181/1049/1138 1069/944/1031
f 1184/1052/1141 1183/1051/1140 1185/1053/1142
f 1184/1052/1141 1185/1053/1142 1186/1054/1143
f 1043/921/1005 1185/1053/1142 1183/1051/1140
f 1043/921/1005 1183/1051/1140 1053/931/1015
f 1186/1054/1143 1185/1053/1142 1187/1055/1144
f 1186/1054/1143 1187/1055/1144 1188/1056/1145
f 1025/905/987 1187/1055/1144 1185/1053/1142
f 1025/905/987 1185/1053/1142 1043/921/1005
f 1188/1056/1145 1187/1055/1144 127/107/109
f 1188/1056/1145 127/107/109 1189/1057/1146
f 128/108/110 127/107/109 1187/1055/1144
f 128/108/110 1187/1055/1144 1025/905/987
f 1189/1057/1146 127/107/109 126/106/108
f 1189/1057/1146 126/106/108 1190/1058/1147
f 1190/1058/1147 126/106/108 1191/1059/1148
f 1190/1058/1147 1191/1059/1148 1192/1060/1149
f 987/874/951 1191/1059/1148 126/106/108
f 987/874/951 126/106/108 125/105/107
f 1192/1060/1149 1191/1059/1148 1193/1061/1150
f 1192/1060/1149 1193/1061/1150 122/102/104
f 975/866/939 1193/1061/1150 1191/1059/1148
f 975/866/939 1191/1059/1148 987/874/951
f 122/102/104 1193/1061/1150 470/402/444
f 122/102/104 470/402/444 119/99/101
f 471/403/445 470/402/444 1193/1061/1150
f 471/403/445 1193/1061/1150 975/866/939
f 468/400/442 1172/1040/619 1171/1039/1129
f 468/400/442 1171/1039/1129 469/401/443
f 496/426/469 1194/1020/1151 1195/991/1152
f 496/426/469 1195/991/1152 497/427/470
f 1196/1062/1153 469/401/443 1168/1036/1127
f 1196/1062/1153 1168/1036/1127 1170/1038/991
f 119/99/101 470/402/444 469/401/443
f 119/99/101 469/401/443 1196/1062/1153
f 528/458/499 1197/1063/1154 543/473/513
f 528/458/499 543/473/513 529/459/500
f 702/623/670 701/622/669 981/869/945
f 702/623/670 981/869/945 1167/1035/1126
f 248/209/225 1198/209/1155 1199/1064/1156
f 248/209/225 1199/1064/1156 249/210/226
f 249/210/226 1199/1064/1156 1200/1065/1157
f 249/210/226 1200/1065/1157 1201/1066/223
f 1197/1063/1154 1202/451/1158 521/451/494
f 1197/1063/1154 521/451/494 543/473/513
f 189/152/170 1203/1067/1159 1198/209/1155
f 189/152/170 1198/209/1155 248/209/225
f 1204/1068/1157 1199/1064/1156 1197/1063/1154
f 1204/1068/1157 1197/1063/1154 1205/1069/1160
f 1202/451/1158 1206/452/1161 522/452/495
f 1202/451/1158 522/452/495 521/451/494
f 514/444/487 519/449/492 522/452/495
f 514/444/487 522/452/495 515/445/488
f 188/151/169 1207/151/1162 1203/1067/1159
f 188/151/169 1203/1067/1159 189/152/170
f 1198/209/1155 1202/451/1158 1197/1063/1154
f 1198/209/1155 1197/1063/1154 1199/1064/1156
f 1206/452/1161 1208/445/1163 515/445/488
f 1206/452/1161 515/445/488 522/452/495
f 1112/986/1073 1209/1070/1164 260/221/236
f 1112/986/1073 260/221/236 516/446/489
f 193/156/174 1210/1071/1165 1207/151/1162
f 193/156/174 1207/151/1162 188/151/169
f 1203/1067/1159 1206/452/1161 1202/451/1158
f 1203/1067/1159 1202/451/1158 1198/209/1155
f 1208/445/1163 1211/443/1166 513/443/486
f 1208/445/1163 513/443/486 515/445/488
f 1128/1001/1088 1212/1072/1167 1209/1070/1164
f 1128/1001/1088 1209/1070/1164 1112/986/1073
f 197/160/178 1213/160/1168 1210/1071/1165
f 197/160/178 1210/1071/1165 193/156/174
f 1207/151/1162 1208/445/1163 1206/452/1161
f 1207/151/1162 1206/452/1161 1203/1067/1159
f 1211/443/1166 1214/441/1169 511/441/484
f 1211/443/1166 511/441/484 513/443/486
f 1139/1010/1098 1215/1073/1170 1212/1072/1167
f 1139/1010/1098 1212/1072/1167 1128/1001/1088
f 201/164/182 1216/1074/1171 1213/160/1168
f 201/164/182 1213/160/1168 197/160/178
f 1210/1071/1165 1211/443/1166 1208/445/1163
f 1210/1071/1165 1208/445/1163 1207/151/1162
f 1214/441/1169 1217/1075/1172 509/439/482
f 1214/441/1169 509/439/482 511/441/484
f 501/431/474 500/430/473 1215/1073/1170
f 501/431/474 1215/1073/1170 1139/1010/1098
f 205/168/127 1218/168/1173 1216/1074/1171
f 205/168/127 1216/1074/1171 201/164/182
f 1213/160/1168 1214/441/1169 1211/443/1166
f 1213/160/1168 1211/443/1166 1210/1071/1165
f 1217/1075/1172 1219/437/1174 507/437/480
f 1217/1075/1172 507/437/480 509/439/482
f 209/172/189 1220/1076/1175 1218/168/1173
f 209/172/189 1218/168/1173 205/168/127
f 534/464/505 533/463/504 499/429/472
f 534/464/505 499/429/472 498/428/471
f 1216/1074/1171 1217/1075/1172 1214/441/1169
f 1216/1074/1171 1214/441/1169 1213/160/1168
f 1219/437/1174 1221/434/1176 504/434/477
f 1219/437/1174 504/434/477 507/437/480
f 928/824/892 1222/1077/1177 532/462/503
f 928/824/892 532/462/503 531/461/502
f 213/176/134 1223/1078/1178 1220/1076/1175
f 213/176/134 1220/1076/1175 209/172/189
f 1218/168/1173 1219/437/1174 1217/1075/1172
f 1218/168/1173 1217/1075/1172 1216/1074/1171
f 505/435/478 504/434/477 1221/434/1176
f 505/435/478 1221/434/1176 1224/1079/1179
f 946/840/910 1225/1080/1180 1222/1077/1177
f 946/840/910 1222/1077/1177 928/824/892
f 217/180/196 1226/180/1181 1223/1078/1178
f 217/180/196 1223/1078/1178 213/176/134
f 1220/1076/1175 1221/434/1176 1219/437/1174
f 1220/1076/1175 1219/437/1174 1218/168/1173
f 536/466/507 505/435/478 1224/1079/1179
f 536/466/507 1224/1079/1179 1227/466/1182
f 958/851/922 1228/1081/1183 1225/1080/1180
f 958/851/922 1225/1080/1180 946/840/910
f 221/184/142 497/427/470 1226/180/1181
f 221/184/142 1226/180/1181 217/180/196
f 1220/1076/1175 1223/1078/1178 1224/1079/1179
f 1220/1076/1175 1224/1079/1179 1221/434/1176
f 1117/991/1078 536/466/507 1227/466/1182
f 1117/991/1078 1227/466/1182 1195/991/1152
f 1226/180/1181 1227/466/1182 1224/1079/1179
f 1226/180/1181 1224/1079/1179 1223/1078/1178
f 1150/1020/1109 1117/991/1078 1195/991/1152
f 1150/1020/1109 1195/991/1152 1194/1020/1151
f 291/251/267 290/250/266 1151/1021/1110
f 291/251/267 1151/1021/1110 530/460/501
f 497/427/470 1195/991/1152 1227/466/1182
f 497/427/470 1227/466/1182 1226/180/1181
f 1194/1020/1151 1229/1082/1184 1151/1021/1110
f 1194/1020/1151 1151/1021/1110 1150/1020/1109
f 255/216/231 254/215/230 1228/1081/1183
f 255/216/231 1228/1081/1183 958/851/922
f 541/471/496 291/251/267 530/460/501
f 541/471/496 530/460/501 542/472/512
f 1229/1082/1184 527/457/498 530/460/501
f 1229/1082/1184 530/460/501 1151/1021/1110
f 1205/1069/1160 527/457/498 463/396/438
f 1205/1069/1160 463/396/438 1204/1068/1157
f 464/192/439 463/396/438 527/457/498
f 464/192/439 527/457/498 1229/1082/1184
f 1230/1083/1185 1231/1084/1089 1232/469/1186
f 1230/1083/1185 1232/469/1186 539/469/510
f 496/426/469 464/192/439 1229/1082/1184
f 496/426/469 1229/1082/1184 1194/1020/1151
f 233/196/211 1201/1066/223 1200/1065/1157
f 233/196/211 1200/1065/1157 463/396/438
f 1233/1004/1187 1131/1004/1090 1231/1084/1089
f 1233/1004/1187 1231/1084/1089 1230/1083/1185
f 472/404/446 1232/469/1186 1130/1003/1089
f 472/404/446 1130/1003/1089 1129/1002/447
f 539/469/510 1232/469/1186 1234/1008/1188
f 539/469/510 1234/1008/1188 1137/1008/1096
f 134/114/116 474/406/238 473/405/447
f 134/114/116 473/405/447 135/114/117
f 478/410/451 1234/1008/1188 1232/469/1186
f 478/410/451 1232/469/1186 472/404/446
f 1137/1008/1096 1234/1008/1188 438/377/413
f 1137/1008/1096 438/377/413 1124/377/1084
f 429/372/404 438/377/413 1234/1008/1188
f 429/372/404 1234/1008/1188 478/410/451
f 1124/377/1084 438/377/413 407/365/382
f 1124/377/1084 407/365/382 406/365/381
f 374/333/349 329/288/305 322/281/298
f 374/333/349 322/281/298 371/330/297
f 379/338/354 381/340/356 325/284/301
f 379/338/354 325/284/301 324/283/300
f 416/370/391 408/366/383 407/365/382
f 416/370/391 407/365/382 417/371/392
f 409/366/384 408/366/383 1235/960/1189
f 409/366/384 1235/960/1189 1085/960/1047
f 480/412/453 1235/960/1189 408/366/383
f 480/412/453 408/366/383 416/370/391
f 1085/960/1047 1235/960/1189 1236/946/1190
f 1085/960/1047 1236/946/1190 1071/946/1033
f 278/239/254 1236/946/1190 1235/960/1189
f 278/239/254 1235/960/1189 480/412/453
f 278/239/254 480/412/453 481/412/454
f 278/239/254 481/412/454 279/240/255
f 1071/946/1033 1236/946/1190 1237/933/1191
f 1071/946/1033 1237/933/1191 1055/933/1017
f 1055/933/1017 1237/933/1191 647/570/616
f 1055/933/1017 647/570/616 646/570/615
f 250/211/227 183/146/164 179/142/160
f 250/211/227 179/142/160 251/212/163
f 245/206/162 180/143/161 249/210/226
f 245/206/162 249/210/226 246/207/223
f 180/143/161 179/142/160 185/148/166
f 180/143/161 185/148/166 247/208/224
f 647/570/616 237/200/215 236/199/214
f 647/570/616 236/199/214 648/571/617
f 182/145/163 181/144/162 232/195/210
f 182/145/163 232/195/210 241/202/219
f 649/571/618 648/571/617 1238/890/1192
f 649/571/618 1238/890/1192 1009/890/972
f 1009/890/972 1238/890/1192 1239/891/1193
f 1009/890/972 1239/891/1193 1010/891/973
f 1240/1085/1194 1108/982/1069 162/128/144
f 1240/1085/1194 162/128/144 159/127/141
f 1010/891/973 1239/891/1193 1115/989/1076
f 1010/891/973 1115/989/1076 1159/989/1118
f 842/744/809 484/414/457 483/414/456
f 842/744/809 483/414/456 841/744/808
f 284/244/260 1238/890/1192 648/571/617
f 284/244/260 648/571/617 236/199/214
f 1239/891/1193 484/414/457 842/744/809
f 1239/891/1193 842/744/809 1115/989/1076
f 1238/890/1192 284/244/260 484/414/457
f 1238/890/1192 484/414/457 1239/891/1193
f 1159/989/1118 1115/989/1076 1114/988/1075
f 1159/989/1118 1114/988/1075 1160/988/1119
f 1114/988/1075 136/113/118 135/114/117
f 1114/988/1075 135/114/117 1131/1004/1090
f 265/226/241 936/832/900 134/114/116
f 265/226/241 134/114/116 133/113/115
f 466/398/440 476/408/449 1241/577/1195
f 466/398/440 1241/577/1195 137/115/119
f 1160/988/1119 1114/988/1075 1131/1004/1090
f 1160/988/1119 1131/1004/1090 1233/1004/1187
f 1242/332/1196 169/133/151 1243/1086/223
f 1242/332/1196 1243/1086/223 1244/1087/1197
f 329/288/305 1245/288/1198 1246/289/1199
f 329/288/305 1246/289/1199 330/289/306
f 1247/577/225 138/115/120 137/115/119
f 1247/577/225 137/115/119 1241/577/1195
f 1248/1088/1200 1249/1089/1197 1245/288/1198
f 1248/1088/1200 1245/288/1198 329/288/305
f 1245/288/1198 138/115/120 1247/577/225
f 1245/288/1198 1247/577/225 1246/289/1199
f 1244/1087/1197 1243/1086/223 138/115/120
f 1244/1087/1197 138/115/120 1245/288/1198
f 330/289/306 1246/289/1199 838/294/805
f 330/289/306 838/294/805 335/294/311
f 339/298/315 335/294/311 838/294/805
f 339/298/315 838/294/805 840/298/807
f 269/230/245 268/229/244 837/229/169
f 269/230/245 837/229/169 839/230/806
f 839/230/806 1247/577/225 1241/577/1195
f 839/230/806 1241/577/1195 269/230/245
f 837/229/169 836/743/804 905/302/869
f 837/229/169 905/302/869 840/298/807
f 141/118/123 144/118/126 1037/316/999
f 141/118/123 1037/316/999 357/316/333
f 357/316/333 1037/316/999 155/125/137
f 357/316/333 155/125/137 154/125/136
f 998/326/961 156/124/138 157/126/139
f 998/326/961 157/126/139 160/127/142
f 153/124/135 156/124/138 998/326/961
f 153/124/135 998/326/961 367/326/343
f 367/326/343 998/326/961 165/131/147
f 367/326/343 165/131/147 164/130/146
f 1242/332/1196 166/129/148 170/132/152
f 1242/332/1196 170/132/152 169/133/151
f 163/129/145 166/129/148 1242/332/1196
f 163/129/145 1242/332/1196 373/332/348
f 170/132/152 161/128/143 162/128/144
f 170/132/152 162/128/144 167/132/149
f 373/332/348 1242/332/1196 1249/1089/1197
f 373/332/348 1249/1089/1197 1248/1088/1200
f 931/827/895 173/136/155 176/139/154
f 931/827/895 176/139/154 175/138/157
f 172/135/154 171/134/153 1021/901/983
f 172/135/154 1021/901/983 177/140/158
f 475/407/448 477/409/450 933/829/897
f 475/407/448 933/829/897 930/826/894
f 477/409/450 476/408/449 466/398/440
f 477/409/450 466/398/440 174/137/156
f 258/219/234 1157/1027/1116 1154/1024/1113
f 258/219/234 1154/1024/1113 259/220/235
f 1126/999/1086 1125/998/1085 485/415/458
f 1126/999/1086 485/415/458 1144/1015/1103
f 1105/979/1066 1152/1022/1111 1125/998/1085
f 1105/979/1066 1125/998/1085 1106/980/1067
f 1103/977/1064 1093/967/1055 1106/980/1067
f 1103/977/1064 1106/980/1067 1113/987/1074
f 1090/964/1052 1080/955/1042 1093/967/1055
f 1090/964/1052 1093/967/1055 1103/977/1064
f 1076/951/1038 1068/943/1030 1080/955/1042
f 1076/951/1038 1080/955/1042 1090/964/1052
f 1064/939/1026 1052/930/1014 1068/943/1030
f 1064/939/1026 1068/943/1030 1076/951/1038
f 1049/927/1011 1039/917/1001 1052/930/1014
f 1049/927/1011 1052/930/1014 1064/939/1026
f 1035/914/997 1023/903/985 1039/917/1001
f 1035/914/997 1039/917/1001 1049/927/1011
f 178/141/159 177/140/158 1023/903/985
f 178/141/159 1023/903/985 1035/914/997
f 477/409/450 174/137/156 173/136/155
f 477/409/450 173/136/155 933/829/897
f 935/831/899 495/425/468 1097/971/1058
f 935/831/899 1097/971/1058 1096/970/491
f 1161/1029/1120 1162/1030/1121 985/872/949
f 1161/1029/1120 985/872/949 973/864/937
f 907/808/871 1161/1029/1120 973/864/937
f 907/808/871 973/864/937 957/850/921
f 906/807/870 907/808/871 957/850/921
f 906/807/870 957/850/921 945/839/909
f 929/825/893 906/807/870 945/839/909
f 929/825/893 945/839/909 927/823/891
f 947/841/911 929/825/893 927/823/891
f 947/841/911 927/823/891 926/822/890
f 959/852/923 947/841/911 926/822/890
f 959/852/923 926/822/890 1165/1033/1124
f 974/865/938 959/852/923 1165/1033/1124
f 974/865/938 1165/1033/1124 1158/1028/1117
f 986/873/950 974/865/938 1158/1028/1117
f 986/873/950 1158/1028/1117 1153/1023/1112
f 999/882/962 986/873/950 1153/1023/1112
f 999/882/962 1153/1023/1112 1138/1009/1097
f 1007/888/970 999/882/962 1138/1009/1097
f 1007/888/970 1138/1009/1097 1127/1000/1087
f 1024/904/986 1007/888/970 1127/1000/1087
f 1024/904/986 1127/1000/1087 1111/985/1072
f 1040/918/1002 1024/904/986 1111/985/1072
f 1040/918/1002 1111/985/1072 1098/972/1059
f 493/423/466 1040/918/1002 1098/972/1059
f 493/423/466 1098/972/1059 494/424/467
f 385/344/360 924/820/888 1250/557/1201
f 385/344/360 1250/557/1201 386/345/361
f 1162/1030/1121 289/249/265 992/878/955
f 1162/1030/1121 992/878/955 985/872/949
f 1059/935/1021 1058/934/1020 586/421/556
f 1059/935/1021 586/421/556 585/204/555
f 1057/109/1019 1251/417/1202 487/417/460
f 1057/109/1019 487/417/460 129/109/111
f 1251/417/1202 1252/496/1203 566/496/536
f 1251/417/1202 566/496/536 487/417/460
f 1252/496/1203 1253/493/1204 563/493/533
f 1252/496/1203 563/493/533 566/496/536
f 1253/493/1204 1254/497/1205 567/497/537
f 1253/493/1204 567/497/537 563/493/533
f 1254/497/1205 1255/499/1206 569/499/539
f 1254/497/1205 569/499/539 567/497/537
f 1255/499/1206 1256/501/1207 571/501/541
f 1255/499/1206 571/501/541 569/499/539
f 1256/501/1207 1257/503/1208 573/503/543
f 1256/501/1207 573/503/543 571/501/541
f 1257/503/1208 1258/505/1209 575/505/545
f 1257/503/1208 575/505/545 573/503/543
f 1258/505/1209 1259/507/1210 577/507/547
f 1258/505/1209 577/507/547 575/505/545
f 1259/507/1210 1260/509/1211 579/509/549
f 1259/507/1210 579/509/549 577/507/547
f 1260/509/1211 1261/511/1212 581/511/551
f 1260/509/1211 581/511/551 579/509/549
f 1261/511/1212 244/205/222 583/205/553
f 1261/511/1212 583/205/553 581/511/551
f 244/205/222 243/204/221 585/204/555
f 244/205/222 585/204/555 583/205/553
f 1262/1090/1213 384/343/359 387/346/362
f 1262/1090/1213 387/346/362 1263/1091/1214
f 1072/947/1034 589/515/559 1102/976/1063
f 1072/947/1034 1102/976/1063 1101/975/1062
f 1122/996/1082 1121/995/1063 589/515/559
f 1122/996/1082 589/515/559 588/514/558
f 908/523/872 1264/1092/1215 1265/1092/1216
f 908/523/872 1265/1092/1216 597/523/566
f 1060/936/1022 590/516/560 589/515/559
f 1060/936/1022 589/515/559 1072/947/1034
f 1031/911/993 1075/950/1037 1042/920/1004
f 1031/911/993 1042/920/1004 1045/923/1007
f 1014/895/977 1063/938/1025 1075/950/1037
f 1014/895/977 1075/950/1037 1031/911/993
f 1002/884/965 1048/926/1010 1063/938/1025
f 1002/884/965 1063/938/1025 1014/895/977
f 993/879/956 1034/913/996 1048/926/1010
f 993/879/956 1048/926/1010 1002/884/965
f 978/868/942 1017/897/980 1034/913/996
f 978/868/942 1034/913/996 993/879/956
f 964/856/928 1005/886/968 1017/897/980
f 964/856/928 1017/897/980 978/868/942
f 954/847/918 996/881/959 1005/886/968
f 954/847/918 1005/886/968 964/856/928
f 939/834/903 983/871/947 996/881/959
f 939/834/903 996/881/959 954/847/918
f 917/815/881 967/859/931 983/871/947
f 917/815/881 983/871/947 939/834/903
f 920/818/884 956/849/920 967/859/931
f 920/818/884 967/859/931 917/815/881
f 1012/893/975 943/837/907 956/849/920
f 1012/893/975 956/849/920 920/818/884
f 1013/894/976 944/838/908 943/837/907
f 1013/894/976 943/837/907 1012/893/975
f 1265/1092/1216 968/860/932 598/524/567
f 1265/1092/1216 598/524/567 597/523/566
f 1166/1034/1125 1145/974/1104 968/860/932
f 1166/1034/1125 968/860/932 1265/1092/1216
f 1264/1092/1215 1266/1034/1217 1166/1034/1125
f 1264/1092/1215 1166/1034/1125 1265/1092/1216
f 1266/1034/1217 1267/541/1218 615/541/584
f 1266/1034/1217 615/541/584 1166/1034/1125
f 1267/541/1218 1268/538/1219 612/538/581
f 1267/541/1218 612/538/581 615/541/584
f 1268/538/1219 1269/542/1220 616/542/585
f 1268/538/1219 616/542/585 612/538/581
f 1269/542/1220 1270/544/1221 618/544/587
f 1269/542/1220 618/544/587 616/542/585
f 1270/544/1221 1271/546/1222 620/546/589
f 1270/544/1221 620/546/589 618/544/587
f 1271/546/1222 1272/1093/1223 622/548/591
f 1271/546/1222 622/548/591 620/546/589
f 1272/1093/1223 1273/550/1224 624/550/593
f 1272/1093/1223 624/550/593 622/548/591
f 1273/550/1224 1263/1091/1214 626/552/595
f 1273/550/1224 626/552/595 624/550/593
f 1263/1091/1214 387/346/362 628/346/597
f 1263/1091/1214 628/346/597 626/552/595
f 387/346/362 386/345/361 630/555/599
f 387/346/362 630/555/599 628/346/597
f 386/345/361 1250/557/1201 632/557/601
f 386/345/361 632/557/601 630/555/599
f 1250/557/1201 639/559/608 634/559/603
f 1250/557/1201 634/559/603 632/557/601
f 596/522/565 595/521/564 683/604/651
f 596/522/565 683/604/651 1118/992/1079
f 665/586/633 638/563/607 949/843/913
f 665/586/633 949/843/913 948/842/912
f 972/863/936 971/862/935 638/563/607
f 972/863/936 638/563/607 637/562/606
f 607/533/576 606/532/575 638/563/607
f 607/533/576 638/563/607 665/586/633
f 674/595/642 911/811/875 605/531/574
f 674/595/642 605/531/574 604/530/573
f 678/599/646 912/812/876 911/811/875
f 678/599/646 911/811/875 674/595/642
f 682/603/650 1164/1032/1123 912/812/876
f 682/603/650 912/812/876 678/599/646
f 686/607/654 1156/1026/1115 1164/1032/1123
f 686/607/654 1164/1032/1123 682/603/650
f 689/610/657 1148/1018/1107 1156/1026/1115
f 689/610/657 1156/1026/1115 686/607/654
f 693/614/661 1133/1006/1092 1148/1018/1107
f 693/614/661 1148/1018/1107 689/610/657
f 696/617/664 1119/993/1080 1133/1006/1092
f 696/617/664 1133/1006/1092 693/614/661
f 698/619/666 1104/978/1065 1119/993/1080
f 698/619/666 1119/993/1080 696/617/664
f 702/623/670 1091/965/1053 1104/978/1065
f 702/623/670 1104/978/1065 698/619/666
f 1167/1035/1126 1078/953/1040 1091/965/1053
f 1167/1035/1126 1091/965/1053 702/623/670
f 1140/1011/1099 1066/941/1028 1078/953/1040
f 1140/1011/1099 1078/953/1040 1167/1035/1126
f 951/845/915 950/844/914 1066/941/1028
f 951/845/915 1066/941/1028 1140/1011/1099
f 471/403/445 184/147/165 183/146/164
f 471/403/445 183/146/164 468/400/442
f 1029/909/991 1028/908/990 242/203/220
f 1029/909/991 242/203/220 1196/1062/1153
f 468/400/442 183/146/164 651/573/620
f 468/400/442 651/573/620 650/572/619
f 317/276/293 379/338/354 324/283/300
f 317/276/293 324/283/300 326/285/302
f 1237/933/1191 277/238/253 237/200/215
f 1237/933/1191 237/200/215 647/570/616
f 1174/1042/1131 1274/1094/1225 1027/907/989
f 1174/1042/1131 1027/907/989 1026/906/988
f 1027/907/989 1274/1094/1225 1057/109/1019
f 1027/907/989 1057/109/1019 1056/112/1018
f 1176/1044/1133 1275/1095/1226 1274/1094/1225
f 1176/1044/1133 1274/1094/1225 1174/1042/1131
f 1274/1094/1225 1275/1095/1226 1251/417/1202
f 1274/1094/1225 1251/417/1202 1057/109/1019
f 1178/1046/1135 1276/1096/1227 1275/1095/1226
f 1178/1046/1135 1275/1095/1226 1176/1044/1133
f 1275/1095/1226 1276/1096/1227 1252/496/1203
f 1275/1095/1226 1252/496/1203 1251/417/1202
f 1180/1048/1137 1277/1097/1228 1276/1096/1227
f 1180/1048/1137 1276/1096/1227 1178/1046/1135
f 1276/1096/1227 1277/1097/1228 1253/493/1204
f 1276/1096/1227 1253/493/1204 1252/496/1203
f 1182/1050/1139 1278/1098/1229 1277/1097/1228
f 1182/1050/1139 1277/1097/1228 1180/1048/1137
f 1277/1097/1228 1278/1098/1229 1254/497/1205
f 1277/1097/1228 1254/497/1205 1253/493/1204
f 1184/1052/1141 1279/1099/1230 1278/1098/1229
f 1184/1052/1141 1278/1098/1229 1182/1050/1139
f 1278/1098/1229 1279/1099/1230 1255/499/1206
f 1278/1098/1229 1255/499/1206 1254/497/1205
f 1186/1054/1143 1280/1100/1231 1279/1099/1230
f 1186/1054/1143 1279/1099/1230 1184/1052/1141
f 1279/1099/1230 1280/1100/1231 1256/501/1207
f 1279/1099/1230 1256/501/1207 1255/499/1206
f 1188/1056/1145 1281/1101/1232 1280/1100/1231
f 1188/1056/1145 1280/1100/1231 1186/1054/1143
f 1280/1100/1231 1281/1101/1232 1257/503/1208
f 1280/1100/1231 1257/503/1208 1256/501/1207
f 1189/1057/1146 1282/1102/1233 1281/1101/1232
f 1189/1057/1146 1281/1101/1232 1188/1056/1145
f 1281/1101/1232 1282/1102/1233 1258/505/1209
f 1281/1101/1232 1258/505/1209 1257/503/1208
f 1190/1058/1147 1283/1103/1234 1282/1102/1233
f 1190/1058/1147 1282/1102/1233 1189/1057/1146
f 1282/1102/1233 1283/1103/1234 1259/507/1210
f 1282/1102/1233 1259/507/1210 1258/505/1209
f 1192/1060/1149 1284/1104/1235 1283/1103/1234
f 1192/1060/1149 1283/1103/1234 1190/1058/1147
f 1283/1103/1234 1284/1104/1235 1260/509/1211
f 1283/1103/1234 1260/509/1211 1259/507/1210
f 122/102/104 121/101/103 1284/1104/1235
f 122/102/104 1284/1104/1235 1192/1060/1149
f 1284/1104/1235 121/101/103 1261/511/1212
f 1284/1104/1235 1261/511/1212 1260/509/1211
f 1196/1062/1153 242/203/220 120/100/102
f 1196/1062/1153 120/100/102 119/99/101
f 121/101/103 120/100/102 244/205/222
f 121/101/103 244/205/222 1261/511/1212
f 520/450/493 544/474/514 543/473/513
f 520/450/493 543/473/513 521/451/494
f 1036/915/998 1160/988/1119 1233/1004/1187
f 1036/915/998 1233/1004/1187 1018/898/981
f 1018/898/981 1233/1004/1187 538/468/509
f 1018/898/981 538/468/509 537/467/508
f 919/817/883 1135/512/1094 490/420/463
f 919/817/883 490/420/463 489/419/462
f 931/827/895 540/470/511 1136/1007/1095
f 931/827/895 1136/1007/1095 932/828/896
f 260/221/236 1209/1070/1164 479/411/452
f 260/221/236 479/411/452 261/222/237
f 1209/1070/1164 1212/1072/1167 430/373/405
f 1209/1070/1164 430/373/405 479/411/452
f 1212/1072/1167 1215/1073/1170 418/371/393
f 1212/1072/1167 418/371/393 430/373/405
f 1215/1073/1170 500/430/473 419/370/394
f 1215/1073/1170 419/370/394 418/371/393
f 500/430/473 499/429/472 481/412/454
f 500/430/473 481/412/454 419/370/394
f 499/429/472 533/463/504 279/240/255
f 499/429/472 279/240/255 481/412/454
f 533/463/504 532/462/503 280/238/256
f 533/463/504 280/238/256 279/240/255
f 532/462/503 1222/1077/1177 238/200/216
f 532/462/503 238/200/216 280/238/256
f 1222/1077/1177 1225/1080/1180 239/199/217
f 1222/1077/1177 239/199/217 238/200/216
f 476/408/449 266/227/242 269/230/245
f 476/408/449 269/230/245 1241/577/1195
f 1225/1080/1180 1228/1081/1183 283/243/259
f 1225/1080/1180 283/243/259 239/199/217
f 482/413/455 1285/1105/1236 158/126/140
f 482/413/455 158/126/140 151/123/133
f 1228/1081/1183 254/215/230 483/414/456
f 1228/1081/1183 483/414/456 283/243/259
f 254/215/230 253/214/229 841/744/808
f 254/215/230 841/744/808 483/414/456
f 1285/1105/1236 1240/1085/1194 159/127/141
f 1285/1105/1236 159/127/141 158/126/140
f 1162/1030/1121 1149/1019/1108 290/250/266
f 1162/1030/1121 290/250/266 289/249/265
f 1011/892/974 1010/891/973 1159/989/1118
f 1011/892/974 1159/989/1118 1050/928/1012
f 257/218/233 267/228/243 266/227/242
f 257/218/233 266/227/242 475/407/448
f 256/217/232 270/231/246 267/228/243
f 256/217/232 267/228/243 257/218/233
f 486/416/459 272/233/248 270/231/246
f 486/416/459 270/231/246 256/217/232
f 1152/1022/1111 274/235/250 272/233/248
f 1152/1022/1111 272/233/248 486/416/459
f 1105/979/1066 275/236/251 274/235/250
f 1105/979/1066 274/235/250 1152/1022/1111
f 1092/966/1054 276/237/252 275/236/251
f 1092/966/1054 275/236/251 1105/979/1066
f 1079/954/1041 482/413/455 276/237/252
f 1079/954/1041 276/237/252 1092/966/1054
f 1067/942/1029 1285/1105/1236 482/413/455
f 1067/942/1029 482/413/455 1079/954/1041
f 1051/929/1013 1240/1085/1194 1285/1105/1236
f 1051/929/1013 1285/1105/1236 1067/942/1029
f 1038/916/1000 1108/982/1069 1240/1085/1194
f 1038/916/1000 1240/1085/1194 1051/929/1013
f 1022/902/984 1109/983/1070 1108/982/1069
f 1022/902/984 1108/982/1069 1038/916/1000
f 1021/901/983 1006/887/969 1109/983/1070
f 1021/901/983 1109/983/1070 1022/902/984
f 465/397/153 467/399/441 1006/887/969
f 465/397/153 1006/887/969 1021/901/983
f 492/422/465 491/421/464 1143/1014/1102
f 492/422/465 1143/1014/1102 1142/1013/1101
f 1286/1106/1062 1287/1107/1237 1000/883/963
f 1286/1106/1062 1000/883/963 1072/947/1034
f 588/514/558 1087/962/1049 1288/1108/1238
f 588/514/558 1288/1108/1238 1289/1109/1082
f 1087/962/1049 1290/1110/1239 1264/1092/1215
f 1087/962/1049 1264/1092/1215 908/523/872
f 1290/1110/1239 1291/1111/1240 1266/1034/1217
f 1290/1110/1239 1266/1034/1217 1264/1092/1215
f 1291/1111/1240 1292/1112/1241 1267/541/1218
f 1291/1111/1240 1267/541/1218 1266/1034/1217
f 1292/1112/1241 1293/1113/1242 1268/538/1219
f 1292/1112/1241 1268/538/1219 1267/541/1218
f 1293/1113/1242 1294/1114/1243 1269/542/1220
f 1293/1113/1242 1269/542/1220 1268/538/1219
f 1294/1114/1243 1295/1115/1244 1270/544/1221
f 1294/1114/1243 1270/544/1221 1269/542/1220
f 1295/1115/1244 1296/1116/1245 1271/546/1222
f 1295/1115/1244 1271/546/1222 1270/544/1221
f 1296/1116/1245 1297/1117/1246 1272/1093/1223
f 1296/1116/1245 1272/1093/1223 1271/546/1222
f 1297/1117/1246 1298/1118/1247 1273/550/1224
f 1297/1117/1246 1273/550/1224 1272/1093/1223
f 1298/1118/1247 1262/1090/1213 1263/1091/1214
f 1298/1118/1247 1263/1091/1214 1273/550/1224
f 1299/1119/1248 1086/961/1048 1088/963/1050
f 1299/1119/1248 1088/963/1050 639/559/608
f 924/820/888 1299/1119/1248 639/559/608
f 924/820/888 639/559/608 1250/557/1201
f 1289/1109/1082 1288/1108/1238 1299/1119/1248
f 1289/1109/1082 1299/1119/1248 942/836/906
f 1013/894/976 492/422/465 1287/1107/1237
f 1013/894/976 1287/1107/1237 1286/1106/1062
f 587/513/557 1290/1110/1239 1087/962/1049
f 587/513/557 1087/962/1049 588/514/558
f 1041/919/1003 1291/1111/1240 1290/1110/1239
f 1041/919/1003 1290/1110/1239 587/513/557
f 1074/949/1036 1292/1112/1241 1291/1111/1240
f 1074/949/1036 1291/1111/1240 1041/919/1003
f 1062/937/1024 1293/1113/1242 1292/1112/1241
f 1062/937/1024 1292/1112/1241 1074/949/1036
f 1047/925/1009 1294/1114/1243 1293/1113/1242
f 1047/925/1009 1293/1113/1242 1062/937/1024
f 1033/912/995 1295/1115/1244 1294/1114/1243
f 1033/912/995 1294/1114/1243 1047/925/1009
f 1016/896/979 1296/1116/1245 1295/1115/1244
f 1016/896/979 1295/1115/1244 1033/912/995
f 1004/885/967 1297/1117/1246 1296/1116/1245
f 1004/885/967 1296/1116/1245 1016/896/979
f 995/880/958 1298/1118/1247 1297/1117/1246
f 995/880/958 1297/1117/1246 1004/885/967
f 982/870/946 1262/1090/1213 1298/1118/1247
f 982/870/946 1298/1118/1247 995/880/958
f 966/858/930 384/343/359 1262/1090/1213
f 966/858/930 1262/1090/1213 982/870/946
f 925/821/889 385/344/360 384/343/359
f 925/821/889 384/343/359 966/858/930
f 942/836/906 1299/1119/1248 924/820/888
f 942/836/906 924/820/888 923/819/887
f 1141/1012/1100 984/560/948 989/876/570
f 1141/1012/1100 989/876/570 988/875/952
f 1300/1120/912 1301/1121/952 666/587/634
f 1300/1120/912 666/587/634 665/586/633
f 970/861/934 699/620/667 608/534/577
f 970/861/934 608/534/577 1065/940/1027
f 411/368/386 398/357/373 399/358/374
f 411/368/386 399/358/374 410/367/385
f 636/561/605 657/578/625 644/568/613
f 636/561/605 644/568/613 637/562/606
f 934/830/898 659/580/627 657/578/625
f 934/830/898 657/578/625 636/561/605
f 910/810/874 661/582/629 659/580/627
f 910/810/874 659/580/627 934/830/898
f 909/809/873 663/584/631 661/582/629
f 909/809/873 661/582/629 910/810/874
f 1163/1031/1122 668/589/636 663/584/631
f 1163/1031/1122 663/584/631 909/809/873
f 1155/1025/1114 671/592/639 668/589/636
f 1155/1025/1114 668/589/636 1163/1031/1122
f 1147/1017/1106 675/596/643 671/592/639
f 1147/1017/1106 671/592/639 1155/1025/1114
f 1132/1005/1091 679/600/647 675/596/643
f 1132/1005/1091 675/596/643 1147/1017/1106
f 1118/992/1079 683/604/651 679/600/647
f 1118/992/1079 679/600/647 1132/1005/1091
f 637/562/606 644/568/613 1302/1122/1249
f 637/562/606 1302/1122/1249 1303/1123/936
f 1065/940/1027 608/534/577 611/537/580
f 1065/940/1027 611/537/580 1077/952/1039
f 1303/1123/936 1302/1122/1249 699/620/667
f 1303/1123/936 699/620/667 970/861/934
f 951/845/915 1141/1012/1100 1301/1121/952
f 951/845/915 1301/1121/952 1300/1120/912
f 724/645/692 690/611/658 691/612/659
f 724/645/692 691/612/659 960/853/924
f 1304/891/1250 1305/989/1251 1306/744/1252
f 1304/891/1250 1306/744/1252 1307/414/1253
f 1308/54/1254 1309/665/1255 1310/782/1256
f 1308/54/1254 1310/782/1256 1311/669/1257
f 1312/330/1258 1313/331/1259 1314/1124/1260
f 1312/330/1258 1314/1124/1260 1315/282/1261
f 1316/624/1262 1317/92/1263 1318/93/1264
f 1316/624/1262 1318/93/1264 1319/625/1265
f 1320/108/1266 1321/107/1267 1322/106/1268
f 1320/108/1266 1322/106/1268 1323/105/1269
f 1324/112/1270 1325/111/1271 1326/110/1272
f 1324/112/1270 1326/110/1272 1327/109/1273
f 1328/113/1274 1329/113/1275 1330/114/1276
f 1328/113/1274 1330/114/1276 1331/114/1277
f 1332/456/1278 1333/1086/1279 1334/115/1280
f 1332/456/1278 1334/115/1280 1335/115/1281
f 1336/120/1282 422/121/397 421/121/396
f 1336/120/1282 421/121/396 1337/120/1283
f 1336/120/1282 1337/120/1283 1338/122/1284
f 1336/120/1282 1338/122/1284 1339/122/1285
f 1339/122/1285 1338/122/1284 1340/123/1286
f 1339/122/1285 1340/123/1286 1341/123/1287
f 1342/126/1288 1341/123/1287 1340/123/1286
f 1342/126/1288 1340/123/1286 1343/126/1289
f 1342/126/1288 1343/126/1289 1344/127/1290
f 1342/126/1288 1344/127/1290 1345/127/1291
f 1346/1125/1292 1345/127/1291 1344/127/1290
f 1346/1125/1292 1344/127/1290 1347/1125/1293
f 1348/132/1294 1346/1125/1292 1347/1125/1293
f 1348/132/1294 1347/1125/1293 1349/132/1295
f 1348/132/1294 1349/132/1295 1350/133/1296
f 1348/132/1294 1350/133/1296 1351/133/1297
f 1332/456/1278 1351/133/1297 1350/133/1296
f 1332/456/1278 1350/133/1296 1333/1086/1279
f 1352/900/1298 1353/141/1299 1354/140/1300
f 1352/900/1298 1354/140/1300 1355/135/1301
f 1356/212/1302 1357/206/1303 1358/143/1304
f 1356/212/1302 1358/143/1304 1359/142/1305
f 1360/147/1306 1361/146/1307 1359/142/1305
f 1360/147/1306 1359/142/1305 448/148/423
f 1362/150/1308 446/149/421 1363/152/1309
f 1362/150/1308 1363/152/1309 1364/151/1310
f 1365/153/1311 1360/147/1306 448/148/423
f 1365/153/1311 448/148/423 447/154/422
f 1366/155/1312 1362/150/1308 1364/151/1310
f 1366/155/1312 1364/151/1310 1367/156/1313
f 1368/157/1314 1365/153/1311 447/154/422
f 1368/157/1314 447/154/422 1369/158/1315
f 1370/159/1316 1366/155/1312 1367/156/1313
f 1370/159/1316 1367/156/1313 1371/160/1317
f 1372/161/1318 1368/157/1314 1369/158/1315
f 1372/161/1318 1369/158/1315 1373/162/1319
f 1374/163/1320 1370/159/1316 1371/160/1317
f 1374/163/1320 1371/160/1317 1375/1074/1321
f 1376/165/1322 1372/161/1318 1373/162/1319
f 1376/165/1322 1373/162/1319 1377/166/1323
f 1378/167/1324 1374/163/1320 1375/1074/1321
f 1378/167/1324 1375/1074/1321 1379/168/1325
f 1380/169/1326 1376/165/1322 1377/166/1323
f 1380/169/1326 1377/166/1323 1381/170/1327
f 1382/171/1328 1378/167/1324 1379/168/1325
f 1382/171/1328 1379/168/1325 1383/172/1329
f 1384/173/1330 1380/169/1326 1381/170/1327
f 1384/173/1330 1381/170/1327 1385/174/1331
f 1386/175/1332 1382/171/1328 1383/172/1329
f 1386/175/1332 1383/172/1329 1387/176/1333
f 1388/177/1334 1384/173/1330 1385/174/1331
f 1388/177/1334 1385/174/1331 1389/178/1335
f 1390/179/1336 1386/175/1332 1387/176/1333
f 1390/179/1336 1387/176/1333 1391/180/1337
f 1392/181/1338 1388/177/1334 1389/178/1335
f 1392/181/1338 1389/178/1335 1393/182/1339
f 1394/183/1340 1390/179/1336 1391/180/1337
f 1394/183/1340 1391/180/1337 1395/427/1341
f 1396/185/1342 1392/181/1338 1393/182/1339
f 1396/185/1342 1393/182/1339 1397/186/1343
f 1398/187/1344 1394/183/1340 1395/427/1341
f 1398/187/1344 1395/427/1341 1399/188/1345
f 1400/189/1346 1396/185/1342 1397/186/1343
f 1400/189/1346 1397/186/1343 1401/190/1347
f 1402/191/1348 1398/187/1344 1399/188/1345
f 1402/191/1348 1399/188/1345 1403/192/1349
f 1404/193/1350 1400/189/1346 1401/190/1347
f 1404/193/1350 1401/190/1347 1405/194/1351
f 1406/195/1352 1402/191/1348 1403/192/1349
f 1406/195/1352 1403/192/1349 1407/396/1353
f 1408/197/1354 1404/193/1350 1405/194/1351
f 1408/197/1354 1405/194/1351 1409/198/1355
f 1410/204/1356 1411/517/1357 1412/908/1358
f 1410/204/1356 1412/908/1358 1413/203/1359
f 1414/201/1360 1408/197/1354 1409/198/1355
f 1414/201/1360 1409/198/1355 1415/202/1361
f 1416/509/1362 1417/511/1363 1418/101/1364
f 1416/509/1362 1418/101/1364 1419/1104/1365
f 1420/144/1303 1406/195/1352 1407/396/1353
f 1420/144/1303 1407/396/1353 1421/1066/1366
f 1422/205/1367 1410/204/1356 1413/203/1359
f 1422/205/1367 1413/203/1359 1423/100/1368
f 446/149/421 449/208/424 1424/1126/1369
f 446/149/421 1424/1126/1369 1363/152/1309
f 449/208/424 1358/143/1304 1425/210/1370
f 449/208/424 1425/210/1370 1424/1126/1369
f 1366/155/1312 1373/162/1319 1369/158/1315
f 1366/155/1312 1369/158/1315 1362/150/1308
f 1370/159/1316 1377/166/1323 1373/162/1319
f 1370/159/1316 1373/162/1319 1366/155/1312
f 1374/163/1320 1381/170/1327 1377/166/1323
f 1374/163/1320 1377/166/1323 1370/159/1316
f 1378/167/1324 1385/174/1331 1381/170/1327
f 1378/167/1324 1381/170/1327 1374/163/1320
f 1382/171/1328 1389/178/1335 1385/174/1331
f 1382/171/1328 1385/174/1331 1378/167/1324
f 1386/175/1332 1393/182/1339 1389/178/1335
f 1386/175/1332 1389/178/1335 1382/171/1328
f 1390/179/1336 1397/186/1343 1393/182/1339
f 1390/179/1336 1393/182/1339 1386/175/1332
f 1394/183/1340 1401/190/1347 1397/186/1343
f 1394/183/1340 1397/186/1343 1390/179/1336
f 1398/187/1344 1405/194/1351 1401/190/1347
f 1398/187/1344 1401/190/1347 1394/183/1340
f 1402/191/1348 1409/198/1355 1405/194/1351
f 1402/191/1348 1405/194/1351 1398/187/1344
f 1406/195/1352 1415/202/1361 1409/198/1355
f 1406/195/1352 1409/198/1355 1402/191/1348
f 1426/239/1371 1427/946/1372 1428/933/1373
f 1426/239/1371 1428/933/1373 1429/238/1374
f 1430/573/1375 1414/201/1360 1415/202/1361
f 1430/573/1375 1415/202/1361 1431/145/1302
f 1432/216/1376 1433/215/1377 1434/214/564
f 1432/216/1376 1434/214/564 1435/213/1378
f 1436/219/1379 1437/218/1380 1438/217/1381
f 1436/219/1379 1438/217/1381 1439/220/1382
f 1435/213/1378 1434/214/564 1440/1127/1383
f 1435/213/1378 1440/1127/1383 1441/225/1384
f 1442/239/1385 1426/239/1371 1429/238/1374
f 1442/239/1385 1429/238/1374 1443/238/1386
f 1417/511/1363 1422/205/1367 1423/100/1368
f 1417/511/1363 1423/100/1368 1418/101/1364
f 1362/150/1308 1369/158/1315 447/154/422
f 1362/150/1308 447/154/422 446/149/421
f 1444/571/1387 1445/199/1388 1446/200/1389
f 1444/571/1387 1446/200/1389 1447/570/1390
f 1448/1080/1391 1449/199/1392 1450/244/1393
f 1448/1080/1391 1450/244/1393 1451/1081/580
f 1452/287/1394 1453/281/1395 1454/1128/1396
f 1452/287/1394 1454/1128/1396 1455/1129/1397
f 1456/293/1398 1452/287/1394 1455/1129/1397
f 1456/293/1398 1455/1129/1397 1457/1130/1399
f 1458/297/1400 1456/293/1398 1457/1130/1399
f 1458/297/1400 1457/1130/1399 1459/1131/1401
f 1460/301/1402 1458/297/1400 1459/1131/1401
f 1460/301/1402 1459/1131/1401 1461/1132/1403
f 1462/305/1404 1460/301/1402 1461/1132/1403
f 1462/305/1404 1461/1132/1403 1463/1133/1405
f 1464/309/1406 1462/305/1404 1463/1133/1405
f 1464/309/1406 1463/1133/1405 1465/1134/1407
f 1466/312/1408 1464/309/1406 1465/1134/1407
f 1466/312/1408 1465/1134/1407 1467/1135/1409
f 1468/315/1410 1466/312/1408 1467/1135/1409
f 1468/315/1410 1467/1135/1409 1469/1136/1411
f 1470/319/1412 1468/315/1410 1469/1136/1411
f 1470/319/1412 1469/1136/1411 1471/1137/1413
f 1472/322/1414 1470/319/1412 1471/1137/1413
f 1472/322/1414 1471/1137/1413 1473/1138/1415
f 1474/325/1416 1472/322/1414 1473/1138/1415
f 1474/325/1416 1473/1138/1415 1475/1139/1417
f 1476/329/1418 1474/325/1416 1475/1139/1417
f 1476/329/1418 1475/1139/1417 1477/1140/1419
f 1478/335/1420 1476/329/1418 1477/1140/1419
f 1478/335/1420 1477/1140/1419 1479/1141/1421
f 1313/331/1259 1478/335/1420 1479/1141/1421
f 1313/331/1259 1479/1141/1421 1314/1124/1260
f 1480/300/1422 1481/296/1423 1482/342/1424
f 1480/300/1422 1482/342/1424 1483/362/1425
f 1484/277/1426 1485/276/1427 1486/1142/1428
f 1484/277/1426 1486/1142/1428 1487/278/1429
f 1453/281/1395 1312/330/1258 1315/282/1261
f 1453/281/1395 1315/282/1261 1454/1128/1396
f 1488/283/1430 1489/89/1261 1314/1124/1260
f 1488/283/1430 1314/1124/1260 1490/284/1431
f 1491/285/1432 1454/1128/1396 1489/89/1261
f 1491/285/1432 1489/89/1261 1488/283/1430
f 1492/290/1433 1493/286/1434 1484/277/1426
f 1492/290/1433 1484/277/1426 1494/292/1435
f 1495/294/1436 1456/293/1398 1458/297/1400
f 1495/294/1436 1458/297/1400 443/298/418
f 1496/289/1437 1452/287/1394 1456/293/1398
f 1496/289/1437 1456/293/1398 1495/294/1436
f 1497/291/1438 1459/1131/1401 1457/1130/1399
f 1497/291/1438 1457/1130/1399 1492/290/1433
f 1498/295/1439 1497/291/1438 1481/296/1423
f 1498/295/1439 1481/296/1423 1480/300/1422
f 443/298/418 1458/297/1400 1460/301/1402
f 443/298/418 1460/301/1402 444/302/419
f 1498/295/1439 1461/1132/1403 1459/1131/1401
f 1498/295/1439 1459/1131/1401 1497/291/1438
f 1499/299/1440 1498/295/1439 1480/300/1422
f 1499/299/1440 1480/300/1422 1500/304/1441
f 444/302/419 1460/301/1402 1462/305/1404
f 444/302/419 1462/305/1404 1501/306/1442
f 1499/299/1440 1463/1133/1405 1461/1132/1403
f 1499/299/1440 1461/1132/1403 1498/295/1439
f 1502/303/1443 1499/299/1440 1500/304/1441
f 1502/303/1443 1500/304/1441 1503/308/1444
f 1501/306/1442 1462/305/1404 1464/309/1406
f 1501/306/1442 1464/309/1406 433/119/408
f 1502/303/1443 1465/1134/1407 1463/1133/1405
f 1502/303/1443 1463/1133/1405 1499/299/1440
f 1504/307/1445 1502/303/1443 1503/308/1444
f 1504/307/1445 1503/308/1444 1505/311/1446
f 433/119/408 1464/309/1406 1466/312/1408
f 433/119/408 1466/312/1408 434/118/409
f 1504/307/1445 1467/1135/1409 1465/1134/1407
f 1504/307/1445 1465/1134/1407 1502/303/1443
f 1506/310/1447 1504/307/1445 1505/311/1446
f 1506/310/1447 1505/311/1446 1507/314/1448
f 434/118/409 1466/312/1408 1468/315/1410
f 434/118/409 1468/315/1410 1508/316/1449
f 1506/310/1447 1469/1136/1411 1467/1135/1409
f 1506/310/1447 1467/1135/1409 1504/307/1445
f 1509/313/1450 1506/310/1447 1507/314/1448
f 1509/313/1450 1507/314/1448 1510/318/1451
f 1508/316/1449 1468/315/1410 1470/319/1412
f 1508/316/1449 1470/319/1412 1511/125/1452
f 1509/313/1450 1471/1137/1413 1469/1136/1411
f 1509/313/1450 1469/1136/1411 1506/310/1447
f 1512/317/1453 1509/313/1450 1510/318/1451
f 1512/317/1453 1510/318/1451 1513/321/1454
f 1511/125/1452 1470/319/1412 1472/322/1414
f 1511/125/1452 1472/322/1414 1514/124/1455
f 1512/317/1453 1473/1138/1415 1471/1137/1413
f 1512/317/1453 1471/1137/1413 1509/313/1450
f 1515/320/1456 1512/317/1453 1513/321/1454
f 1515/320/1456 1513/321/1454 1516/1143/1457
f 1514/124/1455 1472/322/1414 1474/325/1416
f 1514/124/1455 1474/325/1416 1517/1144/1458
f 1515/320/1456 1475/1139/1417 1473/1138/1415
f 1515/320/1456 1473/1138/1415 1512/317/1453
f 1518/323/1459 1515/320/1456 1516/1143/1457
f 1518/323/1459 1516/1143/1457 1519/328/1460
f 1517/1144/1458 1474/325/1416 1476/329/1418
f 1517/1144/1458 1476/329/1418 1520/130/1461
f 1518/323/1459 1477/1140/1419 1475/1139/1417
f 1518/323/1459 1475/1139/1417 1515/320/1456
f 1521/327/1462 1518/323/1459 1519/328/1460
f 1521/327/1462 1519/328/1460 1522/334/1463
f 1520/130/1461 1476/329/1418 1478/335/1420
f 1520/130/1461 1478/335/1420 1523/129/1464
f 1521/327/1462 1479/1141/1421 1477/1140/1419
f 1521/327/1462 1477/1140/1419 1518/323/1459
f 1490/284/1431 1521/327/1462 1522/334/1463
f 1490/284/1431 1522/334/1463 1524/340/1465
f 1523/129/1464 1478/335/1420 1313/331/1259
f 1523/129/1464 1313/331/1259 1525/332/1466
f 1490/284/1431 1314/1124/1260 1479/1141/1421
f 1490/284/1431 1479/1141/1421 1521/327/1462
f 1488/283/1430 1490/284/1431 1524/340/1465
f 1488/283/1430 1524/340/1465 1526/338/1467
f 1525/332/1466 1313/331/1259 1527/280/1258
f 1525/332/1466 1527/280/1258 1528/1088/1468
f 1529/337/1469 1487/278/1429 1486/1142/1428
f 1529/337/1469 1486/1142/1428 1530/336/1470
f 1485/276/1427 1526/338/1467 1531/339/1471
f 1485/276/1427 1531/339/1471 1486/1142/1428
f 1494/292/1435 1484/277/1426 1487/278/1429
f 1494/292/1435 1487/278/1429 1532/341/1472
f 1481/296/1423 1494/292/1435 1532/341/1472
f 1481/296/1423 1532/341/1472 1482/342/1424
f 1492/290/1433 1457/1130/1399 1455/1129/1397
f 1492/290/1433 1455/1129/1397 1493/286/1434
f 1497/291/1438 1492/290/1433 1494/292/1435
f 1497/291/1438 1494/292/1435 1481/296/1423
f 1503/308/1444 1500/304/1441 1533/348/1473
f 1503/308/1444 1533/348/1473 1534/347/1474
f 1505/311/1446 1503/308/1444 1534/347/1474
f 1505/311/1446 1534/347/1474 1535/349/1475
f 1507/314/1448 1505/311/1446 1535/349/1475
f 1507/314/1448 1535/349/1475 1536/350/1476
f 1510/318/1451 1507/314/1448 1536/350/1476
f 1510/318/1451 1536/350/1476 1537/1145/1477
f 1513/321/1454 1510/318/1451 1537/1145/1477
f 1513/321/1454 1537/1145/1477 1538/352/1478
f 1516/1143/1457 1513/321/1454 1538/352/1478
f 1516/1143/1457 1538/352/1478 1539/353/1479
f 1519/328/1460 1516/1143/1457 1539/353/1479
f 1519/328/1460 1539/353/1479 1540/354/1480
f 1522/334/1463 1519/328/1460 1540/354/1480
f 1522/334/1463 1540/354/1480 1541/355/1481
f 1524/340/1465 1522/334/1463 1541/355/1481
f 1524/340/1465 1541/355/1481 1542/356/1482
f 1526/338/1467 1524/340/1465 1542/356/1482
f 1526/338/1467 1542/356/1482 1531/339/1471
f 1543/358/1483 1531/339/1471 1542/356/1482
f 1543/358/1483 1542/356/1482 1544/357/1484
f 1545/360/1485 1532/341/1472 1487/278/1429
f 1545/360/1485 1487/278/1429 1529/337/1469
f 1546/1146/1486 1547/367/1487 72/32/54
f 1546/1146/1486 72/32/54 71/33/53
f 1500/304/1441 1480/300/1422 1483/362/1425
f 1500/304/1441 1483/362/1425 1533/348/1473
f 58/20/48 60/43/50 64/46/47
f 58/20/48 64/46/47 56/40/46
f 1548/365/1488 1549/366/1489 1550/366/1490
f 1548/365/1488 1550/366/1490 1551/365/1491
f 1547/367/1487 1552/368/1492 40/2/30
f 1547/367/1487 40/2/30 72/32/54
f 1553/703/1493 1554/1147/88 105/85/87
f 1553/703/1493 105/85/87 785/702/753
f 1555/1148/1494 1556/1148/1495 784/704/752
f 1555/1148/1494 784/704/752 783/703/751
f 1557/371/1496 1558/371/1497 1559/370/1498
f 1557/371/1496 1559/370/1498 1560/370/1499
f 71/33/53 61/44/51 63/45/50
f 71/33/53 63/45/50 59/42/49
f 1561/372/1500 1562/377/1501 1551/365/1491
f 1561/372/1500 1551/365/1491 1558/371/1497
f 821/728/789 820/728/788 831/738/799
f 821/728/789 831/738/799 1563/738/1502
f 1564/374/1503 1565/375/1504 43/5/33
f 1564/374/1503 43/5/33 41/1/31
f 1552/368/1492 1544/357/1484 1566/376/1505
f 1552/368/1492 1566/376/1505 1564/374/1503
f 1544/357/1484 1542/356/1482 1541/355/1481
f 1544/357/1484 1541/355/1481 1566/376/1505
f 1564/374/1503 1566/376/1505 1567/378/1506
f 1564/374/1503 1567/378/1506 1565/375/1504
f 1566/376/1505 1541/355/1481 1540/354/1480
f 1566/376/1505 1540/354/1480 1567/378/1506
f 43/5/33 45/35/35 69/51/32
f 43/5/33 69/51/32 41/1/31
f 1568/372/1507 1561/372/1500 1558/371/1497
f 1568/372/1507 1558/371/1497 1557/371/1496
f 1569/379/1508 1570/380/1509 46/8/36
f 1569/379/1508 46/8/36 44/4/34
f 1565/375/1504 1567/378/1506 1571/381/1510
f 1565/375/1504 1571/381/1510 1569/379/1508
f 1567/378/1506 1540/354/1480 1539/353/1479
f 1567/378/1506 1539/353/1479 1571/381/1510
f 831/738/799 830/737/798 1572/1149/1511
f 831/738/799 1572/1149/1511 1556/1148/1495
f 1569/379/1508 1571/381/1510 1573/382/1512
f 1569/379/1508 1573/382/1512 1570/380/1509
f 1571/381/1510 1539/353/1479 1538/352/1478
f 1571/381/1510 1538/352/1478 1573/382/1512
f 46/8/36 48/36/38 68/50/35
f 46/8/36 68/50/35 44/4/34
f 1574/383/1513 1575/384/1514 49/11/39
f 1574/383/1513 49/11/39 47/7/37
f 1570/380/1509 1573/382/1512 1576/385/1515
f 1570/380/1509 1576/385/1515 1574/383/1513
f 1573/382/1512 1538/352/1478 1537/1145/1477
f 1573/382/1512 1537/1145/1477 1576/385/1515
f 1574/383/1513 1576/385/1515 1577/386/1516
f 1574/383/1513 1577/386/1516 1575/384/1514
f 1576/385/1515 1537/1145/1477 1536/350/1476
f 1576/385/1515 1536/350/1476 1577/386/1516
f 49/11/39 51/37/41 67/49/38
f 49/11/39 67/49/38 47/7/37
f 1578/387/1517 1579/388/1518 52/14/42
f 1578/387/1517 52/14/42 50/10/40
f 1575/384/1514 1577/386/1516 1580/389/1519
f 1575/384/1514 1580/389/1519 1578/387/1517
f 1577/386/1516 1536/350/1476 1535/349/1475
f 1577/386/1516 1535/349/1475 1580/389/1519
f 1578/387/1517 1580/389/1519 1581/390/1520
f 1578/387/1517 1581/390/1520 1579/388/1518
f 1580/389/1519 1535/349/1475 1534/347/1474
f 1580/389/1519 1534/347/1474 1581/390/1520
f 52/14/42 54/39/44 66/48/41
f 52/14/42 66/48/41 50/10/40
f 1582/391/1521 1583/392/1522 55/17/45
f 1582/391/1521 55/17/45 53/38/43
f 1579/388/1518 1581/390/1520 1584/393/1523
f 1579/388/1518 1584/393/1523 1582/391/1521
f 1581/390/1520 1534/347/1474 1533/348/1473
f 1581/390/1520 1533/348/1473 1584/393/1523
f 1582/391/1521 1584/393/1523 1585/364/1524
f 1582/391/1521 1585/364/1524 1583/392/1522
f 1584/393/1523 1533/348/1473 1483/362/1425
f 1584/393/1523 1483/362/1425 1585/364/1524
f 55/17/45 57/41/47 65/47/44
f 55/17/45 65/47/44 53/38/43
f 1586/394/1525 1587/361/1526 58/20/48
f 1586/394/1525 58/20/48 56/40/46
f 1583/392/1522 1585/364/1524 1588/363/1527
f 1583/392/1522 1588/363/1527 1586/394/1525
f 1585/364/1524 1483/362/1425 1482/342/1424
f 1585/364/1524 1482/342/1424 1588/363/1527
f 1588/363/1527 1482/342/1424 1532/341/1472
f 1588/363/1527 1532/341/1472 1545/360/1485
f 1530/336/1470 1486/1142/1428 1531/339/1471
f 1530/336/1470 1531/339/1471 1543/358/1483
f 1589/359/1528 1546/1146/1486 71/33/53
f 1589/359/1528 71/33/53 59/42/49
f 1586/394/1525 1588/363/1527 1545/360/1485
f 1586/394/1525 1545/360/1485 1587/361/1526
f 1530/336/1470 1543/358/1483 1547/367/1487
f 1530/336/1470 1547/367/1487 1546/1146/1486
f 1552/368/1492 1564/374/1503 41/1/31
f 1552/368/1492 41/1/31 40/2/30
f 1565/375/1504 1569/379/1508 44/4/34
f 1565/375/1504 44/4/34 43/5/33
f 1570/380/1509 1574/383/1513 47/7/37
f 1570/380/1509 47/7/37 46/8/36
f 1575/384/1514 1578/387/1517 50/10/40
f 1575/384/1514 50/10/40 49/11/39
f 1579/388/1518 1582/391/1521 53/38/43
f 1579/388/1518 53/38/43 52/14/42
f 1583/392/1522 1586/394/1525 56/40/46
f 1583/392/1522 56/40/46 55/17/45
f 1587/361/1526 1589/359/1528 59/42/49
f 1587/361/1526 59/42/49 58/20/48
f 1590/192/1529 1591/396/1530 1407/396/1353
f 1590/192/1529 1407/396/1353 1403/192/1349
f 1592/455/1531 1593/398/1532 1594/137/1533
f 1592/455/1531 1594/137/1533 1595/134/1534
f 1596/403/1535 1597/402/1536 1598/401/1537
f 1596/403/1535 1598/401/1537 1599/400/1538
f 1600/223/1539 1601/1002/1540 1602/404/1541
f 1600/223/1539 1602/404/1541 1603/404/1542
f 1603/404/1542 1602/404/1541 1604/411/1543
f 1603/404/1542 1604/411/1543 1605/411/1544
f 1605/411/1544 1604/411/1543 1561/372/1500
f 1605/411/1544 1561/372/1500 1568/372/1507
f 1493/286/1434 1491/285/1432 1485/276/1427
f 1493/286/1434 1485/276/1427 1484/277/1426
f 1527/280/1258 1453/281/1395 1606/288/1545
f 1527/280/1258 1606/288/1545 1528/1088/1468
f 1560/370/1499 1559/370/1498 1607/412/1546
f 1560/370/1499 1607/412/1546 1608/412/1547
f 1336/120/1282 1339/122/1285 1609/237/1548
f 1336/120/1282 1609/237/1548 1610/236/1549
f 1611/200/1550 1443/238/1386 1429/238/1374
f 1611/200/1550 1429/238/1374 1446/200/1389
f 1450/244/1393 1612/244/1551 1307/414/1253
f 1450/244/1393 1307/414/1253 1613/414/1552
f 1614/416/1553 1615/415/1554 1439/220/1382
f 1614/416/1553 1439/220/1382 1438/217/1381
f 1327/109/1273 1326/110/1272 1616/418/1555
f 1327/109/1273 1616/418/1555 1617/417/1556
f 1618/883/1557 1619/111/1558 1620/956/1559
f 1618/883/1557 1620/956/1559 1621/1107/1560
f 1622/454/1561 1623/252/1562 1624/425/1563
f 1622/454/1561 1624/425/1563 1625/971/1564
f 1626/426/1565 1590/192/1529 1403/192/1349
f 1626/426/1565 1403/192/1349 1399/188/1345
f 1399/188/1345 1395/427/1341 1627/427/1566
f 1399/188/1345 1627/427/1566 1626/426/1565
f 1628/431/1567 1629/1150/627 1630/429/1568
f 1628/431/1567 1630/429/1568 1631/428/1569
f 1632/433/1570 1633/1151/1571 1634/437/1572
f 1632/433/1570 1634/437/1572 1635/436/1573
f 1635/436/1573 1634/437/1572 1636/439/1574
f 1635/436/1573 1636/439/1574 1637/438/1575
f 1637/438/1575 1636/439/1574 1638/441/1576
f 1637/438/1575 1638/441/1576 1639/440/1577
f 1639/440/1577 1638/441/1576 1640/443/1578
f 1639/440/1577 1640/443/1578 1641/442/1579
f 1641/442/1579 1640/443/1578 1642/445/1580
f 1641/442/1579 1642/445/1580 1643/444/1581
f 1644/970/1582 1645/1152/1583 1646/1153/639
f 1644/970/1582 1646/1153/639 1647/446/1584
f 1648/449/1585 1649/1154/1586 1650/451/1587
f 1648/449/1585 1650/451/1587 1651/450/1588
f 1652/471/1589 1653/251/1590 1623/252/1562
f 1652/471/1589 1623/252/1562 1654/423/1591
f 1440/1127/1383 1328/113/1274 1331/114/1277
f 1440/1127/1383 1331/114/1277 1655/832/647
f 1656/470/1592 1657/469/1593 1658/1083/1594
f 1656/470/1592 1658/1083/1594 1659/899/1595
f 1660/432/1596 1661/435/1597 1633/1151/1571
f 1660/432/1596 1633/1151/1571 1632/433/1570
f 1662/840/1598 1448/1080/1391 1451/1081/580
f 1662/840/1598 1451/1081/580 1663/851/1599
f 1664/824/1600 1665/1155/667 1448/1080/1391
f 1664/824/1600 1448/1080/1391 1662/840/1598
f 1666/461/1601 1667/462/1602 1665/1155/667
f 1666/461/1601 1665/1155/667 1664/824/1600
f 1668/928/1603 1669/915/248 1670/988/1604
f 1668/928/1603 1670/988/1604 1671/989/1605
f 1669/915/248 1672/898/1606 1673/1004/1607
f 1669/915/248 1673/1004/1607 1670/988/1604
f 1674/1034/1608 1675/974/1609 1676/540/1610
f 1674/1034/1608 1676/540/1610 1677/541/1611
f 1678/496/1612 1679/495/1613 1680/494/1614
f 1678/496/1612 1680/494/1614 1681/493/1615
f 1681/493/1615 1680/494/1614 1682/498/1616
f 1681/493/1615 1682/498/1616 1683/497/1617
f 1683/497/1617 1682/498/1616 1684/500/1618
f 1683/497/1617 1684/500/1618 1685/499/1619
f 1685/499/1619 1684/500/1618 1686/502/1620
f 1685/499/1619 1686/502/1620 1687/501/1621
f 1687/501/1621 1686/502/1620 1688/504/1622
f 1687/501/1621 1688/504/1622 1689/503/1623
f 1689/503/1623 1688/504/1622 1690/506/1624
f 1689/503/1623 1690/506/1624 1691/505/1625
f 1691/505/1625 1690/506/1624 1692/508/1626
f 1691/505/1625 1692/508/1626 1693/507/1627
f 1693/507/1627 1692/508/1626 1694/510/1628
f 1693/507/1627 1694/510/1628 1695/509/1629
f 1695/509/1629 1694/510/1628 1696/512/1630
f 1695/509/1629 1696/512/1630 1697/511/1631
f 1697/511/1631 1696/512/1630 1698/420/1632
f 1697/511/1631 1698/420/1632 1699/205/1633
f 1699/205/1633 1698/420/1632 1700/421/1634
f 1699/205/1633 1700/421/1634 1701/204/1635
f 1702/513/1636 1703/516/1637 1704/515/1638
f 1702/513/1636 1704/515/1638 1705/514/1639
f 1410/204/1356 1701/204/1635 1706/935/1640
f 1410/204/1356 1706/935/1640 1707/242/1641
f 1708/522/1642 1709/521/1643 1710/520/1644
f 1708/522/1642 1710/520/1644 1711/519/1645
f 1712/528/1646 1713/524/1647 1714/523/1648
f 1712/528/1646 1714/523/1648 1715/565/1649
f 1716/876/1650 1717/524/1651 1713/524/1647
f 1716/876/1650 1713/524/1647 1718/525/1646
f 1719/530/1652 1720/533/1653 1721/532/1654
f 1719/530/1652 1721/532/1654 1722/531/1655
f 1723/1011/1656 1724/973/1657 1725/869/1658
f 1723/1011/1656 1725/869/1658 1726/1035/1659
f 1677/541/1611 1676/540/1610 1727/948/1660
f 1677/541/1611 1727/948/1660 1728/538/1661
f 1728/538/1661 1727/948/1660 1729/543/1662
f 1728/538/1661 1729/543/1662 1730/542/1663
f 1730/542/1663 1729/543/1662 1731/924/1664
f 1730/542/1663 1731/924/1664 1732/544/1665
f 1732/544/1665 1731/924/1664 1733/547/1666
f 1732/544/1665 1733/547/1666 1734/546/1667
f 1734/546/1667 1733/547/1666 1735/549/1668
f 1734/546/1667 1735/549/1668 1736/1093/1669
f 1736/1093/1669 1735/549/1668 1737/551/1670
f 1736/1093/1669 1737/551/1670 1738/550/1671
f 1738/550/1671 1737/551/1670 1739/553/1672
f 1738/550/1671 1739/553/1672 1740/552/1673
f 1740/552/1673 1739/553/1672 1741/554/1674
f 1740/552/1673 1741/554/1674 1742/346/1675
f 1742/346/1675 1741/554/1674 1743/556/1676
f 1742/346/1675 1743/556/1676 1744/555/1677
f 1744/555/1677 1743/556/1676 1745/558/1678
f 1744/555/1677 1745/558/1678 1746/557/1679
f 1746/557/1679 1745/558/1678 1747/560/1680
f 1746/557/1679 1747/560/1680 1748/559/1681
f 1749/561/1682 1721/532/1654 1750/563/1683
f 1749/561/1682 1750/563/1683 1751/562/1684
f 1752/559/1685 1748/559/1681 1753/526/1686
f 1752/559/1685 1753/526/1686 1754/963/1687
f 1444/571/1387 1447/570/1390 1755/570/1688
f 1444/571/1387 1755/570/1688 1756/571/1689
f 1599/400/1538 1361/146/1307 1360/147/1306
f 1599/400/1538 1360/147/1306 1596/403/1535
f 1757/620/1690 1758/1156/1691 1759/1157/1692
f 1757/620/1690 1759/1157/1692 1760/1122/1693
f 1563/738/1502 831/738/799 1556/1148/1495
f 1563/738/1502 1556/1148/1495 1555/1148/1494
f 1761/643/1694 1762/644/1695 1763/645/1696
f 1761/643/1694 1763/645/1696 1764/611/1697
f 1765/489/1698 1766/487/1699 1767/1158/1700
f 1765/489/1698 1767/1158/1700 1768/1159/1701
f 1769/91/1702 1770/650/1703 1771/575/1704
f 1769/91/1702 1771/575/1704 1772/94/1705
f 1766/487/1699 1773/485/1706 1774/1160/1707
f 1766/487/1699 1774/1160/1707 1767/1158/1700
f 1773/485/1706 1775/483/1708 1776/1161/1709
f 1773/485/1706 1776/1161/1709 1774/1160/1707
f 1589/359/1528 1529/337/1469 1530/336/1470
f 1589/359/1528 1530/336/1470 1546/1146/1486
f 1775/483/1708 1777/481/1710 1778/1162/1711
f 1775/483/1708 1778/1162/1711 1776/1161/1709
f 1720/533/1653 1779/588/1712 1780/587/1713
f 1720/533/1653 1780/587/1713 1781/586/1714
f 1777/481/1710 1782/479/1715 1783/1163/1716
f 1777/481/1710 1783/1163/1716 1778/1162/1711
f 1719/530/1652 1784/591/1717 1779/588/1712
f 1719/530/1652 1779/588/1712 1720/533/1653
f 1782/479/1715 1785/477/1718 1786/1164/1719
f 1782/479/1715 1786/1164/1719 1783/1163/1716
f 1787/595/1720 1788/594/1721 1784/591/1717
f 1787/595/1720 1784/591/1717 1719/530/1652
f 1785/477/1718 1789/475/1722 1790/1165/1723
f 1785/477/1718 1790/1165/1723 1786/1164/1719
f 1791/599/1724 1792/598/1725 1788/594/1721
f 1791/599/1724 1788/594/1721 1787/595/1720
f 1789/475/1722 1793/96/1726 1794/1166/1727
f 1789/475/1722 1794/1166/1727 1790/1165/1723
f 1795/603/1728 1796/602/1729 1792/598/1725
f 1795/603/1728 1792/598/1725 1791/599/1724
f 1793/96/1726 1797/95/1730 1798/1167/1731
f 1793/96/1726 1798/1167/1731 1794/1166/1727
f 1799/607/1732 1800/606/1733 1796/602/1729
f 1799/607/1732 1796/602/1729 1795/603/1728
f 1797/95/1730 1764/611/1697 1801/1168/1734
f 1797/95/1730 1801/1168/1734 1798/1167/1731
f 1802/610/1735 1803/609/1736 1800/606/1733
f 1802/610/1735 1800/606/1733 1799/607/1732
f 1764/611/1697 1763/645/1696 1804/1169/1737
f 1764/611/1697 1804/1169/1737 1801/1168/1734
f 1805/614/1738 1806/613/1739 1803/609/1736
f 1805/614/1738 1803/609/1736 1802/610/1735
f 1763/645/1696 1319/625/1265 1807/1170/1740
f 1763/645/1696 1807/1170/1740 1804/1169/1737
f 1808/617/1741 1809/616/1742 1806/613/1739
f 1808/617/1741 1806/613/1739 1805/614/1738
f 1319/625/1265 1318/93/1264 1810/1171/1743
f 1319/625/1265 1810/1171/1743 1807/1170/1740
f 1811/619/1744 1812/618/1745 1809/616/1742
f 1811/619/1744 1809/616/1742 1808/617/1741
f 1318/93/1264 1772/94/1705 1758/1156/1691
f 1318/93/1264 1758/1156/1691 1810/1171/1743
f 1813/623/1746 1814/622/1747 1812/618/1745
f 1813/623/1746 1812/618/1745 1811/619/1744
f 1815/1172/1748 1816/1173/1749 1317/92/1263
f 1815/1172/1748 1317/92/1263 1316/624/1262
f 1317/92/1263 1769/91/1702 1772/94/1705
f 1317/92/1263 1772/94/1705 1318/93/1264
f 1817/1174/1750 1818/1175/1751 1762/644/1695
f 1817/1174/1750 1762/644/1695 1761/643/1694
f 1308/54/1254 1819/55/1257 1820/103/1703
f 1308/54/1254 1820/103/1703 1769/91/1702
f 1821/1176/1752 1822/63/1753 1823/61/1754
f 1821/1176/1752 1823/61/1754 1817/1174/1750
f 1770/650/1703 1824/628/1755 1765/489/1698
f 1770/650/1703 1765/489/1698 1771/575/1704
f 1824/628/1755 1825/629/1756 1766/487/1699
f 1824/628/1755 1766/487/1699 1765/489/1698
f 1825/629/1756 1826/635/1757 1773/485/1706
f 1825/629/1756 1773/485/1706 1766/487/1699
f 1826/635/1757 1827/636/1758 1775/483/1708
f 1826/635/1757 1775/483/1708 1773/485/1706
f 1827/636/1758 1828/637/1759 1777/481/1710
f 1827/636/1758 1777/481/1710 1775/483/1708
f 1828/637/1759 1829/638/1760 1782/479/1715
f 1828/637/1759 1782/479/1715 1777/481/1710
f 1829/638/1760 1830/639/1761 1785/477/1718
f 1829/638/1760 1785/477/1718 1782/479/1715
f 1830/639/1761 1831/640/1762 1789/475/1722
f 1830/639/1761 1789/475/1722 1785/477/1718
f 1831/640/1762 1832/641/1763 1793/96/1726
f 1831/640/1762 1793/96/1726 1789/475/1722
f 1833/1177/1764 1821/1176/1752 1834/642/1765
f 1833/1177/1764 1834/642/1765 1832/641/1763
f 1821/1176/1752 1817/1174/1750 1761/643/1694
f 1821/1176/1752 1761/643/1694 1834/642/1765
f 1817/1174/1750 1823/61/1754 1835/59/1766
f 1817/1174/1750 1835/59/1766 1818/1175/1751
f 1816/1173/1749 1308/54/1254 1769/91/1702
f 1816/1173/1749 1769/91/1702 1317/92/1263
f 1836/700/1767 1837/661/1768 1555/1148/1494
f 1836/700/1767 1555/1148/1494 1838/704/1769
f 1839/805/1770 1840/803/1767 1841/699/1771
f 1839/805/1770 1841/699/1771 1842/781/1772
f 1819/55/1257 1843/668/1773 1824/628/1755
f 1819/55/1257 1824/628/1755 1820/103/1703
f 1843/668/1773 1844/1178/1774 1825/629/1756
f 1843/668/1773 1825/629/1756 1824/628/1755
f 1844/1178/1774 1845/1179/1775 1826/635/1757
f 1844/1178/1774 1826/635/1757 1825/629/1756
f 1845/1179/1775 1846/1180/1776 1827/636/1758
f 1845/1179/1775 1827/636/1758 1826/635/1757
f 1846/1180/1776 1847/1181/1777 1828/637/1759
f 1846/1180/1776 1828/637/1759 1827/636/1758
f 1847/1181/1777 1848/1182/1778 1829/638/1760
f 1847/1181/1777 1829/638/1760 1828/637/1759
f 1848/1182/1778 1849/1183/1779 1830/639/1761
f 1848/1182/1778 1830/639/1761 1829/638/1760
f 1849/1183/1779 1850/1184/1780 1831/640/1762
f 1849/1183/1779 1831/640/1762 1830/639/1761
f 1850/1184/1780 1833/1177/1764 1832/641/1763
f 1850/1184/1780 1832/641/1763 1831/640/1762
f 1311/669/1257 1310/782/1256 1851/81/1781
f 1311/669/1257 1851/81/1781 1843/668/1773
f 1815/1172/1748 1852/58/1782 1853/666/1783
f 1815/1172/1748 1853/666/1783 1816/1173/1749
f 1846/1180/1776 1854/75/857 1855/73/1784
f 1846/1180/1776 1855/73/1784 1847/1181/1777
f 1818/1175/1751 1835/59/1766 1852/58/1782
f 1818/1175/1751 1852/58/1782 1815/1172/1748
f 1845/1179/1775 1856/77/1785 1854/75/857
f 1845/1179/1775 1854/75/857 1846/1180/1776
f 1857/79/1786 1856/77/1785 1845/1179/1775
f 1857/79/1786 1845/1179/1775 1844/1178/1774
f 1843/668/1773 1851/81/1781 1857/79/1786
f 1843/668/1773 1857/79/1786 1844/1178/1774
f 1838/704/1769 782/702/750 1841/699/1771
f 1838/704/1769 1841/699/1771 1836/700/1767
f 432/119/407 421/121/396 413/234/388
f 432/119/407 413/234/388 412/369/387
f 431/118/406 1337/120/1283 421/121/396
f 431/118/406 421/121/396 432/119/407
f 1858/71/1787 1855/73/1784 1859/770/1788
f 1858/71/1787 1859/770/1788 1860/771/1789
f 1501/306/1442 433/119/408 432/119/407
f 1501/306/1442 432/119/407 412/369/387
f 1861/774/1790 1862/777/1791 1863/776/1792
f 1861/774/1790 1863/776/1792 1864/775/1793
f 1822/63/1753 1865/65/1794 1866/765/1795
f 1822/63/1753 1866/765/1795 1867/786/1796
f 1823/61/1754 1822/63/1753 1867/786/1796
f 1823/61/1754 1867/786/1796 1868/790/1797
f 1842/781/1772 1861/774/1790 1864/775/1793
f 1842/781/1772 1864/775/1793 1869/780/1798
f 1870/732/1799 1871/731/1800 794/710/762
f 1870/732/1799 794/710/762 797/712/765
f 1872/769/1801 1873/735/1802 1874/734/1803
f 1872/769/1801 1874/734/1803 1875/767/1804
f 1876/740/1805 1841/699/1771 782/702/750
f 1876/740/1805 782/702/750 788/706/756
f 1877/788/1806 1878/773/1807 1859/770/1788
f 1877/788/1806 1859/770/1788 1879/779/1808
f 1880/742/1809 1876/740/1805 788/706/756
f 1880/742/1809 788/706/756 791/708/759
f 1871/731/1800 1880/742/1809 791/708/759
f 1871/731/1800 791/708/759 794/710/762
f 1842/781/1772 1841/699/1771 1876/740/1805
f 1842/781/1772 1876/740/1805 1861/774/1790
f 1881/747/1810 1870/732/1799 797/712/765
f 1881/747/1810 797/712/765 800/714/768
f 1873/735/1802 1881/747/1810 800/714/768
f 1873/735/1802 800/714/768 803/716/771
f 1877/788/1806 1871/731/1800 1870/732/1799
f 1877/788/1806 1870/732/1799 1878/773/1807
f 1874/734/1803 1873/735/1802 803/716/771
f 1874/734/1803 803/716/771 806/718/774
f 1882/753/1811 1874/734/1803 806/718/774
f 1882/753/1811 806/718/774 809/720/777
f 1852/58/1782 1835/59/1766 1883/793/1812
f 1852/58/1782 1883/793/1812 1884/796/1813
f 1885/755/1814 1882/753/1811 809/720/777
f 1885/755/1814 809/720/777 812/722/780
f 1886/757/1815 1885/755/1814 812/722/780
f 1886/757/1815 812/722/780 815/724/783
f 1887/759/1816 1886/757/1815 815/724/783
f 1887/759/1816 815/724/783 818/726/786
f 1888/761/1817 1887/759/1816 818/726/786
f 1888/761/1817 818/726/786 821/728/789
f 1889/662/1818 1888/761/1817 821/728/789
f 1889/662/1818 821/728/789 1563/738/1502
f 1837/661/1768 1889/662/1818 1563/738/1502
f 1837/661/1768 1563/738/1502 1555/1148/1494
f 1875/767/1804 1890/766/1819 1866/765/1795
f 1875/767/1804 1866/765/1795 1891/764/1820
f 1865/65/1794 1892/67/1821 1891/764/1820
f 1865/65/1794 1891/764/1820 1866/765/1795
f 1872/769/1801 1875/767/1804 1891/764/1820
f 1872/769/1801 1891/764/1820 1893/768/1822
f 1878/773/1807 1894/772/1823 1860/771/1789
f 1878/773/1807 1860/771/1789 1859/770/1788
f 1862/777/1791 1880/742/1809 1871/731/1800
f 1862/777/1791 1871/731/1800 1877/788/1806
f 1879/779/1808 1859/770/1788 1855/73/1784
f 1879/779/1808 1855/73/1784 1854/75/857
f 1856/77/1785 1857/79/1786 1864/775/1793
f 1856/77/1785 1864/775/1793 1863/776/1792
f 1860/771/1789 1893/768/1822 1895/69/1824
f 1860/771/1789 1895/69/1824 1858/71/1787
f 1851/81/1781 1869/780/1798 1864/775/1793
f 1851/81/1781 1864/775/1793 1857/79/1786
f 1896/651/832 1897/804/1825 1869/780/1798
f 1896/651/832 1869/780/1798 1851/81/1781
f 1894/772/1823 1881/747/1810 1873/735/1802
f 1894/772/1823 1873/735/1802 1872/769/1801
f 1893/768/1822 1860/771/1789 1894/772/1823
f 1893/768/1822 1894/772/1823 1872/769/1801
f 1878/773/1807 1870/732/1799 1881/747/1810
f 1878/773/1807 1881/747/1810 1894/772/1823
f 1879/779/1808 1863/776/1792 1862/777/1791
f 1879/779/1808 1862/777/1791 1877/788/1806
f 1861/774/1790 1876/740/1805 1880/742/1809
f 1861/774/1790 1880/742/1809 1862/777/1791
f 1856/77/1785 1863/776/1792 1879/779/1808
f 1856/77/1785 1879/779/1808 1854/75/857
f 1875/767/1804 1874/734/1803 1882/753/1811
f 1875/767/1804 1882/753/1811 1890/766/1819
f 1867/786/1796 1866/765/1795 1890/766/1819
f 1867/786/1796 1890/766/1819 1898/787/1826
f 1890/766/1819 1882/753/1811 1885/755/1814
f 1890/766/1819 1885/755/1814 1898/787/1826
f 1868/790/1797 1867/786/1796 1898/787/1826
f 1868/790/1797 1898/787/1826 1899/791/1827
f 1898/787/1826 1885/755/1814 1886/757/1815
f 1898/787/1826 1886/757/1815 1899/791/1827
f 1883/793/1812 1868/790/1797 1899/791/1827
f 1883/793/1812 1899/791/1827 1900/794/1828
f 1899/791/1827 1886/757/1815 1887/759/1816
f 1899/791/1827 1887/759/1816 1900/794/1828
f 1884/796/1813 1883/793/1812 1900/794/1828
f 1884/796/1813 1900/794/1828 1901/797/1829
f 1900/794/1828 1887/759/1816 1888/761/1817
f 1900/794/1828 1888/761/1817 1901/797/1829
f 1902/799/1830 1884/796/1813 1901/797/1829
f 1902/799/1830 1901/797/1829 1903/800/1831
f 1901/797/1829 1888/761/1817 1889/662/1818
f 1901/797/1829 1889/662/1818 1903/800/1831
f 1904/801/1832 1902/799/1830 1903/800/1831
f 1904/801/1832 1903/800/1831 1905/802/1833
f 1903/800/1831 1889/662/1818 1837/661/1768
f 1903/800/1831 1837/661/1768 1905/802/1833
f 1906/783/1825 1904/801/1832 1905/802/1833
f 1906/783/1825 1905/802/1833 1907/1185/1770
f 1833/1177/1764 1865/65/1794 1822/63/1753
f 1833/1177/1764 1822/63/1753 1821/1176/1752
f 1892/67/1821 1865/65/1794 1833/1177/1764
f 1892/67/1821 1833/1177/1764 1850/1184/1780
f 1849/1183/1779 1895/69/1824 1892/67/1821
f 1849/1183/1779 1892/67/1821 1850/1184/1780
f 1848/1182/1778 1858/71/1787 1895/69/1824
f 1848/1182/1778 1895/69/1824 1849/1183/1779
f 1855/73/1784 1858/71/1787 1848/1182/1778
f 1855/73/1784 1848/1182/1778 1847/1181/1777
f 1840/803/1767 1839/805/1770 1905/802/1833
f 1840/803/1767 1905/802/1833 1837/661/1768
f 444/302/419 1501/306/1442 412/369/387
f 444/302/419 412/369/387 415/302/390
f 423/232/398 414/232/389 413/234/388
f 423/232/398 413/234/388 420/234/395
f 1896/651/832 1309/665/1255 1904/801/1832
f 1896/651/832 1904/801/1832 1897/804/1825
f 1309/665/1255 1853/666/1783 1902/799/1830
f 1309/665/1255 1902/799/1830 1904/801/1832
f 1853/666/1783 1852/58/1782 1884/796/1813
f 1853/666/1783 1884/796/1813 1902/799/1830
f 1835/59/1766 1823/61/1754 1868/790/1797
f 1835/59/1766 1868/790/1797 1883/793/1812
f 1893/768/1822 1891/764/1820 1892/67/1821
f 1893/768/1822 1892/67/1821 1895/69/1824
f 1869/780/1798 1906/783/1825 1907/1185/1770
f 1869/780/1798 1907/1185/1770 1842/781/1772
f 1816/1173/1749 1853/666/1783 1309/665/1255
f 1816/1173/1749 1309/665/1255 1308/54/1254
f 1908/808/1834 1909/465/1835 1660/432/1596
f 1908/808/1834 1660/432/1596 1910/807/1836
f 1911/104/1704 1765/489/1698 1768/1159/1701
f 1911/104/1704 1768/1159/1701 1912/1186/1692
f 1754/963/1687 1753/526/1686 1714/523/1648
f 1754/963/1687 1714/523/1648 1913/523/1837
f 1914/809/1838 1915/812/1839 1916/811/1840
f 1914/809/1838 1916/811/1840 1917/810/1841
f 1918/813/1842 1919/814/1843 1920/502/1197
f 1918/813/1842 1920/502/1197 1921/500/1844
f 1922/818/1845 1923/817/1846 1924/816/1847
f 1922/818/1845 1924/816/1847 1925/815/1848
f 1926/506/1849 1927/508/1850 1692/508/1626
f 1926/506/1849 1692/508/1626 1690/506/1624
f 1928/821/1851 1929/344/921 1930/820/1852
f 1928/821/1851 1930/820/1852 1931/819/1853
f 1664/824/1600 1932/823/1854 1933/822/1855
f 1664/824/1600 1933/822/1855 1666/461/1601
f 1910/807/1836 1660/432/1596 1632/433/1570
f 1910/807/1836 1632/433/1570 1934/825/1856
f 1437/218/1380 1436/219/1379 1935/826/1857
f 1437/218/1380 1935/826/1857 1936/407/1858
f 1937/1016/1859 1938/828/1860 1939/829/1861
f 1937/1016/1859 1939/829/1861 1935/826/1857
f 1917/810/1841 1916/811/1840 1722/531/1655
f 1917/810/1841 1722/531/1655 1940/830/1862
f 1941/833/1863 1918/813/1842 1921/500/1844
f 1941/833/1863 1921/500/1844 1942/498/1864
f 1925/815/1848 1924/816/1847 1943/835/1865
f 1925/815/1848 1943/835/1865 1944/834/1866
f 1945/504/1867 1926/506/1849 1690/506/1624
f 1945/504/1867 1690/506/1624 1688/504/1622
f 1587/361/1526 1545/360/1485 1529/337/1469
f 1587/361/1526 1529/337/1469 1589/359/1528
f 1946/836/1868 1947/838/1869 1948/837/1870
f 1946/836/1868 1948/837/1870 1931/819/1853
f 1662/840/1598 1949/839/1871 1932/823/1854
f 1662/840/1598 1932/823/1854 1664/824/1600
f 1934/825/1856 1632/433/1570 1635/436/1573
f 1934/825/1856 1635/436/1573 1950/841/1872
f 1832/641/1763 1834/642/1765 1797/95/1730
f 1832/641/1763 1797/95/1730 1793/96/1726
f 1951/844/1869 1952/862/1873 1953/1120/1874
f 1951/844/1869 1953/1120/1874 1954/845/1875
f 1955/846/1876 1941/833/1863 1942/498/1864
f 1955/846/1876 1942/498/1864 1956/494/1877
f 1944/834/1866 1943/835/1865 1957/848/1878
f 1944/834/1866 1957/848/1878 1958/847/1879
f 1920/502/1197 1945/504/1867 1688/504/1622
f 1920/502/1197 1688/504/1622 1686/502/1620
f 1931/819/1853 1948/837/1870 1959/849/1880
f 1931/819/1853 1959/849/1880 1928/821/1851
f 1663/851/1599 1960/850/1881 1949/839/1871
f 1663/851/1599 1949/839/1871 1662/840/1598
f 1950/841/1872 1635/436/1573 1637/438/1575
f 1950/841/1872 1637/438/1575 1961/852/1882
f 1726/1035/1659 1725/869/1658 1814/622/1747
f 1726/1035/1659 1814/622/1747 1813/623/1746
f 1962/855/1883 1955/846/1876 1956/494/1877
f 1962/855/1883 1956/494/1877 1963/495/807
f 1958/847/1879 1957/848/1878 1964/857/1884
f 1958/847/1879 1964/857/1884 1965/856/1885
f 1921/500/1844 1920/502/1197 1686/502/1620
f 1921/500/1844 1686/502/1620 1684/500/1618
f 1966/537/1886 1807/1170/1740 1810/1171/1743
f 1966/537/1886 1810/1171/1743 1967/534/1887
f 1928/821/1851 1959/849/1880 1968/859/1888
f 1928/821/1851 1968/859/1888 1969/858/1889
f 1717/524/1651 1970/860/1890 1971/860/1891
f 1717/524/1651 1971/860/1891 1713/524/1647
f 1972/1123/1892 1973/843/1873 1951/844/1869
f 1972/1123/1892 1951/844/1869 1974/861/1893
f 1432/216/1376 1975/864/1894 1960/850/1881
f 1432/216/1376 1960/850/1881 1663/851/1599
f 1961/852/1882 1637/438/1575 1639/440/1577
f 1961/852/1882 1639/440/1577 1976/865/1895
f 1596/403/1535 1360/147/1306 1365/153/1311
f 1596/403/1535 1365/153/1311 1977/866/1896
f 1978/867/1897 1962/855/1883 1963/495/807
f 1978/867/1897 1963/495/807 1979/418/1898
f 1965/856/1885 1964/857/1884 1919/814/1843
f 1965/856/1885 1919/814/1843 1980/868/1899
f 1942/498/1864 1921/500/1844 1684/500/1618
f 1942/498/1864 1684/500/1618 1682/498/1616
f 1814/622/1747 1725/869/1658 1981/556/1900
f 1814/622/1747 1981/556/1900 1982/554/1901
f 1969/858/1889 1968/859/1888 1983/871/1902
f 1969/858/1889 1983/871/1902 1984/870/1903
f 1985/560/1904 1716/876/1650 1718/525/1646
f 1985/560/1904 1718/525/1646 1747/560/1680
f 1435/213/1378 1986/872/1905 1975/864/1894
f 1435/213/1378 1975/864/1894 1432/216/1376
f 1976/865/1895 1639/440/1577 1641/442/1579
f 1976/865/1895 1641/442/1579 1987/873/1906
f 1977/866/1896 1365/153/1311 1368/157/1314
f 1977/866/1896 1368/157/1314 1988/874/1907
f 1724/973/1657 1989/1187/1908 1985/560/1904
f 1724/973/1657 1985/560/1904 1990/558/1909
f 1991/877/1910 1978/867/1897 1979/418/1898
f 1991/877/1910 1979/418/1898 1992/110/1911
f 1993/249/1912 1994/878/1913 1624/425/1563
f 1993/249/1912 1624/425/1563 1623/252/1562
f 1980/868/1899 1919/814/1843 1918/813/1842
f 1980/868/1899 1918/813/1842 1995/879/1914
f 1956/494/1877 1942/498/1864 1682/498/1616
f 1956/494/1877 1682/498/1616 1680/494/1614
f 1812/618/1745 1814/622/1747 1982/554/1901
f 1812/618/1745 1982/554/1901 1996/553/1915
f 1984/870/1903 1983/871/1902 1997/881/1916
f 1984/870/1903 1997/881/1916 1998/880/1917
f 1990/558/1909 1985/560/1904 1747/560/1680
f 1990/558/1909 1747/560/1680 1745/558/1678
f 1999/131/1918 1347/1125/1293 1344/127/1290
f 1999/131/1918 1344/127/1290 2000/326/1919
f 2001/831/1920 1624/425/1563 1994/878/1913
f 2001/831/1920 1994/878/1913 1441/225/1384
f 1987/873/1906 1641/442/1579 1643/444/1581
f 1987/873/1906 1643/444/1581 2002/882/1921
f 1988/874/1907 1368/157/1314 1372/161/1318
f 1988/874/1907 1372/161/1318 1323/105/1269
f 1618/883/1557 1991/877/1910 1992/110/1911
f 1618/883/1557 1992/110/1911 1619/111/1558
f 1995/879/1914 1918/813/1842 1941/833/1863
f 1995/879/1914 1941/833/1863 2003/884/1922
f 1963/495/807 1956/494/1877 1680/494/1614
f 1963/495/807 1680/494/1614 1679/495/1613
f 1809/616/1742 1812/618/1745 1996/553/1915
f 1809/616/1742 1996/553/1915 2004/551/1923
f 1998/880/1917 1997/881/1916 2005/886/1924
f 1998/880/1917 2005/886/1924 2006/885/1925
f 2007/399/1531 2008/887/1926 1351/133/1297
f 2007/399/1531 1351/133/1297 2009/117/1278
f 1981/556/1900 1990/558/1909 1745/558/1678
f 1981/556/1900 1745/558/1678 1743/556/1676
f 2002/882/1921 1643/444/1581 1648/449/1585
f 2002/882/1921 1648/449/1585 2010/888/1927
f 1323/105/1269 1372/161/1318 1376/165/1322
f 1323/105/1269 1376/165/1322 1320/108/1266
f 1618/883/1557 2011/1013/1928 2012/975/1929
f 1618/883/1557 2012/975/1929 2013/947/1930
f 1655/832/647 1645/1152/1583 1644/970/1582
f 1655/832/647 1644/970/1582 2001/831/1920
f 2003/884/1922 1941/833/1863 1955/846/1876
f 2003/884/1922 1955/846/1876 2014/895/1931
f 1979/418/1898 1963/495/807 1679/495/1613
f 1979/418/1898 1679/495/1613 1616/418/1555
f 1806/613/1739 1809/616/1742 2004/551/1923
f 1806/613/1739 2004/551/1923 2015/549/1932
f 2006/885/1925 2005/886/1924 2016/897/1933
f 2006/885/1925 2016/897/1933 2017/896/1934
f 2018/138/1298 2019/467/1595 1672/898/1606
f 2018/138/1298 1672/898/1606 1353/141/1299
f 1493/286/1434 1455/1129/1397 1454/1128/1396
f 1493/286/1434 1454/1128/1396 1491/285/1432
f 1982/554/1901 1981/556/1900 1743/556/1676
f 1982/554/1901 1743/556/1676 1741/554/1674
f 2020/129/1935 1349/132/1295 1347/1125/1293
f 2020/129/1935 1347/1125/1293 1999/131/1918
f 2021/901/1936 1354/140/1300 2022/903/1937
f 2021/901/1936 2022/903/1937 2023/902/1938
f 2010/888/1927 1648/449/1585 1651/450/1588
f 2010/888/1927 1651/450/1588 2024/904/1939
f 1320/108/1266 1376/165/1322 1380/169/1326
f 1320/108/1266 1380/169/1326 2025/905/1940
f 2026/1188/1941 2027/241/880 2028/907/1942
f 2026/1188/1941 2028/907/1942 2029/906/1943
f 1342/126/1288 1345/127/1291 2030/1085/1944
f 1342/126/1288 2030/1085/1944 2031/1105/1945
f 1710/520/1644 1804/1169/1737 1807/1170/1740
f 1710/520/1644 1807/1170/1740 1966/537/1886
f 2014/895/1931 1955/846/1876 1962/855/1883
f 2014/895/1931 1962/855/1883 2032/911/1946
f 1992/110/1911 1979/418/1898 1616/418/1555
f 1992/110/1911 1616/418/1555 1326/110/1272
f 1803/609/1736 1806/613/1739 2015/549/1932
f 1803/609/1736 2015/549/1932 2033/547/1947
f 2017/896/1934 2016/897/1933 2034/913/1948
f 2017/896/1934 2034/913/1948 2035/912/1949
f 1709/521/1643 1801/1168/1734 1804/1169/1737
f 1709/521/1643 1804/1169/1737 1710/520/1644
f 1353/141/1299 1672/898/1606 1669/915/248
f 1353/141/1299 1669/915/248 2036/914/1950
f 1996/553/1915 1982/554/1901 1741/554/1674
f 1996/553/1915 1741/554/1674 1739/553/1672
f 2037/125/1951 1340/123/1286 1338/122/1284
f 2037/125/1951 1338/122/1284 2038/316/1952
f 2023/902/1938 2022/903/1937 2039/917/1953
f 2023/902/1938 2039/917/1953 2040/916/1954
f 2024/904/1939 1651/450/1588 2041/474/1955
f 2024/904/1939 2041/474/1955 2042/1189/1956
f 2043/919/1957 2044/920/1655 1703/516/1637
f 2043/919/1957 1703/516/1637 1702/513/1636
f 2025/905/1940 1380/169/1326 1384/173/1330
f 2025/905/1940 1384/173/1330 2045/921/1958
f 2046/922/1959 2047/910/449 1756/571/1689
f 2046/922/1959 1756/571/1689 1755/570/1688
f 2032/911/1946 1962/855/1883 1978/867/1897
f 2032/911/1946 1978/867/1897 2048/923/1960
f 1800/606/1733 1803/609/1736 2033/547/1947
f 1800/606/1733 2033/547/1947 2049/924/1961
f 2035/912/1949 2034/913/1948 2050/926/1962
f 2035/912/1949 2050/926/1962 2051/925/1963
f 2052/604/1964 1798/1167/1731 1801/1168/1734
f 2052/604/1964 1801/1168/1734 1709/521/1643
f 2036/914/1950 1669/915/248 1668/928/1603
f 2036/914/1950 1668/928/1603 2053/927/1965
f 2004/551/1923 1996/553/1915 1739/553/1672
f 2004/551/1923 1739/553/1672 1737/551/1670
f 2040/916/1954 2039/917/1953 2054/930/1966
f 2040/916/1954 2054/930/1966 2055/929/1967
f 2042/1189/1956 2041/474/1955 1652/471/1589
f 2042/1189/1956 1652/471/1589 1654/423/1591
f 2045/921/1958 1384/173/1330 1388/177/1334
f 2045/921/1958 1388/177/1334 2056/931/1968
f 2057/112/1969 1324/112/1270 1327/109/1273
f 2057/112/1969 1327/109/1273 2058/109/1970
f 2059/957/1971 1325/111/1271 1324/112/1270
f 2059/957/1971 1324/112/1270 2060/518/1640
f 2048/923/1960 1978/867/1897 1991/877/1910
f 2048/923/1960 1991/877/1910 2061/936/1972
f 1796/602/1729 1800/606/1733 2049/924/1961
f 1796/602/1729 2049/924/1961 2062/543/1973
f 2051/925/1963 2050/926/1962 2063/938/1839
f 2051/925/1963 2063/938/1839 2064/937/1974
f 2065/600/1975 1794/1166/1727 1798/1167/1731
f 2065/600/1975 1798/1167/1731 2052/604/1964
f 2053/927/1965 1668/928/1603 2066/892/1976
f 2053/927/1965 2066/892/1976 2067/939/1977
f 2015/549/1932 2004/551/1923 1737/551/1670
f 2015/549/1932 1737/551/1670 1735/549/1668
f 2068/124/1978 1343/126/1289 1340/123/1286
f 2068/124/1978 1340/123/1286 2037/125/1951
f 1974/861/1893 1951/844/1869 2069/941/1979
f 1974/861/1893 2069/941/1979 2070/940/1980
f 2055/929/1967 2054/930/1966 2071/943/1981
f 2055/929/1967 2071/943/1981 2072/942/1982
f 2056/931/1968 1388/177/1334 1392/181/1338
f 2056/931/1968 1392/181/1338 2073/944/1983
f 1655/832/647 1331/114/1277 2074/406/1539
f 1655/832/647 2074/406/1539 2075/447/1583
f 422/121/397 1336/120/1282 1610/236/1549
f 422/121/397 1610/236/1549 2076/235/1984
f 2061/936/1972 1991/877/1910 1618/883/1557
f 2061/936/1972 1618/883/1557 2013/947/1930
f 1834/642/1765 1761/643/1694 1764/611/1697
f 1834/642/1765 1764/611/1697 1797/95/1730
f 1792/598/1725 1796/602/1729 2062/543/1973
f 1792/598/1725 2062/543/1973 2077/948/1985
f 2064/937/1974 2063/938/1839 2078/950/1840
f 2064/937/1974 2078/950/1840 2079/949/1986
f 2080/596/1987 1790/1165/1723 1794/1166/1727
f 2080/596/1987 1794/1166/1727 2065/600/1975
f 2067/939/1977 2066/892/1976 2081/889/1988
f 2067/939/1977 2081/889/1988 2082/951/1989
f 2033/547/1947 2015/549/1932 1735/549/1668
f 2033/547/1947 1735/549/1668 1733/547/1666
f 2070/940/1980 2069/941/1979 2083/953/1880
f 2070/940/1980 2083/953/1880 2084/952/1990
f 2072/942/1982 2071/943/1981 2085/955/1991
f 2072/942/1982 2085/955/1991 2086/954/1992
f 2087/1014/1559 1619/111/1558 1325/111/1271
f 2087/1014/1559 1325/111/1271 2088/934/1971
f 2073/944/1983 1392/181/1338 1396/185/1342
f 2073/944/1983 1396/185/1342 2089/958/1993
f 2090/959/1070 2091/945/1994 2092/946/1995
f 2090/959/1070 2092/946/1995 2093/960/1996
f 2094/346/1997 2095/345/1998 1929/344/921
f 2094/346/1997 1929/344/921 2096/343/1999
f 2097/564/2000 1913/523/1837 2098/962/2001
f 2097/564/2000 2098/962/2001 2099/1108/2002
f 1707/242/1641 1706/935/1640 1324/112/1270
f 1707/242/1641 1324/112/1270 2057/112/1969
f 1788/594/1721 1792/598/1725 2077/948/1985
f 1788/594/1721 2077/948/1985 2100/540/2003
f 2079/949/1986 2078/950/1840 2044/920/1655
f 2079/949/1986 2044/920/1655 2043/919/1957
f 2101/592/2004 1786/1164/1719 1790/1165/1723
f 2101/592/2004 1790/1165/1723 2080/596/1987
f 2082/951/1989 2081/889/1988 2047/910/449
f 2082/951/1989 2047/910/449 2102/964/2005
f 2049/924/1961 2033/547/1947 1733/547/1666
f 2049/924/1961 1733/547/1666 1731/924/1664
f 2084/952/1990 2083/953/1880 2103/965/1888
f 2084/952/1990 2103/965/1888 1711/519/1645
f 2086/954/1992 2085/955/1991 2104/967/2006
f 2086/954/1992 2104/967/2006 2105/966/2007
f 2089/958/1993 1396/185/1342 1400/189/1346
f 2089/958/1993 1400/189/1346 2106/968/2008
f 2107/969/2009 2090/959/1070 2093/960/1996
f 2107/969/2009 2093/960/1996 1549/366/1489
f 1647/446/1584 2108/972/2010 2109/424/1564
f 1647/446/1584 2109/424/1564 2110/448/1582
f 1725/869/1658 1724/973/1657 1990/558/1909
f 1725/869/1658 1990/558/1909 1981/556/1900
f 1784/591/1717 1788/594/1721 2100/540/2003
f 1784/591/1717 2100/540/2003 2111/974/2011
f 1441/225/1384 1440/1127/1383 1655/832/647
f 1441/225/1384 1655/832/647 2001/831/1920
f 1947/838/1869 2112/995/2012 2113/1106/1929
f 1947/838/1869 2113/1106/1929 2114/894/2013
f 2115/589/2014 1783/1163/1716 1786/1164/1719
f 2115/589/2014 1786/1164/1719 2101/592/2004
f 2102/964/2005 2047/910/449 2046/922/1959
f 2102/964/2005 2046/922/1959 2116/977/2015
f 2062/543/1973 2049/924/1961 1731/924/1664
f 2062/543/1973 1731/924/1664 1729/543/1662
f 1711/519/1645 2103/965/1888 2117/978/1902
f 1711/519/1645 2117/978/1902 1708/522/1642
f 2105/966/2007 2104/967/2006 2118/980/2016
f 2105/966/2007 2118/980/2016 2119/979/2017
f 2106/968/2008 1400/189/1346 1404/193/1350
f 2106/968/2008 1404/193/1350 2120/981/2018
f 2048/923/1960 2061/936/1972 1703/516/1637
f 2048/923/1960 1703/516/1637 2044/920/1655
f 1346/1125/1292 1348/132/1294 2121/983/2019
f 1346/1125/1292 2121/983/2019 2122/982/2020
f 2123/984/2021 2107/969/2009 1549/366/1489
f 2123/984/2021 1549/366/1489 1548/365/1488
f 2124/988/2022 1329/113/1275 1306/744/1252
f 2124/988/2022 1306/744/1252 1305/989/1251
f 2125/986/2023 2126/985/2024 2108/972/2010
f 2125/986/2023 2108/972/2010 1647/446/1584
f 1779/588/1712 1784/591/1717 2111/974/2011
f 1779/588/1712 2111/974/2011 1970/860/1890
f 2127/584/2025 1778/1162/1711 1783/1163/1716
f 2127/584/2025 1783/1163/1716 2115/589/2014
f 2116/977/2015 2046/922/1959 2128/932/2026
f 2116/977/2015 2128/932/2026 2129/987/2027
f 2077/948/1985 2062/543/1973 1729/543/1662
f 2077/948/1985 1729/543/1662 1727/948/1660
f 1330/114/1276 2130/1004/2028 2131/1084/2029
f 1330/114/1276 2131/1084/2029 2132/405/1540
f 1711/519/1645 1710/520/1644 1966/537/1886
f 1711/519/1645 1966/537/1886 2084/952/1990
f 2133/990/2030 2134/991/2031 2135/466/2032
f 2133/990/2030 2135/466/2032 1909/465/1835
f 1708/522/1642 2117/978/1902 2136/993/2033
f 1708/522/1642 2136/993/2033 2137/992/2034
f 2120/981/2018 1404/193/1350 1408/197/1354
f 2120/981/2018 1408/197/1354 2138/994/2035
f 1619/111/1558 1992/110/1911 1326/110/1272
f 1619/111/1558 1326/110/1272 1325/111/1271
f 2139/1109/2036 2140/976/2037 1947/838/1869
f 2139/1109/2036 1947/838/1869 1946/836/1868
f 2141/997/2038 2123/984/2021 1548/365/1488
f 2141/997/2038 1548/365/1488 2142/377/2039
f 1434/214/564 2143/744/2040 1328/113/1274
f 1434/214/564 1328/113/1274 1440/1127/1383
f 2129/987/2027 2144/999/2041 2145/998/2042
f 2129/987/2027 2145/998/2042 2118/980/2016
f 2146/1001/2043 2147/1000/2044 2126/985/2024
f 2146/1001/2043 2126/985/2024 2125/986/2023
f 1780/587/1713 1779/588/1712 1970/860/1890
f 1780/587/1713 1970/860/1890 1717/524/1651
f 2148/582/2045 1776/1161/1709 1778/1162/1711
f 2148/582/2045 1778/1162/1711 2127/584/2025
f 2129/987/2027 2128/932/2026 2091/945/1994
f 2129/987/2027 2091/945/1994 2144/999/2041
f 2100/540/2003 2077/948/1985 1727/948/1660
f 2100/540/2003 1727/948/1660 1676/540/1610
f 2149/464/2046 2150/463/613 1667/462/1602
f 2149/464/2046 1667/462/1602 1666/461/1601
f 2137/992/2034 2136/993/2033 2151/1006/2047
f 2137/992/2034 2151/1006/2047 2152/1005/2048
f 1924/816/1847 1923/817/1846 2153/512/2049
f 1924/816/1847 2153/512/2049 2154/510/961
f 2138/994/2035 1408/197/1354 1414/201/1360
f 2138/994/2035 1414/201/1360 2155/574/2050
f 2156/421/2051 2087/1014/1559 2088/934/1971
f 2156/421/2051 2088/934/1971 1700/421/1634
f 2157/1007/455 2141/997/2038 2142/377/2039
f 2157/1007/455 2142/377/2039 2158/1008/2052
f 2159/1010/2053 2160/1009/2054 2147/1000/2044
f 2159/1010/2053 2147/1000/2044 2146/1001/2043
f 1780/587/1713 2161/875/1928 2162/842/1874
f 1780/587/1713 2162/842/1874 1781/586/1714
f 2163/419/2055 2164/422/2056 2156/421/2051
f 2163/419/2055 2156/421/2051 2165/420/2057
f 2166/580/2058 1774/1160/1707 1776/1161/1709
f 2166/580/2058 1776/1161/1709 2148/582/2045
f 2144/999/2041 2091/945/1994 2090/959/1070
f 2144/999/2041 2090/959/1070 2167/1015/2059
f 2111/974/2011 2100/540/2003 1676/540/1610
f 2111/974/2011 1676/540/1610 1675/974/1609
f 1938/828/1860 2168/827/2060 2169/136/2061
f 1938/828/1860 2169/136/2061 1939/829/1861
f 1909/465/1835 2135/466/2032 1661/435/1597
f 1909/465/1835 1661/435/1597 1660/432/1596
f 2152/1005/2048 2151/1006/2047 2170/1018/1933
f 2152/1005/2048 2170/1018/1933 2171/1017/2062
f 1943/835/1865 1924/816/1847 2154/510/961
f 1943/835/1865 2154/510/961 1927/508/1850
f 1411/517/1357 2057/112/1969 2028/907/1942
f 1411/517/1357 2028/907/1942 1412/908/1358
f 2165/420/2057 2156/421/2051 1700/421/1634
f 2165/420/2057 1700/421/1634 1698/420/1632
f 2172/250/2063 2173/1021/2064 2174/1020/2065
f 2172/250/2063 2174/1020/2065 2175/1019/2066
f 1656/470/1592 2157/1007/455 2158/1008/2052
f 1656/470/1592 2158/1008/2052 1657/469/1593
f 2176/1022/2067 2145/998/2042 1615/415/1554
f 2176/1022/2067 1615/415/1554 1614/416/1553
f 1628/431/1567 2177/1023/2068 2160/1009/2054
f 1628/431/1567 2160/1009/2054 2159/1010/2053
f 1348/132/1294 1351/133/1297 2008/887/1926
f 1348/132/1294 2008/887/1926 2121/983/2019
f 2178/578/2069 1767/1158/1700 1774/1160/1707
f 2178/578/2069 1774/1160/1707 2166/580/2058
f 2167/1015/2059 2090/959/1070 2107/969/2009
f 2167/1015/2059 2107/969/2009 2179/1024/2070
f 1970/860/1890 2111/974/2011 1675/974/1609
f 1970/860/1890 1675/974/1609 1971/860/1891
f 2171/1017/2062 2170/1018/1933 2180/1026/1948
f 2171/1017/2062 2180/1026/1948 2181/1025/2071
f 2167/1015/2059 2179/1024/2070 1439/220/1382
f 2167/1015/2059 1439/220/1382 1615/415/1554
f 1957/848/1878 1943/835/1865 1927/508/1850
f 1957/848/1878 1927/508/1850 1926/506/1849
f 2153/512/2049 2165/420/2057 1698/420/1632
f 2153/512/2049 1698/420/1632 1696/512/1630
f 2175/1019/2066 2174/1020/2065 2134/991/2031
f 2175/1019/2066 2134/991/2031 2133/990/2030
f 1940/830/1862 1722/531/1655 1721/532/1654
f 1940/830/1862 1721/532/1654 1749/561/1682
f 1937/1016/1859 1935/826/1857 1436/219/1379
f 1937/1016/1859 1436/219/1379 2182/1027/2072
f 1631/428/1569 2183/1028/2073 2177/1023/2068
f 1631/428/1569 2177/1023/2068 1628/431/1567
f 2184/1030/2074 2175/1019/2066 2133/990/2030
f 2184/1030/2074 2133/990/2030 2185/1029/2075
f 2186/568/2076 1768/1159/1701 1767/1158/1700
f 2186/568/2076 1767/1158/1700 2178/578/2069
f 2179/1024/2070 2107/969/2009 2123/984/2021
f 2179/1024/2070 2123/984/2021 2182/1027/2072
f 2181/1025/2071 2180/1026/1948 2187/1032/2077
f 2181/1025/2071 2187/1032/2077 2188/1031/2078
f 1964/857/1884 1957/848/1878 1926/506/1849
f 1964/857/1884 1926/506/1849 1945/504/1867
f 2154/510/961 2153/512/2049 1696/512/1630
f 2154/510/961 1696/512/1630 1694/510/1628
f 1656/470/1592 2019/467/1595 2018/138/1298
f 1656/470/1592 2018/138/1298 2168/827/2060
f 2149/464/2046 2189/1033/2079 2183/1028/2073
f 2149/464/2046 2183/1028/2073 1631/428/1569
f 2185/1029/2075 2133/990/2030 1909/465/1835
f 2185/1029/2075 1909/465/1835 1908/808/1834
f 1748/559/1681 1747/560/1680 1712/528/1646
f 1748/559/1681 1712/528/1646 1715/565/1649
f 1818/1175/1751 1815/1172/1748 1316/624/1262
f 1818/1175/1751 1316/624/1262 1762/644/1695
f 2182/1027/2072 2123/984/2021 2141/997/2038
f 2182/1027/2072 2141/997/2038 1937/1016/1859
f 1780/587/1713 1717/524/1651 2190/527/1650
f 1780/587/1713 2190/527/1650 2191/1121/1560
f 2188/1031/2078 2187/1032/2077 1915/812/1839
f 2188/1031/2078 1915/812/1839 1914/809/1838
f 1441/225/1384 1994/878/1913 1986/872/1905
f 1441/225/1384 1986/872/1905 1435/213/1378
f 1919/814/1843 1964/857/1884 1945/504/1867
f 1919/814/1843 1945/504/1867 1920/502/1197
f 2192/893/2080 2163/419/2055 1923/817/1846
f 2192/893/2080 1923/817/1846 1922/818/1845
f 1927/508/1850 2154/510/961 1694/510/1628
f 1927/508/1850 1694/510/1628 1692/508/1626
f 1937/1016/1859 2141/997/2038 2157/1007/455
f 1937/1016/1859 2157/1007/455 1938/828/1860
f 1666/461/1601 1933/822/1855 2189/1033/2079
f 1666/461/1601 2189/1033/2079 2149/464/2046
f 2193/99/2081 2194/1062/2082 1598/401/1537
f 2193/99/2081 1598/401/1537 1597/402/1536
f 1967/534/1887 1810/1171/1743 1758/1156/1691
f 1967/534/1887 1758/1156/1691 1757/620/1690
f 2029/906/1943 2195/1037/2083 2196/1039/2084
f 2029/906/1943 2196/1039/2084 2197/909/1941
f 1762/644/1695 1316/624/1262 1319/625/1265
f 1762/644/1695 1319/625/1265 1763/645/1696
f 2198/572/2085 2199/1036/2084 2195/1037/2083
f 2198/572/2085 2195/1037/2083 2155/574/2050
f 2029/906/1943 2200/1042/2086 2201/1041/2087
f 2029/906/1943 2201/1041/2087 2195/1037/2083
f 2155/574/2050 2195/1037/2083 2201/1041/2087
f 2155/574/2050 2201/1041/2087 2138/994/2035
f 2200/1042/2086 2202/1044/2088 2203/1043/2089
f 2200/1042/2086 2203/1043/2089 2201/1041/2087
f 2138/994/2035 2201/1041/2087 2203/1043/2089
f 2138/994/2035 2203/1043/2089 2120/981/2018
f 2202/1044/2088 2204/1046/2090 2205/1045/2091
f 2202/1044/2088 2205/1045/2091 2203/1043/2089
f 2120/981/2018 2203/1043/2089 2205/1045/2091
f 2120/981/2018 2205/1045/2091 2106/968/2008
f 2204/1046/2090 2206/1048/2092 2207/1047/2093
f 2204/1046/2090 2207/1047/2093 2205/1045/2091
f 2106/968/2008 2205/1045/2091 2207/1047/2093
f 2106/968/2008 2207/1047/2093 2089/958/1993
f 2206/1048/2092 2208/1050/2094 2209/1049/2095
f 2206/1048/2092 2209/1049/2095 2207/1047/2093
f 2089/958/1993 2207/1047/2093 2209/1049/2095
f 2089/958/1993 2209/1049/2095 2073/944/1983
f 2208/1050/2094 2210/1052/2096 2211/1051/2097
f 2208/1050/2094 2211/1051/2097 2209/1049/2095
f 2073/944/1983 2209/1049/2095 2211/1051/2097
f 2073/944/1983 2211/1051/2097 2056/931/1968
f 2210/1052/2096 2212/1054/2098 2213/1053/2099
f 2210/1052/2096 2213/1053/2099 2211/1051/2097
f 2056/931/1968 2211/1051/2097 2213/1053/2099
f 2056/931/1968 2213/1053/2099 2045/921/1958
f 2212/1054/2098 2214/1056/2100 2215/1055/2101
f 2212/1054/2098 2215/1055/2101 2213/1053/2099
f 2045/921/1958 2213/1053/2099 2215/1055/2101
f 2045/921/1958 2215/1055/2101 2025/905/1940
f 2214/1056/2100 2216/1057/2102 1321/107/1267
f 2214/1056/2100 1321/107/1267 2215/1055/2101
f 2025/905/1940 2215/1055/2101 1321/107/1267
f 2025/905/1940 1321/107/1267 1320/108/1266
f 2216/1057/2102 2217/1058/2103 1322/106/1268
f 2216/1057/2102 1322/106/1268 1321/107/1267
f 2217/1058/2103 2218/1060/2104 2219/1059/2105
f 2217/1058/2103 2219/1059/2105 1322/106/1268
f 1323/105/1269 1322/106/1268 2219/1059/2105
f 1323/105/1269 2219/1059/2105 1988/874/1907
f 2218/1060/2104 2220/102/2106 2221/1061/2107
f 2218/1060/2104 2221/1061/2107 2219/1059/2105
f 1988/874/1907 2219/1059/2105 2221/1061/2107
f 1988/874/1907 2221/1061/2107 1977/866/1896
f 2220/102/2106 2193/99/2081 1597/402/1536
f 2220/102/2106 1597/402/1536 2221/1061/2107
f 2186/568/2076 1760/1122/1693 1759/1157/1692
f 2186/568/2076 1759/1157/1692 1768/1159/1701
f 1977/866/1896 2221/1061/2107 1597/402/1536
f 1977/866/1896 1597/402/1536 1596/403/1535
f 1599/400/1538 1598/401/1537 2199/1036/2084
f 1599/400/1538 2199/1036/2084 2198/572/2085
f 1772/94/1705 1911/104/1704 1912/1186/1692
f 1772/94/1705 1912/1186/1692 1758/1156/1691
f 2220/102/2106 1418/101/1364 1423/100/1368
f 2220/102/2106 1423/100/1368 2193/99/2081
f 1627/427/1566 2222/991/2108 2223/1020/2109
f 1627/427/1566 2223/1020/2109 1626/426/1565
f 2197/909/1941 2196/1039/2084 1598/401/1537
f 2197/909/1941 1598/401/1537 2194/1062/2082
f 2224/1068/2110 2225/1064/2111 1425/210/1370
f 2224/1068/2110 1425/210/1370 2226/1190/1366
f 2227/453/1589 2041/474/1955 2228/1063/2112
f 2227/453/1589 2228/1063/2112 2229/459/2113
f 2230/458/2114 2231/1063/2115 2225/1064/2111
f 2230/458/2114 2225/1064/2111 2232/1065/2116
f 2228/1063/2112 2231/1063/2115 2233/1069/2117
f 2228/1063/2112 2233/1069/2117 2234/472/2118
f 2225/1064/2111 2235/209/2119 1424/1126/1369
f 2225/1064/2111 1424/1126/1369 1425/210/1370
f 2235/209/2119 2236/152/2120 1363/152/1309
f 2235/209/2119 1363/152/1309 1424/1126/1369
f 1649/1154/1586 2237/452/2121 2238/451/2122
f 1649/1154/1586 2238/451/2122 1650/451/1587
f 1650/451/1587 2238/451/2122 2231/1063/2115
f 1650/451/1587 2231/1063/2115 2228/1063/2112
f 1643/444/1581 1642/445/1580 1649/1154/1586
f 1643/444/1581 1649/1154/1586 1648/449/1585
f 2235/209/2119 2238/451/2122 2237/452/2121
f 2235/209/2119 2237/452/2121 2236/152/2120
f 2236/152/2120 2239/151/2123 1364/151/1310
f 2236/152/2120 1364/151/1310 1363/152/1309
f 2238/451/2122 2235/209/2119 2225/1064/2111
f 2238/451/2122 2225/1064/2111 2231/1063/2115
f 1647/446/1584 1646/1153/639 2240/1070/2124
f 1647/446/1584 2240/1070/2124 2125/986/2023
f 2241/445/2125 2239/151/2123 2236/152/2120
f 2241/445/2125 2236/152/2120 2237/452/2121
f 2239/151/2123 2242/1071/2126 1367/156/1313
f 2239/151/2123 1367/156/1313 1364/151/1310
f 1642/445/1580 2241/445/2125 2237/452/2121
f 1642/445/1580 2237/452/2121 1649/1154/1586
f 2125/986/2023 2240/1070/2124 2243/1072/631
f 2125/986/2023 2243/1072/631 2146/1001/2043
f 2244/443/2127 2242/1071/2126 2239/151/2123
f 2244/443/2127 2239/151/2123 2241/445/2125
f 2242/1071/2126 2245/160/2128 1371/160/1317
f 2242/1071/2126 1371/160/1317 1367/156/1313
f 1640/443/1578 2244/443/2127 2241/445/2125
f 1640/443/1578 2241/445/2125 1642/445/1580
f 2146/1001/2043 2243/1072/631 2246/1073/2129
f 2146/1001/2043 2246/1073/2129 2159/1010/2053
f 2247/441/2130 2245/160/2128 2242/1071/2126
f 2247/441/2130 2242/1071/2126 2244/443/2127
f 2245/160/2128 2248/1074/2131 1375/1074/1321
f 2245/160/2128 1375/1074/1321 1371/160/1317
f 1638/441/1576 2247/441/2130 2244/443/2127
f 1638/441/1576 2244/443/2127 1640/443/1578
f 2159/1010/2053 2246/1073/2129 1629/1150/627
f 2159/1010/2053 1629/1150/627 1628/431/1567
f 2249/439/2132 2248/1074/2131 2245/160/2128
f 2249/439/2132 2245/160/2128 2247/441/2130
f 2248/1074/2131 2250/168/2133 1379/168/1325
f 2248/1074/2131 1379/168/1325 1375/1074/1321
f 1636/439/1574 2249/439/2132 2247/441/2130
f 1636/439/1574 2247/441/2130 1638/441/1576
f 2251/437/2134 2250/168/2133 2248/1074/2131
f 2251/437/2134 2248/1074/2131 2249/439/2132
f 1631/428/1569 1630/429/1568 2150/463/613
f 1631/428/1569 2150/463/613 2149/464/2046
f 1634/437/1572 2251/437/2134 2249/439/2132
f 1634/437/1572 2249/439/2132 1636/439/1574
f 2250/168/2133 2252/172/2135 1383/172/1329
f 2250/168/2133 1383/172/1329 1379/168/1325
f 1387/176/1333 1383/172/1329 2252/172/2135
f 1387/176/1333 2252/172/2135 2253/176/2136
f 1633/1151/1571 2254/1151/2137 2251/437/2134
f 1633/1151/1571 2251/437/2134 1634/437/1572
f 1661/435/1597 2255/435/2138 2254/1151/2137
f 1661/435/1597 2254/1151/2137 1633/1151/1571
f 1391/180/1337 1387/176/1333 2253/176/2136
f 1391/180/1337 2253/176/2136 2256/1191/2139
f 2254/1151/2137 2252/172/2135 2250/168/2133
f 2254/1151/2137 2250/168/2133 2251/437/2134
f 2135/466/2032 2257/466/2140 2255/435/2138
f 2135/466/2032 2255/435/2138 1661/435/1597
f 1395/427/1341 1391/180/1337 2256/1191/2139
f 1395/427/1341 2256/1191/2139 1627/427/1566
f 2252/172/2135 2254/1151/2137 2255/435/2138
f 2252/172/2135 2255/435/2138 2253/176/2136
f 2134/991/2031 2222/991/2108 2257/466/2140
f 2134/991/2031 2257/466/2140 2135/466/2032
f 2253/176/2136 2255/435/2138 2257/466/2140
f 2253/176/2136 2257/466/2140 2256/1191/2139
f 2174/1020/2065 2223/1020/2109 2222/991/2108
f 2174/1020/2065 2222/991/2108 2134/991/2031
f 1653/251/1590 2258/460/2141 2173/1021/2064
f 1653/251/1590 2173/1021/2064 2172/250/2063
f 2256/1191/2139 2257/466/2140 2222/991/2108
f 2256/1191/2139 2222/991/2108 1627/427/1566
f 2173/1021/2064 2259/1082/2142 2223/1020/2109
f 2173/1021/2064 2223/1020/2109 2174/1020/2065
f 1663/851/1599 1451/1081/580 1433/215/1377
f 1663/851/1599 1433/215/1377 1432/216/1376
f 2227/453/1589 2229/459/2113 2258/460/2141
f 2227/453/1589 2258/460/2141 1653/251/1590
f 2258/460/2141 2260/460/2143 2259/1082/2142
f 2258/460/2141 2259/1082/2142 2173/1021/2064
f 2232/1065/2116 1591/396/1530 2260/460/2143
f 2232/1065/2116 2260/460/2143 2230/458/2114
f 1590/192/1529 2259/1082/2142 2260/460/2143
f 1590/192/1529 2260/460/2143 1591/396/1530
f 2261/468/1594 1657/469/1593 2262/469/2144
f 2261/468/1594 2262/469/2144 2263/1003/2145
f 1626/426/1565 2223/1020/2109 2259/1082/2142
f 1626/426/1565 2259/1082/2142 1590/192/1529
f 2258/460/2141 2234/472/2118 2233/1069/2117
f 2258/460/2141 2233/1069/2117 2260/460/2143
f 1673/1004/1607 2261/468/1594 2263/1003/2145
f 1673/1004/1607 2263/1003/2145 2130/1004/2028
f 2132/405/1540 2131/1084/2029 2262/469/2144
f 2132/405/1540 2262/469/2144 1602/404/1541
f 1657/469/1593 2158/1008/2052 2264/1008/2146
f 1657/469/1593 2264/1008/2146 2262/469/2144
f 1331/114/1277 1330/114/1276 1601/1002/1540
f 1331/114/1277 1601/1002/1540 1600/223/1539
f 1602/404/1541 2262/469/2144 2264/1008/2146
f 1602/404/1541 2264/1008/2146 1604/411/1543
f 2158/1008/2052 2142/377/2039 1562/377/1501
f 2158/1008/2052 1562/377/1501 2264/1008/2146
f 1604/411/1543 2264/1008/2146 1562/377/1501
f 1604/411/1543 1562/377/1501 1561/372/1500
f 2142/377/2039 1548/365/1488 1551/365/1491
f 2142/377/2039 1551/365/1491 1562/377/1501
f 1606/288/1545 1453/281/1395 1452/287/1394
f 1606/288/1545 1452/287/1394 1496/289/1437
f 1558/371/1497 1551/365/1491 1550/366/1490
f 1558/371/1497 1550/366/1490 1559/370/1498
f 1549/366/1489 2093/960/1996 2265/960/2147
f 1549/366/1489 2265/960/2147 1550/366/1490
f 1559/370/1498 1550/366/1490 2265/960/2147
f 1559/370/1498 2265/960/2147 1607/412/1546
f 2093/960/1996 2092/946/1995 1427/946/1372
f 2093/960/1996 1427/946/1372 2265/960/2147
f 1607/412/1546 2265/960/2147 1427/946/1372
f 1607/412/1546 1427/946/1372 1426/239/1371
f 1608/412/1547 1607/412/1546 1426/239/1371
f 1608/412/1547 1426/239/1371 1442/239/1385
f 2092/946/1995 2266/933/2148 1428/933/1373
f 2092/946/1995 1428/933/1373 1427/946/1372
f 2266/933/2148 1755/570/1688 1447/570/1390
f 2266/933/2148 1447/570/1390 1428/933/1373
f 2150/463/613 1442/239/1385 1443/238/1386
f 2150/463/613 1443/238/1386 1667/462/1602
f 1361/146/1307 1430/573/1375 1431/145/1302
f 1361/146/1307 1431/145/1302 1359/142/1305
f 449/208/424 448/148/423 1359/142/1305
f 449/208/424 1359/142/1305 1358/143/1304
f 1358/143/1304 1420/144/1303 1421/1066/1366
f 1358/143/1304 1421/1066/1366 1425/210/1370
f 1756/571/1689 2267/890/2149 2268/890/2150
f 1756/571/1689 2268/890/2150 1444/571/1387
f 1415/202/1361 1406/195/1352 1357/206/1303
f 1415/202/1361 1357/206/1303 1356/212/1302
f 1449/199/1392 1445/199/1388 1612/244/1551
f 1449/199/1392 1612/244/1551 1450/244/1393
f 2267/890/2149 2269/891/2151 1304/891/1250
f 2267/890/2149 1304/891/1250 2268/890/2150
f 1305/989/1251 1304/891/1250 2269/891/2151
f 1305/989/1251 2269/891/2151 1671/989/1605
f 2268/890/2150 1612/244/1551 1445/199/1388
f 2268/890/2150 1445/199/1388 1444/571/1387
f 1613/414/1552 1307/414/1253 1306/744/1252
f 1613/414/1552 1306/744/1252 2143/744/2040
f 1671/989/1605 1670/988/1604 2124/988/2022
f 1671/989/1605 2124/988/2022 1305/989/1251
f 2268/890/2150 1304/891/1250 1307/414/1253
f 2268/890/2150 1307/414/1253 1612/244/1551
f 2143/744/2040 1306/744/1252 1329/113/1275
f 2143/744/2040 1329/113/1275 1328/113/1274
f 2124/988/2022 2130/1004/2028 1330/114/1276
f 2124/988/2022 1330/114/1276 1329/113/1275
f 2075/447/1583 2074/406/1539 1603/404/1542
f 2075/447/1583 1603/404/1542 1646/1153/639
f 1591/396/1530 2224/1068/2110 2226/1190/1366
f 1591/396/1530 2226/1190/1366 1407/396/1353
f 1670/988/1604 1673/1004/1607 2130/1004/2028
f 1670/988/1604 2130/1004/2028 2124/988/2022
f 2270/1089/2152 2271/116/2153 1350/133/1296
f 2270/1089/2152 1350/133/1296 2272/332/2154
f 656/289/624 2273/288/2155 1606/288/1545
f 656/289/624 1606/288/1545 1496/289/1437
f 2274/333/2156 1606/288/1545 2273/288/2155
f 2274/333/2156 2273/288/2155 2275/1087/2157
f 1335/115/1281 1334/115/1280 655/577/623
f 1335/115/1281 655/577/623 2276/577/2158
f 1496/289/1437 1495/294/1436 426/294/401
f 1496/289/1437 426/294/401 656/289/624
f 2270/1089/2152 2273/288/2155 1334/115/1280
f 2270/1089/2152 1334/115/1280 2271/116/2153
f 2277/230/2159 2276/577/2158 655/577/623
f 2277/230/2159 655/577/623 428/230/403
f 427/298/402 426/294/401 1495/294/1436
f 427/298/402 1495/294/1436 443/298/418
f 2273/288/2155 656/289/624 655/577/623
f 2273/288/2155 655/577/623 1334/115/1280
f 2277/230/2159 428/230/403 425/229/400
f 2277/230/2159 425/229/400 424/229/399
f 427/298/402 415/302/390 414/232/389
f 427/298/402 414/232/389 425/229/400
f 434/118/409 1508/316/1449 2038/316/1952
f 434/118/409 2038/316/1952 431/118/406
f 2038/316/1952 1338/122/1284 1337/120/1283
f 2038/316/1952 1337/120/1283 431/118/406
f 1508/316/1449 1511/125/1452 2037/125/1951
f 1508/316/1449 2037/125/1951 2038/316/1952
f 2068/124/1978 2037/125/1951 1511/125/1452
f 2068/124/1978 1511/125/1452 1514/124/1455
f 1514/124/1455 1517/1144/1458 2000/326/1919
f 1514/124/1455 2000/326/1919 2068/124/1978
f 2000/326/1919 1344/127/1290 1343/126/1289
f 2000/326/1919 1343/126/1289 2068/124/1978
f 1517/1144/1458 1520/130/1461 1999/131/1918
f 1517/1144/1458 1999/131/1918 2000/326/1919
f 2020/129/1935 1999/131/1918 1520/130/1461
f 2020/129/1935 1520/130/1461 1523/129/1464
f 1523/129/1464 1525/332/1466 2272/332/2154
f 1523/129/1464 2272/332/2154 2020/129/1935
f 2272/332/2154 1350/133/1296 1349/132/1295
f 2272/332/2154 1349/132/1295 2020/129/1935
f 1525/332/1466 2274/333/2156 2275/1087/2157
f 1525/332/1466 2275/1087/2157 2272/332/2154
f 1352/900/1298 1355/135/1301 2169/136/2061
f 1352/900/1298 2169/136/2061 2168/827/2060
f 1594/137/1533 2169/136/2061 2278/139/2160
f 1594/137/1533 2278/139/2160 2279/397/1534
f 2021/901/1936 2279/397/1534 2278/139/2160
f 2021/901/1936 2278/139/2160 1354/140/1300
f 1936/407/1858 1935/826/1857 1939/829/1861
f 1936/407/1858 1939/829/1861 2280/409/2161
f 2179/1024/2070 2182/1027/2072 1436/219/1379
f 2179/1024/2070 1436/219/1379 1439/220/1382
f 2144/999/2041 2167/1015/2059 1615/415/1554
f 2144/999/2041 1615/415/1554 2145/998/2042
f 2119/979/2017 2118/980/2016 2145/998/2042
f 2119/979/2017 2145/998/2042 2176/1022/2067
f 2116/977/2015 2129/987/2027 2118/980/2016
f 2116/977/2015 2118/980/2016 2104/967/2006
f 2102/964/2005 2116/977/2015 2104/967/2006
f 2102/964/2005 2104/967/2006 2085/955/1991
f 2082/951/1989 2102/964/2005 2085/955/1991
f 2082/951/1989 2085/955/1991 2071/943/1981
f 2067/939/1977 2082/951/1989 2071/943/1981
f 2067/939/1977 2071/943/1981 2054/930/1966
f 2053/927/1965 2067/939/1977 2054/930/1966
f 2053/927/1965 2054/930/1966 2039/917/1953
f 2036/914/1950 2053/927/1965 2039/917/1953
f 2036/914/1950 2039/917/1953 2022/903/1937
f 1353/141/1299 2036/914/1950 2022/903/1937
f 1353/141/1299 2022/903/1937 1354/140/1300
f 2169/136/2061 1594/137/1533 2280/409/2161
f 2169/136/2061 2280/409/2161 1939/829/1861
f 1594/137/1533 1593/398/1532 2281/408/2162
f 1594/137/1533 2281/408/2162 2280/409/2161
f 2001/831/1920 2110/448/1582 2109/424/1564
f 2001/831/1920 2109/424/1564 1624/425/1563
f 2185/1029/2075 1975/864/1894 1986/872/1905
f 2185/1029/2075 1986/872/1905 2184/1030/2074
f 1908/808/1834 1960/850/1881 1975/864/1894
f 1908/808/1834 1975/864/1894 2185/1029/2075
f 1910/807/1836 1949/839/1871 1960/850/1881
f 1910/807/1836 1960/850/1881 1908/808/1834
f 1934/825/1856 1932/823/1854 1949/839/1871
f 1934/825/1856 1949/839/1871 1910/807/1836
f 1950/841/1872 1933/822/1855 1932/823/1854
f 1950/841/1872 1932/823/1854 1934/825/1856
f 1961/852/1882 2189/1033/2079 1933/822/1855
f 1961/852/1882 1933/822/1855 1950/841/1872
f 1976/865/1895 2183/1028/2073 2189/1033/2079
f 1976/865/1895 2189/1033/2079 1961/852/1882
f 1987/873/1906 2177/1023/2068 2183/1028/2073
f 1987/873/1906 2183/1028/2073 1976/865/1895
f 2002/882/1921 2160/1009/2054 2177/1023/2068
f 2002/882/1921 2177/1023/2068 1987/873/1906
f 2010/888/1927 2147/1000/2044 2160/1009/2054
f 2010/888/1927 2160/1009/2054 2002/882/1921
f 2024/904/1939 2126/985/2024 2147/1000/2044
f 2024/904/1939 2147/1000/2044 2010/888/1927
f 2042/1189/1956 2108/972/2010 2126/985/2024
f 2042/1189/1956 2126/985/2024 2024/904/1939
f 1622/454/1561 1625/971/1564 2108/972/2010
f 1622/454/1561 2108/972/2010 2042/1189/1956
f 2095/345/1998 2282/557/2163 1930/820/1852
f 2095/345/1998 1930/820/1852 1929/344/921
f 1617/417/1556 1616/418/1555 1679/495/1613
f 1617/417/1556 1679/495/1613 1678/496/1612
f 2184/1030/2074 1986/872/1905 1994/878/1913
f 2184/1030/2074 1994/878/1913 1993/249/1912
f 1701/204/1635 1700/421/1634 2059/957/1971
f 1701/204/1635 2059/957/1971 2060/518/1640
f 2058/109/1970 1327/109/1273 1617/417/1556
f 2058/109/1970 1617/417/1556 2283/417/2164
f 2283/417/2164 1617/417/1556 1678/496/1612
f 2283/417/2164 1678/496/1612 2284/496/2165
f 2284/496/2165 1678/496/1612 1681/493/1615
f 2284/496/2165 1681/493/1615 2285/493/2166
f 2285/493/2166 1681/493/1615 1683/497/1617
f 2285/493/2166 1683/497/1617 2286/497/2167
f 2286/497/2167 1683/497/1617 1685/499/1619
f 2286/497/2167 1685/499/1619 2287/499/2168
f 2287/499/2168 1685/499/1619 1687/501/1621
f 2287/499/2168 1687/501/1621 2288/501/2169
f 2288/501/2169 1687/501/1621 1689/503/1623
f 2288/501/2169 1689/503/1623 2289/503/2170
f 2289/503/2170 1689/503/1623 1691/505/1625
f 2289/503/2170 1691/505/1625 2290/505/2171
f 2290/505/2171 1691/505/1625 1693/507/1627
f 2290/505/2171 1693/507/1627 2291/507/2172
f 2291/507/2172 1693/507/1627 1695/509/1629
f 2291/507/2172 1695/509/1629 1416/509/1362
f 1416/509/1362 1695/509/1629 1697/511/1631
f 1416/509/1362 1697/511/1631 1417/511/1363
f 1417/511/1363 1697/511/1631 1699/205/1633
f 1417/511/1363 1699/205/1633 1422/205/1367
f 1422/205/1367 1699/205/1633 1701/204/1635
f 1422/205/1367 1701/204/1635 1410/204/1356
f 2292/552/2173 2094/346/1997 2096/343/1999
f 2292/552/2173 2096/343/1999 2293/1090/2174
f 2013/947/1930 2113/1106/1929 2112/995/2012
f 2013/947/1930 2112/995/2012 1704/515/1638
f 2139/1109/2036 1705/514/1639 1704/515/1638
f 2139/1109/2036 1704/515/1638 2140/976/2037
f 1913/523/1837 1714/523/1648 2294/1092/2175
f 1913/523/1837 2294/1092/2175 2295/1092/2176
f 2061/936/1972 2013/947/1930 1704/515/1638
f 2061/936/1972 1704/515/1638 1703/516/1637
f 2032/911/1946 2048/923/1960 2044/920/1655
f 2032/911/1946 2044/920/1655 2078/950/1840
f 2014/895/1931 2032/911/1946 2078/950/1840
f 2014/895/1931 2078/950/1840 2063/938/1839
f 2003/884/1922 2014/895/1931 2063/938/1839
f 2003/884/1922 2063/938/1839 2050/926/1962
f 1995/879/1914 2003/884/1922 2050/926/1962
f 1995/879/1914 2050/926/1962 2034/913/1948
f 1980/868/1899 1995/879/1914 2034/913/1948
f 1980/868/1899 2034/913/1948 2016/897/1933
f 1965/856/1885 1980/868/1899 2016/897/1933
f 1965/856/1885 2016/897/1933 2005/886/1924
f 1958/847/1879 1965/856/1885 2005/886/1924
f 1958/847/1879 2005/886/1924 1997/881/1916
f 1944/834/1866 1958/847/1879 1997/881/1916
f 1944/834/1866 1997/881/1916 1983/871/1902
f 1925/815/1848 1944/834/1866 1983/871/1902
f 1925/815/1848 1983/871/1902 1968/859/1888
f 1922/818/1845 1925/815/1848 1968/859/1888
f 1922/818/1845 1968/859/1888 1959/849/1880
f 2192/893/2080 1922/818/1845 1959/849/1880
f 2192/893/2080 1959/849/1880 1948/837/1870
f 2114/894/2013 2192/893/2080 1948/837/1870
f 2114/894/2013 1948/837/1870 1947/838/1869
f 1714/523/1648 1713/524/1647 1971/860/1891
f 1714/523/1648 1971/860/1891 2294/1092/2175
f 2294/1092/2175 1971/860/1891 1675/974/1609
f 2294/1092/2175 1675/974/1609 1674/1034/1608
f 2295/1092/2176 2294/1092/2175 1674/1034/1608
f 2295/1092/2176 1674/1034/1608 2296/1034/2177
f 2296/1034/2177 1674/1034/1608 1677/541/1611
f 2296/1034/2177 1677/541/1611 2297/541/2178
f 2297/541/2178 1677/541/1611 1728/538/1661
f 2297/541/2178 1728/538/1661 2298/538/2179
f 2298/538/2179 1728/538/1661 1730/542/1663
f 2298/538/2179 1730/542/1663 2299/542/2180
f 2299/542/2180 1730/542/1663 1732/544/1665
f 2299/542/2180 1732/544/1665 2300/544/2181
f 2300/544/2181 1732/544/1665 1734/546/1667
f 2300/544/2181 1734/546/1667 2301/546/2182
f 2301/546/2182 1734/546/1667 1736/1093/1669
f 2301/546/2182 1736/1093/1669 2302/548/2183
f 2302/548/2183 1736/1093/1669 1738/550/1671
f 2302/548/2183 1738/550/1671 2303/1192/2184
f 2303/1192/2184 1738/550/1671 1740/552/1673
f 2303/1192/2184 1740/552/1673 2292/552/2173
f 2292/552/2173 1740/552/1673 1742/346/1675
f 2292/552/2173 1742/346/1675 2094/346/1997
f 2094/346/1997 1742/346/1675 1744/555/1677
f 2094/346/1997 1744/555/1677 2095/345/1998
f 2095/345/1998 1744/555/1677 1746/557/1679
f 2095/345/1998 1746/557/1679 2282/557/2163
f 2282/557/2163 1746/557/1679 1748/559/1681
f 2282/557/2163 1748/559/1681 1752/559/1685
f 2137/992/2034 2052/604/1964 1709/521/1643
f 2137/992/2034 1709/521/1643 1708/522/1642
f 1781/586/1714 1953/1120/1874 1952/862/1873
f 1781/586/1714 1952/862/1873 1750/563/1683
f 1972/1123/1892 1751/562/1684 1750/563/1683
f 1972/1123/1892 1750/563/1683 1973/843/1873
f 1720/533/1653 1781/586/1714 1750/563/1683
f 1720/533/1653 1750/563/1683 1721/532/1654
f 1787/595/1720 1719/530/1652 1722/531/1655
f 1787/595/1720 1722/531/1655 1916/811/1840
f 1791/599/1724 1787/595/1720 1916/811/1840
f 1791/599/1724 1916/811/1840 1915/812/1839
f 1795/603/1728 1791/599/1724 1915/812/1839
f 1795/603/1728 1915/812/1839 2187/1032/2077
f 1799/607/1732 1795/603/1728 2187/1032/2077
f 1799/607/1732 2187/1032/2077 2180/1026/1948
f 1802/610/1735 1799/607/1732 2180/1026/1948
f 1802/610/1735 2180/1026/1948 2170/1018/1933
f 1805/614/1738 1802/610/1735 2170/1018/1933
f 1805/614/1738 2170/1018/1933 2151/1006/2047
f 1808/617/1741 1805/614/1738 2151/1006/2047
f 1808/617/1741 2151/1006/2047 2136/993/2033
f 1811/619/1744 1808/617/1741 2136/993/2033
f 1811/619/1744 2136/993/2033 2117/978/1902
f 1813/623/1746 1811/619/1744 2117/978/1902
f 1813/623/1746 2117/978/1902 2103/965/1888
f 1726/1035/1659 1813/623/1746 2103/965/1888
f 1726/1035/1659 2103/965/1888 2083/953/1880
f 1723/1011/1656 1726/1035/1659 2083/953/1880
f 1723/1011/1656 2083/953/1880 2069/941/1979
f 1954/845/1875 1723/1011/1656 2069/941/1979
f 1954/845/1875 2069/941/1979 1951/844/1869
f 1414/201/1360 2304/211/2185 2305/1040/2085
f 1414/201/1360 2305/1040/2085 2155/574/2050
f 2194/1062/2082 1413/203/1359 2027/241/880
f 2194/1062/2082 2027/241/880 2026/1188/1941
f 2305/1040/2085 2304/211/2185 1361/146/1307
f 2305/1040/2085 1361/146/1307 1599/400/1538
f 1491/285/1432 1488/283/1430 1526/338/1467
f 1491/285/1432 1526/338/1467 1485/276/1427
f 1428/933/1373 1447/570/1390 1446/200/1389
f 1428/933/1373 1446/200/1389 1429/238/1374
f 2029/906/1943 2028/907/1942 2306/1094/2186
f 2029/906/1943 2306/1094/2186 2200/1042/2086
f 1611/200/1550 1446/200/1389 1445/199/1388
f 1611/200/1550 1445/199/1388 1449/199/1392
f 2200/1042/2086 2306/1094/2186 2307/1095/2187
f 2200/1042/2086 2307/1095/2187 2202/1044/2088
f 2202/1044/2088 2307/1095/2187 2308/1096/2188
f 2202/1044/2088 2308/1096/2188 2204/1046/2090
f 2057/112/1969 2058/109/1970 2306/1094/2186
f 2057/112/1969 2306/1094/2186 2028/907/1942
f 2204/1046/2090 2308/1096/2188 2309/1097/2189
f 2204/1046/2090 2309/1097/2189 2206/1048/2092
f 2058/109/1970 2283/417/2164 2307/1095/2187
f 2058/109/1970 2307/1095/2187 2306/1094/2186
f 2206/1048/2092 2309/1097/2189 2310/1098/2190
f 2206/1048/2092 2310/1098/2190 2208/1050/2094
f 2283/417/2164 2284/496/2165 2308/1096/2188
f 2283/417/2164 2308/1096/2188 2307/1095/2187
f 2208/1050/2094 2310/1098/2190 2311/1099/2191
f 2208/1050/2094 2311/1099/2191 2210/1052/2096
f 2284/496/2165 2285/493/2166 2309/1097/2189
f 2284/496/2165 2309/1097/2189 2308/1096/2188
f 2210/1052/2096 2311/1099/2191 2312/1100/2192
f 2210/1052/2096 2312/1100/2192 2212/1054/2098
f 2285/493/2166 2286/497/2167 2310/1098/2190
f 2285/493/2166 2310/1098/2190 2309/1097/2189
f 2212/1054/2098 2312/1100/2192 2313/1101/2193
f 2212/1054/2098 2313/1101/2193 2214/1056/2100
f 2286/497/2167 2287/499/2168 2311/1099/2191
f 2286/497/2167 2311/1099/2191 2310/1098/2190
f 2214/1056/2100 2313/1101/2193 2314/1102/2194
f 2214/1056/2100 2314/1102/2194 2216/1057/2102
f 2287/499/2168 2288/501/2169 2312/1100/2192
f 2287/499/2168 2312/1100/2192 2311/1099/2191
f 2216/1057/2102 2314/1102/2194 2315/1103/2195
f 2216/1057/2102 2315/1103/2195 2217/1058/2103
f 2288/501/2169 2289/503/2170 2313/1101/2193
f 2288/501/2169 2313/1101/2193 2312/1100/2192
f 2217/1058/2103 2315/1103/2195 1419/1104/1365
f 2217/1058/2103 1419/1104/1365 2218/1060/2104
f 2289/503/2170 2290/505/2171 2314/1102/2194
f 2289/503/2170 2314/1102/2194 2313/1101/2193
f 2218/1060/2104 1419/1104/1365 1418/101/1364
f 2218/1060/2104 1418/101/1364 2220/102/2106
f 2290/505/2171 2291/507/2172 2315/1103/2195
f 2290/505/2171 2315/1103/2195 2314/1102/2194
f 2193/99/2081 1423/100/1368 1413/203/1359
f 2193/99/2081 1413/203/1359 2194/1062/2082
f 2291/507/2172 1416/509/1362 1419/1104/1365
f 2291/507/2172 1419/1104/1365 2315/1103/2195
f 1651/450/1588 1650/451/1587 2228/1063/2112
f 1651/450/1588 2228/1063/2112 2041/474/1955
f 1672/898/1606 1659/899/1595 1658/1083/1594
f 1672/898/1606 1658/1083/1594 1673/1004/1607
f 1923/817/1846 2163/419/2055 2165/420/2057
f 1923/817/1846 2165/420/2057 2153/512/2049
f 2009/117/1278 1335/115/1281 1593/398/1532
f 2009/117/1278 1593/398/1532 2007/399/1531
f 1938/828/1860 2157/1007/455 1656/470/1592
f 1938/828/1860 1656/470/1592 2168/827/2060
f 2280/409/2161 2281/408/2162 2316/227/2196
f 2280/409/2161 2316/227/2196 1936/407/1858
f 1646/1153/639 1603/404/1542 1605/411/1544
f 1646/1153/639 1605/411/1544 2240/1070/2124
f 1335/115/1281 2276/577/2158 2281/408/2162
f 1335/115/1281 2281/408/2162 1593/398/1532
f 2240/1070/2124 1605/411/1544 1568/372/1507
f 2240/1070/2124 1568/372/1507 2243/1072/631
f 2276/577/2158 2277/230/2159 2316/227/2196
f 2276/577/2158 2316/227/2196 2281/408/2162
f 2243/1072/631 1568/372/1507 1557/371/1496
f 2243/1072/631 1557/371/1496 2246/1073/2129
f 2277/230/2159 424/229/399 2317/228/2197
f 2277/230/2159 2317/228/2197 2316/227/2196
f 2246/1073/2129 1557/371/1496 1560/370/1499
f 2246/1073/2129 1560/370/1499 1629/1150/627
f 424/229/399 423/232/398 2318/231/2198
f 424/229/399 2318/231/2198 2317/228/2197
f 1629/1150/627 1560/370/1499 1608/412/1547
f 1629/1150/627 1608/412/1547 1630/429/1568
f 423/232/398 420/234/395 2319/233/2199
f 423/232/398 2319/233/2199 2318/231/2198
f 1630/429/1568 1608/412/1547 1442/239/1385
f 1630/429/1568 1442/239/1385 2150/463/613
f 420/234/395 422/121/397 2076/235/1984
f 420/234/395 2076/235/1984 2319/233/2199
f 2128/932/2026 2046/922/1959 1755/570/1688
f 2128/932/2026 1755/570/1688 2266/933/2148
f 1667/462/1602 1443/238/1386 1611/200/1550
f 1667/462/1602 1611/200/1550 1665/1155/667
f 2091/945/1994 2128/932/2026 2266/933/2148
f 2091/945/1994 2266/933/2148 2092/946/1995
f 1665/1155/667 1611/200/1550 1449/199/1392
f 1665/1155/667 1449/199/1392 1448/1080/1391
f 1339/122/1285 1341/123/1287 2320/413/2200
f 1339/122/1285 2320/413/2200 1609/237/1548
f 2081/889/1988 2066/892/1976 2269/891/2151
f 2081/889/1988 2269/891/2151 2267/890/2149
f 1341/123/1287 1342/126/1288 2031/1105/1945
f 1341/123/1287 2031/1105/1945 2320/413/2200
f 1451/1081/580 1450/244/1393 1613/414/1552
f 1451/1081/580 1613/414/1552 1433/215/1377
f 2047/910/449 2081/889/1988 2267/890/2149
f 2047/910/449 2267/890/2149 1756/571/1689
f 1433/215/1377 1613/414/1552 2143/744/2040
f 1433/215/1377 2143/744/2040 1434/214/564
f 1345/127/1291 1346/1125/1292 2122/982/2020
f 1345/127/1291 2122/982/2020 2030/1085/1944
f 1993/249/1912 2172/250/2063 2175/1019/2066
f 1993/249/1912 2175/1019/2066 2184/1030/2074
f 2066/892/1976 1668/928/1603 1671/989/1605
f 2066/892/1976 1671/989/1605 2269/891/2151
f 1623/252/1562 1653/251/1590 2172/250/2063
f 1623/252/1562 2172/250/2063 1993/249/1912
f 1936/407/1858 2316/227/2196 2317/228/2197
f 1936/407/1858 2317/228/2197 1437/218/1380
f 1437/218/1380 2317/228/2197 2318/231/2198
f 1437/218/1380 2318/231/2198 1438/217/1381
f 1438/217/1381 2318/231/2198 2319/233/2199
f 1438/217/1381 2319/233/2199 1614/416/1553
f 1614/416/1553 2319/233/2199 2076/235/1984
f 1614/416/1553 2076/235/1984 2176/1022/2067
f 2176/1022/2067 2076/235/1984 1610/236/1549
f 2176/1022/2067 1610/236/1549 2119/979/2017
f 2119/979/2017 1610/236/1549 1609/237/1548
f 2119/979/2017 1609/237/1548 2105/966/2007
f 2105/966/2007 1609/237/1548 2320/413/2200
f 2105/966/2007 2320/413/2200 2086/954/1992
f 2086/954/1992 2320/413/2200 2031/1105/1945
f 2086/954/1992 2031/1105/1945 2072/942/1982
f 2072/942/1982 2031/1105/1945 2030/1085/1944
f 2072/942/1982 2030/1085/1944 2055/929/1967
f 2055/929/1967 2030/1085/1944 2122/982/2020
f 2055/929/1967 2122/982/2020 2040/916/1954
f 2040/916/1954 2122/982/2020 2121/983/2019
f 2040/916/1954 2121/983/2019 2023/902/1938
f 2023/902/1938 2121/983/2019 2008/887/1926
f 2023/902/1938 2008/887/1926 2021/901/1936
f 2021/901/1936 2008/887/1926 1592/455/1531
f 2021/901/1936 1592/455/1531 1595/134/1534
f 2164/422/2056 1621/1107/1560 1620/956/1559
f 2164/422/2056 1620/956/1559 2156/421/2051
f 2114/894/2013 2164/422/2056 2163/419/2055
f 2114/894/2013 2163/419/2055 2192/893/2080
f 2321/996/2036 2322/961/2002 2098/962/2001
f 2321/996/2036 2098/962/2001 1705/514/1639
f 1913/523/1837 2295/1092/2176 2323/1110/2201
f 1913/523/1837 2323/1110/2201 2098/962/2001
f 2295/1092/2176 2296/1034/2177 2324/1111/2202
f 2295/1092/2176 2324/1111/2202 2323/1110/2201
f 2296/1034/2177 2297/541/2178 2325/1112/2203
f 2296/1034/2177 2325/1112/2203 2324/1111/2202
f 2297/541/2178 2298/538/2179 2326/1113/2204
f 2297/541/2178 2326/1113/2204 2325/1112/2203
f 2298/538/2179 2299/542/2180 2327/1114/2205
f 2298/538/2179 2327/1114/2205 2326/1113/2204
f 2299/542/2180 2300/544/2181 2328/1115/2206
f 2299/542/2180 2328/1115/2206 2327/1114/2205
f 2300/544/2181 2301/546/2182 2329/1193/2207
f 2300/544/2181 2329/1193/2207 2328/1115/2206
f 2301/546/2182 2302/548/2183 2330/1117/2208
f 2301/546/2182 2330/1117/2208 2329/1193/2207
f 2302/548/2183 2303/1192/2184 2331/1118/2209
f 2302/548/2183 2331/1118/2209 2330/1117/2208
f 2303/1192/2184 2292/552/2173 2293/1090/2174
f 2303/1192/2184 2293/1090/2174 2331/1118/2209
f 1752/559/1685 2097/564/2000 2099/1108/2002
f 1752/559/1685 2099/1108/2002 2332/1119/2210
f 2282/557/2163 1752/559/1685 2332/1119/2210
f 2282/557/2163 2332/1119/2210 1930/820/1852
f 1946/836/1868 2332/1119/2210 2322/961/2002
f 1946/836/1868 2322/961/2002 2321/996/2036
f 2012/975/1929 2011/1013/1928 2164/422/2056
f 2012/975/1929 2164/422/2056 2114/894/2013
f 1705/514/1639 2098/962/2001 2323/1110/2201
f 1705/514/1639 2323/1110/2201 1702/513/1636
f 1702/513/1636 2323/1110/2201 2324/1111/2202
f 1702/513/1636 2324/1111/2202 2043/919/1957
f 2043/919/1957 2324/1111/2202 2325/1112/2203
f 2043/919/1957 2325/1112/2203 2079/949/1986
f 2079/949/1986 2325/1112/2203 2326/1113/2204
f 2079/949/1986 2326/1113/2204 2064/937/1974
f 2064/937/1974 2326/1113/2204 2327/1114/2205
f 2064/937/1974 2327/1114/2205 2051/925/1963
f 2051/925/1963 2327/1114/2205 2328/1115/2206
f 2051/925/1963 2328/1115/2206 2035/912/1949
f 2035/912/1949 2328/1115/2206 2329/1193/2207
f 2035/912/1949 2329/1193/2207 2017/896/1934
f 2017/896/1934 2329/1193/2207 2330/1117/2208
f 2017/896/1934 2330/1117/2208 2006/885/1925
f 2006/885/1925 2330/1117/2208 2331/1118/2209
f 2006/885/1925 2331/1118/2209 1998/880/1917
f 1998/880/1917 2331/1118/2209 2293/1090/2174
f 1998/880/1917 2293/1090/2174 1984/870/1903
f 1984/870/1903 2293/1090/2174 2096/343/1999
f 1984/870/1903 2096/343/1999 1969/858/1889
f 1969/858/1889 2096/343/1999 1929/344/921
f 1969/858/1889 1929/344/921 1928/821/1851
f 1931/819/1853 1930/820/1852 2332/1119/2210
f 1931/819/1853 2332/1119/2210 1946/836/1868
f 1989/1187/1908 2191/1121/1560 2190/527/1650
f 1989/1187/1908 2190/527/1650 1985/560/1904
f 1954/845/1875 1989/1187/1908 1724/973/1657
f 1954/845/1875 1724/973/1657 1723/1011/1656
f 2070/940/1980 1967/534/1887 1757/620/1690
f 2070/940/1980 1757/620/1690 1974/861/1893
f 1547/367/1487 1543/358/1483 1544/357/1484
f 1547/367/1487 1544/357/1484 1552/368/1492
f 1751/562/1684 2186/568/2076 2178/578/2069
f 1751/562/1684 2178/578/2069 1749/561/1682
f 1749/561/1682 2178/578/2069 2166/580/2058
f 1749/561/1682 2166/580/2058 1940/830/1862
f 1940/830/1862 2166/580/2058 2148/582/2045
f 1940/830/1862 2148/582/2045 1917/810/1841
f 1917/810/1841 2148/582/2045 2127/584/2025
f 1917/810/1841 2127/584/2025 1914/809/1838
f 1914/809/1838 2127/584/2025 2115/589/2014
f 1914/809/1838 2115/589/2014 2188/1031/2078
f 2188/1031/2078 2115/589/2014 2101/592/2004
f 2188/1031/2078 2101/592/2004 2181/1025/2071
f 2181/1025/2071 2101/592/2004 2080/596/1987
f 2181/1025/2071 2080/596/1987 2171/1017/2062
f 2171/1017/2062 2080/596/1987 2065/600/1975
f 2171/1017/2062 2065/600/1975 2152/1005/2048
f 2152/1005/2048 2065/600/1975 2052/604/1964
f 2152/1005/2048 2052/604/1964 2137/992/2034
f 2333/863/1892 2334/567/2211 2186/568/2076
f 2333/863/1892 2186/568/2076 1751/562/1684
f 2084/952/1990 1966/537/1886 1967/534/1887
f 2084/952/1990 1967/534/1887 2070/940/1980
f 1974/861/1893 1757/620/1690 2334/567/2211
f 1974/861/1893 2334/567/2211 2333/863/1892
f 2162/842/1874 2161/875/1928 1989/1187/1908
f 2162/842/1874 1989/1187/1908 1954/845/1875
f 72/32/54 40/2/30 42/34/32
f 72/32/54 42/34/32 70/52/51
f 1556/1148/1495 1572/1149/1511 1554/1147/88
f 1556/1148/1495 1554/1147/88 1553/703/1493
f 839/230/806 838/294/805 1246/289/1199
f 839/230/806 1246/289/1199 1247/577/225
f 725/306/693 905/302/869 836/743/804
f 725/306/693 836/743/804 734/654/702
f 343/302/319 339/298/315 840/298/807
f 343/302/319 840/298/807 905/302/869
f 247/208/224 185/148/166 191/154/172
f 247/208/224 191/154/172 186/149/167
f 273/234/249 147/121/129 146/121/128
f 273/234/249 146/121/128 734/654/702
f 1037/316/999 144/118/126 145/120/127
f 1037/316/999 145/120/127 150/122/132
f 277/238/253 1237/933/1191 1236/946/1190
f 277/238/253 1236/946/1190 278/239/254
f 700/621/668 642/566/611 2335/1194/2212
f 700/621/668 2335/1194/2212 2336/1195/2213
f 2337/1196/2214 2338/1197/2212 654/576/622
f 2337/1196/2214 654/576/622 562/492/532
f 610/536/579 609/535/578 2339/1171/2215
f 610/536/579 2339/1171/2215 2340/1170/2216
f 2340/1170/2216 2339/1171/2215 561/491/531
f 2340/1170/2216 561/491/531 961/854/925
f 694/615/662 610/536/579 2340/1170/2216
f 694/615/662 2340/1170/2216 2341/1169/2217
f 2341/1169/2217 2340/1170/2216 961/854/925
f 2341/1169/2217 961/854/925 960/853/924
f 687/608/655 694/615/662 2341/1169/2217
f 687/608/655 2341/1169/2217 2342/1168/2218
f 2342/1168/2218 2341/1169/2217 960/853/924
f 2342/1168/2218 960/853/924 691/612/659
f 684/605/652 687/608/655 2342/1168/2218
f 684/605/652 2342/1168/2218 2343/1167/2219
f 2343/1167/2219 2342/1168/2218 691/612/659
f 2343/1167/2219 691/612/659 118/98/100
f 680/601/648 684/605/652 2343/1167/2219
f 680/601/648 2343/1167/2219 2344/1166/2220
f 2344/1166/2220 2343/1167/2219 118/98/100
f 2344/1166/2220 118/98/100 117/97/99
f 676/597/644 680/601/648 2344/1166/2220
f 676/597/644 2344/1166/2220 2345/1165/2221
f 2345/1165/2221 2344/1166/2220 117/97/99
f 2345/1165/2221 117/97/99 546/476/516
f 672/593/640 676/597/644 2345/1165/2221
f 672/593/640 2345/1165/2221 2346/1164/2222
f 2346/1164/2222 2345/1165/2221 546/476/516
f 2346/1164/2222 546/476/516 548/478/518
f 669/590/637 672/593/640 2346/1164/2222
f 669/590/637 2346/1164/2222 2347/1163/2223
f 2347/1163/2223 2346/1164/2222 548/478/518
f 2347/1163/2223 548/478/518 550/480/520
f 664/585/632 669/590/637 2347/1163/2223
f 664/585/632 2347/1163/2223 2348/1198/2224
f 2348/1198/2224 2347/1163/2223 550/480/520
f 2348/1198/2224 550/480/520 552/482/522
f 662/583/630 664/585/632 2348/1198/2224
f 662/583/630 2348/1198/2224 2349/1161/2225
f 2349/1161/2225 2348/1198/2224 552/482/522
f 2349/1161/2225 552/482/522 554/484/524
f 660/581/628 662/583/630 2349/1161/2225
f 660/581/628 2349/1161/2225 2350/1160/2226
f 2350/1160/2226 2349/1161/2225 554/484/524
f 2350/1160/2226 554/484/524 556/486/526
f 658/579/626 660/581/628 2350/1160/2226
f 658/579/626 2350/1160/2226 2351/1158/2227
f 2351/1158/2227 2350/1160/2226 556/486/526
f 2351/1158/2227 556/486/526 558/488/528
f 645/569/614 658/579/626 2351/1158/2227
f 645/569/614 2351/1158/2227 2352/1199/2228
f 2352/1199/2228 2351/1158/2227 558/488/528
f 2352/1199/2228 558/488/528 560/490/530
f 642/566/611 645/569/614 2353/1200/2229
f 642/566/611 2353/1200/2229 2354/1201/2212
f 2355/1202/2212 2352/1199/2228 560/490/530
f 2355/1202/2212 560/490/530 654/576/622
f 609/535/578 700/621/668 2336/1195/2213
f 609/535/578 2336/1195/2213 2339/1171/2215
f 2339/1171/2215 2336/1195/2213 562/492/532
f 2339/1171/2215 562/492/532 561/491/531
f 699/620/667 643/567/612 642/566/611
f 699/620/667 642/566/611 700/621/668
f 288/248/264 109/89/91 108/88/90
f 288/248/264 108/88/90 285/245/261
f 376/335/351 372/331/347 107/87/89
f 376/335/351 107/87/89 315/274/291
f 370/329/346 376/335/351 315/274/291
f 370/329/346 315/274/291 313/272/289
f 366/325/342 370/329/346 313/272/289
f 366/325/342 313/272/289 311/270/287
f 363/322/339 366/325/342 311/270/287
f 363/322/339 311/270/287 309/268/285
f 360/319/336 363/322/339 309/268/285
f 360/319/336 309/268/285 307/266/283
f 356/315/332 360/319/336 307/266/283
f 356/315/332 307/266/283 305/264/281
f 353/312/329 356/315/332 305/264/281
f 353/312/329 305/264/281 303/88/279
f 350/309/326 353/312/329 303/88/279
f 350/309/326 303/88/279 301/261/277
f 346/305/322 350/309/326 301/261/277
f 346/305/322 301/261/277 299/259/275
f 342/301/318 346/305/322 299/259/275
f 342/301/318 299/259/275 297/257/273
f 338/297/314 342/301/318 297/257/273
f 338/297/314 297/257/273 295/255/271
f 334/293/310 338/297/314 295/255/271
f 334/293/310 295/255/271 293/253/269
f 328/287/304 334/293/310 293/253/269
f 328/287/304 293/253/269 286/246/262
f 322/281/298 328/287/304 286/246/262
f 322/281/298 286/246/262 285/245/261
f 372/331/347 321/280/297 108/88/90
f 372/331/347 108/88/90 107/87/89
f 106/86/88 1572/1149/1511 861/763/828
f 106/86/88 861/763/828 103/83/85
f 1572/1149/1511 830/737/798 860/762/827
f 1572/1149/1511 860/762/827 861/763/828
f 830/737/798 819/727/787 858/760/825
f 830/737/798 858/760/825 860/762/827
f 819/727/787 816/725/784 856/758/823
f 819/727/787 856/758/823 858/760/825
f 816/725/784 813/723/781 854/756/821
f 816/725/784 854/756/821 856/758/823
f 813/723/781 810/721/778 852/754/819
f 813/723/781 852/754/819 854/756/821
f 810/721/778 807/719/775 850/752/817
f 810/721/778 850/752/817 852/754/819
f 807/719/775 804/717/772 849/751/816
f 807/719/775 849/751/816 850/752/817
f 804/717/772 801/715/769 846/748/813
f 804/717/772 846/748/813 849/751/816
f 801/715/769 798/713/766 844/746/811
f 801/715/769 844/746/811 846/748/813
f 798/713/766 795/711/763 822/729/790
f 798/713/766 822/729/790 844/746/811
f 792/709/760 789/707/757 834/741/802
f 792/709/760 834/741/802 823/730/791
f 789/707/757 786/705/754 832/739/800
f 789/707/757 832/739/800 834/741/802
f 786/705/754 105/85/87 104/84/86
f 786/705/754 104/84/86 832/739/800
f 795/711/763 792/709/760 823/730/791
f 795/711/763 823/730/791 822/729/790
f 901/803/748 779/699/747 104/84/86
f 901/803/748 104/84/86 103/83/85
f 900/802/865 2356/1185/867 781/701/749
f 900/802/865 781/701/749 740/660/708
f 898/800/863 743/663/711 896/798/861
f 898/800/863 896/798/861 895/797/860
f 895/797/860 896/798/861 893/795/858
f 895/797/860 893/795/858 892/794/857
f 892/794/857 893/795/858 890/792/855
f 892/794/857 890/792/855 889/791/854
f 889/791/854 890/792/855 887/789/852
f 889/791/854 887/789/852 885/787/850
f 885/787/850 887/789/852 883/785/848
f 885/787/850 883/785/848 864/766/831
f 864/766/831 883/785/848 826/733/794
f 864/766/831 826/733/794 865/767/832
f 875/777/842 876/778/843 843/745/810
f 875/777/842 843/745/810 872/774/839
f 870/772/837 882/784/847 847/749/814
f 870/772/837 847/749/814 871/773/838
f 867/769/834 829/736/797 882/784/847
f 867/769/834 882/784/847 870/772/837
f 886/788/851 848/750/815 876/778/843
f 886/788/851 876/778/843 875/777/842
f 871/773/838 847/749/814 848/750/815
f 871/773/838 848/750/815 886/788/851
f 872/774/839 843/745/810 778/698/746
f 872/774/839 778/698/746 879/781/846
f 865/767/832 826/733/794 829/736/797
f 865/767/832 829/736/797 867/769/834
f 879/781/846 778/698/746 781/701/749
f 879/781/846 781/701/749 2356/1185/867
f 900/802/865 740/660/708 743/663/711
f 900/802/865 743/663/711 898/800/863
f 729/649/697 737/657/705 112/92/94
f 729/649/697 112/92/94 111/91/93
f 2357/1172/2230 2358/1175/2231 712/633/680
f 2357/1172/2230 712/633/680 711/632/679
f 2358/1175/2231 2359/1174/2232 727/647/695
f 2358/1175/2231 727/647/695 712/633/680
f 2359/1174/2232 2360/1176/2233 777/697/745
f 2359/1174/2232 777/697/745 727/647/695
f 2360/1176/2233 2361/1177/2234 775/695/743
f 2360/1176/2233 775/695/743 777/697/745
f 2361/1177/2234 2362/1184/2235 772/692/740
f 2361/1177/2234 772/692/740 775/695/743
f 2362/1184/2235 2363/1183/2236 759/679/727
f 2362/1184/2235 759/679/727 772/692/740
f 2363/1183/2236 2364/1182/2237 760/680/728
f 2363/1183/2236 760/680/728 759/679/727
f 2364/1182/2237 2365/1181/2238 770/690/738
f 2364/1182/2237 770/690/738 760/680/728
f 2365/1181/2238 2366/1180/2239 768/688/736
f 2365/1181/2238 768/688/736 770/690/738
f 2366/1180/2239 2367/1179/2240 765/685/733
f 2366/1180/2239 765/685/733 768/688/736
f 2367/1179/2240 2368/1178/2241 763/683/731
f 2367/1179/2240 763/683/731 765/685/733
f 2368/1178/2241 748/668/716 751/671/719
f 2368/1178/2241 751/671/719 763/683/731
f 749/669/717 74/54/56 756/676/724
f 749/669/717 756/676/724 750/670/718
f 2369/1173/2242 2357/1172/2230 711/632/679
f 2369/1173/2242 711/632/679 733/653/701
f 74/54/56 2369/1173/2242 733/653/701
f 74/54/56 733/653/701 756/676/724
f 2369/1173/2242 747/667/715 77/57/59
f 2369/1173/2242 77/57/59 2357/1172/2230
f 74/54/56 73/53/55 747/667/715
f 74/54/56 747/667/715 2369/1173/2242
f 748/668/716 102/82/84 76/56/58
f 748/668/716 76/56/58 75/55/57
f 2368/1178/2241 100/80/82 102/82/84
f 2368/1178/2241 102/82/84 748/668/716
f 2367/1179/2240 98/78/80 100/80/82
f 2367/1179/2240 100/80/82 2368/1178/2241
f 2366/1180/2239 96/76/78 98/78/80
f 2366/1180/2239 98/78/80 2367/1179/2240
f 2365/1181/2238 94/74/76 96/76/78
f 2365/1181/2238 96/76/78 2366/1180/2239
f 2364/1182/2237 92/72/74 94/74/76
f 2364/1182/2237 94/74/76 2365/1181/2238
f 2363/1183/2236 90/70/72 92/72/74
f 2363/1183/2236 92/72/74 2364/1182/2237
f 2362/1184/2235 88/68/70 90/70/72
f 2362/1184/2235 90/70/72 2363/1183/2236
f 2361/1177/2234 86/66/68 88/68/70
f 2361/1177/2234 88/68/70 2362/1184/2235
f 2360/1176/2233 84/64/66 86/66/68
f 2360/1176/2233 86/66/68 2361/1177/2234
f 2359/1174/2232 82/62/64 84/64/66
f 2359/1174/2232 84/64/66 2360/1176/2233
f 2358/1175/2231 80/60/62 82/62/64
f 2358/1175/2231 82/62/64 2359/1174/2232
f 2357/1172/2230 77/57/59 80/60/62
f 2357/1172/2230 80/60/62 2358/1175/2231
f 745/665/713 73/53/55 76/56/58
f 745/665/713 76/56/58 731/651/699
f 732/652/700 754/674/722 756/676/724
f 732/652/700 756/676/724 733/653/701
f 755/675/723 754/674/722 2370/1203/2243
f 755/675/723 2370/1203/2243 2371/1204/2244
f 2372/1205/2244 2370/1203/2243 729/649/697
f 2372/1205/2244 729/649/697 728/648/696
f 754/674/722 732/652/700 2373/1206/2245
f 754/674/722 2373/1206/2245 2370/1203/2243
f 2370/1203/2243 2373/1206/2245 737/657/705
f 2370/1203/2243 737/657/705 729/649/697
f 732/652/700 710/631/678 2374/1207/2246
f 732/652/700 2374/1207/2246 2373/1206/2245
f 2373/1206/2245 2374/1207/2246 738/658/706
f 2373/1206/2245 738/658/706 737/657/705
f 710/631/678 709/630/677 2375/1208/2247
f 710/631/678 2375/1208/2247 2374/1207/2246
f 2374/1207/2246 2375/1208/2247 766/686/734
f 2374/1207/2246 766/686/734 738/658/706
f 709/630/677 726/646/694 2376/1209/2248
f 709/630/677 2376/1209/2248 2375/1208/2247
f 2375/1208/2247 2376/1209/2248 904/806/868
f 2375/1208/2247 904/806/868 766/686/734
f 726/646/694 776/696/744 2377/1210/2249
f 726/646/694 2377/1210/2249 2376/1209/2248
f 2376/1209/2248 2377/1210/2249 773/693/741
f 2376/1209/2248 773/693/741 904/806/868
f 776/696/744 774/694/742 2378/1211/2250
f 776/696/744 2378/1211/2250 2377/1210/2249
f 2377/1210/2249 2378/1211/2250 744/664/712
f 2377/1210/2249 744/664/712 773/693/741
f 774/694/742 771/691/739 2379/1212/2251
f 774/694/742 2379/1212/2251 2378/1211/2250
f 2378/1211/2250 2379/1212/2251 735/655/703
f 2378/1211/2250 735/655/703 744/664/712
f 771/691/739 758/678/726 2380/1213/2252
f 771/691/739 2380/1213/2252 2379/1212/2251
f 2379/1212/2251 2380/1213/2252 736/656/704
f 2379/1212/2251 736/656/704 735/655/703
f 758/678/726 757/677/725 2381/1214/2253
f 758/678/726 2381/1214/2253 2380/1213/2252
f 2380/1213/2252 2381/1214/2253 739/659/707
f 2380/1213/2252 739/659/707 736/656/704
f 757/677/725 769/689/737 2382/1215/2254
f 757/677/725 2382/1215/2254 2381/1214/2253
f 2381/1214/2253 2382/1215/2254 752/672/720
f 2381/1214/2253 752/672/720 739/659/707
f 769/689/737 767/687/735 2383/1216/2255
f 769/689/737 2383/1216/2255 2382/1215/2254
f 2382/1215/2254 2383/1216/2255 753/673/721
f 2382/1215/2254 753/673/721 752/672/720
f 767/687/735 764/684/732 2384/1217/2256
f 767/687/735 2384/1217/2256 2383/1216/2255
f 2383/1216/2255 2384/1217/2256 713/634/681
f 2383/1216/2255 713/634/681 753/673/721
f 764/684/732 762/682/730 2385/1218/2257
f 764/684/732 2385/1218/2257 2384/1217/2256
f 2384/1217/2256 2385/1218/2257 705/626/673
f 2384/1217/2256 705/626/673 713/634/681
f 762/682/730 761/681/729 2386/1219/2258
f 762/682/730 2386/1219/2258 2385/1218/2257
f 2385/1218/2257 2386/1219/2258 706/627/674
f 2385/1218/2257 706/627/674 705/626/673
f 761/681/729 755/675/723 2371/1204/2244
f 761/681/729 2371/1204/2244 2386/1219/2258
f 2386/1219/2258 2372/1205/2244 728/648/696
f 2386/1219/2258 728/648/696 706/627/674
f 751/671/719 750/670/718 755/675/723
f 751/671/719 755/675/723 761/681/729
o Object_4
v -0.012599 0.000052 0.195974
v -0.012090 -0.004443 0.196359
v -0.012597 0.000053 0.195974
v -0.012034 -0.004454 0.196174
v -0.012597 0.000053 0.195974
v -0.009355 -0.009313 0.196857
v -0.011872 -0.004368 0.196425
v -0.012216 -0.004491 0.196279
v -0.009637 -0.009586 0.196680
v -0.009412 -0.009446 0.196315
v -0.012210 -0.004503 0.196213
v -0.004820 -0.011517 0.197378
v -0.008813 -0.008883 0.196334
v -0.008961 -0.008948 0.196979
v -0.005299 -0.012810 0.196724
v 0.000002 -0.013882 0.197093
v -0.005311 -0.012833 0.196814
v -0.000050 -0.012948 0.197581
v 0.004865 -0.011843 0.197932
v -0.000039 -0.012462 0.197658
v -0.000034 -0.013498 0.197424
v 0.005000 -0.012165 0.197842
v -0.000011 -0.013773 0.197272
v 0.005176 -0.012553 0.197680
v -0.000001 -0.012387 0.197179
v 0.004718 -0.011375 0.197149
v 0.000020 -0.012328 0.196813
v -0.000039 -0.012462 0.197658
v 0.004740 -0.011484 0.197639
v 0.012583 -0.005230 0.198283
v 0.009368 -0.009409 0.198098
v 0.009652 -0.009684 0.197921
v 0.012714 -0.005247 0.197884
v 0.009777 -0.009779 0.197581
v 0.009627 -0.009589 0.197474
v 0.012522 -0.005155 0.197785
v 0.009361 -0.009289 0.197403
v 0.011953 -0.004894 0.197637
v 0.008970 -0.008857 0.197402
v 0.011492 -0.004696 0.197599
v 0.008731 -0.008688 0.197425
v 0.008748 -0.008738 0.197669
v 0.011452 -0.004741 0.198019
v 0.008775 -0.008812 0.198036
v 0.011412 -0.004795 0.198440
v 0.008775 -0.008869 0.198260
v 0.012767 -0.005300 0.198176
v 0.013741 -0.000021 0.198531
v 0.012398 0.000009 0.198209
v 0.011467 -0.004728 0.197829
v 0.012968 0.000054 0.198717
v 0.011474 0.004729 0.199077
v 0.012356 -0.000025 0.198721
v 0.012616 0.005206 0.198850
v 0.013448 -0.000011 0.198639
v 0.013543 0.000020 0.198086
v 0.012539 0.005233 0.198379
v 0.013748 0.000012 0.198188
v 0.013087 0.000041 0.197951
v 0.012426 0.000018 0.197869
v 0.011687 0.004935 0.198236
v 0.011440 0.004741 0.198229
v 0.008723 0.008800 0.198506
v 0.011447 0.004746 0.198592
v 0.011461 0.004734 0.198820
v 0.008802 0.008715 0.199351
v 0.011474 0.004729 0.199077
v 0.005175 0.012342 0.199543
v 0.009175 0.008950 0.199331
v 0.009483 0.009431 0.199241
v 0.009658 0.009629 0.199153
v 0.005263 0.012657 0.199450
v 0.009779 0.009755 0.199055
v 0.005258 0.012726 0.199101
v 0.009757 0.009766 0.198796
v 0.009569 0.009600 0.198666
v 0.005053 0.012294 0.198886
v 0.009114 0.009191 0.198537
v 0.004743 0.011445 0.199220
v -0.000009 0.012398 0.199428
v -0.004737 0.011453 0.199879
v -0.000027 0.012432 0.199249
v 0.000011 0.012357 0.199641
v -0.004739 0.011492 0.200025
v -0.009583 0.009615 0.200336
v -0.012471 0.005185 0.200656
v -0.009375 0.009438 0.200447
v -0.009724 0.009746 0.200217
v -0.012664 0.005253 0.200509
v -0.008753 0.008751 0.200108
v -0.011391 0.004717 0.200378
v -0.008724 0.008686 0.199799
v -0.008779 0.008822 0.200430
v -0.011550 0.004816 0.200782
v -0.013160 0.000030 0.201026
v -0.011298 -0.005738 0.201106
v -0.012744 0.000088 0.201157
v -0.011442 -0.005879 0.201079
v -0.013502 -0.000009 0.200855
v -0.011565 -0.005919 0.201011
v -0.013681 -0.000025 0.200687
v -0.013643 -0.000038 0.200518
v -0.013708 -0.000037 0.200601
v -0.013383 -0.000009 0.200449
v -0.011517 -0.005912 0.200954
v -0.012980 -0.000001 0.200459
v -0.011354 -0.005906 0.200912
v -0.011295 -0.005778 0.200882
v -0.012489 0.000022 0.200539
v -0.011186 -0.005754 0.200882
v -0.012565 0.000036 0.200723
v -0.011197 -0.005726 0.200999
v -0.012681 0.000053 0.201001
v -0.011210 -0.005696 0.201107
v -0.012744 0.000088 0.201157
v -0.009064 -0.008731 0.201294
v -0.011210 -0.005696 0.201107
v -0.009065 -0.008732 0.201293
v -0.009064 -0.008731 0.201293
v -0.009064 -0.008731 0.201294
v -0.011803 -0.004366 0.196189
v -0.011872 -0.004368 0.196425
v -0.008961 -0.008948 0.196979
v -0.009716 -0.009684 0.196553
v -0.009647 -0.009634 0.196395
v -0.009712 -0.009693 0.196475
v -0.009007 -0.009155 0.196301
v -0.005297 -0.012757 0.196942
v -0.005211 -0.012522 0.197096
v -0.005217 -0.012664 0.196622
v -0.004687 -0.011396 0.196538
v -0.005073 -0.012117 0.197252
v 0.000004 -0.013871 0.197167
v 0.000013 -0.013847 0.197021
v -0.005080 -0.012316 0.196529
v -0.000030 -0.013104 0.196802
v 0.000022 -0.013437 0.196851
v 0.004741 -0.011570 0.197983
v 0.005288 -0.012782 0.197497
v 0.005323 -0.012827 0.197382
v 0.004741 -0.011570 0.197983
v 0.005266 -0.012644 0.197206
v 0.005188 -0.012426 0.197145
v 0.004776 -0.011853 0.197097
v 0.012208 -0.005032 0.198392
v 0.012264 -0.005035 0.197701
v 0.011437 -0.004754 0.198201
v 0.011658 -0.005072 0.198431
v 0.013857 -0.000005 0.198445
v 0.012834 -0.005319 0.198084
v 0.013886 -0.000008 0.198377
v 0.012356 -0.000025 0.198721
v 0.012100 0.004985 0.199012
v 0.012388 0.005103 0.198939
v 0.012771 0.005274 0.198749
v 0.012834 0.005320 0.198644
v 0.012796 0.005310 0.198526
v 0.012042 0.005052 0.198266
v 0.008802 0.008715 0.199351
v 0.009807 0.009814 0.198875
v 0.004919 0.011858 0.199591
v 0.004754 0.011384 0.199576
v 0.005312 0.012797 0.199354
v 0.009816 0.009824 0.198953
v 0.005319 0.012829 0.199287
v 0.004913 0.011986 0.198801
v 0.005170 0.012545 0.198988
v 0.004700 0.011537 0.198731
v 0.004754 0.011384 0.199576
v 0.000029 0.012321 0.199851
v 0.000061 0.013454 0.199822
v 0.000059 0.013132 0.199864
v 0.000034 0.013761 0.199727
v 0.000012 0.013875 0.199621
v -0.000046 0.012676 0.199035
v -0.000042 0.012475 0.199011
v -0.004782 0.011553 0.200355
v 0.000029 0.012321 0.199851
v -0.004820 0.011762 0.200320
v -0.004895 0.011934 0.200279
v -0.000062 0.012758 0.199882
v -0.004967 0.012095 0.200232
v -0.005034 0.012244 0.200180
v -0.005096 0.012379 0.200124
v -0.005151 0.012499 0.200066
v -0.005255 0.012565 0.200013
v -0.005294 0.012754 0.199879
v -0.005197 0.012471 0.199517
v -0.000009 0.013572 0.199291
v -0.005147 0.012346 0.199495
v -0.005090 0.012206 0.199480
v -0.000018 0.013311 0.199186
v -0.005028 0.012054 0.199472
v -0.004961 0.011891 0.199472
v -0.000037 0.012993 0.199097
v -0.004889 0.011719 0.199481
v -0.004735 0.011358 0.199524
v -0.004735 0.011393 0.199655
v -0.004736 0.011416 0.199742
v -0.004740 0.011530 0.200164
v -0.004782 0.011553 0.200355
v -0.008803 0.008862 0.200638
v -0.009812 0.009806 0.200097
v -0.005327 0.012823 0.199742
v -0.009814 0.009806 0.200001
v -0.005325 0.012788 0.199662
v -0.009753 0.009728 0.199908
v -0.005308 0.012662 0.199585
v -0.009615 0.009588 0.199833
v -0.011984 0.005015 0.200902
v -0.009117 0.009208 0.200547
v -0.012149 0.005030 0.200838
v -0.012777 0.005288 0.200385
v -0.012815 0.005291 0.200257
v -0.012750 0.005244 0.200154
v -0.012311 0.005065 0.200071
v -0.009358 0.009341 0.199772
v -0.011902 0.005481 0.200045
v -0.011512 0.004745 0.200176
v -0.011333 0.004675 0.200226
v -0.011464 0.004766 0.200565
v -0.011653 0.004844 0.201021
v -0.011755 0.005166 0.200087
v 0.005308 -0.012785 0.197289
v 0.005094 -0.012139 0.197112
v 0.012815 -0.005305 0.197983
v 0.011412 -0.004795 0.198440
v 0.013868 0.000002 0.198297
v 0.005312 0.012815 0.199205
v -0.008803 0.008862 0.200638
v -0.009218 0.008886 0.199774
v -0.004813 0.011541 0.199498
v -0.012538 0.005141 0.200088
v 0.012569 -0.000256 0.195974
v 0.011889 0.004161 0.196425
v 0.012568 -0.000256 0.195974
v 0.012570 -0.000256 0.195974
v 0.012108 0.004234 0.196359
v 0.012569 -0.000256 0.195974
v 0.012052 0.004247 0.196174
v 0.009234 0.009200 0.196902
v 0.011889 0.004161 0.196425
v 0.012244 0.004287 0.196266
v 0.009517 0.009478 0.196768
v 0.009715 0.009690 0.196476
v 0.012214 0.004280 0.196204
v 0.009413 0.009445 0.196315
v 0.008810 0.008887 0.196334
v 0.011820 0.004163 0.196189
v 0.004820 0.011517 0.197378
v 0.008960 0.008948 0.196978
v 0.000050 0.012948 0.197581
v -0.004865 0.011843 0.197932
v 0.000039 0.012462 0.197658
v 0.000034 0.013499 0.197424
v -0.005000 0.012164 0.197842
v 0.000011 0.013773 0.197272
v -0.005176 0.012553 0.197680
v 0.000001 0.012387 0.197179
v -0.004718 0.011375 0.197149
v -0.000020 0.012328 0.196813
v 0.000039 0.012462 0.197658
v -0.004740 0.011484 0.197639
v -0.012583 0.005230 0.198283
v -0.009368 0.009409 0.198098
v -0.009652 0.009684 0.197921
v -0.012714 0.005247 0.197885
v -0.009777 0.009779 0.197581
v -0.009627 0.009589 0.197474
v -0.012522 0.005155 0.197785
v -0.009361 0.009289 0.197403
v -0.011953 0.004894 0.197637
v -0.008970 0.008857 0.197402
v -0.011492 0.004696 0.197599
v -0.008731 0.008688 0.197425
v -0.008748 0.008738 0.197669
v -0.011452 0.004741 0.198019
v -0.008775 0.008812 0.198036
v -0.011412 0.004795 0.198440
v -0.008775 0.008869 0.198260
v -0.012767 0.005300 0.198176
v -0.013741 0.000021 0.198531
v -0.012398 -0.000009 0.198209
v -0.011467 0.004728 0.197829
v -0.012968 -0.000054 0.198717
v -0.011474 -0.004729 0.199077
v -0.012356 0.000025 0.198721
v -0.012616 -0.005206 0.198850
v -0.013448 0.000011 0.198639
v -0.013543 -0.000020 0.198086
v -0.012539 -0.005233 0.198379
v -0.013748 -0.000012 0.198188
v -0.013087 -0.000041 0.197951
v -0.012426 -0.000018 0.197869
v -0.011687 -0.004935 0.198236
v -0.011440 -0.004741 0.198229
v -0.008723 -0.008800 0.198506
v -0.011447 -0.004746 0.198592
v -0.011461 -0.004734 0.198820
v -0.008802 -0.008715 0.199351
v -0.011474 -0.004729 0.199077
v -0.005175 -0.012342 0.199543
v -0.009175 -0.008950 0.199331
v -0.009483 -0.009431 0.199241
v -0.009658 -0.009629 0.199153
v -0.005263 -0.012657 0.199450
v -0.009779 -0.009755 0.199055
v -0.005258 -0.012726 0.199101
v -0.009757 -0.009766 0.198796
v -0.009569 -0.009600 0.198666
v -0.005053 -0.012294 0.198886
v -0.009114 -0.009191 0.198537
v -0.004743 -0.011445 0.199220
v 0.000009 -0.012398 0.199428
v 0.004737 -0.011453 0.199879
v 0.000027 -0.012432 0.199249
v -0.000011 -0.012357 0.199641
v 0.004739 -0.011492 0.200025
v 0.009583 -0.009615 0.200336
v 0.012471 -0.005185 0.200656
v 0.009375 -0.009438 0.200447
v 0.009724 -0.009746 0.200217
v 0.012664 -0.005253 0.200510
v 0.008753 -0.008751 0.200108
v 0.011391 -0.004717 0.200378
v 0.008724 -0.008686 0.199799
v 0.008779 -0.008822 0.200430
v 0.011550 -0.004816 0.200782
v 0.013114 -0.000036 0.201042
v 0.011546 0.005156 0.201106
v 0.012743 -0.000088 0.201157
v 0.011666 0.005271 0.201087
v 0.013412 -0.000004 0.200909
v 0.011789 0.005332 0.201038
v 0.013644 0.000019 0.200733
v 0.013703 0.000028 0.200641
v 0.013694 0.000034 0.200565
v 0.011814 0.005332 0.200991
v 0.013609 0.000033 0.200502
v 0.013383 0.000012 0.200449
v 0.011706 0.005339 0.200933
v 0.012981 -0.000003 0.200458
v 0.011420 0.005474 0.200916
v 0.012489 -0.000017 0.200539
v 0.011432 0.005181 0.200882
v 0.012564 -0.000032 0.200723
v 0.011443 0.005153 0.200999
v 0.012680 -0.000051 0.201000
v 0.011455 0.005123 0.201108
v 0.012743 -0.000088 0.201157
v 0.008954 0.008911 0.201294
v 0.011455 0.005123 0.201108
v 0.008955 0.008912 0.201293
v 0.008954 0.008911 0.201293
v 0.008954 0.008911 0.201294
v 0.008960 0.008948 0.196978
v 0.009711 0.009670 0.196583
v 0.009647 0.009638 0.196396
v 0.009007 0.009156 0.196301
v 0.005211 0.012522 0.197096
v 0.005073 0.012103 0.197256
v 0.005279 0.012715 0.196976
v 0.005308 0.012821 0.196857
v 0.004687 0.011396 0.196538
v -0.000002 0.013882 0.197093
v 0.005304 0.012827 0.196757
v -0.000013 0.013847 0.197021
v 0.005240 0.012719 0.196644
v -0.000031 0.013692 0.196925
v 0.005080 0.012316 0.196529
v 0.000030 0.013104 0.196802
v -0.000022 0.013437 0.196851
v -0.004741 0.011570 0.197983
v -0.005288 0.012782 0.197497
v -0.000004 0.013871 0.197167
v -0.005323 0.012827 0.197382
v -0.004741 0.011570 0.197983
v -0.005266 0.012644 0.197206
v -0.005188 0.012426 0.197145
v -0.004776 0.011853 0.197097
v -0.012208 0.005032 0.198392
v -0.012264 0.005035 0.197701
v -0.011437 0.004754 0.198201
v -0.011658 0.005072 0.198431
v -0.013877 0.000012 0.198422
v -0.012356 0.000025 0.198721
v -0.012100 -0.004985 0.199012
v -0.012388 -0.005103 0.198939
v -0.012801 -0.005288 0.198722
v -0.012838 -0.005315 0.198603
v -0.013869 0.000001 0.198298
v -0.012764 -0.005301 0.198500
v -0.012042 -0.005052 0.198266
v -0.008802 -0.008715 0.199351
v -0.009817 -0.009824 0.198953
v -0.009807 -0.009814 0.198875
v -0.004919 -0.011858 0.199591
v -0.004754 -0.011384 0.199576
v -0.005312 -0.012797 0.199354
v -0.005319 -0.012829 0.199287
v -0.004913 -0.011986 0.198801
v -0.005170 -0.012545 0.198988
v -0.004700 -0.011538 0.198731
v -0.004754 -0.011384 0.199576
v -0.000029 -0.012321 0.199851
v -0.000061 -0.013454 0.199822
v -0.000059 -0.013132 0.199864
v -0.000034 -0.013761 0.199727
v -0.000012 -0.013875 0.199621
v 0.000046 -0.012676 0.199035
v 0.000042 -0.012475 0.199011
v 0.004782 -0.011553 0.200355
v -0.000029 -0.012321 0.199851
v 0.004820 -0.011762 0.200320
v 0.004895 -0.011934 0.200279
v 0.000062 -0.012758 0.199882
v 0.004967 -0.012095 0.200232
v 0.005034 -0.012244 0.200180
v 0.005096 -0.012379 0.200124
v 0.005151 -0.012499 0.200066
v 0.005255 -0.012565 0.200013
v 0.005294 -0.012754 0.199880
v 0.005197 -0.012471 0.199517
v 0.000009 -0.013572 0.199291
v 0.005147 -0.012346 0.199495
v 0.005090 -0.012206 0.199480
v 0.000018 -0.013311 0.199186
v 0.005028 -0.012054 0.199472
v 0.004961 -0.011891 0.199472
v 0.000037 -0.012993 0.199097
v 0.004889 -0.011719 0.199481
v 0.004735 -0.011358 0.199524
v 0.004734 -0.011401 0.199683
v 0.004740 -0.011530 0.200164
v 0.004782 -0.011553 0.200355
v 0.008803 -0.008862 0.200638
v 0.009812 -0.009806 0.200097
v 0.005327 -0.012823 0.199742
v 0.009814 -0.009806 0.200001
v 0.005325 -0.012788 0.199662
v 0.009753 -0.009728 0.199908
v 0.005308 -0.012662 0.199585
v 0.009615 -0.009588 0.199833
v 0.011984 -0.005015 0.200902
v 0.009117 -0.009208 0.200547
v 0.012149 -0.005030 0.200838
v 0.012777 -0.005288 0.200385
v 0.012815 -0.005291 0.200257
v 0.012750 -0.005244 0.200154
v 0.012311 -0.005065 0.200071
v 0.009358 -0.009341 0.199772
v 0.011902 -0.005480 0.200046
v 0.011512 -0.004745 0.200176
v 0.011333 -0.004675 0.200226
v 0.011464 -0.004766 0.200565
v 0.011653 -0.004844 0.201021
v 0.011755 -0.005165 0.200087
v -0.005308 0.012785 0.197289
v -0.005094 0.012139 0.197112
v -0.012812 0.005307 0.197980
v -0.011412 0.004795 0.198440
v -0.012835 0.005318 0.198083
v -0.005312 -0.012815 0.199205
v 0.008803 -0.008862 0.200638
v 0.009218 -0.008886 0.199774
v 0.004813 -0.011541 0.199498
v 0.012538 -0.005141 0.200088
v -0.004820 -0.011517 0.197378
v -0.004896 -0.011726 0.196502
v 0.000031 -0.013692 0.196925
v -0.000394 -0.012653 0.196766
v 0.008775 -0.008869 0.198260
v 0.008931 -0.009028 0.198231
v 0.009776 -0.009786 0.197799
v 0.009824 -0.009812 0.197688
v 0.000006 0.013870 0.199519
v -0.000005 0.013760 0.199402
v -0.011653 0.004844 0.201021
v 0.004820 0.011517 0.197378
v 0.004895 0.011726 0.196502
v 0.000394 0.012653 0.196766
v -0.008775 0.008869 0.198260
v -0.008931 0.009028 0.198231
v -0.009776 0.009786 0.197799
v -0.009824 0.009812 0.197688
v -0.000006 -0.013870 0.199519
v 0.000005 -0.013760 0.199402
v 0.011653 -0.004844 0.201021
vn -0.9826 -0.0634 -0.1748
vn -0.4175 -0.0480 0.9074
vn 0.3449 0.1599 0.9249
vn -0.0758 -0.0590 -0.9954
vn 0.0396 -0.7855 -0.6175
vn -0.2933 -0.1621 0.9422
vn 0.3583 0.2358 0.9033
vn -0.8716 -0.2001 0.4475
vn -0.4893 -0.3406 0.8028
vn -0.0935 -0.1291 -0.9872
vn -0.7540 -0.2466 -0.6088
vn 0.1280 0.4876 0.8636
vn 0.5466 0.5412 -0.6390
vn 0.2601 0.3794 0.8879
vn -0.2950 -0.7548 -0.5858
vn -0.0009 -0.9889 -0.1487
vn -0.3936 -0.9120 0.1156
vn -0.0604 -0.2246 0.9726
vn 0.0254 -0.2192 0.9753
vn -0.0515 0.5256 0.8492
vn -0.0560 -0.3983 0.9155
vn 0.0655 -0.3062 0.9497
vn -0.0466 -0.6309 0.7745
vn 0.1434 -0.4740 0.8688
vn -0.0118 0.9873 0.1583
vn -0.2612 0.7272 -0.6348
vn 0.0342 0.7487 -0.6620
vn -0.0515 0.5255 0.8493
vn -0.3864 0.8957 0.2201
vn 0.3416 -0.2061 0.9170
vn 0.1864 -0.2648 0.9461
vn 0.3129 -0.3938 0.8643
vn 0.5332 -0.1615 -0.8304
vn 0.5402 -0.4922 -0.6826
vn 0.2632 -0.1766 -0.9484
vn 0.3546 -0.0862 -0.9310
vn 0.1154 -0.0323 -0.9928
vn 0.1479 -0.0016 -0.9890
vn 0.0117 0.0591 -0.9982
vn -0.5418 0.2621 -0.7986
vn -0.5155 0.5640 -0.6451
vn -0.6989 0.6900 0.1882
vn -0.9222 0.3839 -0.0465
vn -0.7093 0.6819 0.1784
vn -0.6256 0.2240 0.7473
vn -0.4104 0.3515 0.8414
vn 0.6230 -0.3154 0.7159
vn 0.4896 -0.0525 0.8704
vn -0.9968 0.0013 -0.0793
vn -0.9191 0.3915 -0.0449
vn 0.1056 -0.0570 0.9928
vn -0.5333 -0.2734 0.8005
vn -0.6843 -0.0456 0.7278
vn 0.4212 0.1214 0.8988
vn 0.2678 -0.0527 0.9620
vn 0.3789 0.0516 -0.9240
vn 0.3114 0.1879 -0.9315
vn 0.5775 0.0453 -0.8151
vn 0.2118 0.0595 -0.9755
vn -0.5714 0.0523 -0.8190
vn 0.0264 0.0797 -0.9965
vn -0.6339 -0.2004 -0.7470
vn -0.4731 -0.4242 -0.7722
vn -0.9204 -0.3900 0.0291
vn -0.9240 -0.3807 0.0359
vn -0.4318 -0.4770 0.7655
vn -0.5333 -0.2733 0.8006
vn 0.1312 0.1621 0.9780
vn 0.1225 0.0375 0.9918
vn 0.2208 0.1404 0.9652
vn 0.3321 0.2560 0.9078
vn 0.2156 0.3823 0.8986
vn 0.5137 0.4384 0.7375
vn 0.1887 0.5893 -0.7856
vn 0.4191 0.4805 -0.7704
vn 0.2200 0.2956 -0.9296
vn 0.0638 0.3009 -0.9515
vn 0.0637 0.1418 -0.9878
vn -0.3898 -0.9105 -0.1378
vn -0.0174 -0.9830 -0.1826
vn 0.3932 -0.8879 0.2389
vn -0.0017 -0.9887 -0.1499
vn -0.0262 -0.9848 -0.1715
vn 0.3847 -0.8915 0.2393
vn -0.2945 0.3618 0.8845
vn -0.4694 0.2409 0.8495
vn -0.1992 0.2800 0.9391
vn -0.4357 0.4972 0.7503
vn -0.5992 0.2830 0.7489
vn 0.7004 -0.6819 0.2110
vn 0.8454 -0.3374 0.4142
vn 0.5138 -0.5687 -0.6423
vn 0.6920 -0.6901 0.2120
vn 0.8431 -0.3526 0.4061
vn -0.3818 0.0049 0.9242
vn -0.0936 -0.0163 0.9955
vn 0.3337 0.0070 0.9427
vn -0.3061 -0.1336 0.9426
vn -0.5873 -0.0120 0.8093
vn -0.8565 -0.4798 0.1904
vn -0.8563 -0.0407 0.5149
vn -0.5916 -0.1086 -0.7989
vn -0.9836 -0.1013 -0.1495
vn -0.1394 -0.0826 -0.9868
vn -0.4818 -0.3619 -0.7981
vn 0.0836 -0.0720 -0.9939
vn -0.1756 -0.2178 -0.9601
vn -0.0838 -0.1205 -0.9892
vn 0.8407 -0.0460 -0.5396
vn 0.6044 0.2105 -0.7683
vn 0.9242 0.0158 0.3815
vn 0.9094 0.4159 -0.0070
vn 0.9273 0.0312 0.3731
vn 0.6032 0.2730 0.7494
vn 0.5438 0.4115 0.7314
vn 0.6033 0.2730 0.7494
vn -0.7218 -0.6875 0.0790
vn 0.4958 0.2121 -0.8421
vn 0.7249 0.2732 -0.6323
vn 0.3583 0.2357 0.9034
vn 0.2601 0.3795 0.8879
vn -0.7250 -0.5827 0.3672
vn -0.3612 -0.3495 -0.8645
vn -0.6934 -0.6193 -0.3682
vn 0.0420 -0.0048 -0.9991
vn -0.3296 -0.6522 0.6826
vn -0.2277 -0.3909 0.8918
vn -0.1116 -0.3927 -0.9129
vn 0.3025 0.6969 -0.6502
vn -0.1707 -0.2351 0.9569
vn -0.0141 -0.9081 0.4186
vn 0.0391 -0.7536 -0.6562
vn -0.0170 -0.1657 -0.9860
vn 0.0563 -0.0802 -0.9952
vn 0.0548 -0.2025 -0.9777
vn -0.2340 0.4294 0.8723
vn 0.2686 -0.7416 0.6147
vn 0.3894 -0.9210 -0.0087
vn -0.2340 0.4293 0.8723
vn 0.2021 -0.3561 -0.9123
vn 0.1282 -0.1687 -0.9773
vn 0.0469 0.0446 -0.9979
vn 0.1566 -0.1221 0.9801
vn 0.2405 -0.0397 -0.9698
vn -0.9264 0.3742 -0.0411
vn 0.0632 -0.0921 0.9937
vn 0.7977 -0.0241 0.6025
vn 0.9117 -0.3864 0.1399
vn 0.9972 -0.0144 0.0730
vn -0.6842 -0.0456 0.7279
vn 0.1609 0.0047 0.9870
vn 0.2743 0.0548 0.9601
vn 0.6580 0.2253 0.7185
vn 0.9129 0.3749 0.1617
vn 0.7277 0.3338 -0.5992
vn 0.1176 0.1135 -0.9865
vn 0.6168 0.6520 -0.4410
vn 0.0631 0.0060 0.9980
vn -0.2428 -0.6834 0.6884
vn 0.3300 0.6924 0.6416
vn 0.6935 0.6921 0.2002
vn 0.3826 0.9130 0.1415
vn 0.0264 0.2085 -0.9777
vn 0.1136 0.4175 -0.9015
vn -0.2441 -0.4768 -0.8444
vn -0.2428 -0.6834 0.6885
vn 0.0263 -0.7349 0.6777
vn 0.0488 0.2393 0.9697
vn 0.0522 0.1334 0.9897
vn 0.0385 0.5558 0.8304
vn 0.0027 0.9648 0.2631
vn -0.0655 0.0907 -0.9937
vn -0.0480 -0.5796 -0.8135
vn 0.2629 -0.4316 0.8629
vn 0.0262 -0.7349 0.6777
vn 0.0171 0.1402 0.9900
vn -0.0149 0.2041 0.9788
vn 0.0610 0.0530 0.9967
vn -0.0354 0.2303 0.9725
vn -0.0606 0.2868 0.9561
vn -0.0820 0.3172 0.9448
vn -0.1026 0.4165 0.9033
vn -0.1804 0.4975 0.8485
vn -0.2476 0.6786 0.6915
vn -0.1377 0.2320 -0.9629
vn -0.0384 0.3976 -0.9168
vn -0.1084 0.1448 -0.9835
vn -0.0929 0.1028 -0.9904
vn -0.0486 0.2781 -0.9593
vn -0.0757 0.0451 -0.9961
vn -0.0645 0.0116 -0.9979
vn -0.0590 0.1781 -0.9822
vn -0.0477 -0.0438 -0.9979
vn 0.2777 -0.7282 -0.6266
vn 0.4002 -0.9031 0.1558
vn 0.3968 -0.9033 0.1631
vn 0.3648 -0.9056 0.2164
vn 0.3702 -0.3031 0.8781
vn -0.6571 0.6701 0.3453
vn -0.3680 0.9182 0.1468
vn -0.6691 0.6458 -0.3677
vn -0.3342 0.7625 -0.5539
vn -0.4141 0.3491 -0.8406
vn -0.2272 0.4340 -0.8718
vn -0.2110 0.1431 -0.9670
vn -0.2886 0.1878 0.9388
vn -0.1358 0.2233 0.9652
vn -0.3760 0.1979 0.9052
vn -0.8040 0.3474 0.4826
vn -0.9170 0.3552 -0.1814
vn -0.5694 0.1725 -0.8038
vn -0.0587 -0.0399 -0.9975
vn -0.0972 0.0226 -0.9950
vn 0.0187 -0.0812 -0.9965
vn 0.1611 -0.1383 -0.9772
vn 0.8009 -0.3866 -0.4574
vn 0.8436 -0.3414 0.4145
vn 0.3402 -0.0996 0.9351
vn 0.0665 -0.0998 -0.9928
vn 0.3171 -0.6843 -0.6566
vn 0.0830 -0.0506 -0.9953
vn 0.7936 -0.2926 -0.5335
vn 0.8660 0.0294 -0.4992
vn 0.3248 0.8407 -0.4333
vn -0.0038 -0.0793 -0.9968
vn -0.0460 -0.0445 -0.9979
vn -0.2108 0.0257 -0.9772
vn -0.3507 -0.1570 0.9232
vn -0.3635 -0.2297 0.9028
vn -0.7684 -0.1071 -0.6309
vn 0.9833 0.0515 -0.1743
vn 0.4324 0.0483 0.9004
vn 0.0615 0.0538 -0.9967
vn 0.2541 0.1241 0.9592
vn -0.3636 -0.2298 0.9028
vn 0.9414 0.2324 0.2443
vn 0.3908 0.2521 0.8853
vn 0.7091 0.6203 -0.3352
vn 0.6012 0.1902 -0.7761
vn 0.0968 0.1304 -0.9867
vn -0.5494 -0.5354 -0.6414
vn -0.7284 -0.2642 -0.6322
vn -0.1298 -0.4893 0.8624
vn -0.2686 -0.3782 0.8859
vn 0.0603 0.2243 0.9727
vn -0.0255 0.2196 0.9753
vn 0.0513 -0.5259 0.8490
vn 0.0555 0.3953 0.9169
vn -0.0655 0.3064 0.9496
vn 0.0462 0.6265 0.7780
vn -0.1434 0.4739 0.8688
vn 0.0117 -0.9873 0.1582
vn 0.2612 -0.7272 -0.6348
vn -0.0342 -0.7487 -0.6620
vn 0.3864 -0.8957 0.2201
vn -0.3416 0.2061 0.9170
vn -0.1864 0.2649 0.9461
vn -0.3129 0.3938 0.8643
vn -0.5328 0.1602 -0.8310
vn -0.5396 0.4915 -0.6836
vn -0.2633 0.1766 -0.9484
vn -0.3547 0.0864 -0.9310
vn -0.1154 0.0323 -0.9928
vn -0.1479 0.0016 -0.9890
vn -0.0117 -0.0591 -0.9982
vn 0.5418 -0.2621 -0.7986
vn 0.5155 -0.5640 -0.6451
vn 0.6989 -0.6900 0.1884
vn 0.9222 -0.3839 -0.0465
vn 0.7093 -0.6819 0.1784
vn 0.6256 -0.2240 0.7473
vn 0.4104 -0.3515 0.8414
vn -0.6230 0.3160 0.7156
vn -0.5068 0.0490 0.8607
vn 0.9968 -0.0013 -0.0793
vn 0.9191 -0.3915 -0.0449
vn -0.1056 0.0570 0.9928
vn 0.5334 0.2734 0.8005
vn 0.6843 0.0456 0.7278
vn -0.4308 -0.1248 0.8938
vn -0.2678 0.0527 0.9620
vn -0.3791 -0.0516 -0.9239
vn -0.3014 -0.1845 -0.9355
vn -0.5789 -0.0463 -0.8141
vn -0.2118 -0.0595 -0.9755
vn 0.5714 -0.0523 -0.8190
vn -0.0264 -0.0797 -0.9965
vn 0.6339 0.2004 -0.7470
vn 0.4731 0.4242 -0.7722
vn 0.9204 0.3900 0.0291
vn 0.9240 0.3806 0.0361
vn 0.4318 0.4770 0.7655
vn 0.5333 0.2734 0.8005
vn -0.1312 -0.1621 0.9780
vn -0.1225 -0.0375 0.9918
vn -0.2208 -0.1404 0.9652
vn -0.3350 -0.2578 0.9063
vn -0.2156 -0.3822 0.8986
vn -0.5184 -0.4428 0.7316
vn -0.1887 -0.5892 -0.7856
vn -0.4307 -0.4879 -0.7593
vn -0.2165 -0.2934 -0.9312
vn -0.0638 -0.3009 -0.9515
vn -0.0634 -0.1414 -0.9879
vn 0.3899 0.9104 -0.1386
vn 0.0174 0.9830 -0.1827
vn -0.3933 0.8878 0.2392
vn 0.0058 0.9836 -0.1804
vn 0.0262 0.9848 -0.1715
vn -0.3847 0.8915 0.2393
vn 0.2944 -0.3618 0.8845
vn 0.4683 -0.2403 0.8503
vn 0.1992 -0.2800 0.9391
vn 0.4357 -0.4973 0.7503
vn 0.6035 -0.2839 0.7451
vn -0.7003 0.6818 0.2113
vn -0.8454 0.3372 0.4141
vn -0.5135 0.5689 -0.6424
vn -0.6920 0.6901 0.2120
vn -0.8431 0.3525 0.4061
vn 0.3590 -0.0090 0.9333
vn 0.0821 0.0141 0.9965
vn -0.3388 -0.0041 0.9408
vn 0.2362 0.0847 0.9680
vn 0.5212 0.0005 0.8534
vn 0.6172 0.3163 0.7204
vn 0.7467 0.0258 0.6646
vn 0.9741 0.0692 0.2154
vn 0.8749 0.1134 -0.4709
vn 0.8542 0.4606 -0.2414
vn 0.4467 0.1046 -0.8886
vn 0.1296 0.0841 -0.9880
vn 0.3157 0.2666 -0.9106
vn -0.0836 0.0762 -0.9936
vn 0.0902 0.1599 -0.9830
vn -0.8412 0.0570 -0.5378
vn -0.4870 -0.2050 -0.8490
vn -0.9245 -0.0074 0.3811
vn -0.9194 -0.3932 -0.0050
vn -0.9276 -0.0233 0.3729
vn -0.6107 -0.2555 0.7495
vn -0.3388 -0.0041 0.9409
vn -0.4711 -0.3199 0.8220
vn 0.7614 0.6467 -0.0460
vn -0.5321 -0.2463 -0.8101
vn 0.6909 0.5338 0.4876
vn 0.3629 0.3515 -0.8630
vn -0.0422 0.0047 -0.9991
vn 0.2268 0.3860 0.8942
vn 0.1659 0.2276 0.9595
vn 0.2999 0.5770 0.7597
vn 0.3832 0.8383 0.3878
vn -0.3025 -0.6969 -0.6503
vn 0.0010 0.9864 -0.1645
vn 0.3587 0.8715 -0.3343
vn -0.0406 0.7509 -0.6592
vn 0.1557 0.4864 -0.8598
vn -0.0530 0.4064 -0.9122
vn 0.0191 0.1707 -0.9851
vn -0.0563 0.0802 -0.9952
vn -0.0540 0.2054 -0.9772
vn 0.2339 -0.4294 0.8723
vn -0.2686 0.7416 0.6147
vn 0.0142 0.9127 0.4083
vn -0.3894 0.9210 -0.0085
vn 0.2338 -0.4294 0.8723
vn -0.2021 0.3561 -0.9123
vn -0.1282 0.1687 -0.9773
vn -0.0469 -0.0446 -0.9979
vn -0.1566 0.1221 0.9801
vn -0.2405 0.0397 -0.9698
vn 0.9264 -0.3742 -0.0411
vn -0.0632 0.0921 0.9937
vn -0.9303 0.0220 0.3661
vn 0.6842 0.0456 0.7279
vn -0.1609 -0.0047 0.9870
vn -0.2743 -0.0548 0.9601
vn -0.7440 -0.2692 0.6116
vn -0.9134 -0.3821 -0.1403
vn -0.9028 -0.0239 -0.4293
vn -0.5917 -0.2908 -0.7519
vn -0.1176 -0.1135 -0.9865
vn -0.6924 -0.6888 0.2148
vn -0.6314 -0.6600 -0.4071
vn -0.0631 -0.0060 0.9980
vn 0.2427 0.6834 0.6885
vn -0.3300 -0.6924 0.6416
vn -0.3826 -0.9130 0.1415
vn -0.0265 -0.2089 -0.9776
vn -0.1136 -0.4175 -0.9015
vn 0.2439 0.4765 -0.8447
vn -0.0263 0.7349 0.6777
vn -0.0488 -0.2393 0.9697
vn -0.0522 -0.1335 0.9897
vn -0.0385 -0.5557 0.8305
vn -0.0027 -0.9648 0.2630
vn 0.0655 -0.0907 -0.9937
vn 0.0513 0.5605 -0.8266
vn -0.2629 0.4316 0.8629
vn -0.0262 0.7349 0.6777
vn -0.0171 -0.1402 0.9900
vn 0.0149 -0.2041 0.9788
vn -0.0610 -0.0530 0.9967
vn 0.0354 -0.2303 0.9725
vn 0.0606 -0.2867 0.9561
vn 0.0820 -0.3172 0.9448
vn 0.1026 -0.4167 0.9032
vn 0.1804 -0.4974 0.8486
vn 0.2476 -0.6786 0.6915
vn 0.1377 -0.2320 -0.9629
vn 0.0384 -0.3976 -0.9168
vn 0.1084 -0.1448 -0.9835
vn 0.0930 -0.1029 -0.9903
vn 0.0486 -0.2781 -0.9593
vn 0.0757 -0.0451 -0.9961
vn 0.0645 -0.0114 -0.9979
vn 0.0590 -0.1782 -0.9822
vn 0.0477 0.0438 -0.9979
vn -0.2785 0.7279 -0.6266
vn -0.4011 0.8847 0.2374
vn -0.3648 0.9056 0.2164
vn -0.3702 0.3031 0.8781
vn 0.6571 -0.6700 0.3454
vn 0.3683 -0.9181 0.1465
vn 0.6690 -0.6458 -0.3679
vn 0.3343 -0.7625 -0.5539
vn 0.4141 -0.3491 -0.8406
vn 0.2272 -0.4338 -0.8719
vn 0.2110 -0.1431 -0.9670
vn 0.2882 -0.1876 0.9390
vn 0.1358 -0.2233 0.9652
vn 0.3736 -0.1976 0.9063
vn 0.8056 -0.3480 0.4795
vn 0.9181 -0.3564 -0.1737
vn 0.5732 -0.1745 -0.8006
vn 0.0586 0.0399 -0.9975
vn 0.0973 -0.0227 -0.9950
vn -0.0186 0.0812 -0.9965
vn -0.1612 0.1383 -0.9772
vn -0.8009 0.3865 -0.4574
vn -0.8435 0.3414 0.4146
vn -0.3408 0.0996 0.9349
vn -0.0666 0.0998 -0.9928
vn -0.3171 0.6843 -0.6566
vn -0.0830 0.0506 -0.9953
vn -0.8000 0.2982 -0.5206
vn -0.9102 0.3823 0.1594
vn -0.3247 -0.8410 -0.4328
vn 0.0037 0.0795 -0.9968
vn 0.0460 0.0445 -0.9979
vn 0.2081 -0.0255 -0.9778
vn 0.1281 0.4876 0.8636
vn 0.0511 -0.0042 -0.9987
vn 0.0519 -0.4093 -0.9109
vn 0.0584 0.0076 -0.9983
vn -0.4105 0.3515 0.8414
vn 0.0734 -0.1551 0.9852
vn 0.5026 -0.5700 0.6500
vn 0.7132 -0.6998 0.0400
vn -0.0145 0.8888 -0.4580
vn -0.0306 0.5847 -0.8107
vn 0.3403 -0.0997 0.9350
vn -0.0512 0.0042 -0.9987
vn -0.0584 -0.0076 -0.9983
vn 0.4105 -0.3515 0.8414
vn -0.0732 0.1547 0.9852
vn -0.5028 0.5701 0.6497
vn -0.7133 0.6998 0.0381
vn 0.0145 -0.8889 -0.4579
vn 0.0306 -0.5847 -0.8107
vn -0.3408 0.0996 0.9348
vt 0.000000 0.672284
vt 0.055556 0.899842
vt 0.000000 0.998580
vt 0.055556 0.350761
vt 0.000000 0.249737
vt 0.111111 0.919939
vt 0.055556 0.999791
vt 0.055556 0.798086
vt 0.111111 0.835980
vt 0.111111 0.375216
vt 0.055556 0.531081
vt 0.166667 0.000004
vt 0.111111 0.250016
vt 0.111111 -0.000032
vt 0.166667 0.478014
vt 0.222222 0.566508
vt 0.166667 0.799573
vt 0.222222 0.947182
vt 0.277778 0.968077
vt 0.222222 0.999973
vt 0.222222 0.872980
vt 0.277778 0.926877
vt 0.222222 0.817148
vt 0.277778 0.863164
vt 0.222222 0.147278
vt 0.277778 0.250042
vt 0.222222 0.249721
vt 0.222222 -0.000834
vt 0.277778 0.111154
vt 0.388889 0.842658
vt 0.333333 0.907857
vt 0.333333 0.842969
vt 0.388889 0.430258
vt 0.333333 0.465739
vt 0.333333 0.407494
vt 0.388889 0.387505
vt 0.333333 0.348407
vt 0.388889 0.303600
vt 0.333333 0.280306
vt 0.388889 0.249599
vt 0.333333 0.250000
vt 0.333333 0.180669
vt 0.388889 0.131982
vt 0.333333 0.076250
vt 0.388889 -0.000173
vt 0.333333 0.000585
vt 0.388889 0.795346
vt 0.444444 0.815804
vt 0.444444 0.155663
vt 0.388889 0.183981
vt 0.444444 0.929594
vt 0.500000 0.999958
vt 0.444444 0.999936
vt 0.500000 0.842923
vt 0.444444 0.870442
vt 0.444444 0.386920
vt 0.500000 0.399995
vt 0.444444 0.428543
vt 0.444444 0.323015
vt 0.444444 0.249694
vt 0.500000 0.282264
vt 0.500000 0.250001
vt 0.555556 0.250739
vt 0.500000 0.149353
vt 0.500000 0.084971
vt 0.555556 0.000562
vt 0.500000 0.000360
vt 0.611111 0.877364
vt 0.555556 0.955443
vt 0.555556 0.885782
vt 0.555556 0.842227
vt 0.611111 0.821729
vt 0.555556 0.799883
vt 0.611111 0.430638
vt 0.555556 0.448325
vt 0.555556 0.393459
vt 0.611111 0.345355
vt 0.555556 0.310568
vt 0.611111 0.112084
vt 0.666667 0.131944
vt 0.722222 0.149391
vt 0.666667 0.181553
vt 0.666667 0.069700
vt 0.722222 0.107792
vt 0.777778 0.862578
vt 0.833333 0.885197
vt 0.777778 0.905240
vt 0.777778 0.820469
vt 0.833333 0.843160
vt 0.777778 0.162324
vt 0.833333 0.203870
vt 0.777778 0.249402
vt 0.777778 0.069810
vt 0.833333 0.084357
vt 0.888889 0.936400
vt 0.944444 0.962582
vt 0.888889 0.999992
vt 0.944444 0.872004
vt 0.888889 0.866986
vt 0.944444 0.604176
vt 0.888889 0.800858
vt 0.888889 0.464235
vt 0.888889 0.704863
vt 0.888889 0.394169
vt 0.944444 0.426625
vt 0.888889 0.321838
vt 0.944444 0.338708
vt 0.944444 0.289825
vt 0.888889 0.250141
vt 0.944444 0.246591
vt 0.888889 0.181205
vt 0.944444 0.125339
vt 0.888889 0.072823
vt 0.944444 -0.000678
vt 0.888889 0.001394
vt 1.000000 1.000017
vt 0.944444 1.000000
vt 1.000000 0.618084
vt 1.000000 0.249953
vt 1.000000 0.000243
vt 0.055556 0.250310
vt 0.055556 -0.000079
vt 0.111111 0.999956
vt 0.111111 0.779897
vt 0.111111 0.446603
vt 0.111111 0.550072
vt 0.111111 0.294105
vt 0.166667 0.808046
vt 0.166667 0.864975
vt 0.166667 0.427945
vt 0.166667 0.250001
vt 0.166667 0.926554
vt 0.222222 0.777883
vt 0.222222 0.471188
vt 0.166667 0.365979
vt 0.222222 0.335388
vt 0.222222 0.380593
vt 0.277778 1.000000
vt 0.277778 0.801337
vt 0.277778 0.702507
vt 0.277778 0.000242
vt 0.277778 0.430203
vt 0.277778 0.387978
vt 0.277778 0.300927
vt 0.388889 0.906622
vt 0.388889 0.345353
vt 0.388889 0.079996
vt 0.388889 0.964643
vt 0.444444 0.777888
vt 0.388889 0.690839
vt 0.444444 0.623242
vt 0.444444 -0.000001
vt 0.500000 0.925961
vt 0.500000 0.884651
vt 0.500000 0.801362
vt 0.500000 0.698937
vt 0.500000 0.465456
vt 0.500000 0.324380
vt 0.555556 1.000000
vt 0.555556 0.479167
vt 0.611111 0.946582
vt 0.611111 0.999970
vt 0.611111 0.777105
vt 0.555556 0.718038
vt 0.611111 0.603387
vt 0.611111 0.303160
vt 0.611111 0.387871
vt 0.611111 0.249937
vt 0.611111 0.000045
vt 0.666667 0.000000
vt 0.666667 0.865041
vt 0.666667 0.909565
vt 0.666667 0.805325
vt 0.666667 0.683959
vt 0.666667 0.270833
vt 0.666667 0.248818
vt 0.722222 1.000000
vt 0.666667 0.999658
vt 0.722222 0.979167
vt 0.722222 0.958333
vt 0.666667 0.953360
vt 0.722222 0.937500
vt 0.722222 0.916667
vt 0.722222 0.895833
vt 0.722222 0.875000
vt 0.722222 0.856460
vt 0.722222 0.810285
vt 0.722222 0.395833
vt 0.666667 0.387684
vt 0.722222 0.375000
vt 0.722222 0.354167
vt 0.666667 0.346918
vt 0.722222 0.333333
vt 0.722222 0.312500
vt 0.666667 0.306360
vt 0.722222 0.291667
vt 0.722222 0.250000
vt 0.722222 0.211791
vt 0.722222 0.187500
vt 0.722222 0.066202
vt 0.722222 0.001504
vt 0.777778 0.000000
vt 0.777778 0.777073
vt 0.722222 0.693505
vt 0.777778 0.563069
vt 0.722222 0.478087
vt 0.777778 0.449611
vt 0.722222 0.438550
vt 0.777778 0.406842
vt 0.833333 0.958333
vt 0.777778 0.948893
vt 0.833333 0.938292
vt 0.833333 0.805136
vt 0.833333 0.683759
vt 0.833333 0.466941
vt 0.833333 0.375000
vt 0.777778 0.353506
vt 0.833333 0.345757
vt 0.833333 0.270833
vt 0.833333 0.250000
vt 0.833333 0.149431
vt 0.833333 0.000740
vt 0.833333 0.314227
vt 0.277778 0.472251
vt 0.277778 0.345756
vt 0.388889 0.469647
vt 0.388889 1.000000
vt 0.444444 0.470663
vt 0.611111 0.469372
vt 0.777778 0.999873
vt 0.777778 0.302373
vt 0.722222 0.270833
vt 0.833333 0.413190
vt 0.000000 0.000000
vt 0.055556 -0.000077
vt 0.000000 0.249814
vt 0.000000 0.597380
vt 0.055556 0.899829
vt 0.000000 0.998581
vt 0.055556 0.350810
vt 0.111111 0.946902
vt 0.055556 0.999865
vt 0.055556 0.759445
vt 0.111111 0.876288
vt 0.111111 0.569021
vt 0.055556 0.452611
vt 0.111111 0.375179
vt 0.111111 0.250018
vt 0.055556 0.250448
vt 0.222222 0.947181
vt 0.222222 0.872979
vt 0.222222 0.817147
vt 0.222222 0.147280
vt 0.277778 0.111156
vt 0.388889 0.842659
vt 0.388889 0.430259
vt 0.388889 0.387504
vt 0.388889 0.131981
vt 0.333333 0.076249
vt 0.388889 0.795347
vt 0.444444 0.815805
vt 0.444444 0.155664
vt 0.388889 0.183979
vt 0.444444 0.929593
vt 0.444444 0.870443
vt 0.444444 0.386919
vt 0.444444 0.428544
vt 0.444444 0.249695
vt 0.500000 0.084970
vt 0.555556 0.000563
vt 0.555556 0.955442
vt 0.611111 0.430637
vt 0.611111 0.345357
vt 0.555556 0.310569
vt 0.611111 0.112088
vt 0.666667 0.131945
vt 0.722222 0.149392
vt 0.666667 0.181552
vt 0.666667 0.069702
vt 0.722222 0.107793
vt 0.833333 0.885264
vt 0.777778 0.905243
vt 0.777778 0.820468
vt 0.833333 0.843205
vt 0.777778 0.162322
vt 0.833333 0.203862
vt 0.777778 0.069808
vt 0.888889 0.944152
vt 0.944444 0.962982
vt 0.888889 1.000008
vt 0.944444 0.891181
vt 0.888889 0.888132
vt 0.944444 0.800458
vt 0.888889 0.820312
vt 0.888889 0.780309
vt 0.888889 0.571991
vt 0.944444 0.527666
vt 0.888889 0.451067
vt 0.888889 0.393893
vt 0.944444 0.389825
vt 0.888889 0.321854
vt 0.944444 0.296558
vt 0.888889 0.250137
vt 0.944444 0.246566
vt 0.888889 0.181223
vt 0.944444 0.125338
vt 0.888889 0.072850
vt 0.944444 -0.000701
vt 0.888889 0.001353
vt 1.000000 0.995191
vt 1.000000 0.590317
vt 1.000000 0.249256
vt 1.000000 0.001607
vt 0.111111 1.000009
vt 0.111111 0.791931
vt 0.111111 0.447400
vt 0.111111 0.294182
vt 0.166667 0.864969
vt 0.166667 0.928161
vt 0.166667 0.821486
vt 0.166667 0.778320
vt 0.222222 0.566533
vt 0.166667 0.534378
vt 0.166667 0.442055
vt 0.222222 0.426029
vt 0.166667 0.365993
vt 0.277778 0.801336
vt 0.277778 0.702543
vt 0.444444 0.703976
vt 0.500000 0.789466
vt 0.500000 0.594493
vt 0.444444 0.471435
vt 0.500000 0.453498
vt 0.555556 0.716534
vt 0.611111 0.777095
vt 0.611111 0.603504
vt 0.611111 0.387870
vt 0.666667 0.805326
vt 0.666667 0.683971
vt 0.722222 0.856459
vt 0.666667 0.346919
vt 0.666667 0.306361
vt 0.722222 0.204103
vt 0.777778 0.777072
vt 0.722222 0.693500
vt 0.777778 0.563127
vt 0.722222 0.478088
vt 0.777778 0.948892
vt 0.833333 0.938302
vt 0.833333 0.805138
vt 0.833333 0.683710
vt 0.833333 0.466940
vt 0.833333 0.345775
vt 0.833333 0.149426
vt 0.833333 0.000744
vt 0.833333 0.314253
vt 0.388889 0.468610
vt 0.388889 0.688725
vt 0.611111 0.469378
vt 0.833333 0.413211
vt 0.166667 1.000006
vt 0.166667 0.289335
vt 0.222222 0.293295
vt 0.333333 1.000000
vt 0.333333 0.976959
vt 0.333333 0.798812
vt 0.333333 0.711199
vt 0.666667 0.470758
vt 0.666667 0.428158
vt 0.833333 1.000041
vt 0.166667 1.000014
vt 0.166667 0.289332
vt 0.222222 0.293296
vt 0.333333 0.976960
vt 0.333333 0.798813
vt 0.333333 0.711224
vt 0.666667 0.470759
vt 0.666667 0.428156
s 1
f 2387/1220/2259 2388/1221/2260 2389/1222/2261
f 2390/1223/2262 2387/1220/2259 2391/1224/2263
f 2392/1225/2264 2393/1226/2265 2388/1221/2260
f 2394/1227/2266 2395/1228/2267 2388/1221/2260
f 2396/1229/2268 2397/1230/2269 2390/1223/2262
f 2398/1231/2270 2399/1232/2271 2400/1233/2272
f 2401/1234/2273 2402/1235/2274 2403/1236/2275
f 2404/1237/2276 2405/1238/2277 2406/1239/2278
f 2407/1240/2279 2408/1241/2280 2404/1237/2276
f 2409/1242/2281 2410/1243/2282 2407/1240/2279
f 2411/1244/2283 2412/1245/2284 2413/1246/2285
f 2414/1247/2286 2415/1248/2287 2411/1244/2283
f 2416/1249/2288 2417/1250/2289 2418/1251/2290
f 2419/1252/2291 2420/1253/2292 2421/1254/2293
f 2422/1255/2294 2421/1254/2293 2423/1256/2295
f 2424/1257/2296 2423/1256/2295 2425/1258/2297
f 2426/1259/2298 2427/1260/2299 2428/1261/2300
f 2429/1262/2301 2428/1261/2300 2430/1263/2302
f 2431/1264/2303 2430/1263/2302 2432/1265/2304
f 2433/1266/2305 2434/1267/2306 2416/1249/2288
f 2435/1268/2307 2426/1259/2298 2436/1269/2308
f 2435/1268/2307 2436/1269/2308 2429/1262/2301
f 2437/1270/2309 2438/1271/2310 2439/1272/2311
f 2434/1267/2306 2440/1273/2312 2441/1274/2313
f 2442/1275/2314 2443/1276/2315 2444/1277/2316
f 2445/1278/2317 2443/1276/2315 2442/1275/2314
f 2446/1279/2318 2447/1280/2319 2445/1278/2317
f 2435/1268/2307 2448/1281/2320 2446/1279/2318
f 2449/1282/2321 2450/1283/2322 2451/1284/2323
f 2452/1285/2324 2451/1284/2323 2453/1286/2325
f 2454/1287/2326 2455/1288/2327 2456/1289/2328
f 2454/1287/2326 2456/1289/2328 2457/1290/2329
f 2458/1291/2330 2457/1290/2329 2459/1292/2331
f 2460/1293/2332 2461/1294/2333 2462/1295/2334
f 2463/1296/2335 2462/1295/2334 2464/1297/2336
f 2465/1298/2337 2449/1282/2321 2452/1285/2324
f 2466/1299/2338 2467/1300/2339 2468/1301/2340
f 2469/1302/2341 2470/1303/2342 2466/1299/2338
f 2471/1304/2343 2472/1305/2344 2473/1306/2345
f 2474/1307/2346 2475/1308/2347 2471/1304/2343
f 2476/1309/2348 2477/1310/2349 2478/1311/2350
f 2479/1312/2351 2480/1313/2352 2476/1309/2348
f 2481/1314/2353 2482/1315/2354 2483/1316/2355
f 2484/1317/2356 2481/1314/2353 2485/1318/2357
f 2486/1319/2358 2485/1318/2357 2487/1320/2359
f 2488/1321/2360 2486/1319/2358 2489/1322/2361
f 2490/1323/2362 2491/1324/2363 2488/1321/2360
f 2492/1325/2364 2493/1326/2365 2490/1323/2362
f 2494/1327/2366 2492/1325/2364 2495/1328/2367
f 2496/1329/2368 2495/1328/2367 2497/1330/2369
f 2498/1331/2370 2497/1330/2369 2499/1332/2371
f 2500/1333/2372 2499/1332/2371 2501/1334/2355
f 2502/1335/2373 2503/1336/2374 2482/1315/2354
f 2504/1337/2375 2484/1317/2356 2486/1319/2358
f 2491/1324/2363 2504/1337/2375 2486/1319/2358
f 2493/1326/2365 2504/1337/2375 2491/1324/2363
f 2494/1327/2366 2505/1338/2376 2493/1326/2365
f 2496/1329/2368 2505/1338/2376 2494/1327/2366
f 2498/1331/2370 2506/1339/2373 2496/1329/2368
f 2506/1339/2373 2498/1331/2370 2500/1333/2372
f 2389/1222/2261 2388/1221/2260 2393/1226/2265
f 2387/1220/2259 2394/1227/2266 2388/1221/2260
f 2387/1220/2259 2397/1230/2269 2394/1227/2266
f 2390/1223/2262 2397/1230/2269 2387/1220/2259
f 2507/1340/2377 2390/1223/2262 2391/1224/2263
f 2391/1224/2263 2508/1341/2378 2507/1340/2377
f 2392/1225/2264 2509/1342/2379 2393/1226/2265
f 2388/1221/2260 2395/1228/2267 2392/1225/2264
f 2394/1227/2266 2510/1343/2380 2395/1228/2267
f 2397/1230/2269 2511/1344/2381 2512/1345/2382
f 2396/1229/2268 2511/1344/2381 2397/1230/2269
f 2513/1346/2383 2396/1229/2268 2390/1223/2262
f 2507/1340/2377 2399/1232/2271 2513/1346/2383
f 2395/1228/2267 2514/1347/2384 2515/1348/2385
f 2514/1347/2384 2510/1343/2380 2403/1236/2275
f 2512/1345/2382 2401/1234/2273 2403/1236/2275
f 2401/1234/2273 2511/1344/2381 2516/1349/2386
f 2398/1231/2270 2517/1350/2387 2399/1232/2271
f 2404/1237/2276 2518/1351/2388 2407/1240/2279
f 2409/1242/2281 2514/1347/2384 2519/1352/2389
f 2403/1236/2275 2402/1235/2274 2519/1352/2389
f 2402/1235/2274 2401/1234/2273 2520/1353/2390
f 2521/1354/2391 2522/1355/2392 2523/1356/2393
f 2411/1244/2283 2413/1246/2285 2517/1350/2387
f 2524/1357/2394 2406/1239/2278 2405/1238/2277
f 2414/1247/2286 2411/1244/2283 2398/1231/2270
f 2404/1237/2276 2408/1241/2280 2405/1238/2277
f 2407/1240/2279 2410/1243/2282 2408/1241/2280
f 2409/1242/2281 2525/1358/2395 2410/1243/2282
f 2525/1358/2395 2519/1352/2389 2526/1359/2396
f 2412/1245/2284 2411/1244/2283 2415/1248/2287
f 2414/1247/2286 2527/1360/2397 2415/1248/2287
f 2410/1243/2282 2418/1251/2290 2417/1250/2289
f 2528/1361/2398 2421/1254/2293 2420/1253/2292
f 2529/1362/2399 2423/1256/2295 2421/1254/2293
f 2530/1363/2400 2425/1258/2297 2423/1256/2295
f 2412/1245/2284 2428/1261/2300 2427/1260/2299
f 2415/1248/2287 2430/1263/2302 2428/1261/2300
f 2432/1265/2304 2430/1263/2302 2527/1360/2397
f 2417/1250/2289 2416/1249/2288 2531/1364/2401
f 2421/1254/2293 2422/1255/2294 2419/1252/2291
f 2423/1256/2295 2532/1365/2402 2422/1255/2294
f 2423/1256/2295 2424/1257/2296 2532/1365/2402
f 2425/1258/2297 2426/1259/2298 2424/1257/2296
f 2428/1261/2300 2436/1269/2308 2426/1259/2298
f 2428/1261/2300 2429/1262/2301 2436/1269/2308
f 2430/1263/2302 2533/1366/2403 2429/1262/2301
f 2430/1263/2302 2431/1264/2303 2533/1366/2403
f 2534/1367/2404 2437/1270/2309 2439/1272/2311
f 2441/1274/2313 2437/1270/2309 2531/1364/2401
f 2416/1249/2288 2434/1267/2306 2441/1274/2313
f 2434/1267/2306 2433/1266/2305 2535/1368/2405
f 2536/1369/2406 2537/1370/2407 2535/1368/2405
f 2435/1268/2307 2446/1279/2318 2426/1259/2298
f 2431/1264/2303 2538/1371/2408 2533/1366/2403
f 2437/1270/2309 2539/1372/2409 2438/1271/2310
f 2540/1373/2410 2441/1274/2313 2440/1273/2312
f 2434/1267/2306 2541/1374/2411 2440/1273/2312
f 2541/1374/2411 2535/1368/2405 2542/1375/2412
f 2543/1376/2413 2444/1277/2316 2443/1276/2315
f 2443/1276/2315 2445/1278/2317 2544/1377/2414
f 2544/1377/2414 2445/1278/2317 2447/1280/2319
f 2446/1279/2318 2448/1281/2320 2447/1280/2319
f 2448/1281/2320 2435/1268/2307 2450/1283/2322
f 2450/1283/2322 2435/1268/2307 2451/1284/2323
f 2451/1284/2323 2538/1371/2408 2453/1286/2325
f 2438/1271/2310 2455/1288/2327 2545/1378/2324
f 2539/1372/2409 2455/1288/2327 2438/1271/2310
f 2546/1379/2415 2543/1376/2413 2461/1294/2333
f 2450/1283/2322 2449/1282/2321 2448/1281/2320
f 2452/1285/2324 2449/1282/2321 2451/1284/2323
f 2547/1380/2416 2548/1381/2417 2455/1288/2327
f 2454/1287/2326 2547/1380/2416 2455/1288/2327
f 2457/1290/2329 2458/1291/2330 2454/1287/2326
f 2459/1292/2331 2549/1382/2418 2458/1291/2330
f 2549/1382/2418 2550/1383/2419 2551/1384/2420
f 2464/1297/2336 2552/1385/2421 2463/1296/2335
f 2553/1386/2422 2460/1293/2332 2462/1295/2334
f 2463/1296/2335 2553/1386/2422 2462/1295/2334
f 2464/1297/2336 2554/1387/2423 2552/1385/2421
f 2449/1282/2321 2554/1387/2423 2464/1297/2336
f 2449/1282/2321 2465/1298/2337 2554/1387/2423
f 2555/1388/2424 2465/1298/2337 2452/1285/2324
f 2556/1389/2425 2469/1302/2341 2555/1388/2424
f 2454/1287/2326 2557/1390/2426 2558/1391/2427
f 2559/1392/2428 2549/1382/2418 2560/1393/2429
f 2561/1394/2430 2554/1387/2423 2562/1395/2431
f 2469/1302/2341 2466/1299/2338 2465/1298/2337
f 2563/1396/2432 2564/1397/2433 2565/1398/2434
f 2566/1399/2435 2567/1400/2436 2568/1401/2437
f 2569/1402/2438 2558/1391/2427 2570/1403/2439
f 2571/1404/2440 2557/1390/2426 2572/1405/2441
f 2572/1405/2441 2559/1392/2428 2573/1406/2442
f 2574/1407/2443 2575/1408/2444 2576/1409/2445
f 2577/1410/2446 2578/1411/2447 2579/1412/2448
f 2580/1413/2449 2581/1414/2450 2582/1415/2451
f 2583/1416/2452 2562/1395/2431 2584/1417/2453
f 2585/1418/2454 2468/1301/2340 2467/1300/2339
f 2467/1300/2339 2466/1299/2338 2470/1303/2342
f 2470/1303/2342 2469/1302/2341 2586/1419/2455
f 2586/1419/2455 2469/1302/2341 2587/1420/2432
f 2587/1420/2432 2588/1421/2456 2479/1312/2351
f 2471/1304/2343 2572/1405/2441 2474/1307/2346
f 2474/1307/2346 2573/1406/2442 2589/1422/2457
f 2590/1423/2458 2591/1424/2459 2589/1422/2457
f 2591/1424/2459 2592/1425/2460 2593/1426/2461
f 2593/1426/2461 2594/1427/2462 2595/1428/2463
f 2476/1309/2348 2478/1311/2350 2584/1417/2453
f 2479/1312/2351 2476/1309/2348 2470/1303/2342
f 2596/1429/2464 2597/1430/2465 2598/1431/2466
f 2598/1431/2466 2473/1306/2345 2472/1305/2344
f 2472/1305/2344 2471/1304/2343 2475/1308/2347
f 2474/1307/2346 2599/1432/2467 2475/1308/2347
f 2599/1432/2467 2589/1422/2457 2600/1433/2468
f 2600/1433/2468 2591/1424/2459 2601/1434/2469
f 2602/1435/2470 2603/1436/2471 2604/1437/2472
f 2605/1438/2473 2478/1311/2350 2606/1439/2474
f 2606/1439/2474 2478/1311/2350 2477/1310/2349
f 2477/1310/2349 2476/1309/2348 2607/1440/2475
f 2607/1440/2475 2476/1309/2348 2480/1313/2352
f 2480/1313/2352 2479/1312/2351 2608/1441/2476
f 2604/1437/2472 2492/1325/2364 2490/1323/2362
f 2609/1442/2477 2495/1328/2367 2492/1325/2364
f 2477/1310/2349 2497/1330/2369 2495/1328/2367
f 2480/1313/2352 2499/1332/2371 2497/1330/2369
f 2503/1336/2374 2483/1316/2355 2482/1315/2354
f 2501/1334/2355 2499/1332/2371 2608/1441/2476
f 2482/1315/2354 2481/1314/2353 2484/1317/2356
f 2485/1318/2357 2486/1319/2358 2484/1317/2356
f 2486/1319/2358 2488/1321/2360 2491/1324/2363
f 2491/1324/2363 2490/1323/2362 2493/1326/2365
f 2493/1326/2365 2492/1325/2364 2494/1327/2366
f 2495/1328/2367 2496/1329/2368 2494/1327/2366
f 2497/1330/2369 2498/1331/2370 2496/1329/2368
f 2499/1332/2371 2500/1333/2372 2498/1331/2370
f 2493/1326/2365 2505/1338/2376 2504/1337/2375
f 2496/1329/2368 2506/1339/2373 2505/1338/2376
f 2513/1346/2383 2390/1223/2262 2507/1340/2377
f 2514/1347/2384 2395/1228/2267 2510/1343/2380
f 2403/1236/2275 2510/1343/2380 2512/1345/2382
f 2512/1345/2382 2511/1344/2381 2401/1234/2273
f 2407/1240/2279 2518/1351/2388 2515/1348/2385
f 2519/1352/2389 2514/1347/2384 2403/1236/2275
f 2517/1350/2387 2398/1231/2270 2411/1244/2283
f 2525/1358/2395 2409/1242/2281 2519/1352/2389
f 2519/1352/2389 2402/1235/2274 2526/1359/2396
f 2417/1250/2289 2408/1241/2280 2410/1243/2282
f 2420/1253/2292 2610/1443/2478 2528/1361/2398
f 2421/1254/2293 2528/1361/2398 2529/1362/2399
f 2423/1256/2295 2529/1362/2399 2611/1444/2479
f 2611/1444/2479 2530/1363/2400 2423/1256/2295
f 2412/1245/2284 2415/1248/2287 2428/1261/2300
f 2415/1248/2287 2527/1360/2397 2430/1263/2302
f 2420/1253/2292 2419/1252/2291 2612/1445/2480
f 2425/1258/2297 2427/1260/2299 2426/1259/2298
f 2613/1446/2303 2534/1367/2404 2439/1272/2311
f 2534/1367/2404 2531/1364/2401 2437/1270/2309
f 2531/1364/2401 2416/1249/2288 2441/1274/2313
f 2535/1368/2405 2433/1266/2305 2536/1369/2406
f 2445/1278/2317 2532/1365/2402 2424/1257/2296
f 2541/1374/2411 2434/1267/2306 2535/1368/2405
f 2535/1368/2405 2537/1370/2407 2542/1375/2412
f 2543/1376/2413 2614/1447/2481 2444/1277/2316
f 2451/1284/2323 2435/1268/2307 2538/1371/2408
f 2464/1297/2336 2544/1377/2414 2447/1280/2319
f 2545/1378/2324 2455/1288/2327 2548/1381/2417
f 2549/1382/2418 2459/1292/2331 2550/1383/2419
f 2546/1379/2415 2461/1294/2333 2615/1448/2482
f 2461/1294/2333 2460/1293/2332 2615/1448/2482
f 2458/1291/2330 2549/1382/2418 2559/1392/2428
f 2549/1382/2418 2551/1384/2420 2560/1393/2429
f 2554/1387/2423 2468/1301/2340 2562/1395/2431
f 2465/1298/2337 2555/1388/2424 2469/1302/2341
f 2587/1420/2432 2469/1302/2341 2556/1389/2425
f 2572/1405/2441 2557/1390/2426 2559/1392/2428
f 2563/1396/2432 2565/1398/2434 2616/1449/2456
f 2597/1430/2465 2566/1399/2435 2568/1401/2437
f 2473/1306/2345 2569/1402/2438 2570/1403/2439
f 2471/1304/2343 2571/1404/2440 2572/1405/2441
f 2474/1307/2346 2572/1405/2441 2573/1406/2442
f 2589/1422/2457 2573/1406/2442 2590/1423/2458
f 2590/1423/2458 2592/1425/2460 2591/1424/2459
f 2593/1426/2461 2592/1425/2460 2594/1427/2462
f 2595/1428/2463 2594/1427/2462 2574/1407/2443
f 2603/1436/2471 2576/1409/2445 2577/1410/2446
f 2603/1436/2471 2577/1410/2446 2579/1412/2448
f 2617/1450/2483 2580/1413/2449 2582/1415/2451
f 2478/1311/2350 2618/1451/2484 2583/1416/2452
f 2583/1416/2452 2584/1417/2453 2478/1311/2350
f 2584/1417/2453 2585/1418/2454 2476/1309/2348
f 2585/1418/2454 2467/1300/2339 2476/1309/2348
f 2467/1300/2339 2470/1303/2342 2476/1309/2348
f 2470/1303/2342 2586/1419/2455 2479/1312/2351
f 2586/1419/2455 2587/1420/2432 2479/1312/2351
f 2608/1441/2476 2479/1312/2351 2588/1421/2456
f 2598/1431/2466 2597/1430/2465 2473/1306/2345
f 2599/1432/2467 2474/1307/2346 2589/1422/2457
f 2589/1422/2457 2591/1424/2459 2600/1433/2468
f 2601/1434/2469 2591/1424/2459 2593/1426/2461
f 2481/1314/2353 2596/1429/2464 2598/1431/2466
f 2485/1318/2357 2472/1305/2344 2475/1308/2347
f 2619/1452/2485 2602/1435/2470 2490/1323/2362
f 2602/1435/2470 2604/1437/2472 2490/1323/2362
f 2604/1437/2472 2609/1442/2477 2492/1325/2364
f 2609/1442/2477 2605/1438/2473 2495/1328/2367
f 2605/1438/2473 2606/1439/2474 2495/1328/2367
f 2495/1328/2367 2606/1439/2474 2477/1310/2349
f 2497/1330/2369 2477/1310/2349 2607/1440/2475
f 2497/1330/2369 2607/1440/2475 2480/1313/2352
f 2480/1313/2352 2608/1441/2476 2499/1332/2371
f 2486/1319/2358 2487/1320/2359 2489/1322/2361
f 2620/1453/2486 2621/1454/2487 2622/1455/2488
f 2623/1456/2489 2624/1457/2490 2625/1458/2486
f 2626/1459/2491 2623/1456/2489 2622/1455/2488
f 2627/1460/2492 2628/1461/2493 2624/1457/2490
f 2629/1462/2494 2630/1463/2495 2624/1457/2490
f 2631/1464/2496 2629/1462/2494 2632/1465/2497
f 2633/1466/2498 2632/1465/2497 2626/1459/2491
f 2634/1467/2499 2635/1468/2500 2621/1454/2487
f 2636/1231/2501 2634/1467/2499 2637/1233/2502
f 2638/1469/2503 2639/1238/2504 2640/1239/2505
f 2641/1470/2506 2642/1241/2507 2638/1469/2503
f 2643/1471/2508 2644/1243/2509 2641/1470/2506
f 2645/1472/2510 2646/1245/2511 2647/1246/2512
f 2648/1247/2505 2649/1473/2513 2645/1472/2510
f 2650/1474/2514 2651/1250/2515 2652/1251/2516
f 2653/1475/2517 2654/1253/2518 2655/1254/2519
f 2656/1476/2520 2655/1254/2519 2657/1256/2521
f 2658/1257/2522 2657/1256/2521 2659/1258/2523
f 2660/1259/2524 2661/1260/2525 2662/1261/2526
f 2663/1477/2527 2662/1261/2526 2664/1478/2528
f 2665/1264/2529 2664/1478/2528 2666/1265/2530
f 2667/1479/2531 2668/1480/2532 2650/1474/2514
f 2669/1481/2533 2660/1259/2524 2670/1482/2534
f 2669/1481/2533 2670/1482/2534 2663/1477/2527
f 2671/1483/2535 2672/1271/2536 2673/1272/2537
f 2668/1480/2532 2674/1273/2538 2675/1484/2539
f 2676/1485/2540 2677/1276/2541 2678/1486/2542
f 2679/1278/2543 2677/1276/2541 2676/1485/2540
f 2680/1487/2544 2681/1280/2545 2679/1278/2543
f 2669/1481/2533 2682/1281/2546 2680/1487/2544
f 2683/1282/2547 2684/1283/2548 2685/1488/2549
f 2686/1489/2550 2685/1488/2549 2687/1286/2551
f 2688/1287/2552 2689/1490/2553 2690/1289/2554
f 2688/1287/2552 2690/1289/2554 2691/1290/2555
f 2692/1291/2556 2691/1290/2555 2693/1292/2557
f 2694/1491/2558 2695/1294/2559 2696/1295/2560
f 2697/1492/2561 2696/1295/2560 2698/1493/2562
f 2699/1494/2563 2683/1282/2547 2686/1489/2550
f 2700/1495/2564 2701/1496/2565 2702/1497/2566
f 2703/1498/2567 2704/1499/2568 2700/1495/2564
f 2705/1304/2569 2706/1500/2570 2707/1501/2571
f 2708/1502/2572 2709/1503/2573 2705/1304/2569
f 2710/1504/2574 2711/1505/2575 2712/1311/2576
f 2713/1506/2577 2714/1313/2578 2710/1504/2574
f 2715/1507/2579 2716/1508/2580 2717/1509/2581
f 2718/1510/2582 2715/1507/2579 2719/1511/2583
f 2720/1512/2584 2719/1511/2583 2721/1513/2585
f 2720/1512/2584 2721/1513/2585 2722/1514/2586
f 2723/1515/2587 2724/1516/2588 2722/1514/2586
f 2725/1517/2589 2724/1516/2588 2723/1515/2587
f 2726/1518/2590 2727/1519/2591 2725/1517/2589
f 2728/1520/2592 2729/1521/2593 2726/1518/2590
f 2729/1521/2593 2728/1520/2592 2730/1522/2594
f 2731/1523/2595 2730/1522/2594 2732/1524/2596
f 2733/1525/2597 2732/1524/2596 2734/1526/2598
f 2735/1527/2599 2734/1526/2598 2736/1528/2600
f 2737/1529/2601 2738/1336/2599 2716/1508/2580
f 2737/1529/2601 2716/1508/2580 2718/1510/2582
f 2737/1529/2601 2718/1510/2582 2720/1512/2584
f 2739/1530/2602 2720/1512/2584 2724/1516/2588
f 2727/1519/2591 2739/1530/2602 2724/1516/2588
f 2729/1521/2593 2739/1530/2602 2727/1519/2591
f 2731/1523/2595 2740/1531/2603 2729/1521/2593
f 2740/1531/2603 2731/1523/2595 2733/1525/2597
f 2741/1532/2601 2733/1525/2597 2735/1527/2599
f 2625/1458/2486 2624/1457/2490 2628/1461/2493
f 2623/1456/2489 2629/1462/2494 2624/1457/2490
f 2632/1465/2497 2629/1462/2494 2623/1456/2489
f 2626/1459/2491 2632/1465/2497 2623/1456/2489
f 2635/1468/2500 2626/1459/2491 2622/1455/2488
f 2622/1455/2488 2621/1454/2487 2635/1468/2500
f 2627/1460/2492 2742/1533/2502 2628/1461/2493
f 2624/1457/2490 2630/1463/2495 2627/1460/2492
f 2629/1462/2494 2743/1534/2604 2630/1463/2495
f 2629/1462/2494 2631/1464/2496 2743/1534/2604
f 2744/1535/2605 2631/1464/2496 2632/1465/2497
f 2633/1466/2498 2744/1535/2605 2632/1465/2497
f 2745/1536/2606 2633/1466/2498 2626/1459/2491
f 2635/1468/2500 2634/1467/2499 2745/1536/2606
f 2621/1454/2487 2637/1233/2502 2634/1467/2499
f 2630/1463/2495 2746/1537/2607 2747/1538/2608
f 2748/1539/2609 2743/1534/2604 2749/1540/2610
f 2636/1231/2501 2750/1350/2611 2634/1467/2499
f 2638/1469/2503 2747/1538/2608 2641/1470/2506
f 2751/1541/2612 2752/1542/2613 2753/1353/2614
f 2753/1353/2614 2754/1543/2615 2755/1544/2616
f 2756/1545/2617 2757/1355/2618 2758/1356/2619
f 2645/1472/2510 2647/1246/2512 2750/1350/2611
f 2759/1357/2620 2640/1239/2505 2639/1238/2504
f 2648/1247/2505 2645/1472/2510 2636/1231/2501
f 2638/1469/2503 2642/1241/2507 2639/1238/2504
f 2641/1470/2506 2644/1243/2509 2642/1241/2507
f 2643/1471/2508 2760/1546/2621 2644/1243/2509
f 2760/1546/2621 2761/1352/2622 2762/1547/2623
f 2646/1245/2511 2645/1472/2510 2649/1473/2513
f 2648/1247/2505 2763/1360/2624 2649/1473/2513
f 2644/1243/2509 2652/1251/2516 2651/1250/2515
f 2764/1361/2625 2655/1254/2519 2654/1253/2518
f 2765/1362/2626 2657/1256/2521 2655/1254/2519
f 2766/1363/2627 2659/1258/2523 2657/1256/2521
f 2646/1245/2511 2662/1261/2526 2661/1260/2525
f 2649/1473/2513 2664/1478/2528 2662/1261/2526
f 2666/1265/2530 2664/1478/2528 2763/1360/2624
f 2651/1250/2515 2650/1474/2514 2767/1364/2628
f 2655/1254/2519 2656/1476/2520 2653/1475/2517
f 2657/1256/2521 2768/1365/2629 2656/1476/2520
f 2657/1256/2521 2658/1257/2522 2768/1365/2629
f 2659/1258/2523 2660/1259/2524 2658/1257/2522
f 2662/1261/2526 2670/1482/2534 2660/1259/2524
f 2662/1261/2526 2663/1477/2527 2670/1482/2534
f 2664/1478/2528 2769/1366/2630 2663/1477/2527
f 2664/1478/2528 2665/1264/2529 2769/1366/2630
f 2770/1367/2631 2671/1483/2535 2673/1272/2537
f 2675/1484/2539 2671/1483/2535 2767/1364/2628
f 2650/1474/2514 2668/1480/2532 2675/1484/2539
f 2668/1480/2532 2667/1479/2531 2771/1548/2632
f 2669/1481/2533 2680/1487/2544 2660/1259/2524
f 2665/1264/2529 2772/1371/2633 2769/1366/2630
f 2671/1483/2535 2773/1372/2634 2672/1271/2536
f 2774/1373/2635 2675/1484/2539 2674/1273/2538
f 2668/1480/2532 2775/1549/2636 2674/1273/2538
f 2771/1548/2632 2776/1550/2637 2775/1549/2636
f 2776/1550/2637 2777/1551/2638 2778/1552/2639
f 2778/1552/2639 2678/1486/2542 2677/1276/2541
f 2677/1276/2541 2679/1278/2543 2779/1377/2640
f 2779/1377/2640 2679/1278/2543 2681/1280/2545
f 2680/1487/2544 2682/1281/2546 2681/1280/2545
f 2682/1281/2546 2669/1481/2533 2684/1283/2548
f 2684/1283/2548 2669/1481/2533 2685/1488/2549
f 2685/1488/2549 2772/1371/2633 2687/1286/2551
f 2672/1271/2536 2689/1490/2553 2780/1378/2550
f 2773/1372/2634 2689/1490/2553 2672/1271/2536
f 2693/1292/2557 2775/1549/2636 2781/1553/2641
f 2776/1550/2637 2782/1379/2642 2781/1553/2641
f 2684/1283/2548 2683/1282/2547 2682/1281/2546
f 2686/1489/2550 2683/1282/2547 2685/1488/2549
f 2783/1380/2643 2784/1381/2644 2689/1490/2553
f 2688/1287/2552 2783/1380/2643 2689/1490/2553
f 2691/1290/2555 2692/1291/2556 2688/1287/2552
f 2693/1292/2557 2785/1554/2645 2692/1291/2556
f 2785/1554/2645 2781/1553/2641 2786/1555/2646
f 2698/1493/2562 2787/1385/2647 2697/1492/2561
f 2788/1556/2648 2694/1491/2558 2696/1295/2560
f 2697/1492/2561 2788/1556/2648 2696/1295/2560
f 2698/1493/2562 2789/1387/2649 2787/1385/2647
f 2683/1282/2547 2789/1387/2649 2698/1493/2562
f 2683/1282/2547 2699/1494/2563 2789/1387/2649
f 2790/1388/2644 2699/1494/2563 2686/1489/2550
f 2791/1389/2650 2703/1498/2567 2790/1388/2644
f 2688/1287/2552 2792/1390/2651 2793/1391/2652
f 2794/1557/2653 2785/1554/2645 2795/1558/2654
f 2796/1394/2655 2789/1387/2649 2797/1395/2656
f 2703/1498/2567 2700/1495/2564 2699/1494/2563
f 2798/1396/2657 2799/1397/2658 2800/1398/2659
f 2801/1399/2660 2802/1400/2661 2803/1401/2662
f 2804/1402/2663 2793/1391/2652 2805/1403/2664
f 2806/1404/2665 2792/1390/2651 2807/1559/2666
f 2807/1559/2666 2794/1557/2653 2808/1406/2667
f 2809/1407/2668 2810/1408/2669 2811/1409/2670
f 2812/1410/2671 2813/1560/2672 2814/1412/2673
f 2815/1413/2674 2816/1561/2675 2817/1415/2676
f 2818/1416/2677 2797/1395/2656 2819/1562/2678
f 2819/1562/2678 2702/1497/2566 2701/1496/2565
f 2701/1496/2565 2700/1495/2564 2704/1499/2568
f 2704/1499/2568 2703/1498/2567 2820/1419/2679
f 2820/1419/2679 2703/1498/2567 2821/1420/2657
f 2821/1420/2657 2822/1421/2680 2713/1506/2577
f 2705/1304/2569 2807/1559/2666 2708/1502/2572
f 2708/1502/2572 2808/1406/2667 2823/1563/2681
f 2824/1564/2682 2825/1565/2683 2823/1563/2681
f 2825/1565/2683 2826/1566/2684 2827/1426/2685
f 2827/1426/2685 2828/1427/2686 2829/1428/2687
f 2710/1504/2574 2712/1311/2576 2819/1562/2678
f 2713/1506/2577 2710/1504/2574 2704/1499/2568
f 2830/1429/2688 2831/1567/2689 2832/1568/2690
f 2832/1568/2690 2707/1501/2571 2706/1500/2570
f 2706/1500/2570 2705/1304/2569 2709/1503/2573
f 2708/1502/2572 2833/1569/2691 2709/1503/2573
f 2833/1569/2691 2823/1563/2681 2834/1570/2692
f 2834/1570/2692 2825/1565/2683 2835/1571/2693
f 2836/1435/2694 2837/1436/2695 2838/1572/2696
f 2839/1438/2697 2712/1311/2576 2840/1439/2698
f 2840/1439/2698 2712/1311/2576 2711/1505/2575
f 2711/1505/2575 2710/1504/2574 2841/1573/2699
f 2841/1573/2699 2710/1504/2574 2714/1313/2578
f 2714/1313/2578 2713/1506/2577 2842/1574/2700
f 2715/1507/2579 2832/1568/2690 2719/1511/2583
f 2709/1503/2573 2721/1513/2585 2719/1511/2583
f 2833/1569/2691 2722/1514/2586 2721/1513/2585
f 2834/1570/2692 2723/1515/2587 2722/1514/2586
f 2835/1571/2693 2723/1515/2587 2834/1570/2692
f 2835/1571/2693 2725/1517/2589 2723/1515/2587
f 2838/1572/2696 2728/1520/2592 2726/1518/2590
f 2843/1575/2701 2730/1522/2594 2728/1520/2592
f 2711/1505/2575 2732/1524/2596 2730/1522/2594
f 2714/1313/2578 2734/1526/2598 2732/1524/2596
f 2738/1336/2599 2717/1509/2581 2716/1508/2580
f 2736/1528/2600 2734/1526/2598 2842/1574/2700
f 2716/1508/2580 2715/1507/2579 2718/1510/2582
f 2719/1511/2583 2720/1512/2584 2718/1510/2582
f 2722/1514/2586 2724/1516/2588 2720/1512/2584
f 2724/1516/2588 2725/1517/2589 2727/1519/2591
f 2727/1519/2591 2726/1518/2590 2729/1521/2593
f 2730/1522/2594 2731/1523/2595 2729/1521/2593
f 2732/1524/2596 2733/1525/2597 2731/1523/2595
f 2734/1526/2598 2735/1527/2599 2733/1525/2597
f 2739/1530/2602 2737/1529/2601 2720/1512/2584
f 2729/1521/2593 2740/1531/2603 2739/1530/2602
f 2741/1532/2601 2740/1531/2603 2733/1525/2597
f 2745/1536/2606 2626/1459/2491 2635/1468/2500
f 2627/1460/2492 2630/1463/2495 2747/1538/2608
f 2641/1470/2506 2747/1538/2608 2746/1537/2607
f 2753/1353/2614 2752/1542/2613 2754/1543/2615
f 2750/1350/2611 2636/1231/2501 2645/1472/2510
f 2760/1546/2621 2643/1471/2508 2761/1352/2622
f 2761/1352/2622 2751/1541/2612 2762/1547/2623
f 2651/1250/2515 2642/1241/2507 2644/1243/2509
f 2654/1253/2518 2844/1443/2702 2764/1361/2625
f 2655/1254/2519 2764/1361/2625 2765/1362/2626
f 2657/1256/2521 2765/1362/2626 2845/1444/2703
f 2845/1444/2703 2766/1363/2627 2657/1256/2521
f 2646/1245/2511 2649/1473/2513 2662/1261/2526
f 2649/1473/2513 2763/1360/2624 2664/1478/2528
f 2654/1253/2518 2653/1475/2517 2846/1576/2704
f 2659/1258/2523 2661/1260/2525 2660/1259/2524
f 2847/1446/2529 2770/1367/2631 2673/1272/2537
f 2770/1367/2631 2767/1364/2628 2671/1483/2535
f 2767/1364/2628 2650/1474/2514 2675/1484/2539
f 2771/1548/2632 2667/1479/2531 2848/1577/2705
f 2679/1278/2543 2768/1365/2629 2658/1257/2522
f 2775/1549/2636 2668/1480/2532 2771/1548/2632
f 2776/1550/2637 2771/1548/2632 2777/1551/2638
f 2778/1552/2639 2777/1551/2638 2678/1486/2542
f 2685/1488/2549 2669/1481/2533 2772/1371/2633
f 2781/1553/2641 2775/1549/2636 2776/1550/2637
f 2698/1493/2562 2779/1377/2640 2681/1280/2545
f 2780/1378/2550 2689/1490/2553 2784/1381/2644
f 2785/1554/2645 2693/1292/2557 2781/1553/2641
f 2782/1379/2642 2695/1294/2559 2849/1578/2706
f 2695/1294/2559 2694/1491/2558 2849/1578/2706
f 2692/1291/2556 2785/1554/2645 2794/1557/2653
f 2785/1554/2645 2786/1555/2646 2795/1558/2654
f 2789/1387/2649 2702/1497/2566 2797/1395/2656
f 2699/1494/2563 2790/1388/2644 2703/1498/2567
f 2821/1420/2657 2703/1498/2567 2791/1389/2650
f 2807/1559/2666 2792/1390/2651 2794/1557/2653
f 2819/1562/2678 2797/1395/2656 2702/1497/2566
f 2798/1396/2657 2800/1398/2659 2850/1449/2680
f 2831/1567/2689 2801/1399/2660 2803/1401/2662
f 2707/1501/2571 2804/1402/2663 2805/1403/2664
f 2705/1304/2569 2806/1404/2665 2807/1559/2666
f 2708/1502/2572 2807/1559/2666 2808/1406/2667
f 2823/1563/2681 2808/1406/2667 2824/1564/2682
f 2824/1564/2682 2826/1566/2684 2825/1565/2683
f 2827/1426/2685 2826/1566/2684 2828/1427/2686
f 2829/1428/2687 2828/1427/2686 2809/1407/2668
f 2837/1436/2695 2811/1409/2670 2812/1410/2671
f 2837/1436/2695 2812/1410/2671 2814/1412/2673
f 2851/1450/2707 2815/1413/2674 2817/1415/2676
f 2712/1311/2576 2852/1451/2708 2818/1416/2677
f 2818/1416/2677 2819/1562/2678 2712/1311/2576
f 2819/1562/2678 2701/1496/2565 2710/1504/2574
f 2701/1496/2565 2704/1499/2568 2710/1504/2574
f 2704/1499/2568 2820/1419/2679 2713/1506/2577
f 2820/1419/2679 2821/1420/2657 2713/1506/2577
f 2842/1574/2700 2713/1506/2577 2822/1421/2680
f 2832/1568/2690 2831/1567/2689 2707/1501/2571
f 2833/1569/2691 2708/1502/2572 2823/1563/2681
f 2823/1563/2681 2825/1565/2683 2834/1570/2692
f 2835/1571/2693 2825/1565/2683 2827/1426/2685
f 2715/1507/2579 2830/1429/2688 2832/1568/2690
f 2719/1511/2583 2832/1568/2690 2706/1500/2570
f 2719/1511/2583 2706/1500/2570 2709/1503/2573
f 2709/1503/2573 2833/1569/2691 2721/1513/2585
f 2833/1569/2691 2834/1570/2692 2722/1514/2586
f 2853/1579/2709 2836/1435/2694 2726/1518/2590
f 2836/1435/2694 2838/1572/2696 2726/1518/2590
f 2838/1572/2696 2843/1575/2701 2728/1520/2592
f 2843/1575/2701 2839/1438/2697 2730/1522/2594
f 2839/1438/2697 2840/1439/2698 2730/1522/2594
f 2730/1522/2594 2840/1439/2698 2711/1505/2575
f 2732/1524/2596 2711/1505/2575 2841/1573/2699
f 2841/1573/2699 2714/1313/2578 2732/1524/2596
f 2714/1313/2578 2842/1574/2700 2734/1526/2598
f 2397/1230/2269 2512/1345/2382 2510/1343/2380
f 2397/1230/2269 2510/1343/2380 2394/1227/2266
f 2400/1233/2272 2399/1232/2271 2507/1340/2377
f 2400/1233/2272 2507/1340/2377 2508/1341/2378
f 2518/1351/2388 2854/1580/2710 2509/1342/2379
f 2518/1351/2388 2509/1342/2379 2392/1225/2264
f 2515/1348/2385 2518/1351/2388 2392/1225/2264
f 2515/1348/2385 2392/1225/2264 2395/1228/2267
f 2396/1229/2268 2521/1354/2391 2516/1349/2386
f 2396/1229/2268 2516/1349/2386 2511/1344/2381
f 2513/1346/2383 2855/1581/2711 2521/1354/2391
f 2513/1346/2383 2521/1354/2391 2396/1229/2268
f 2517/1350/2387 2855/1581/2711 2513/1346/2383
f 2517/1350/2387 2513/1346/2383 2399/1232/2271
f 2404/1237/2276 2406/1239/2278 2854/1580/2710
f 2404/1237/2276 2854/1580/2710 2518/1351/2388
f 2514/1347/2384 2409/1242/2281 2407/1240/2279
f 2514/1347/2384 2407/1240/2279 2515/1348/2385
f 2516/1349/2386 2856/1544/2712 2520/1353/2390
f 2516/1349/2386 2520/1353/2390 2401/1234/2273
f 2523/1356/2393 2856/1544/2712 2516/1349/2386
f 2523/1356/2393 2516/1349/2386 2521/1354/2391
f 2857/1582/2713 2522/1355/2392 2521/1354/2391
f 2857/1582/2713 2521/1354/2391 2855/1581/2711
f 2413/1246/2285 2857/1582/2713 2855/1581/2711
f 2413/1246/2285 2855/1581/2711 2517/1350/2387
f 2520/1353/2390 2610/1443/2478 2526/1359/2396
f 2520/1353/2390 2526/1359/2396 2402/1235/2274
f 2856/1544/2712 2528/1361/2398 2610/1443/2478
f 2856/1544/2712 2610/1443/2478 2520/1353/2390
f 2529/1362/2399 2528/1361/2398 2856/1544/2712
f 2529/1362/2399 2856/1544/2712 2523/1356/2393
f 2611/1444/2479 2529/1362/2399 2523/1356/2393
f 2611/1444/2479 2523/1356/2393 2522/1355/2392
f 2530/1363/2400 2611/1444/2479 2522/1355/2392
f 2530/1363/2400 2522/1355/2392 2857/1582/2713
f 2412/1245/2284 2530/1363/2400 2857/1582/2713
f 2412/1245/2284 2857/1582/2713 2413/1246/2285
f 2858/1583/2714 2524/1357/2394 2405/1238/2277
f 2858/1583/2714 2405/1238/2277 2859/1584/2715
f 2417/1250/2289 2859/1584/2715 2405/1238/2277
f 2417/1250/2289 2405/1238/2277 2408/1241/2280
f 2525/1358/2395 2860/1585/2716 2418/1251/2290
f 2525/1358/2395 2418/1251/2290 2410/1243/2282
f 2526/1359/2396 2861/1586/2717 2860/1585/2716
f 2526/1359/2396 2860/1585/2716 2525/1358/2395
f 2420/1253/2292 2861/1586/2717 2526/1359/2396
f 2420/1253/2292 2526/1359/2396 2610/1443/2478
f 2412/1245/2284 2427/1260/2299 2425/1258/2297
f 2412/1245/2284 2425/1258/2297 2530/1363/2400
f 2613/1446/2303 2858/1583/2714 2859/1584/2715
f 2613/1446/2303 2859/1584/2715 2534/1367/2404
f 2531/1364/2401 2534/1367/2404 2859/1584/2715
f 2531/1364/2401 2859/1584/2715 2417/1250/2289
f 2433/1266/2305 2416/1249/2288 2418/1251/2290
f 2433/1266/2305 2418/1251/2290 2860/1585/2716
f 2536/1369/2406 2433/1266/2305 2860/1585/2716
f 2536/1369/2406 2860/1585/2716 2861/1586/2717
f 2612/1445/2480 2536/1369/2406 2861/1586/2717
f 2612/1445/2480 2861/1586/2717 2420/1253/2292
f 2612/1445/2480 2614/1447/2481 2537/1370/2407
f 2612/1445/2480 2537/1370/2407 2536/1369/2406
f 2419/1252/2291 2444/1277/2316 2614/1447/2481
f 2419/1252/2291 2614/1447/2481 2612/1445/2480
f 2422/1255/2294 2442/1275/2314 2444/1277/2316
f 2422/1255/2294 2444/1277/2316 2419/1252/2291
f 2532/1365/2402 2445/1278/2317 2442/1275/2314
f 2532/1365/2402 2442/1275/2314 2422/1255/2294
f 2446/1279/2318 2445/1278/2317 2424/1257/2296
f 2446/1279/2318 2424/1257/2296 2426/1259/2298
f 2435/1268/2307 2429/1262/2301 2533/1366/2403
f 2435/1268/2307 2533/1366/2403 2538/1371/2408
f 2540/1373/2410 2539/1372/2409 2437/1270/2309
f 2540/1373/2410 2437/1270/2309 2441/1274/2313
f 2614/1447/2481 2543/1376/2413 2542/1375/2412
f 2614/1447/2481 2542/1375/2412 2537/1370/2407
f 2455/1288/2327 2539/1372/2409 2540/1373/2410
f 2455/1288/2327 2540/1373/2410 2456/1289/2328
f 2440/1273/2312 2457/1290/2329 2456/1289/2328
f 2440/1273/2312 2456/1289/2328 2540/1373/2410
f 2459/1292/2331 2457/1290/2329 2440/1273/2312
f 2459/1292/2331 2440/1273/2312 2541/1374/2411
f 2542/1375/2412 2550/1383/2419 2459/1292/2331
f 2542/1375/2412 2459/1292/2331 2541/1374/2411
f 2546/1379/2415 2550/1383/2419 2542/1375/2412
f 2546/1379/2415 2542/1375/2412 2543/1376/2413
f 2443/1276/2315 2462/1295/2334 2461/1294/2333
f 2443/1276/2315 2461/1294/2333 2543/1376/2413
f 2544/1377/2414 2464/1297/2336 2462/1295/2334
f 2544/1377/2414 2462/1295/2334 2443/1276/2315
f 2449/1282/2321 2464/1297/2336 2447/1280/2319
f 2449/1282/2321 2447/1280/2319 2448/1281/2320
f 2615/1448/2482 2551/1384/2420 2550/1383/2419
f 2615/1448/2482 2550/1383/2419 2546/1379/2415
f 2564/1397/2433 2548/1381/2417 2547/1380/2416
f 2564/1397/2433 2547/1380/2416 2567/1400/2436
f 2558/1391/2427 2567/1400/2436 2547/1380/2416
f 2558/1391/2427 2547/1380/2416 2454/1287/2326
f 2458/1291/2330 2559/1392/2428 2557/1390/2426
f 2458/1291/2330 2557/1390/2426 2454/1287/2326
f 2862/1587/2718 2560/1393/2429 2551/1384/2420
f 2862/1587/2718 2551/1384/2420 2615/1448/2482
f 2460/1293/2332 2863/1588/2719 2862/1587/2718
f 2460/1293/2332 2862/1587/2718 2615/1448/2482
f 2553/1386/2422 2575/1408/2444 2863/1588/2719
f 2553/1386/2422 2863/1588/2719 2460/1293/2332
f 2463/1296/2335 2578/1411/2447 2575/1408/2444
f 2463/1296/2335 2575/1408/2444 2553/1386/2422
f 2552/1385/2421 2581/1414/2450 2578/1411/2447
f 2552/1385/2421 2578/1411/2447 2463/1296/2335
f 2561/1394/2430 2581/1414/2450 2552/1385/2421
f 2561/1394/2430 2552/1385/2421 2554/1387/2423
f 2466/1299/2338 2468/1301/2340 2554/1387/2423
f 2466/1299/2338 2554/1387/2423 2465/1298/2337
f 2567/1400/2436 2566/1399/2435 2565/1398/2434
f 2567/1400/2436 2565/1398/2434 2564/1397/2433
f 2558/1391/2427 2569/1402/2438 2568/1401/2437
f 2558/1391/2427 2568/1401/2437 2567/1400/2436
f 2557/1390/2426 2571/1404/2440 2570/1403/2439
f 2557/1390/2426 2570/1403/2439 2558/1391/2427
f 2560/1393/2429 2590/1423/2458 2573/1406/2442
f 2560/1393/2429 2573/1406/2442 2559/1392/2428
f 2862/1587/2718 2592/1425/2460 2590/1423/2458
f 2862/1587/2718 2590/1423/2458 2560/1393/2429
f 2863/1588/2719 2594/1427/2462 2592/1425/2460
f 2863/1588/2719 2592/1425/2460 2862/1587/2718
f 2575/1408/2444 2574/1407/2443 2594/1427/2462
f 2575/1408/2444 2594/1427/2462 2863/1588/2719
f 2578/1411/2447 2577/1410/2446 2576/1409/2445
f 2578/1411/2447 2576/1409/2445 2575/1408/2444
f 2581/1414/2450 2580/1413/2449 2579/1412/2448
f 2581/1414/2450 2579/1412/2448 2578/1411/2447
f 2561/1394/2430 2618/1451/2484 2582/1415/2451
f 2561/1394/2430 2582/1415/2451 2581/1414/2450
f 2562/1395/2431 2583/1416/2452 2618/1451/2484
f 2562/1395/2431 2618/1451/2484 2561/1394/2430
f 2468/1301/2340 2585/1418/2454 2584/1417/2453
f 2468/1301/2340 2584/1417/2453 2562/1395/2431
f 2597/1430/2465 2616/1449/2456 2565/1398/2434
f 2597/1430/2465 2565/1398/2434 2566/1399/2435
f 2569/1402/2438 2473/1306/2345 2597/1430/2465
f 2569/1402/2438 2597/1430/2465 2568/1401/2437
f 2571/1404/2440 2471/1304/2343 2473/1306/2345
f 2571/1404/2440 2473/1306/2345 2570/1403/2439
f 2576/1409/2445 2603/1436/2471 2595/1428/2463
f 2576/1409/2445 2595/1428/2463 2574/1407/2443
f 2580/1413/2449 2617/1450/2483 2603/1436/2471
f 2580/1413/2449 2603/1436/2471 2579/1412/2448
f 2618/1451/2484 2478/1311/2350 2617/1450/2483
f 2618/1451/2484 2617/1450/2483 2582/1415/2451
f 2597/1430/2465 2596/1429/2464 2864/1589/2720
f 2597/1430/2465 2864/1589/2720 2616/1449/2456
f 2595/1428/2463 2619/1452/2485 2601/1434/2469
f 2595/1428/2463 2601/1434/2469 2593/1426/2461
f 2603/1436/2471 2602/1435/2470 2619/1452/2485
f 2603/1436/2471 2619/1452/2485 2595/1428/2463
f 2617/1450/2483 2609/1442/2477 2604/1437/2472
f 2617/1450/2483 2604/1437/2472 2603/1436/2471
f 2478/1311/2350 2605/1438/2473 2609/1442/2477
f 2478/1311/2350 2609/1442/2477 2617/1450/2483
f 2596/1429/2464 2481/1314/2353 2483/1316/2355
f 2596/1429/2464 2483/1316/2355 2864/1589/2720
f 2472/1305/2344 2485/1318/2357 2481/1314/2353
f 2472/1305/2344 2481/1314/2353 2598/1431/2466
f 2487/1320/2359 2485/1318/2357 2475/1308/2347
f 2487/1320/2359 2475/1308/2347 2599/1432/2467
f 2489/1322/2361 2487/1320/2359 2599/1432/2467
f 2489/1322/2361 2599/1432/2467 2600/1433/2468
f 2489/1322/2361 2600/1433/2468 2601/1434/2469
f 2489/1322/2361 2601/1434/2469 2488/1321/2360
f 2490/1323/2362 2488/1321/2360 2601/1434/2469
f 2490/1323/2362 2601/1434/2469 2619/1452/2485
f 2504/1337/2375 2502/1335/2373 2482/1315/2354
f 2504/1337/2375 2482/1315/2354 2484/1317/2356
f 2747/1538/2608 2865/1590/2501 2742/1533/2502
f 2747/1538/2608 2742/1533/2502 2627/1460/2492
f 2748/1539/2609 2746/1537/2607 2630/1463/2495
f 2748/1539/2609 2630/1463/2495 2743/1534/2604
f 2631/1464/2496 2752/1542/2613 2749/1540/2610
f 2631/1464/2496 2749/1540/2610 2743/1534/2604
f 2744/1535/2605 2754/1543/2615 2752/1542/2613
f 2744/1535/2605 2752/1542/2613 2631/1464/2496
f 2633/1466/2498 2756/1545/2617 2754/1543/2615
f 2633/1466/2498 2754/1543/2615 2744/1535/2605
f 2745/1536/2606 2866/1591/2721 2756/1545/2617
f 2745/1536/2606 2756/1545/2617 2633/1466/2498
f 2750/1350/2611 2866/1591/2721 2745/1536/2606
f 2750/1350/2611 2745/1536/2606 2634/1467/2499
f 2638/1469/2503 2640/1239/2505 2865/1590/2501
f 2638/1469/2503 2865/1590/2501 2747/1538/2608
f 2748/1539/2609 2643/1471/2508 2641/1470/2506
f 2748/1539/2609 2641/1470/2506 2746/1537/2607
f 2749/1540/2610 2761/1352/2622 2643/1471/2508
f 2749/1540/2610 2643/1471/2508 2748/1539/2609
f 2751/1541/2612 2761/1352/2622 2749/1540/2610
f 2751/1541/2612 2749/1540/2610 2752/1542/2613
f 2758/1356/2619 2755/1544/2616 2754/1543/2615
f 2758/1356/2619 2754/1543/2615 2756/1545/2617
f 2867/1592/2722 2757/1355/2618 2756/1545/2617
f 2867/1592/2722 2756/1545/2617 2866/1591/2721
f 2647/1246/2512 2867/1592/2722 2866/1591/2721
f 2647/1246/2512 2866/1591/2721 2750/1350/2611
f 2753/1353/2614 2844/1443/2702 2762/1547/2623
f 2753/1353/2614 2762/1547/2623 2751/1541/2612
f 2755/1544/2616 2764/1361/2625 2844/1443/2702
f 2755/1544/2616 2844/1443/2702 2753/1353/2614
f 2765/1362/2626 2764/1361/2625 2755/1544/2616
f 2765/1362/2626 2755/1544/2616 2758/1356/2619
f 2845/1444/2703 2765/1362/2626 2758/1356/2619
f 2845/1444/2703 2758/1356/2619 2757/1355/2618
f 2766/1363/2627 2845/1444/2703 2757/1355/2618
f 2766/1363/2627 2757/1355/2618 2867/1592/2722
f 2646/1245/2511 2766/1363/2627 2867/1592/2722
f 2646/1245/2511 2867/1592/2722 2647/1246/2512
f 2868/1583/2723 2759/1357/2620 2639/1238/2504
f 2868/1583/2723 2639/1238/2504 2869/1593/2724
f 2651/1250/2515 2869/1593/2724 2639/1238/2504
f 2651/1250/2515 2639/1238/2504 2642/1241/2507
f 2760/1546/2621 2870/1594/2725 2652/1251/2516
f 2760/1546/2621 2652/1251/2516 2644/1243/2509
f 2762/1547/2623 2871/1595/2726 2870/1594/2725
f 2762/1547/2623 2870/1594/2725 2760/1546/2621
f 2654/1253/2518 2871/1595/2726 2762/1547/2623
f 2654/1253/2518 2762/1547/2623 2844/1443/2702
f 2646/1245/2511 2661/1260/2525 2659/1258/2523
f 2646/1245/2511 2659/1258/2523 2766/1363/2627
f 2847/1446/2529 2868/1583/2723 2869/1593/2724
f 2847/1446/2529 2869/1593/2724 2770/1367/2631
f 2767/1364/2628 2770/1367/2631 2869/1593/2724
f 2767/1364/2628 2869/1593/2724 2651/1250/2515
f 2667/1479/2531 2650/1474/2514 2652/1251/2516
f 2667/1479/2531 2652/1251/2516 2870/1594/2725
f 2848/1577/2705 2667/1479/2531 2870/1594/2725
f 2848/1577/2705 2870/1594/2725 2871/1595/2726
f 2846/1576/2704 2848/1577/2705 2871/1595/2726
f 2846/1576/2704 2871/1595/2726 2654/1253/2518
f 2777/1551/2638 2771/1548/2632 2848/1577/2705
f 2777/1551/2638 2848/1577/2705 2846/1576/2704
f 2653/1475/2517 2678/1486/2542 2777/1551/2638
f 2653/1475/2517 2777/1551/2638 2846/1576/2704
f 2656/1476/2520 2676/1485/2540 2678/1486/2542
f 2656/1476/2520 2678/1486/2542 2653/1475/2517
f 2768/1365/2629 2679/1278/2543 2676/1485/2540
f 2768/1365/2629 2676/1485/2540 2656/1476/2520
f 2680/1487/2544 2679/1278/2543 2658/1257/2522
f 2680/1487/2544 2658/1257/2522 2660/1259/2524
f 2669/1481/2533 2663/1477/2527 2769/1366/2630
f 2669/1481/2533 2769/1366/2630 2772/1371/2633
f 2774/1373/2635 2773/1372/2634 2671/1483/2535
f 2774/1373/2635 2671/1483/2535 2675/1484/2539
f 2689/1490/2553 2773/1372/2634 2774/1373/2635
f 2689/1490/2553 2774/1373/2635 2690/1289/2554
f 2674/1273/2538 2691/1290/2555 2690/1289/2554
f 2674/1273/2538 2690/1289/2554 2774/1373/2635
f 2693/1292/2557 2691/1290/2555 2674/1273/2538
f 2693/1292/2557 2674/1273/2538 2775/1549/2636
f 2778/1552/2639 2695/1294/2559 2782/1379/2642
f 2778/1552/2639 2782/1379/2642 2776/1550/2637
f 2677/1276/2541 2696/1295/2560 2695/1294/2559
f 2677/1276/2541 2695/1294/2559 2778/1552/2639
f 2779/1377/2640 2698/1493/2562 2696/1295/2560
f 2779/1377/2640 2696/1295/2560 2677/1276/2541
f 2683/1282/2547 2698/1493/2562 2681/1280/2545
f 2683/1282/2547 2681/1280/2545 2682/1281/2546
f 2849/1578/2706 2786/1555/2646 2781/1553/2641
f 2849/1578/2706 2781/1553/2641 2782/1379/2642
f 2799/1397/2658 2784/1381/2644 2783/1380/2643
f 2799/1397/2658 2783/1380/2643 2802/1400/2661
f 2793/1391/2652 2802/1400/2661 2783/1380/2643
f 2793/1391/2652 2783/1380/2643 2688/1287/2552
f 2692/1291/2556 2794/1557/2653 2792/1390/2651
f 2692/1291/2556 2792/1390/2651 2688/1287/2552
f 2872/1596/2727 2795/1558/2654 2786/1555/2646
f 2872/1596/2727 2786/1555/2646 2849/1578/2706
f 2694/1491/2558 2873/1597/2728 2872/1596/2727
f 2694/1491/2558 2872/1596/2727 2849/1578/2706
f 2788/1556/2648 2810/1408/2669 2873/1597/2728
f 2788/1556/2648 2873/1597/2728 2694/1491/2558
f 2697/1492/2561 2813/1560/2672 2810/1408/2669
f 2697/1492/2561 2810/1408/2669 2788/1556/2648
f 2787/1385/2647 2816/1561/2675 2813/1560/2672
f 2787/1385/2647 2813/1560/2672 2697/1492/2561
f 2796/1394/2655 2816/1561/2675 2787/1385/2647
f 2796/1394/2655 2787/1385/2647 2789/1387/2649
f 2700/1495/2564 2702/1497/2566 2789/1387/2649
f 2700/1495/2564 2789/1387/2649 2699/1494/2563
f 2802/1400/2661 2801/1399/2660 2800/1398/2659
f 2802/1400/2661 2800/1398/2659 2799/1397/2658
f 2793/1391/2652 2804/1402/2663 2803/1401/2662
f 2793/1391/2652 2803/1401/2662 2802/1400/2661
f 2792/1390/2651 2806/1404/2665 2805/1403/2664
f 2792/1390/2651 2805/1403/2664 2793/1391/2652
f 2795/1558/2654 2824/1564/2682 2808/1406/2667
f 2795/1558/2654 2808/1406/2667 2794/1557/2653
f 2872/1596/2727 2826/1566/2684 2824/1564/2682
f 2872/1596/2727 2824/1564/2682 2795/1558/2654
f 2873/1597/2728 2828/1427/2686 2826/1566/2684
f 2873/1597/2728 2826/1566/2684 2872/1596/2727
f 2810/1408/2669 2809/1407/2668 2828/1427/2686
f 2810/1408/2669 2828/1427/2686 2873/1597/2728
f 2813/1560/2672 2812/1410/2671 2811/1409/2670
f 2813/1560/2672 2811/1409/2670 2810/1408/2669
f 2816/1561/2675 2815/1413/2674 2814/1412/2673
f 2816/1561/2675 2814/1412/2673 2813/1560/2672
f 2796/1394/2655 2852/1451/2708 2817/1415/2676
f 2796/1394/2655 2817/1415/2676 2816/1561/2675
f 2797/1395/2656 2818/1416/2677 2852/1451/2708
f 2797/1395/2656 2852/1451/2708 2796/1394/2655
f 2831/1567/2689 2850/1449/2680 2800/1398/2659
f 2831/1567/2689 2800/1398/2659 2801/1399/2660
f 2804/1402/2663 2707/1501/2571 2831/1567/2689
f 2804/1402/2663 2831/1567/2689 2803/1401/2662
f 2806/1404/2665 2705/1304/2569 2707/1501/2571
f 2806/1404/2665 2707/1501/2571 2805/1403/2664
f 2811/1409/2670 2837/1436/2695 2829/1428/2687
f 2811/1409/2670 2829/1428/2687 2809/1407/2668
f 2815/1413/2674 2851/1450/2707 2837/1436/2695
f 2815/1413/2674 2837/1436/2695 2814/1412/2673
f 2852/1451/2708 2712/1311/2576 2851/1450/2707
f 2852/1451/2708 2851/1450/2707 2817/1415/2676
f 2831/1567/2689 2830/1429/2688 2874/1589/2729
f 2831/1567/2689 2874/1589/2729 2850/1449/2680
f 2829/1428/2687 2853/1579/2709 2835/1571/2693
f 2829/1428/2687 2835/1571/2693 2827/1426/2685
f 2837/1436/2695 2836/1435/2694 2853/1579/2709
f 2837/1436/2695 2853/1579/2709 2829/1428/2687
f 2851/1450/2707 2843/1575/2701 2838/1572/2696
f 2851/1450/2707 2838/1572/2696 2837/1436/2695
f 2712/1311/2576 2839/1438/2697 2843/1575/2701
f 2712/1311/2576 2843/1575/2701 2851/1450/2707
f 2830/1429/2688 2715/1507/2579 2717/1509/2581
f 2830/1429/2688 2717/1509/2581 2874/1589/2729
f 2726/1518/2590 2725/1517/2589 2835/1571/2693
f 2726/1518/2590 2835/1571/2693 2853/1579/2709
