# Blender 5.2.1 LTS
# www.blender.org
o Object_5
v -0.005527 0.013344 0.202390
v -0.004172 0.013755 0.202390
v -0.004899 0.013687 0.201851
v -0.002818 0.014166 0.202390
v -0.001409 0.014304 0.202390
v -0.002135 0.014379 0.201851
v 0.000000 0.014443 0.202390
v -0.000712 0.014520 0.201851
v 0.000000 0.014283 0.202977
v 0.000000 0.014443 0.202390
v 0.004172 0.013755 0.202390
v 0.002787 0.014009 0.202977
v 0.005466 0.013196 0.202977
v 0.006776 0.012676 0.202390
v 0.007935 0.011876 0.202977
v -0.011671 0.007799 0.195802
v -0.011672 0.007799 0.195712
v -0.012483 0.007484 0.195746
v -0.014037 0.000000 0.195802
v -0.014038 0.000000 0.195712
v -0.014537 -0.000712 0.195746
v -0.011671 -0.007799 0.195802
v -0.011672 -0.007799 0.195712
v -0.011692 -0.008669 0.195746
v -0.005372 -0.012969 0.195802
v -0.005372 -0.012969 0.195712
v -0.004905 -0.013703 0.195746
v 0.002739 -0.013767 0.195802
v 0.002739 -0.013768 0.195712
v 0.003535 -0.014119 0.195746
v 0.009926 -0.009926 0.195802
v 0.009926 -0.009926 0.195712
v 0.010783 -0.009776 0.195746
v 0.013767 -0.002739 0.195802
v 0.013768 -0.002739 0.195712
v 0.014397 -0.002137 0.195746
v 0.012969 0.005372 0.195802
v 0.012969 0.005372 0.195712
v 0.013158 0.006221 0.195746
v 0.007799 0.011671 0.195802
v 0.007799 0.011672 0.195712
v 0.007484 0.012483 0.195746
v 0.000000 0.014001 0.201851
v 0.000712 0.014520 0.201851
v 0.000712 0.014537 0.195925
v 0.012676 0.006776 0.202390
v 0.011876 0.007935 0.202977
v 0.013196 0.005466 0.202977
v -0.005372 0.012969 0.195712
v -0.004061 0.013387 0.195712
v -0.005252 0.012679 0.195712
v 0.000029 0.000146 0.203850
v 0.000000 0.000000 0.203928
v 0.000057 0.000138 0.203850
v -0.000029 0.000146 0.203850
v 0.000000 0.000149 0.203850
v 0.008875 0.010814 0.195712
v 0.009776 0.010783 0.195746
v 0.009926 0.009926 0.195712
v 0.007799 0.011672 0.195712
v 0.008669 0.011692 0.195746
v 0.000000 0.014038 0.195712
v 0.000712 0.014537 0.195746
v 0.001371 0.013922 0.195712
v 0.002137 0.014397 0.195746
v 0.002739 0.013768 0.195712
v -0.007799 0.011672 0.195712
v -0.007484 0.012483 0.195746
v -0.006595 0.012338 0.195712
v -0.008875 0.010814 0.195712
v -0.008669 0.011692 0.195746
v -0.009926 0.009926 0.195712
v -0.009776 0.010783 0.195746
v -0.010814 0.008875 0.195712
v -0.010783 0.009776 0.195746
v -0.011672 0.007799 0.195712
v -0.011692 0.008669 0.195746
v -0.012338 0.006595 0.195712
v -0.012483 0.007484 0.195746
v -0.012969 0.005372 0.195712
v -0.013158 0.006221 0.195746
v -0.013387 0.004061 0.195712
v -0.013703 0.004905 0.195746
v -0.013768 0.002739 0.195712
v -0.014119 0.003535 0.195746
v -0.013922 0.001371 0.195712
v -0.014397 0.002137 0.195746
v -0.014038 0.000000 0.195712
v -0.014537 0.000712 0.195746
v -0.013922 -0.001371 0.195712
v -0.014537 -0.000712 0.195746
v -0.013768 -0.002739 0.195712
v -0.014397 -0.002137 0.195746
v -0.013387 -0.004061 0.195712
v -0.014119 -0.003535 0.195746
v -0.012969 -0.005372 0.195712
v -0.013703 -0.004905 0.195746
v -0.012338 -0.006595 0.195712
v -0.013158 -0.006221 0.195746
v -0.011672 -0.007799 0.195712
v -0.012483 -0.007484 0.195746
v -0.010814 -0.008875 0.195712
v -0.011692 -0.008669 0.195746
v -0.009926 -0.009926 0.195712
v -0.010783 -0.009776 0.195746
v -0.008875 -0.010814 0.195712
v -0.009776 -0.010783 0.195746
v -0.007799 -0.011672 0.195712
v -0.008669 -0.011692 0.195746
v -0.006595 -0.012338 0.195712
v -0.007484 -0.012483 0.195746
v -0.005372 -0.012969 0.195712
v -0.006221 -0.013158 0.195746
v -0.004061 -0.013387 0.195712
v -0.004905 -0.013703 0.195746
v -0.002739 -0.013768 0.195712
v -0.003535 -0.014119 0.195746
v -0.001371 -0.013922 0.195712
v -0.002137 -0.014397 0.195746
v 0.000000 -0.014038 0.195712
v -0.000712 -0.014537 0.195746
v 0.001371 -0.013922 0.195712
v 0.000712 -0.014537 0.195746
v 0.002739 -0.013768 0.195712
v 0.002137 -0.014397 0.195746
v 0.004061 -0.013387 0.195712
v 0.003535 -0.014119 0.195746
v 0.005372 -0.012969 0.195712
v 0.004905 -0.013703 0.195746
v 0.006595 -0.012338 0.195712
v 0.006221 -0.013158 0.195746
v 0.007799 -0.011672 0.195712
v 0.007484 -0.012483 0.195746
v 0.008875 -0.010814 0.195712
v 0.008669 -0.011692 0.195746
v 0.009926 -0.009926 0.195712
v 0.009776 -0.010783 0.195746
v 0.010814 -0.008875 0.195712
v 0.010783 -0.009776 0.195746
v 0.011672 -0.007799 0.195712
v 0.011692 -0.008669 0.195746
v 0.012338 -0.006595 0.195712
v 0.012483 -0.007484 0.195746
v 0.012969 -0.005372 0.195712
v 0.013158 -0.006221 0.195746
v 0.013387 -0.004061 0.195712
v 0.013703 -0.004905 0.195746
v 0.013768 -0.002739 0.195712
v 0.014119 -0.003535 0.195746
v 0.013922 -0.001371 0.195712
v 0.014397 -0.002137 0.195746
v 0.014038 0.000000 0.195712
v 0.014537 -0.000712 0.195746
v 0.013922 0.001371 0.195712
v 0.014537 0.000712 0.195746
v 0.013768 0.002739 0.195712
v 0.014397 0.002137 0.195746
v 0.013387 0.004061 0.195712
v 0.014119 0.003535 0.195746
v 0.012969 0.005372 0.195712
v 0.013703 0.004905 0.195746
v 0.012338 0.006595 0.195712
v 0.013158 0.006221 0.195746
v 0.011672 0.007799 0.195712
v 0.012483 0.007484 0.195746
v 0.010814 0.008875 0.195712
v 0.011692 0.008669 0.195746
v 0.010783 0.009776 0.195746
v 0.006595 0.012338 0.195712
v 0.007484 0.012483 0.195746
v -0.004905 0.013703 0.195746
v -0.006221 0.013158 0.195746
v -0.002739 0.013768 0.195712
v -0.002137 0.014397 0.195746
v -0.001371 0.013922 0.195712
v -0.003535 0.014119 0.195746
v 0.005372 0.012969 0.195712
v 0.006221 0.013158 0.195746
v 0.004061 0.013387 0.195712
v 0.004905 0.013703 0.195746
v 0.003535 0.014119 0.195746
v -0.000712 0.014537 0.195746
v 0.000000 0.014038 0.195712
v 0.014304 0.001409 0.202390
v 0.014009 0.002787 0.202977
v 0.014283 0.000000 0.202977
v 0.003535 0.014119 0.195746
v 0.002739 0.013768 0.195712
v 0.002739 0.013767 0.195802
v -0.009926 0.009926 0.195802
v -0.009926 0.009926 0.195712
v -0.010783 0.009776 0.195746
v -0.013767 0.002739 0.195802
v -0.013768 0.002739 0.195712
v -0.014397 0.002137 0.195746
v -0.012969 -0.005372 0.195802
v -0.012969 -0.005372 0.195712
v -0.013158 -0.006221 0.195746
v -0.007799 -0.011671 0.195802
v -0.007799 -0.011672 0.195712
v -0.007484 -0.012483 0.195746
v 0.000000 -0.014037 0.195802
v 0.000000 -0.014038 0.195712
v 0.000712 -0.014537 0.195746
v 0.007799 -0.011671 0.195802
v 0.007799 -0.011672 0.195712
v 0.008669 -0.011692 0.195746
v 0.012969 -0.005372 0.195802
v 0.012969 -0.005372 0.195712
v 0.013703 -0.004905 0.195746
v 0.013767 0.002739 0.195802
v 0.013768 0.002739 0.195712
v 0.014119 0.003535 0.195746
v 0.009926 0.009926 0.195802
v 0.009926 0.009926 0.195712
v 0.009776 0.010783 0.195746
v 0.014304 -0.001409 0.202390
v 0.014009 -0.002787 0.202977
v 0.000000 0.013724 0.195712
v 0.013755 0.004172 0.202390
v -0.002677 0.013460 0.195712
v -0.009704 0.009704 0.195712
v -0.011411 0.007624 0.195712
v -0.012679 0.005252 0.195712
v -0.013460 0.002677 0.195712
v -0.013724 0.000000 0.195712
v -0.013460 -0.002677 0.195712
v -0.012679 -0.005252 0.195712
v -0.011411 -0.007624 0.195712
v -0.009704 -0.009704 0.195712
v -0.007624 -0.011411 0.195712
v -0.005252 -0.012679 0.195712
v -0.002677 -0.013460 0.195712
v 0.000000 -0.013724 0.195712
v 0.002677 -0.013460 0.195712
v 0.005252 -0.012679 0.195712
v 0.007624 -0.011411 0.195712
v 0.009704 -0.009704 0.195712
v 0.011411 -0.007624 0.195712
v 0.012679 -0.005252 0.195712
v 0.013460 -0.002677 0.195712
v 0.013724 0.000000 0.195712
v 0.013460 0.002677 0.195712
v 0.012679 0.005252 0.195712
v 0.011411 0.007624 0.195712
v 0.009704 0.009704 0.195712
v 0.007624 0.011411 0.195712
v 0.005252 0.012679 0.195712
v -0.000712 0.014537 0.195925
v 0.000000 0.014001 0.201851
v 0.002677 0.013460 0.195712
v -0.007624 0.011411 0.195712
v 0.000083 0.000124 0.203850
v 0.000000 0.013724 0.195712
v 0.011111 0.009118 0.202390
v 0.010100 0.010100 0.202977
v 0.001409 0.014304 0.202390
v 0.002818 0.014166 0.202390
v 0.002135 0.014379 0.201851
v 0.005527 0.013344 0.202390
v 0.012676 -0.006776 0.202390
v 0.013196 -0.005466 0.202977
v 0.011876 -0.007935 0.202977
v 0.004899 0.013687 0.201851
v 0.008024 0.012009 0.202390
v 0.011111 -0.009118 0.202390
v 0.010100 -0.010100 0.202977
v 0.007475 0.012468 0.201851
v 0.010213 0.010213 0.202390
v 0.009118 0.011111 0.202390
v 0.009118 -0.011111 0.202390
v 0.007935 -0.011876 0.202977
v 0.009764 0.010770 0.201851
v 0.012009 0.008024 0.202390
v 0.006776 -0.012676 0.202390
v 0.005466 -0.013196 0.202977
v 0.011677 0.008658 0.201851
v 0.013344 0.005527 0.202390
v 0.004172 -0.013755 0.202390
v 0.002787 -0.014009 0.202977
v 0.013142 0.006214 0.201851
v 0.014166 0.002818 0.202390
v 0.001409 -0.014304 0.202390
v 0.000000 -0.014283 0.202977
v 0.014102 0.003531 0.201851
v 0.014443 0.000000 0.202390
v -0.001409 -0.014304 0.202390
v -0.002787 -0.014009 0.202977
v 0.014520 0.000712 0.201851
v 0.014166 -0.002818 0.202390
v -0.004172 -0.013755 0.202390
v -0.005466 -0.013196 0.202977
v 0.014379 -0.002135 0.201851
v 0.013344 -0.005527 0.202390
v 0.013755 -0.004172 0.202390
v -0.006776 -0.012676 0.202390
v -0.007935 -0.011876 0.202977
v 0.013687 -0.004899 0.201851
v 0.012009 -0.008024 0.202390
v -0.009118 -0.011111 0.202390
v -0.010100 -0.010100 0.202977
v 0.012468 -0.007475 0.201851
v 0.010213 -0.010213 0.202390
v -0.011111 -0.009118 0.202390
v -0.011876 -0.007935 0.202977
v 0.010770 -0.009764 0.201851
v 0.008024 -0.012009 0.202390
v -0.012676 -0.006776 0.202390
v -0.013196 -0.005466 0.202977
v 0.008658 -0.011677 0.201851
v 0.005527 -0.013344 0.202390
v -0.013755 -0.004172 0.202390
v -0.014009 -0.002787 0.202977
v 0.006214 -0.013142 0.201851
v 0.002818 -0.014166 0.202390
v -0.014304 -0.001409 0.202390
v -0.014283 0.000000 0.202977
v 0.003531 -0.014102 0.201851
v 0.000000 -0.014443 0.202390
v -0.014304 0.001409 0.202390
v -0.014009 0.002787 0.202977
v 0.000712 -0.014520 0.201851
v -0.002818 -0.014166 0.202390
v -0.013755 0.004172 0.202390
v -0.013196 0.005466 0.202977
v -0.002135 -0.014379 0.201851
v -0.005527 -0.013344 0.202390
v -0.012676 0.006776 0.202390
v -0.011876 0.007935 0.202977
v -0.004899 -0.013687 0.201851
v -0.008024 -0.012009 0.202390
v -0.011111 0.009118 0.202390
v -0.010100 0.010100 0.202977
v -0.007475 -0.012468 0.201851
v -0.010213 -0.010213 0.202390
v -0.009118 0.011111 0.202390
v -0.007935 0.011876 0.202977
v -0.009764 -0.010770 0.201851
v -0.012009 -0.008024 0.202390
v -0.006776 0.012676 0.202390
v -0.005466 0.013196 0.202977
v -0.011677 -0.008658 0.201851
v -0.013344 -0.005527 0.202390
v -0.002787 0.014009 0.202977
v -0.013142 -0.006214 0.201851
v -0.014166 -0.002818 0.202390
v 0.000000 0.012569 0.203004
v 0.000000 0.000000 0.203004
v -0.002452 0.012328 0.203004
v -0.014102 -0.003531 0.201851
v -0.014443 0.000000 0.202390
v -0.014520 -0.000712 0.201851
v -0.014166 0.002818 0.202390
v -0.014379 0.002135 0.201851
v -0.013344 0.005527 0.202390
v -0.002787 0.014009 0.202977
v -0.013687 0.004899 0.201851
v -0.012009 0.008024 0.202390
v -0.012468 0.007475 0.201851
v -0.010213 0.010213 0.202390
v -0.010770 0.009764 0.201851
v -0.008024 0.012009 0.202390
v 0.000000 0.014283 0.202977
v -0.008658 0.011677 0.201851
v -0.006214 0.013142 0.201851
v -0.002818 0.014166 0.202390
v -0.002787 0.014009 0.202977
v -0.003531 0.014102 0.201851
v 0.000000 0.014443 0.202390
v 0.003531 0.014102 0.201851
v 0.008658 0.011677 0.201851
v 0.010770 0.009764 0.201851
v 0.012468 0.007475 0.201851
v 0.013687 0.004899 0.201851
v 0.014379 0.002135 0.201851
v 0.014520 -0.000712 0.201851
v 0.014102 -0.003531 0.201851
v 0.013142 -0.006214 0.201851
v 0.011677 -0.008658 0.201851
v 0.009764 -0.010770 0.201851
v 0.007475 -0.012468 0.201851
v 0.004899 -0.013687 0.201851
v 0.002135 -0.014379 0.201851
v -0.000712 -0.014520 0.201851
v -0.003531 -0.014102 0.201851
v -0.006214 -0.013142 0.201851
v -0.008658 -0.011677 0.201851
v -0.010770 -0.009764 0.201851
v -0.012468 -0.007475 0.201851
v -0.013687 -0.004899 0.201851
v -0.014379 -0.002135 0.201851
v -0.014520 0.000712 0.201851
v -0.014102 0.003531 0.201851
v -0.013142 0.006214 0.201851
v -0.011677 0.008658 0.201851
v -0.009764 0.010770 0.201851
v -0.007475 0.012468 0.201851
v 0.006214 0.013142 0.201851
v 0.000712 0.014520 0.201851
v 0.000000 0.014443 0.202390
v 0.002731 0.013732 0.201851
v 0.002135 0.014379 0.201851
v -0.002731 0.013732 0.201851
v 0.005358 0.012935 0.201851
v 0.004899 0.013687 0.201851
v 0.007778 0.011641 0.201851
v 0.007475 0.012468 0.201851
v 0.009900 0.009900 0.201851
v 0.009764 0.010770 0.201851
v 0.011641 0.007778 0.201851
v 0.011677 0.008658 0.201851
v 0.012935 0.005358 0.201851
v 0.013142 0.006214 0.201851
v 0.013732 0.002731 0.201851
v 0.014102 0.003531 0.201851
v 0.014001 0.000000 0.201851
v 0.014520 0.000712 0.201851
v 0.013732 -0.002731 0.201851
v 0.014379 -0.002135 0.201851
v 0.012935 -0.005358 0.201851
v 0.013687 -0.004899 0.201851
v 0.011641 -0.007778 0.201851
v 0.012468 -0.007475 0.201851
v 0.009900 -0.009900 0.201851
v 0.010770 -0.009764 0.201851
v 0.007778 -0.011641 0.201851
v 0.008658 -0.011677 0.201851
v 0.005358 -0.012935 0.201851
v 0.006214 -0.013142 0.201851
v 0.002731 -0.013732 0.201851
v 0.003531 -0.014102 0.201851
v 0.000000 -0.014001 0.201851
v 0.000712 -0.014520 0.201851
v -0.002731 -0.013732 0.201851
v -0.002135 -0.014379 0.201851
v -0.005358 -0.012935 0.201851
v -0.004899 -0.013687 0.201851
v -0.007778 -0.011641 0.201851
v -0.007475 -0.012468 0.201851
v -0.009900 -0.009900 0.201851
v -0.009764 -0.010770 0.201851
v -0.011641 -0.007778 0.201851
v -0.011677 -0.008658 0.201851
v -0.012935 -0.005358 0.201851
v -0.013142 -0.006214 0.201851
v -0.013732 -0.002731 0.201851
v -0.014102 -0.003531 0.201851
v -0.014001 0.000000 0.201851
v -0.014520 -0.000712 0.201851
v -0.013732 0.002731 0.201851
v -0.014379 0.002135 0.201851
v -0.012935 0.005358 0.201851
v -0.013687 0.004899 0.201851
v -0.011641 0.007778 0.201851
v -0.012468 0.007475 0.201851
v -0.009900 0.009900 0.201851
v -0.010770 0.009764 0.201851
v -0.007778 0.011641 0.201851
v -0.008658 0.011677 0.201851
v -0.005358 0.012935 0.201851
v -0.001370 0.013905 0.201851
v -0.001409 0.014304 0.202390
v -0.004056 0.013371 0.201851
v -0.006587 0.012323 0.201851
v -0.008864 0.010801 0.201851
v -0.010801 0.008864 0.201851
v -0.012323 0.006587 0.201851
v -0.013371 0.004056 0.201851
v -0.013905 0.001370 0.201851
v -0.013905 -0.001370 0.201851
v -0.013371 -0.004056 0.201851
v -0.012323 -0.006587 0.201851
v -0.010801 -0.008864 0.201851
v -0.008864 -0.010801 0.201851
v -0.006587 -0.012323 0.201851
v -0.004056 -0.013371 0.201851
v -0.001370 -0.013905 0.201851
v 0.001370 -0.013905 0.201851
v 0.004056 -0.013371 0.201851
v 0.006587 -0.012323 0.201851
v 0.008864 -0.010801 0.201851
v 0.010801 -0.008864 0.201851
v 0.012323 -0.006587 0.201851
v 0.013371 -0.004056 0.201851
v 0.013905 -0.001370 0.201851
v 0.013905 0.001370 0.201851
v 0.013371 0.004056 0.201851
v 0.012323 0.006587 0.201851
v 0.010801 0.008864 0.201851
v 0.008864 0.010801 0.201851
v 0.006587 0.012323 0.201851
v 0.004056 0.013371 0.201851
v 0.001370 0.013905 0.201851
v -0.002137 0.014397 0.195925
v -0.004905 0.013703 0.195925
v 0.003535 0.014119 0.195925
v 0.002731 0.013732 0.201851
v 0.006595 0.012338 0.195802
v 0.006595 0.012338 0.195712
v 0.006221 0.013158 0.195746
v 0.004905 0.013703 0.195746
v 0.004061 0.013387 0.195712
v 0.004061 0.013387 0.195802
v 0.008875 0.010814 0.195802
v 0.008875 0.010814 0.195712
v 0.008669 0.011692 0.195746
v 0.010814 0.008875 0.195802
v 0.010814 0.008875 0.195712
v 0.010783 0.009776 0.195746
v 0.012338 0.006595 0.195802
v 0.012338 0.006595 0.195712
v 0.012483 0.007484 0.195746
v 0.011692 0.008669 0.195746
v 0.013387 0.004061 0.195802
v 0.013387 0.004061 0.195712
v 0.013703 0.004905 0.195746
v 0.013922 0.001371 0.195802
v 0.013922 0.001371 0.195712
v 0.014397 0.002137 0.195746
v 0.013922 -0.001371 0.195802
v 0.013922 -0.001371 0.195712
v 0.014537 -0.000712 0.195746
v 0.014537 0.000712 0.195746
v 0.013387 -0.004061 0.195802
v 0.013387 -0.004061 0.195712
v 0.014119 -0.003535 0.195746
v 0.012338 -0.006595 0.195802
v 0.012338 -0.006595 0.195712
v 0.013158 -0.006221 0.195746
v 0.010814 -0.008875 0.195802
v 0.010814 -0.008875 0.195712
v 0.011692 -0.008669 0.195746
v 0.012483 -0.007484 0.195746
v 0.008875 -0.010814 0.195802
v 0.008875 -0.010814 0.195712
v 0.009776 -0.010783 0.195746
v 0.006595 -0.012338 0.195802
v 0.006595 -0.012338 0.195712
v 0.007484 -0.012483 0.195746
v 0.004061 -0.013387 0.195802
v 0.004061 -0.013387 0.195712
v 0.004905 -0.013703 0.195746
v 0.006221 -0.013158 0.195746
v 0.001371 -0.013922 0.195802
v 0.001371 -0.013922 0.195712
v 0.002137 -0.014397 0.195746
v -0.001371 -0.013922 0.195802
v -0.001371 -0.013922 0.195712
v -0.000712 -0.014537 0.195746
v -0.004061 -0.013387 0.195802
v -0.004061 -0.013387 0.195712
v -0.003535 -0.014119 0.195746
v -0.002137 -0.014397 0.195746
v -0.006595 -0.012338 0.195802
v -0.006595 -0.012338 0.195712
v -0.006221 -0.013158 0.195746
v -0.008875 -0.010814 0.195802
v -0.008875 -0.010814 0.195712
v -0.008669 -0.011692 0.195746
v -0.010814 -0.008875 0.195802
v -0.010814 -0.008875 0.195712
v -0.010783 -0.009776 0.195746
v -0.009776 -0.010783 0.195746
v -0.012338 -0.006595 0.195802
v -0.012338 -0.006595 0.195712
v -0.012483 -0.007484 0.195746
v -0.013387 -0.004061 0.195802
v -0.013387 -0.004061 0.195712
v -0.013703 -0.004905 0.195746
v -0.013922 -0.001371 0.195802
v -0.013922 -0.001371 0.195712
v -0.014397 -0.002137 0.195746
v -0.014119 -0.003535 0.195746
v -0.013922 0.001371 0.195802
v -0.013922 0.001371 0.195712
v -0.014537 0.000712 0.195746
v -0.013387 0.004061 0.195802
v -0.013387 0.004061 0.195712
v -0.014119 0.003535 0.195746
v -0.012338 0.006595 0.195802
v -0.012338 0.006595 0.195712
v -0.013158 0.006221 0.195746
v -0.013703 0.004905 0.195746
v -0.010814 0.008875 0.195802
v -0.010814 0.008875 0.195712
v -0.011692 0.008669 0.195746
v -0.008875 0.010814 0.195802
v -0.008875 0.010814 0.195712
v -0.009776 0.010783 0.195746
v -0.006595 0.012338 0.195802
v -0.006595 0.012338 0.195712
v -0.007484 0.012483 0.195746
v -0.008669 0.011692 0.195746
v -0.000712 0.014537 0.195746
v -0.001371 0.013922 0.195712
v -0.001371 0.013922 0.195802
v -0.002739 0.013768 0.195712
v -0.002739 0.013767 0.195802
v -0.002137 0.014397 0.195746
v -0.003535 0.014119 0.195746
v -0.004061 0.013387 0.195712
v -0.004061 0.013387 0.195802
v -0.005372 0.012969 0.195712
v -0.005372 0.012969 0.195802
v -0.004905 0.013703 0.195746
v -0.006221 0.013158 0.195746
v 0.002137 0.014397 0.195746
v 0.001371 0.013922 0.195712
v 0.001371 0.013922 0.195802
v 0.002452 -0.012328 0.203004
v 0.004810 -0.011613 0.203004
v 0.000000 -0.012569 0.203004
v -0.002452 -0.012328 0.203004
v -0.004810 -0.011613 0.203004
v -0.006983 -0.010451 0.203004
v -0.008888 -0.008888 0.203004
v -0.010451 -0.006983 0.203004
v -0.011613 -0.004810 0.203004
v -0.012328 -0.002452 0.203004
v -0.012569 0.000000 0.203004
v -0.012328 0.002452 0.203004
v -0.011613 0.004810 0.203004
v 0.002452 0.012328 0.203004
v -0.010451 0.006983 0.203004
v -0.008888 0.008888 0.203004
v 0.004810 0.011613 0.203004
v -0.006983 0.010451 0.203004
v 0.006983 0.010451 0.203004
v -0.004810 0.011613 0.203004
v 0.008888 0.008888 0.203004
v 0.010451 0.006983 0.203004
v 0.011613 0.004810 0.203004
v 0.012328 0.002452 0.203004
v 0.012569 0.000000 0.203004
v 0.012328 -0.002452 0.203004
v 0.011613 -0.004810 0.203004
v 0.010451 -0.006983 0.203004
v 0.008888 -0.008888 0.203004
v 0.006983 -0.010451 0.203004
v 0.000712 0.014537 0.195746
v 0.000000 0.014038 0.195712
v 0.000000 0.014037 0.195802
v -0.000057 0.000138 0.203850
v -0.000083 0.000124 0.203850
v -0.000105 0.000105 0.203850
v -0.000124 0.000083 0.203850
v -0.000138 0.000057 0.203850
v -0.000146 0.000029 0.203850
v -0.000149 0.000000 0.203850
v -0.000146 -0.000029 0.203850
v -0.000138 -0.000057 0.203850
v -0.000124 -0.000083 0.203850
v -0.000105 -0.000105 0.203850
v -0.000083 -0.000124 0.203850
v -0.000057 -0.000138 0.203850
v -0.000029 -0.000146 0.203850
v 0.000000 -0.000149 0.203850
v 0.000029 -0.000146 0.203850
v 0.000057 -0.000138 0.203850
v 0.000083 -0.000124 0.203850
v 0.000105 -0.000105 0.203850
v 0.000124 -0.000083 0.203850
v 0.000138 -0.000057 0.203850
v 0.000146 -0.000029 0.203850
v 0.000149 0.000000 0.203850
v 0.000146 0.000029 0.203850
v 0.000138 0.000057 0.203850
v 0.000124 0.000083 0.203850
v 0.000105 0.000105 0.203850
v 0.005372 0.012969 0.195712
v 0.005372 0.012969 0.195802
v -0.007799 0.011671 0.195802
v -0.007799 0.011672 0.195712
v -0.008669 0.011692 0.195746
v -0.012969 0.005372 0.195802
v -0.012969 0.005372 0.195712
v -0.013767 -0.002739 0.195802
v -0.013768 -0.002739 0.195712
v -0.009926 -0.009926 0.195802
v -0.009926 -0.009926 0.195712
v -0.002739 -0.013767 0.195802
v -0.002739 -0.013768 0.195712
v 0.005372 -0.012969 0.195802
v 0.005372 -0.012969 0.195712
v 0.011671 -0.007799 0.195802
v 0.011672 -0.007799 0.195712
v 0.014037 0.000000 0.195802
v 0.014038 0.000000 0.195712
v 0.011671 0.007799 0.195802
v 0.011672 0.007799 0.195712
v 0.007484 0.012483 0.195925
v -0.006221 0.013158 0.195925
v -0.008669 0.011691 0.195925
v -0.010783 0.009775 0.195925
v -0.012483 0.007484 0.195925
v -0.013703 0.004905 0.195925
v -0.014397 0.002137 0.195925
v -0.014537 -0.000712 0.195925
v -0.014119 -0.003535 0.195925
v -0.013158 -0.006221 0.195925
v -0.011691 -0.008669 0.195925
v -0.009775 -0.010783 0.195925
v -0.007484 -0.012483 0.195925
v -0.004905 -0.013703 0.195925
v -0.002137 -0.014397 0.195925
v 0.000712 -0.014537 0.195925
v 0.003535 -0.014119 0.195925
v 0.006221 -0.013158 0.195925
v 0.008669 -0.011691 0.195925
v 0.010783 -0.009775 0.195925
v 0.012483 -0.007484 0.195925
v 0.013703 -0.004905 0.195925
v 0.014397 -0.002137 0.195925
v 0.014537 0.000712 0.195925
v 0.014119 0.003535 0.195925
v 0.013158 0.006221 0.195925
v 0.011691 0.008669 0.195925
v 0.009775 0.010783 0.195925
v -0.003535 0.014119 0.195925
v 0.004905 0.013703 0.195925
v 0.002137 0.014397 0.195925
v -0.007484 0.012483 0.195925
v -0.009775 0.010783 0.195925
v -0.011691 0.008669 0.195925
v -0.013158 0.006221 0.195925
v -0.014119 0.003535 0.195925
v -0.013732 0.002731 0.201851
v -0.014537 0.000712 0.195925
v -0.014397 -0.002137 0.195925
v -0.013703 -0.004905 0.195925
v -0.012483 -0.007484 0.195925
v -0.010783 -0.009775 0.195925
v -0.008669 -0.011691 0.195925
v -0.006221 -0.013158 0.195925
v -0.003535 -0.014119 0.195925
v -0.002731 -0.013732 0.201851
v -0.000712 -0.014537 0.195925
v 0.002137 -0.014397 0.195925
v 0.004905 -0.013703 0.195925
v 0.007484 -0.012483 0.195925
v 0.007778 -0.011641 0.201851
v 0.009775 -0.010783 0.195925
v 0.011691 -0.008669 0.195925
v 0.013158 -0.006221 0.195925
v 0.014119 -0.003535 0.195925
v 0.013732 -0.002731 0.201851
v 0.014537 -0.000712 0.195925
v 0.014397 0.002137 0.195925
v 0.013703 0.004905 0.195925
v 0.012483 0.007484 0.195925
v 0.011641 0.007778 0.201851
v 0.010783 0.009775 0.195925
v 0.008669 0.011691 0.195925
v 0.007778 0.011641 0.201851
v 0.006221 0.013158 0.195925
v 0.005358 0.012935 0.201851
v 0.008669 0.011692 0.195746
v 0.000000 0.014038 0.195712
v 0.000000 0.014037 0.195802
v -0.005252 0.012679 0.201853
v -0.002677 0.013460 0.201853
v -0.002404 0.012083 0.204103
v -0.002624 0.013194 0.203801
v -0.005148 0.012428 0.203801
v -0.004715 0.011382 0.204103
v -0.007474 0.011185 0.203801
v -0.006845 0.010244 0.204103
v -0.009512 0.009512 0.203801
v -0.008712 0.008712 0.204103
v -0.011185 0.007474 0.203801
v -0.010244 0.006845 0.204103
v -0.012428 0.005148 0.203801
v -0.011382 0.004715 0.204103
v -0.013194 0.002624 0.203801
v -0.012083 0.002404 0.204103
v -0.013452 0.000000 0.203801
v -0.012320 0.000000 0.204103
v -0.013194 -0.002624 0.203801
v -0.012083 -0.002404 0.204103
v -0.012428 -0.005148 0.203801
v -0.011382 -0.004715 0.204103
v -0.011185 -0.007474 0.203801
v -0.010244 -0.006845 0.204103
v -0.009512 -0.009512 0.203801
v -0.008712 -0.008712 0.204103
v -0.007474 -0.011185 0.203801
v -0.006845 -0.010244 0.204103
v -0.005148 -0.012428 0.203801
v -0.004715 -0.011382 0.204103
v -0.002624 -0.013194 0.203801
v -0.002404 -0.012083 0.204103
v 0.000000 -0.013452 0.203801
v 0.000000 -0.012320 0.204103
v 0.002624 -0.013194 0.203801
v 0.002404 -0.012083 0.204103
v 0.005148 -0.012428 0.203801
v 0.004715 -0.011382 0.204103
v 0.007474 -0.011185 0.203801
v 0.006845 -0.010244 0.204103
v 0.009512 -0.009512 0.203801
v 0.008712 -0.008712 0.204103
v 0.011185 -0.007474 0.203801
v 0.010244 -0.006845 0.204103
v 0.012428 -0.005148 0.203801
v 0.011382 -0.004715 0.204103
v 0.013194 -0.002624 0.203801
v 0.012083 -0.002404 0.204103
v 0.013452 0.000000 0.203801
v 0.012320 0.000000 0.204103
v 0.013194 0.002624 0.203801
v 0.012083 0.002404 0.204103
v 0.012428 0.005148 0.203801
v 0.011382 0.004715 0.204103
v 0.011185 0.007474 0.203801
v 0.010244 0.006845 0.204103
v 0.009512 0.009512 0.203801
v 0.008712 0.008712 0.204103
v 0.007474 0.011185 0.203801
v 0.006845 0.010244 0.204103
v 0.005148 0.012428 0.203801
v 0.004715 0.011382 0.204103
v 0.002624 0.013194 0.203801
v 0.002404 0.012083 0.204103
v 0.000000 0.006585 0.204099
v 0.000000 0.012320 0.204103
v -0.001285 0.006458 0.204099
v -0.002520 0.006083 0.204099
v -0.003658 0.005475 0.204099
v -0.004656 0.004656 0.204099
v -0.005475 0.003658 0.204099
v -0.006083 0.002520 0.204099
v -0.006458 0.001285 0.204099
v -0.006585 0.000000 0.204099
v -0.006458 -0.001285 0.204099
v -0.006083 -0.002520 0.204099
v -0.005475 -0.003658 0.204099
v -0.004656 -0.004656 0.204099
v -0.003658 -0.005475 0.204099
v -0.002520 -0.006083 0.204099
v -0.001285 -0.006458 0.204099
v 0.000000 -0.006585 0.204099
v 0.001285 -0.006458 0.204099
v 0.002520 -0.006083 0.204099
v 0.003658 -0.005475 0.204099
v 0.004656 -0.004656 0.204099
v 0.005475 -0.003658 0.204099
v 0.006083 -0.002520 0.204099
v 0.006458 -0.001285 0.204099
v 0.006585 0.000000 0.204099
v 0.006458 0.001285 0.204099
v 0.006083 0.002520 0.204099
v 0.005475 0.003658 0.204099
v 0.004656 0.004656 0.204099
v 0.003658 0.005475 0.204099
v 0.002520 0.006083 0.204099
v 0.001285 0.006458 0.204099
v 0.000000 0.001889 0.204059
v 0.000000 0.001264 0.203883
v 0.000247 0.001240 0.203883
v 0.000369 0.001853 0.204059
v -0.001050 0.001571 0.204059
v -0.000702 0.001051 0.203883
v -0.000484 0.001168 0.203883
v -0.000723 0.001746 0.204059
v -0.000795 0.001919 0.204089
v -0.001154 0.001727 0.204089
v 0.000405 0.002037 0.204089
v 0.000000 0.002077 0.204089
v 0.002677 0.013460 0.201853
v 0.005252 0.012679 0.201853
v 0.000723 0.001746 0.204059
v 0.001050 0.001571 0.204059
v 0.001154 0.001727 0.204089
v 0.000795 0.001919 0.204089
v 0.001336 0.001336 0.204059
v 0.001469 0.001469 0.204089
v 0.001571 0.001050 0.204059
v 0.001727 0.001154 0.204089
v 0.001746 0.000723 0.204059
v 0.001919 0.000795 0.204089
v 0.001853 0.000369 0.204059
v 0.002037 0.000405 0.204089
v 0.001889 0.000000 0.204059
v 0.002077 0.000000 0.204089
v 0.001853 -0.000369 0.204059
v 0.002037 -0.000405 0.204089
v 0.001746 -0.000723 0.204059
v 0.001919 -0.000795 0.204089
v 0.001571 -0.001050 0.204059
v 0.001727 -0.001154 0.204089
v 0.001336 -0.001336 0.204059
v 0.001469 -0.001469 0.204089
v 0.001050 -0.001571 0.204059
v 0.001154 -0.001727 0.204089
v 0.000723 -0.001746 0.204059
v 0.000795 -0.001919 0.204089
v 0.000369 -0.001853 0.204059
v 0.000405 -0.002037 0.204089
v 0.000000 -0.001889 0.204059
v 0.000000 -0.002077 0.204089
v -0.000369 -0.001853 0.204059
v -0.000405 -0.002037 0.204089
v -0.000723 -0.001746 0.204059
v -0.000795 -0.001919 0.204089
v -0.001050 -0.001571 0.204059
v -0.001154 -0.001727 0.204089
v -0.001336 -0.001336 0.204059
v -0.001469 -0.001469 0.204089
v -0.001571 -0.001050 0.204059
v -0.001727 -0.001154 0.204089
v -0.001746 -0.000723 0.204059
v -0.001919 -0.000795 0.204089
v -0.001853 -0.000369 0.204059
v -0.002037 -0.000405 0.204089
v -0.001889 0.000000 0.204059
v -0.002077 0.000000 0.204089
v -0.001853 0.000369 0.204059
v -0.002037 0.000405 0.204089
v -0.001746 0.000723 0.204059
v -0.001919 0.000795 0.204089
v -0.001571 0.001050 0.204059
v -0.001727 0.001154 0.204089
v -0.001336 0.001336 0.204059
v -0.001469 0.001469 0.204089
v -0.000122 0.000614 0.203781
v -0.000247 0.001240 0.203883
v -0.000239 0.000578 0.203781
v -0.000369 0.001853 0.204059
v -0.000894 0.000894 0.203883
v -0.000348 0.000520 0.203781
v -0.001051 0.000702 0.203883
v -0.000442 0.000442 0.203781
v -0.001168 0.000484 0.203883
v -0.000520 0.000348 0.203781
v -0.001240 0.000247 0.203883
v -0.000578 0.000239 0.203781
v -0.001264 0.000000 0.203883
v -0.000614 0.000122 0.203781
v -0.001240 -0.000247 0.203883
v -0.000626 0.000000 0.203781
v -0.001168 -0.000484 0.203883
v -0.000614 -0.000122 0.203781
v -0.001051 -0.000702 0.203883
v -0.000578 -0.000239 0.203781
v -0.000894 -0.000894 0.203883
v -0.000520 -0.000348 0.203781
v -0.000702 -0.001051 0.203883
v -0.000442 -0.000442 0.203781
v -0.000484 -0.001168 0.203883
v -0.000348 -0.000520 0.203781
v -0.000247 -0.001240 0.203883
v -0.000239 -0.000578 0.203781
v 0.000000 -0.001264 0.203883
v -0.000122 -0.000614 0.203781
v 0.000247 -0.001240 0.203883
v 0.000000 -0.000626 0.203781
v 0.000484 -0.001168 0.203883
v 0.000122 -0.000614 0.203781
v 0.000702 -0.001051 0.203883
v 0.000239 -0.000578 0.203781
v 0.000894 -0.000894 0.203883
v 0.000348 -0.000520 0.203781
v 0.001051 -0.000702 0.203883
v 0.000442 -0.000442 0.203781
v 0.001168 -0.000484 0.203883
v 0.000520 -0.000348 0.203781
v 0.001240 -0.000247 0.203883
v 0.000578 -0.000239 0.203781
v 0.001264 0.000000 0.203883
v 0.000614 -0.000122 0.203781
v 0.001240 0.000247 0.203883
v 0.000626 0.000000 0.203781
v 0.001168 0.000484 0.203883
v 0.000614 0.000122 0.203781
v 0.001051 0.000702 0.203883
v 0.000578 0.000239 0.203781
v 0.000894 0.000894 0.203883
v 0.000520 0.000348 0.203781
v 0.000702 0.001051 0.203883
v 0.000442 0.000442 0.203781
v 0.000484 0.001168 0.203883
v 0.000348 0.000520 0.203781
v 0.000239 0.000578 0.203781
v 0.000122 0.000614 0.203781
v 0.000000 0.000626 0.203781
v 0.000000 0.014283 0.202977
v 0.000000 0.013452 0.203801
v 0.000000 0.013724 0.201853
v -0.000405 0.002037 0.204089
v -0.011411 0.007624 0.201853
v -0.012679 0.005252 0.201853
v 0.013460 0.002677 0.201853
v 0.012679 0.005252 0.201853
v 0.000000 0.013724 0.201853
v -0.009704 0.009704 0.201853
v 0.013724 0.000000 0.201853
v -0.007624 0.011411 0.201853
v 0.013460 -0.002677 0.201853
v 0.007624 0.011411 0.201853
v 0.012679 -0.005252 0.201853
v 0.009704 0.009704 0.201853
v 0.011411 -0.007624 0.201853
v 0.011411 0.007624 0.201853
v 0.009704 -0.009704 0.201853
v 0.007624 -0.011411 0.201853
v 0.005252 -0.012679 0.201853
v 0.002677 -0.013460 0.201853
v 0.000000 -0.013724 0.201853
v -0.002677 -0.013460 0.201853
v -0.005252 -0.012679 0.201853
v -0.007624 -0.011411 0.201853
v -0.009704 -0.009704 0.201853
v -0.011411 -0.007624 0.201853
v -0.012679 -0.005252 0.201853
v -0.013460 -0.002677 0.201853
v -0.013724 0.000000 0.201853
v -0.013460 0.002677 0.201853
v -0.005561 0.013425 0.193253
v -0.002835 0.014252 0.193253
v -0.002753 0.013839 0.193250
v -0.005400 0.013036 0.193250
v -0.002850 0.014327 0.193320
v -0.002845 0.014304 0.195534
v 0.000000 0.014584 0.195534
v 0.000000 0.014607 0.193320
v 0.000000 0.014506 0.195600
v -0.002830 0.014227 0.195600
v -0.002748 0.013815 0.195597
v 0.000000 0.014086 0.195597
v -0.008073 0.012082 0.193253
v -0.007839 0.011732 0.193250
v -0.010275 0.010275 0.193253
v -0.009978 0.009978 0.193250
v -0.012082 0.008073 0.193253
v -0.011732 0.007839 0.193250
v -0.013425 0.005561 0.193253
v -0.013036 0.005400 0.193250
v -0.014252 0.002835 0.193253
v -0.013839 0.002753 0.193250
v -0.014531 0.000000 0.193253
v -0.014110 0.000000 0.193250
v -0.014252 -0.002835 0.193253
v -0.013839 -0.002753 0.193250
v -0.013425 -0.005561 0.193253
v -0.013036 -0.005400 0.193250
v -0.012082 -0.008073 0.193253
v -0.011732 -0.007839 0.193250
v -0.010275 -0.010275 0.193253
v -0.009978 -0.009978 0.193250
v -0.008073 -0.012082 0.193253
v -0.007839 -0.011732 0.193250
v -0.005561 -0.013425 0.193253
v -0.005400 -0.013036 0.193250
v -0.002835 -0.014252 0.193253
v -0.002753 -0.013839 0.193250
v 0.000000 -0.014531 0.193253
v 0.000000 -0.014111 0.193250
v 0.002835 -0.014252 0.193253
v 0.002753 -0.013839 0.193250
v 0.005561 -0.013425 0.193253
v 0.005400 -0.013036 0.193250
v 0.008073 -0.012082 0.193253
v 0.007839 -0.011732 0.193250
v 0.010275 -0.010275 0.193253
v 0.009978 -0.009978 0.193250
v 0.012082 -0.008073 0.193253
v 0.011732 -0.007839 0.193250
v 0.013425 -0.005561 0.193253
v 0.013036 -0.005400 0.193250
v 0.014252 -0.002835 0.193253
v 0.013839 -0.002753 0.193250
v 0.014531 0.000000 0.193253
v 0.014111 0.000000 0.193250
v 0.014252 0.002835 0.193253
v 0.013839 0.002753 0.193250
v 0.013425 0.005561 0.193253
v 0.013036 0.005400 0.193250
v 0.012082 0.008073 0.193253
v 0.011732 0.007839 0.193250
v 0.010275 0.010275 0.193253
v 0.009978 0.009978 0.193250
v 0.008073 0.012082 0.193253
v 0.007839 0.011732 0.193250
v 0.005561 0.013425 0.193253
v 0.005400 0.013036 0.193250
v 0.002835 0.014252 0.193253
v 0.002753 0.013839 0.193250
v -0.005370 0.012964 0.193316
v -0.002738 0.013763 0.193316
v -0.002733 0.013740 0.195530
v -0.005361 0.012943 0.195530
v 0.000000 0.014033 0.193316
v 0.002738 0.013763 0.193316
v 0.002733 0.013740 0.195530
v 0.000000 0.014009 0.195530
v -0.007796 0.011668 0.193316
v -0.007783 0.011648 0.195530
v -0.009923 0.009923 0.193316
v -0.009906 0.009906 0.195530
v -0.011668 0.007796 0.193316
v -0.011648 0.007783 0.195530
v -0.012964 0.005370 0.193316
v -0.012943 0.005361 0.195530
v -0.013763 0.002738 0.193316
v -0.013740 0.002733 0.195530
v -0.014033 0.000000 0.193316
v -0.014009 0.000000 0.195530
v -0.013763 -0.002738 0.193316
v -0.013740 -0.002733 0.195530
v -0.012964 -0.005370 0.193316
v -0.012943 -0.005361 0.195530
v -0.011668 -0.007796 0.193316
v -0.011648 -0.007783 0.195530
v -0.009923 -0.009923 0.193316
v -0.009906 -0.009906 0.195530
v -0.007796 -0.011668 0.193316
v -0.007783 -0.011648 0.195530
v -0.005370 -0.012964 0.193316
v -0.005361 -0.012943 0.195530
v -0.002738 -0.013763 0.193316
v -0.002733 -0.013740 0.195530
v 0.000000 -0.014033 0.193316
v 0.000000 -0.014009 0.195530
v 0.002738 -0.013763 0.193316
v 0.002733 -0.013740 0.195530
v 0.005370 -0.012964 0.193316
v 0.005361 -0.012943 0.195530
v 0.007796 -0.011668 0.193316
v 0.007783 -0.011648 0.195530
v 0.009923 -0.009923 0.193316
v 0.009906 -0.009906 0.195530
v 0.011668 -0.007796 0.193316
v 0.011648 -0.007783 0.195530
v 0.012964 -0.005370 0.193316
v 0.012943 -0.005361 0.195530
v 0.013763 -0.002738 0.193316
v 0.013740 -0.002733 0.195530
v 0.014033 0.000000 0.193316
v 0.014009 0.000000 0.195530
v 0.013763 0.002738 0.193316
v 0.013740 0.002733 0.195530
v 0.012964 0.005370 0.193316
v 0.012943 0.005361 0.195530
v 0.011668 0.007796 0.193316
v 0.011648 0.007783 0.195530
v 0.009923 0.009923 0.193316
v 0.009906 0.009906 0.195530
v 0.007796 0.011668 0.193316
v 0.007783 0.011648 0.195530
v 0.005370 0.012964 0.193316
v 0.005361 0.012943 0.195530
v -0.005590 0.013495 0.193320
v -0.005581 0.013474 0.195534
v 0.000000 0.014607 0.193320
v 0.000000 0.014584 0.195534
v 0.002845 0.014304 0.195534
v 0.002850 0.014327 0.193320
v 0.005581 0.013474 0.195534
v 0.005590 0.013495 0.193320
v 0.008102 0.012126 0.195534
v 0.008115 0.012145 0.193320
v 0.010312 0.010312 0.195534
v 0.010329 0.010329 0.193320
v 0.012126 0.008102 0.195534
v 0.012145 0.008115 0.193320
v 0.013474 0.005581 0.195534
v 0.013495 0.005590 0.193320
v 0.014304 0.002845 0.195534
v 0.014327 0.002850 0.193320
v 0.014584 0.000000 0.195534
v 0.014607 0.000000 0.193320
v 0.014304 -0.002845 0.195534
v 0.014327 -0.002850 0.193320
v 0.013474 -0.005581 0.195534
v 0.013495 -0.005590 0.193320
v 0.012126 -0.008102 0.195534
v 0.012145 -0.008115 0.193320
v 0.010312 -0.010312 0.195534
v 0.010329 -0.010329 0.193320
v 0.008102 -0.012126 0.195534
v 0.008115 -0.012145 0.193320
v 0.005581 -0.013474 0.195534
v 0.005590 -0.013495 0.193320
v 0.002845 -0.014304 0.195534
v 0.002850 -0.014327 0.193320
v 0.000000 -0.014584 0.195534
v 0.000000 -0.014607 0.193320
v -0.002845 -0.014304 0.195534
v -0.002850 -0.014327 0.193320
v -0.005581 -0.013474 0.195534
v -0.005590 -0.013495 0.193320
v -0.008102 -0.012126 0.195534
v -0.008115 -0.012145 0.193320
v -0.010312 -0.010312 0.195534
v -0.010329 -0.010329 0.193320
v -0.012126 -0.008102 0.195534
v -0.012145 -0.008115 0.193320
v -0.013474 -0.005581 0.195534
v -0.013495 -0.005590 0.193320
v -0.014304 -0.002845 0.195534
v -0.014327 -0.002850 0.193320
v -0.014584 0.000000 0.195534
v -0.014607 0.000000 0.193320
v -0.014304 0.002845 0.195534
v -0.014327 0.002850 0.193320
v -0.013474 0.005581 0.195534
v -0.013495 0.005590 0.193320
v -0.012126 0.008102 0.195534
v -0.012145 0.008115 0.193320
v -0.010312 0.010312 0.195534
v -0.010329 0.010329 0.193320
v -0.008102 0.012126 0.195534
v -0.008115 0.012145 0.193320
v 0.000000 0.014531 0.193253
v 0.000000 0.014111 0.193250
v 0.002830 0.014227 0.195600
v 0.000000 0.014506 0.195600
v 0.000000 0.014086 0.195597
v 0.002748 0.013815 0.195597
v 0.008059 0.012061 0.195600
v 0.005551 0.013402 0.195600
v 0.005390 0.013014 0.195597
v 0.007826 0.011712 0.195597
v 0.000000 0.014033 0.193316
v 0.000000 0.014009 0.195530
v -0.005551 0.013402 0.195600
v -0.008059 0.012061 0.195600
v -0.007826 0.011712 0.195597
v -0.005390 0.013014 0.195597
v -0.010257 0.010257 0.195600
v -0.009960 0.009960 0.195597
v -0.012061 0.008059 0.195600
v -0.011712 0.007826 0.195597
v -0.013402 0.005551 0.195600
v -0.013014 0.005390 0.195597
v -0.014227 0.002830 0.195600
v -0.013815 0.002748 0.195597
v -0.014506 0.000000 0.195600
v -0.014086 0.000000 0.195597
v -0.014227 -0.002830 0.195600
v -0.013815 -0.002748 0.195597
v -0.013402 -0.005551 0.195600
v -0.013014 -0.005390 0.195597
v -0.012061 -0.008059 0.195600
v -0.011712 -0.007826 0.195597
v -0.010257 -0.010257 0.195600
v -0.009960 -0.009960 0.195597
v -0.008059 -0.012061 0.195600
v -0.007826 -0.011712 0.195597
v -0.005551 -0.013402 0.195600
v -0.005390 -0.013014 0.195597
v -0.002830 -0.014227 0.195600
v -0.002748 -0.013815 0.195597
v 0.000000 -0.014506 0.195600
v 0.000000 -0.014086 0.195597
v 0.002830 -0.014227 0.195600
v 0.002748 -0.013815 0.195597
v 0.005551 -0.013402 0.195600
v 0.005390 -0.013014 0.195597
v 0.008059 -0.012061 0.195600
v 0.007826 -0.011712 0.195597
v 0.010257 -0.010257 0.195600
v 0.009960 -0.009960 0.195597
v 0.012061 -0.008059 0.195600
v 0.011712 -0.007826 0.195597
v 0.013402 -0.005551 0.195600
v 0.013014 -0.005390 0.195597
v 0.014227 -0.002830 0.195600
v 0.013815 -0.002748 0.195597
v 0.014506 0.000000 0.195600
v 0.014086 0.000000 0.195597
v 0.014227 0.002830 0.195600
v 0.013815 0.002748 0.195597
v 0.013402 0.005551 0.195600
v 0.013014 0.005390 0.195597
v 0.012061 0.008059 0.195600
v 0.011712 0.007826 0.195597
v 0.010257 0.010257 0.195600
v 0.009960 0.009960 0.195597
v 0.000000 0.014585 0.193273
v -0.002845 0.014305 0.193273
v 0.000000 0.014531 0.193253
v 0.002845 0.014305 0.193273
v 0.000000 0.014585 0.193273
v 0.005581 0.013475 0.193273
v 0.008103 0.012127 0.193273
v 0.010313 0.010313 0.193273
v 0.012127 0.008103 0.193273
v 0.013475 0.005581 0.193273
v 0.014305 0.002845 0.193273
v 0.014585 0.000000 0.193273
v 0.014305 -0.002845 0.193273
v 0.013475 -0.005581 0.193273
v 0.012127 -0.008103 0.193273
v 0.010313 -0.010313 0.193273
v 0.008103 -0.012127 0.193273
v 0.005581 -0.013475 0.193273
v 0.002845 -0.014305 0.193273
v 0.000000 -0.014585 0.193273
v -0.002845 -0.014305 0.193273
v -0.005581 -0.013475 0.193273
v -0.008103 -0.012127 0.193273
v -0.010313 -0.010313 0.193273
v -0.012127 -0.008103 0.193273
v -0.013475 -0.005581 0.193273
v -0.014305 -0.002845 0.193273
v -0.014585 0.000000 0.193273
v -0.014305 0.002845 0.193273
v -0.013475 0.005581 0.193273
v -0.012127 0.008103 0.193273
v -0.010313 0.010313 0.193273
v -0.008103 0.012127 0.193273
v -0.005581 0.013475 0.193273
v 0.000000 0.014561 0.195581
v -0.002841 0.014281 0.195581
v -0.005572 0.013452 0.195581
v -0.008089 0.012107 0.195581
v -0.010296 0.010296 0.195581
v -0.012107 0.008089 0.195581
v -0.013452 0.005572 0.195581
v -0.014281 0.002841 0.195581
v -0.014561 0.000000 0.195581
v -0.014281 -0.002841 0.195581
v -0.013452 -0.005572 0.195581
v -0.012107 -0.008089 0.195581
v -0.010296 -0.010296 0.195581
v -0.008089 -0.012107 0.195581
v -0.005572 -0.013452 0.195581
v -0.002841 -0.014281 0.195581
v 0.000000 -0.014561 0.195581
v 0.002841 -0.014281 0.195581
v 0.005572 -0.013452 0.195581
v 0.008089 -0.012107 0.195581
v 0.010296 -0.010296 0.195581
v 0.012107 -0.008089 0.195581
v 0.013452 -0.005572 0.195581
v 0.014281 -0.002841 0.195581
v 0.014561 0.000000 0.195581
v 0.014281 0.002841 0.195581
v 0.013452 0.005572 0.195581
v 0.012107 0.008089 0.195581
v 0.010296 0.010296 0.195581
v 0.008089 0.012107 0.195581
v 0.005572 0.013452 0.195581
v 0.002841 0.014281 0.195581
v 0.000000 0.014561 0.195581
v 0.000000 0.014111 0.193250
v 0.000000 0.014056 0.193269
v -0.002742 0.013786 0.193269
v 0.002742 0.013786 0.193269
v 0.000000 0.014056 0.193269
v 0.005379 0.012986 0.193269
v 0.007809 0.011687 0.193269
v 0.009939 0.009939 0.193269
v 0.011687 0.007809 0.193269
v 0.012986 0.005379 0.193269
v 0.013786 0.002742 0.193269
v 0.014056 0.000000 0.193269
v 0.013786 -0.002742 0.193269
v 0.012986 -0.005379 0.193269
v 0.011687 -0.007809 0.193269
v 0.009939 -0.009939 0.193269
v 0.007809 -0.011687 0.193269
v 0.005379 -0.012986 0.193269
v 0.002742 -0.013786 0.193269
v 0.000000 -0.014056 0.193269
v -0.002742 -0.013786 0.193269
v -0.005379 -0.012986 0.193269
v -0.007809 -0.011687 0.193269
v -0.009939 -0.009939 0.193269
v -0.011687 -0.007809 0.193269
v -0.012986 -0.005379 0.193269
v -0.013786 -0.002742 0.193269
v -0.014056 0.000000 0.193269
v -0.013786 0.002742 0.193269
v -0.012986 0.005379 0.193269
v -0.011687 0.007809 0.193269
v -0.009939 0.009939 0.193269
v -0.007809 0.011687 0.193269
v -0.005379 0.012986 0.193269
v 0.000000 0.014032 0.195577
v -0.002737 0.013762 0.195577
v -0.005370 0.012963 0.195577
v -0.007796 0.011667 0.195577
v -0.009922 0.009922 0.195577
v -0.011667 0.007796 0.195577
v -0.012963 0.005370 0.195577
v -0.013762 0.002737 0.195577
v -0.014032 0.000000 0.195577
v -0.013762 -0.002737 0.195577
v -0.012963 -0.005370 0.195577
v -0.011667 -0.007796 0.195577
v -0.009922 -0.009922 0.195577
v -0.007796 -0.011667 0.195577
v -0.005370 -0.012963 0.195577
v -0.002737 -0.013762 0.195577
v 0.000000 -0.014032 0.195577
v 0.002737 -0.013762 0.195577
v 0.005370 -0.012963 0.195577
v 0.007796 -0.011667 0.195577
v 0.009922 -0.009922 0.195577
v 0.011667 -0.007796 0.195577
v 0.012963 -0.005370 0.195577
v 0.013762 -0.002737 0.195577
v 0.014032 0.000000 0.195577
v 0.013762 0.002737 0.195577
v 0.012963 0.005370 0.195577
v 0.011667 0.007796 0.195577
v 0.009922 0.009922 0.195577
v 0.007796 0.011667 0.195577
v 0.005370 0.012963 0.195577
v 0.002737 0.013762 0.195577
v 0.000000 0.014032 0.195577
vn -0.3828 0.9236 -0.0186
vn -0.2905 0.9569 -0.0054
vn -0.3153 0.9466 -0.0681
vn -0.1947 0.9807 -0.0187
vn -0.0978 0.9952 -0.0055
vn -0.1246 0.9899 -0.0682
vn -0.0978 0.9952 -0.0056
vn -0.0000 0.9998 -0.0188
vn -0.0713 0.9952 -0.0676
vn -0.0000 0.8679 0.4967
vn -0.0000 0.9998 -0.0187
vn 0.2905 0.9569 -0.0054
vn 0.1693 0.8512 0.4968
vn 0.3322 0.8017 0.4968
vn 0.4714 0.8819 -0.0052
vn 0.4822 0.7216 0.4967
vn -0.8314 0.5556 0.0058
vn -0.4263 0.2850 -0.8585
vn -0.6601 0.3672 -0.6553
vn -1.0000 -0.0000 0.0058
vn -0.5128 -0.0000 -0.8585
vn -0.7529 -0.0615 -0.6553
vn -0.8315 -0.5555 0.0058
vn -0.4264 -0.2849 -0.8585
vn -0.5918 -0.4696 -0.6552
vn -0.3827 -0.9239 0.0058
vn -0.1962 -0.4738 -0.8585
vn -0.2313 -0.7192 -0.6552
vn 0.1951 -0.9808 0.0058
vn 0.1000 -0.5030 -0.8585
vn 0.2072 -0.7264 -0.6553
vn 0.7071 -0.7071 0.0057
vn 0.3626 -0.3626 -0.8585
vn 0.5760 -0.4888 -0.6552
vn 0.9808 -0.1951 0.0058
vn 0.5029 -0.1000 -0.8585
vn 0.7505 -0.0865 -0.6552
vn 0.9239 0.3826 0.0058
vn 0.4738 0.1962 -0.8585
vn 0.6721 0.3450 -0.6552
vn 0.5556 0.8315 0.0058
vn 0.2849 0.4264 -0.8585
vn 0.3671 0.6602 -0.6552
vn -0.0000 0.9537 -0.3008
vn 0.0713 0.9952 -0.0676
vn 0.0618 0.9981 0.0037
vn 0.8819 0.4714 -0.0052
vn 0.7217 0.4821 0.4967
vn 0.8020 0.3322 0.4964
vn -0.1962 0.4738 -0.8585
vn -0.1432 0.4722 -0.8698
vn 0.2616 -0.6315 -0.7299
vn 0.0581 0.2921 0.9546
vn -0.0000 -0.0000 1.0000
vn 0.1138 0.2751 0.9547
vn -0.0581 0.2921 0.9546
vn -0.0000 0.2978 0.9546
vn 0.3131 0.3815 -0.8698
vn 0.4890 0.5759 -0.6552
vn 0.3626 0.3626 -0.8585
vn 0.4695 0.5918 -0.6552
vn -0.0001 0.5129 -0.8585
vn 0.0616 0.7529 -0.6552
vn 0.0483 0.4909 -0.8699
vn 0.0866 0.7505 -0.6552
vn 0.1000 0.5030 -0.8585
vn -0.2849 0.4264 -0.8585
vn -0.3672 0.6602 -0.6552
vn -0.2324 0.4350 -0.8699
vn -0.3131 0.3815 -0.8698
vn -0.4695 0.5919 -0.6551
vn -0.3626 0.3626 -0.8585
vn -0.4889 0.5760 -0.6552
vn -0.3815 0.3130 -0.8698
vn -0.5760 0.4890 -0.6550
vn -0.5919 0.4695 -0.6551
vn -0.4351 0.2325 -0.8699
vn -0.4738 0.1962 -0.8585
vn -0.6721 0.3451 -0.6552
vn -0.4722 0.1433 -0.8698
vn -0.7192 0.2313 -0.6552
vn -0.5030 0.1001 -0.8585
vn -0.7264 0.2072 -0.6552
vn -0.4909 0.0483 -0.8699
vn -0.7505 0.0865 -0.6552
vn -0.7530 0.0616 -0.6551
vn -0.4910 -0.0484 -0.8698
vn -0.7529 -0.0615 -0.6552
vn -0.5029 -0.1001 -0.8585
vn -0.7505 -0.0865 -0.6552
vn -0.4723 -0.1432 -0.8697
vn -0.7264 -0.2073 -0.6552
vn -0.4738 -0.1962 -0.8585
vn -0.7192 -0.2313 -0.6552
vn -0.4351 -0.2325 -0.8699
vn -0.6721 -0.3450 -0.6552
vn -0.6602 -0.3672 -0.6552
vn -0.3814 -0.3129 -0.8698
vn -0.5919 -0.4695 -0.6551
vn -0.3626 -0.3626 -0.8585
vn -0.5763 -0.4890 -0.6548
vn -0.3130 -0.3815 -0.8698
vn -0.4890 -0.5759 -0.6552
vn -0.2849 -0.4264 -0.8585
vn -0.4695 -0.5918 -0.6552
vn -0.2322 -0.4347 -0.8701
vn -0.3672 -0.6602 -0.6552
vn -0.3450 -0.6721 -0.6551
vn -0.1432 -0.4722 -0.8698
vn -0.2313 -0.7192 -0.6551
vn -0.1000 -0.5030 -0.8585
vn -0.2072 -0.7265 -0.6552
vn -0.0483 -0.4910 -0.8698
vn -0.0866 -0.7505 -0.6552
vn 0.0001 -0.5129 -0.8585
vn -0.0616 -0.7529 -0.6552
vn 0.0484 -0.4910 -0.8698
vn 0.0615 -0.7530 -0.6552
vn 0.0866 -0.7505 -0.6551
vn 0.1433 -0.4722 -0.8698
vn 0.1962 -0.4738 -0.8585
vn 0.2312 -0.7191 -0.6553
vn 0.2325 -0.4351 -0.8699
vn 0.3449 -0.6721 -0.6552
vn 0.2849 -0.4264 -0.8585
vn 0.3672 -0.6602 -0.6552
vn 0.3130 -0.3813 -0.8698
vn 0.4695 -0.5919 -0.6551
vn 0.4889 -0.5760 -0.6552
vn 0.3815 -0.3130 -0.8698
vn 0.5760 -0.4889 -0.6551
vn 0.4264 -0.2849 -0.8585
vn 0.5919 -0.4695 -0.6551
vn 0.4351 -0.2325 -0.8699
vn 0.6601 -0.3672 -0.6553
vn 0.4738 -0.1962 -0.8585
vn 0.6721 -0.3451 -0.6552
vn 0.4722 -0.1433 -0.8698
vn 0.7192 -0.2313 -0.6552
vn 0.5029 -0.1001 -0.8585
vn 0.7264 -0.2072 -0.6552
vn 0.4909 -0.0483 -0.8699
vn 0.5128 -0.0000 -0.8585
vn 0.7530 -0.0616 -0.6551
vn 0.4910 0.0484 -0.8698
vn 0.7529 0.0615 -0.6552
vn 0.5030 0.1001 -0.8585
vn 0.7505 0.0865 -0.6552
vn 0.4723 0.1433 -0.8697
vn 0.7264 0.2073 -0.6552
vn 0.7192 0.2313 -0.6552
vn 0.4351 0.2325 -0.8699
vn 0.4264 0.2849 -0.8585
vn 0.6602 0.3672 -0.6552
vn 0.3814 0.3129 -0.8698
vn 0.5919 0.4695 -0.6551
vn 0.5763 0.4890 -0.6548
vn 0.2325 0.4350 -0.8699
vn 0.3672 0.6602 -0.6552
vn -0.2313 0.7192 -0.6552
vn -0.3450 0.6721 -0.6552
vn -0.1001 0.5029 -0.8585
vn -0.0866 0.7505 -0.6551
vn -0.0484 0.4910 -0.8698
vn -0.2072 0.7265 -0.6552
vn 0.1962 0.4738 -0.8585
vn 0.3450 0.6721 -0.6551
vn 0.1433 0.4721 -0.8698
vn 0.2313 0.7192 -0.6551
vn 0.2072 0.7265 -0.6552
vn -0.0615 0.7530 -0.6551
vn 0.9952 0.0981 -0.0056
vn 0.8512 0.1693 0.4968
vn 0.8679 -0.0000 0.4967
vn 0.2071 0.7265 -0.6552
vn 0.1951 0.9808 0.0058
vn -0.7071 0.7071 0.0057
vn -0.9808 0.1951 0.0058
vn -0.9239 -0.3826 0.0058
vn -0.5556 -0.8315 0.0058
vn -0.3671 -0.6602 -0.6552
vn 0.0001 -1.0000 0.0059
vn 0.0001 -0.5129 -0.8584
vn 0.0615 -0.7529 -0.6552
vn 0.5556 -0.8314 0.0057
vn 0.4696 -0.5918 -0.6552
vn 0.9239 -0.3826 0.0058
vn 0.4738 -0.1961 -0.8585
vn 0.9808 0.1951 0.0058
vn 0.5030 0.1002 -0.8585
vn 0.7264 0.2073 -0.6553
vn 0.7071 0.7071 0.0057
vn 0.3626 0.3627 -0.8585
vn 0.4889 0.5759 -0.6552
vn 0.9952 -0.0976 -0.0056
vn 0.8512 -0.1693 0.4968
vn -0.0000 -0.6836 -0.7298
vn 0.9569 0.2905 -0.0054
vn 0.1334 -0.6705 -0.7298
vn 0.4834 -0.4834 -0.7299
vn 0.5684 -0.3798 -0.7298
vn 0.6316 -0.2616 -0.7299
vn 0.6705 -0.1334 -0.7298
vn 0.6836 -0.0000 -0.7299
vn 0.6705 0.1334 -0.7298
vn 0.6316 0.2616 -0.7299
vn 0.5684 0.3798 -0.7299
vn 0.4834 0.4834 -0.7299
vn 0.3798 0.5684 -0.7298
vn 0.2616 0.6315 -0.7299
vn 0.1334 0.6705 -0.7298
vn -0.0000 0.6836 -0.7299
vn -0.1334 0.6705 -0.7298
vn -0.2616 0.6315 -0.7299
vn -0.3798 0.5684 -0.7298
vn -0.4834 0.4834 -0.7299
vn -0.5684 0.3798 -0.7298
vn -0.6316 0.2616 -0.7299
vn -0.6705 0.1334 -0.7298
vn -0.6836 -0.0000 -0.7299
vn -0.6705 -0.1334 -0.7298
vn -0.6316 -0.2616 -0.7299
vn -0.5684 -0.3798 -0.7299
vn -0.4834 -0.4834 -0.7299
vn -0.3798 -0.5684 -0.7298
vn -0.2616 -0.6315 -0.7299
vn -0.0618 0.9981 0.0037
vn -0.1334 -0.6705 -0.7298
vn 0.3798 -0.5684 -0.7298
vn 0.1655 0.2476 0.9546
vn -0.0000 -0.6836 -0.7299
vn 0.7731 0.6343 -0.0056
vn 0.6137 0.6137 0.4967
vn 0.0981 0.9952 -0.0056
vn 0.1947 0.9807 -0.0187
vn 0.1246 0.9899 -0.0682
vn 0.3828 0.9236 -0.0186
vn 0.8819 -0.4714 -0.0052
vn 0.8017 -0.3322 0.4969
vn 0.7216 -0.4822 0.4967
vn 0.3155 0.9465 -0.0677
vn 0.5556 0.8313 -0.0186
vn 0.7731 -0.6343 -0.0056
vn 0.6137 -0.6137 0.4967
vn 0.4941 0.8668 -0.0680
vn 0.7070 0.7070 -0.0187
vn 0.6343 0.7731 -0.0056
vn 0.6343 -0.7731 -0.0056
vn 0.4821 -0.7217 0.4967
vn 0.6536 0.7538 -0.0681
vn 0.8313 0.5556 -0.0186
vn 0.4714 -0.8819 -0.0052
vn 0.3322 -0.8017 0.4969
vn 0.7880 0.6119 -0.0682
vn 0.9236 0.3828 -0.0186
vn 0.2905 -0.9569 -0.0054
vn 0.1693 -0.8512 0.4968
vn 0.8922 0.4464 -0.0681
vn 0.9807 0.1947 -0.0187
vn 0.0981 -0.9952 -0.0056
vn -0.0000 -0.8679 0.4967
vn 0.9622 0.2638 -0.0680
vn 0.9998 -0.0000 -0.0186
vn -0.0981 -0.9952 -0.0056
vn -0.1693 -0.8512 0.4968
vn 0.9952 0.0713 -0.0676
vn 0.9807 -0.1947 -0.0187
vn -0.2905 -0.9569 -0.0054
vn -0.3322 -0.8017 0.4968
vn 0.9899 -0.1246 -0.0682
vn 0.9236 -0.3828 -0.0186
vn 0.9569 -0.2905 -0.0054
vn -0.4714 -0.8819 -0.0052
vn -0.4822 -0.7216 0.4967
vn 0.9465 -0.3154 -0.0678
vn 0.8313 -0.5556 -0.0186
vn -0.6343 -0.7731 -0.0056
vn -0.6137 -0.6137 0.4967
vn 0.8668 -0.4941 -0.0680
vn 0.7070 -0.7070 -0.0187
vn -0.7731 -0.6343 -0.0056
vn -0.7217 -0.4821 0.4967
vn 0.7538 -0.6536 -0.0681
vn 0.5556 -0.8313 -0.0186
vn -0.8819 -0.4714 -0.0052
vn -0.8020 -0.3322 0.4964
vn 0.6119 -0.7880 -0.0678
vn 0.3828 -0.9236 -0.0186
vn -0.9569 -0.2905 -0.0054
vn -0.8512 -0.1693 0.4968
vn 0.4464 -0.8922 -0.0681
vn 0.1947 -0.9807 -0.0187
vn -0.9952 -0.0981 -0.0056
vn -0.8679 -0.0000 0.4967
vn 0.2639 -0.9621 -0.0680
vn -0.0000 -0.9998 -0.0189
vn -0.9952 0.0976 -0.0056
vn -0.8512 0.1693 0.4968
vn 0.0713 -0.9952 -0.0676
vn -0.1947 -0.9807 -0.0187
vn -0.9569 0.2905 -0.0054
vn -0.8019 0.3322 0.4966
vn -0.1246 -0.9899 -0.0682
vn -0.3828 -0.9236 -0.0186
vn -0.8819 0.4714 -0.0052
vn -0.7216 0.4822 0.4967
vn -0.3155 -0.9465 -0.0677
vn -0.5556 -0.8313 -0.0186
vn -0.7731 0.6343 -0.0056
vn -0.6137 0.6137 0.4967
vn -0.4941 -0.8668 -0.0680
vn -0.7070 -0.7070 -0.0187
vn -0.6343 0.7731 -0.0056
vn -0.4821 0.7217 0.4967
vn -0.6536 -0.7538 -0.0681
vn -0.8313 -0.5556 -0.0186
vn -0.4714 0.8819 -0.0052
vn -0.3322 0.8017 0.4969
vn -0.7880 -0.6119 -0.0682
vn -0.9236 -0.3828 -0.0186
vn -0.1694 0.8513 0.4965
vn -0.8922 -0.4464 -0.0681
vn -0.9807 -0.1947 -0.0187
vn -0.0000 -0.4019 -0.9157
vn -0.0000 -0.0000 -1.0000
vn 0.0784 -0.3943 -0.9156
vn -0.9622 -0.2638 -0.0680
vn -0.9998 -0.0000 -0.0186
vn -0.9952 -0.0713 -0.0676
vn -0.9807 0.1947 -0.0187
vn -0.9899 0.1246 -0.0682
vn -0.9236 0.3828 -0.0186
vn -0.1694 0.8514 0.4965
vn -0.9465 0.3154 -0.0678
vn -0.8313 0.5556 -0.0186
vn -0.8668 0.4941 -0.0680
vn -0.7070 0.7070 -0.0187
vn -0.7538 0.6536 -0.0681
vn -0.5556 0.8313 -0.0186
vn -0.6119 0.7880 -0.0678
vn -0.4464 0.8923 -0.0681
vn -0.2642 0.9621 -0.0681
vn 0.2638 0.9622 -0.0680
vn 0.6118 0.7880 -0.0682
vn 0.7538 0.6536 -0.0681
vn 0.8668 0.4941 -0.0680
vn 0.9466 0.3153 -0.0681
vn 0.9899 0.1246 -0.0682
vn 0.9952 -0.0713 -0.0676
vn 0.9623 -0.2635 -0.0680
vn 0.8923 -0.4464 -0.0681
vn 0.7880 -0.6118 -0.0682
vn 0.6536 -0.7538 -0.0681
vn 0.4941 -0.8668 -0.0680
vn 0.3153 -0.9466 -0.0681
vn 0.1246 -0.9899 -0.0682
vn -0.0713 -0.9952 -0.0676
vn -0.2638 -0.9622 -0.0680
vn -0.4464 -0.8923 -0.0681
vn -0.6118 -0.7880 -0.0682
vn -0.7538 -0.6536 -0.0681
vn -0.8668 -0.4941 -0.0680
vn -0.9466 -0.3153 -0.0681
vn -0.9899 -0.1246 -0.0682
vn -0.9952 0.0713 -0.0676
vn -0.9623 0.2635 -0.0680
vn -0.8923 0.4464 -0.0681
vn -0.7880 0.6118 -0.0682
vn -0.6536 0.7538 -0.0681
vn -0.4941 0.8668 -0.0680
vn 0.4464 0.8923 -0.0681
vn 0.1864 0.9352 -0.3011
vn 0.1245 0.9899 -0.0682
vn -0.1864 0.9352 -0.3010
vn 0.3649 0.8810 -0.3010
vn 0.5298 0.7929 -0.3010
vn 0.4941 0.8668 -0.0679
vn 0.6743 0.6743 -0.3011
vn 0.6535 0.7538 -0.0681
vn 0.7929 0.5298 -0.3010
vn 0.8810 0.3649 -0.3010
vn 0.8922 0.4464 -0.0680
vn 0.9352 0.1864 -0.3010
vn 0.9537 -0.0000 -0.3008
vn 0.9353 -0.1860 -0.3010
vn 0.9899 -0.1245 -0.0682
vn 0.8810 -0.3649 -0.3010
vn 0.7929 -0.5298 -0.3010
vn 0.8668 -0.4941 -0.0679
vn 0.6743 -0.6743 -0.3011
vn 0.7538 -0.6535 -0.0681
vn 0.5298 -0.7929 -0.3010
vn 0.3649 -0.8811 -0.3010
vn 0.4464 -0.8923 -0.0681
vn 0.1864 -0.9352 -0.3010
vn 0.2640 -0.9621 -0.0680
vn -0.0000 -0.9537 -0.3008
vn 0.0713 -0.9952 -0.0675
vn -0.1864 -0.9352 -0.3011
vn -0.1245 -0.9899 -0.0682
vn -0.3649 -0.8811 -0.3010
vn -0.5300 -0.7927 -0.3010
vn -0.4941 -0.8668 -0.0679
vn -0.6743 -0.6743 -0.3011
vn -0.6535 -0.7538 -0.0681
vn -0.7927 -0.5300 -0.3010
vn -0.8810 -0.3649 -0.3010
vn -0.8922 -0.4464 -0.0680
vn -0.9352 -0.1864 -0.3010
vn -0.9537 -0.0000 -0.3008
vn -0.9353 0.1860 -0.3010
vn -0.9899 0.1245 -0.0682
vn -0.8810 0.3649 -0.3010
vn -0.7929 0.5298 -0.3010
vn -0.8668 0.4941 -0.0679
vn -0.6743 0.6743 -0.3011
vn -0.7538 0.6535 -0.0681
vn -0.5297 0.7930 -0.3010
vn -0.3649 0.8811 -0.3010
vn -0.0942 0.9549 -0.2817
vn -0.2786 0.9181 -0.2818
vn -0.4523 0.8461 -0.2821
vn -0.6086 0.7418 -0.2816
vn -0.7418 0.6086 -0.2816
vn -0.8461 0.4523 -0.2821
vn -0.9181 0.2786 -0.2818
vn -0.9549 0.0942 -0.2817
vn -0.9549 -0.0942 -0.2817
vn -0.9181 -0.2786 -0.2818
vn -0.8463 -0.4523 -0.2815
vn -0.7418 -0.6086 -0.2816
vn -0.6086 -0.7418 -0.2816
vn -0.4523 -0.8461 -0.2819
vn -0.2786 -0.9181 -0.2818
vn -0.0942 -0.9549 -0.2817
vn 0.0942 -0.9549 -0.2817
vn 0.2786 -0.9181 -0.2818
vn 0.4523 -0.8461 -0.2821
vn 0.6086 -0.7418 -0.2816
vn 0.7418 -0.6086 -0.2816
vn 0.8461 -0.4523 -0.2821
vn 0.9181 -0.2786 -0.2818
vn 0.9549 -0.0942 -0.2817
vn 0.9549 0.0942 -0.2817
vn 0.9181 0.2786 -0.2818
vn 0.8463 0.4523 -0.2815
vn 0.7418 0.6086 -0.2816
vn 0.6086 0.7418 -0.2816
vn 0.4523 0.8461 -0.2819
vn 0.2786 0.9181 -0.2818
vn 0.0942 0.9549 -0.2817
vn -0.1341 0.9910 0.0038
vn -0.3249 0.9457 0.0038
vn 0.2553 0.9669 0.0038
vn 0.4712 0.8820 0.0026
vn 0.2324 0.4351 -0.8699
vn 0.3449 0.6721 -0.6552
vn 0.2313 0.7192 -0.6552
vn 0.1432 0.4721 -0.8698
vn 0.2904 0.9569 0.0026
vn 0.6344 0.7730 0.0027
vn 0.3131 0.3815 -0.8697
vn 0.4695 0.5917 -0.6553
vn 0.7731 0.6343 0.0031
vn 0.3814 0.3130 -0.8698
vn 0.5762 0.4890 -0.6548
vn 0.8820 0.4712 0.0026
vn 0.4351 0.2325 -0.8698
vn 0.5918 0.4695 -0.6552
vn 0.9569 0.2904 0.0026
vn 0.9952 0.0982 0.0029
vn 0.4910 0.0485 -0.8698
vn 0.9952 -0.0982 0.0029
vn 0.7529 -0.0615 -0.6552
vn 0.7529 0.0615 -0.6553
vn 0.9569 -0.2904 0.0026
vn 0.4723 -0.1433 -0.8697
vn 0.7263 -0.2072 -0.6554
vn 0.8818 -0.4715 0.0029
vn 0.4351 -0.2325 -0.8698
vn 0.6721 -0.3449 -0.6552
vn 0.7731 -0.6343 0.0031
vn 0.5919 -0.4694 -0.6552
vn 0.6344 -0.7730 0.0027
vn 0.3131 -0.3813 -0.8698
vn 0.4889 -0.5759 -0.6552
vn 0.4712 -0.8820 0.0026
vn 0.2325 -0.4351 -0.8698
vn 0.2904 -0.9569 0.0026
vn 0.1434 -0.4722 -0.8698
vn 0.2313 -0.7191 -0.6553
vn 0.0978 -0.9952 0.0026
vn 0.0485 -0.4910 -0.8698
vn 0.0866 -0.7505 -0.6552
vn -0.0980 -0.9952 0.0028
vn -0.0615 -0.7529 -0.6552
vn -0.2904 -0.9569 0.0026
vn -0.2071 -0.7265 -0.6552
vn -0.4712 -0.8820 0.0026
vn -0.2322 -0.4348 -0.8701
vn -0.3449 -0.6721 -0.6552
vn -0.6344 -0.7730 0.0027
vn -0.4695 -0.5918 -0.6553
vn -0.7731 -0.6343 0.0031
vn -0.3814 -0.3130 -0.8698
vn -0.5762 -0.4890 -0.6548
vn -0.4889 -0.5759 -0.6552
vn -0.8820 -0.4712 0.0026
vn -0.4351 -0.2325 -0.8698
vn -0.9569 -0.2904 0.0026
vn -0.9952 -0.0982 0.0029
vn -0.4910 -0.0485 -0.8698
vn -0.7264 -0.2073 -0.6553
vn -0.9952 0.0982 0.0029
vn -0.7529 0.0615 -0.6552
vn -0.9569 0.2904 0.0026
vn -0.4723 0.1433 -0.8697
vn -0.7263 0.2072 -0.6554
vn -0.8818 0.4715 0.0029
vn -0.4351 0.2325 -0.8698
vn -0.6721 0.3449 -0.6552
vn -0.7731 0.6343 0.0031
vn -0.5919 0.4694 -0.6552
vn -0.6344 0.7730 0.0027
vn -0.3131 0.3815 -0.8697
vn -0.4889 0.5759 -0.6552
vn -0.4714 0.8819 0.0027
vn -0.2325 0.4350 -0.8699
vn -0.4695 0.5919 -0.6552
vn -0.0615 0.7529 -0.6552
vn -0.0485 0.4910 -0.8698
vn -0.0981 0.9952 0.0028
vn -0.1002 0.5029 -0.8585
vn -0.1951 0.9808 0.0058
vn -0.0865 0.7504 -0.6552
vn -0.2903 0.9569 0.0026
vn -0.3827 0.9239 0.0058
vn -0.2313 0.7191 -0.6553
vn 0.0981 0.9952 0.0028
vn -0.0784 0.3943 -0.9156
vn -0.1539 0.3715 -0.9156
vn -0.0000 0.4019 -0.9157
vn 0.0784 0.3944 -0.9156
vn 0.1539 0.3715 -0.9156
vn 0.2234 0.3342 -0.9156
vn 0.2843 0.2843 -0.9156
vn 0.3343 0.2233 -0.9156
vn 0.3715 0.1539 -0.9156
vn 0.3943 0.0784 -0.9156
vn 0.4019 -0.0000 -0.9157
vn 0.3944 -0.0784 -0.9156
vn 0.3715 -0.1539 -0.9156
vn -0.0784 -0.3938 -0.9158
vn 0.3342 -0.2234 -0.9156
vn 0.2841 -0.2841 -0.9157
vn -0.1539 -0.3715 -0.9156
vn 0.2233 -0.3343 -0.9156
vn -0.2234 -0.3342 -0.9156
vn 0.1539 -0.3715 -0.9156
vn -0.2843 -0.2843 -0.9156
vn -0.3343 -0.2233 -0.9156
vn -0.3715 -0.1539 -0.9156
vn -0.3943 -0.0784 -0.9156
vn -0.4019 -0.0000 -0.9157
vn -0.3944 0.0784 -0.9156
vn -0.3715 0.1539 -0.9156
vn -0.3342 0.2234 -0.9156
vn -0.2841 0.2841 -0.9157
vn -0.2233 0.3343 -0.9156
vn 0.0615 0.7529 -0.6553
vn -0.0002 0.5129 -0.8585
vn -0.0001 1.0000 0.0058
vn -0.1139 0.2751 0.9547
vn -0.1654 0.2476 0.9546
vn -0.2105 0.2106 0.9546
vn -0.2475 0.1654 0.9547
vn -0.2750 0.1138 0.9547
vn -0.2919 0.0580 0.9547
vn -0.2978 0.0002 0.9546
vn -0.2920 -0.0580 0.9547
vn -0.2750 -0.1141 0.9546
vn -0.2475 -0.1654 0.9547
vn -0.2105 -0.2103 0.9547
vn -0.1654 -0.2476 0.9546
vn -0.1138 -0.2752 0.9546
vn -0.0581 -0.2921 0.9546
vn -0.0000 -0.2978 0.9546
vn 0.0581 -0.2919 0.9547
vn 0.1138 -0.2750 0.9547
vn 0.1654 -0.2475 0.9547
vn 0.2105 -0.2104 0.9547
vn 0.2475 -0.1653 0.9547
vn 0.2750 -0.1138 0.9547
vn 0.2919 -0.0580 0.9547
vn 0.2978 -0.0002 0.9546
vn 0.2919 0.0582 0.9547
vn 0.2750 0.1139 0.9547
vn 0.2475 0.1655 0.9547
vn 0.2105 0.2105 0.9547
vn 0.3827 0.9239 0.0058
vn -0.5556 0.8314 0.0058
vn -0.4694 0.5919 -0.6552
vn -0.9239 0.3826 0.0058
vn -0.4738 0.1961 -0.8585
vn -0.9807 -0.1952 0.0058
vn -0.7071 -0.7071 0.0057
vn -0.3626 -0.3627 -0.8585
vn -0.1951 -0.9808 0.0058
vn 0.3826 -0.9239 0.0058
vn 0.8315 -0.5555 0.0058
vn 1.0000 -0.0000 0.0058
vn 0.8315 0.5556 0.0058
vn 0.5031 0.8642 0.0038
vn -0.4391 0.8984 0.0038
vn -0.6059 0.7955 0.0038
vn -0.7495 0.6620 0.0041
vn -0.8642 0.5031 0.0037
vn -0.9457 0.3249 0.0038
vn -0.9910 0.1340 0.0038
vn -0.9981 -0.0618 0.0038
vn -0.9668 -0.2554 0.0037
vn -0.8985 -0.4390 0.0038
vn -0.7955 -0.6059 0.0037
vn -0.6620 -0.7495 0.0041
vn -0.5031 -0.8642 0.0038
vn -0.3249 -0.9457 0.0037
vn -0.1341 -0.9910 0.0038
vn 0.0618 -0.9981 0.0037
vn 0.2553 -0.9668 0.0037
vn 0.4390 -0.8985 0.0038
vn 0.6059 -0.7955 0.0038
vn 0.7495 -0.6620 0.0041
vn 0.8642 -0.5031 0.0037
vn 0.9457 -0.3249 0.0038
vn 0.9910 -0.1340 0.0038
vn 0.9981 0.0618 0.0038
vn 0.9668 0.2554 0.0037
vn 0.8984 0.4391 0.0037
vn 0.7955 0.6059 0.0037
vn 0.6620 0.7495 0.0041
vn -0.2553 0.9668 0.0037
vn 0.3249 0.9457 0.0037
vn 0.1341 0.9910 0.0038
vn -0.5032 0.8642 0.0037
vn -0.6620 0.7495 0.0041
vn -0.7955 0.6059 0.0038
vn -0.8984 0.4391 0.0037
vn -0.9668 0.2554 0.0038
vn -0.9981 0.0618 0.0038
vn -0.9910 -0.1341 0.0038
vn -0.9457 -0.3249 0.0038
vn -0.8642 -0.5031 0.0037
vn -0.7494 -0.6621 0.0038
vn -0.6059 -0.7955 0.0037
vn -0.4391 -0.8984 0.0038
vn -0.2553 -0.9669 0.0038
vn -0.0618 -0.9981 0.0037
vn 0.1341 -0.9910 0.0037
vn 0.3249 -0.9457 0.0037
vn 0.5032 -0.8642 0.0037
vn 0.5298 -0.7929 -0.3009
vn 0.6620 -0.7495 0.0041
vn 0.7955 -0.6059 0.0038
vn 0.8984 -0.4391 0.0037
vn 0.9668 -0.2554 0.0038
vn 0.9981 -0.0618 0.0038
vn 0.9910 0.1341 0.0038
vn 0.9457 0.3249 0.0038
vn 0.8642 0.5031 0.0037
vn 0.7929 0.5298 -0.3009
vn 0.7494 0.6621 0.0038
vn 0.6059 0.7955 0.0037
vn 0.5298 0.7929 -0.3009
vn 0.4390 0.8985 0.0038
vn 0.3649 0.8811 -0.3010
vn 0.4695 0.5919 -0.6552
vn 0.3548 -0.8564 -0.3751
vn 0.1809 -0.9092 -0.3751
vn -0.0269 0.1349 0.9905
vn -0.0994 0.4997 0.8605
vn -0.1950 0.4707 0.8605
vn -0.0527 0.1271 0.9905
vn -0.2831 0.4238 0.8604
vn -0.0765 0.1145 0.9905
vn -0.3603 0.3602 0.8605
vn -0.0974 0.0974 0.9905
vn -0.4238 0.2832 0.8604
vn -0.1145 0.0765 0.9905
vn -0.4707 0.1950 0.8605
vn -0.1271 0.0527 0.9905
vn -0.4997 0.0994 0.8605
vn -0.1349 0.0268 0.9905
vn -0.5096 -0.0000 0.8604
vn -0.1376 -0.0000 0.9905
vn -0.4997 -0.0994 0.8605
vn -0.1349 -0.0269 0.9905
vn -0.4707 -0.1950 0.8605
vn -0.1271 -0.0527 0.9905
vn -0.4238 -0.2831 0.8604
vn -0.1145 -0.0765 0.9905
vn -0.3602 -0.3603 0.8605
vn -0.0974 -0.0974 0.9905
vn -0.2832 -0.4238 0.8604
vn -0.0765 -0.1144 0.9905
vn -0.1950 -0.4707 0.8605
vn -0.0524 -0.1267 0.9906
vn -0.0994 -0.4997 0.8605
vn -0.0268 -0.1349 0.9905
vn -0.0000 -0.5096 0.8604
vn -0.0000 -0.1376 0.9905
vn 0.0994 -0.4997 0.8605
vn 0.0269 -0.1349 0.9905
vn 0.1950 -0.4707 0.8605
vn 0.0527 -0.1271 0.9905
vn 0.2831 -0.4238 0.8604
vn 0.0765 -0.1145 0.9905
vn 0.3603 -0.3602 0.8605
vn 0.0974 -0.0974 0.9905
vn 0.4238 -0.2832 0.8604
vn 0.1145 -0.0765 0.9905
vn 0.4707 -0.1950 0.8605
vn 0.1271 -0.0527 0.9905
vn 0.4997 -0.0994 0.8605
vn 0.1349 -0.0268 0.9905
vn 0.5096 -0.0000 0.8604
vn 0.1376 -0.0000 0.9905
vn 0.4997 0.0994 0.8605
vn 0.1349 0.0269 0.9905
vn 0.4707 0.1950 0.8605
vn 0.1271 0.0527 0.9905
vn 0.4238 0.2831 0.8604
vn 0.1145 0.0765 0.9905
vn 0.3602 0.3603 0.8605
vn 0.0974 0.0974 0.9905
vn 0.2832 0.4238 0.8604
vn 0.0765 0.1145 0.9905
vn 0.1950 0.4707 0.8605
vn 0.0524 0.1267 0.9906
vn 0.0994 0.4997 0.8605
vn 0.0268 0.1349 0.9905
vn -0.0000 -0.0014 1.0000
vn -0.0000 0.1376 0.9905
vn 0.0003 -0.0014 1.0000
vn 0.0005 -0.0013 1.0000
vn 0.0008 -0.0012 1.0000
vn 0.0010 -0.0010 1.0000
vn 0.0012 -0.0008 1.0000
vn 0.0013 -0.0005 1.0000
vn 0.0014 -0.0003 1.0000
vn 0.0014 -0.0000 1.0000
vn 0.0014 0.0003 1.0000
vn 0.0013 0.0005 1.0000
vn 0.0012 0.0008 1.0000
vn 0.0010 0.0010 1.0000
vn 0.0008 0.0012 1.0000
vn 0.0005 0.0013 1.0000
vn 0.0003 0.0014 1.0000
vn -0.0000 0.0014 1.0000
vn -0.0003 0.0014 1.0000
vn -0.0005 0.0013 1.0000
vn -0.0008 0.0012 1.0000
vn -0.0010 0.0010 1.0000
vn -0.0012 0.0008 1.0000
vn -0.0013 0.0005 1.0000
vn -0.0014 0.0003 1.0000
vn -0.0014 -0.0000 1.0000
vn -0.0014 -0.0003 1.0000
vn -0.0013 -0.0005 1.0000
vn -0.0012 -0.0008 1.0000
vn -0.0010 -0.0010 1.0000
vn -0.0008 -0.0012 1.0000
vn -0.0005 -0.0013 1.0000
vn -0.0003 -0.0014 1.0000
vn -0.0000 -0.2122 0.9772
vn -0.0000 -0.2182 0.9759
vn -0.0425 -0.2140 0.9759
vn -0.0414 -0.2082 0.9772
vn 0.1180 -0.1765 0.9772
vn 0.1212 -0.1814 0.9759
vn 0.0836 -0.2020 0.9758
vn 0.0813 -0.1962 0.9772
vn 0.0289 -0.0698 0.9971
vn 0.0421 -0.0630 0.9971
vn -0.0147 -0.0740 0.9971
vn -0.0000 -0.0758 0.9971
vn -0.1808 -0.9092 -0.3751
vn -0.3547 -0.8564 -0.3751
vn -0.0813 -0.1961 0.9772
vn -0.1179 -0.1765 0.9772
vn -0.0419 -0.0628 0.9971
vn -0.0290 -0.0701 0.9971
vn -0.1501 -0.1501 0.9772
vn -0.0537 -0.0537 0.9971
vn -0.1763 -0.1179 0.9773
vn -0.0631 -0.0422 0.9971
vn -0.1962 -0.0812 0.9772
vn -0.0698 -0.0289 0.9971
vn -0.2082 -0.0414 0.9772
vn -0.0741 -0.0147 0.9971
vn -0.2121 -0.0000 0.9773
vn -0.0753 0.0001 0.9972
vn -0.2083 0.0414 0.9772
vn -0.0740 0.0147 0.9971
vn -0.1960 0.0812 0.9772
vn -0.0698 0.0289 0.9971
vn -0.1763 0.1179 0.9772
vn -0.0628 0.0420 0.9971
vn -0.1501 0.1502 0.9772
vn -0.0534 0.0535 0.9971
vn -0.1180 0.1766 0.9772
vn -0.0421 0.0630 0.9971
vn -0.0814 0.1962 0.9772
vn -0.0289 0.0698 0.9971
vn -0.0414 0.2082 0.9772
vn -0.0147 0.0741 0.9971
vn -0.0000 0.2122 0.9772
vn -0.0000 0.0756 0.9971
vn 0.0413 0.2080 0.9773
vn 0.0147 0.0740 0.9971
vn 0.0813 0.1961 0.9772
vn 0.0290 0.0702 0.9971
vn 0.1179 0.1765 0.9772
vn 0.0419 0.0628 0.9971
vn 0.1501 0.1501 0.9772
vn 0.0537 0.0537 0.9971
vn 0.1763 0.1179 0.9773
vn 0.0631 0.0422 0.9971
vn 0.1961 0.0813 0.9772
vn 0.0698 0.0289 0.9971
vn 0.2082 0.0414 0.9772
vn 0.0741 0.0147 0.9971
vn 0.2121 -0.0000 0.9773
vn 0.0753 -0.0001 0.9972
vn 0.2083 -0.0414 0.9772
vn 0.0740 -0.0147 0.9971
vn 0.1962 -0.0812 0.9772
vn 0.0698 -0.0289 0.9971
vn 0.1763 -0.1179 0.9772
vn 0.0628 -0.0420 0.9971
vn 0.1502 -0.1502 0.9772
vn 0.0537 -0.0536 0.9971
vn 0.0033 -0.0166 0.9999
vn 0.0424 -0.2140 0.9759
vn 0.0065 -0.0156 0.9999
vn 0.0414 -0.2082 0.9772
vn 0.1542 -0.1543 0.9759
vn 0.0094 -0.0141 0.9999
vn 0.1813 -0.1211 0.9759
vn 0.0119 -0.0119 0.9999
vn 0.2015 -0.0837 0.9759
vn 0.0143 -0.0093 0.9999
vn 0.2141 -0.0425 0.9759
vn 0.0152 -0.0064 0.9999
vn 0.2182 -0.0000 0.9759
vn 0.0163 -0.0033 0.9999
vn 0.2141 0.0425 0.9759
vn 0.0168 -0.0002 0.9999
vn 0.2014 0.0837 0.9759
vn 0.0162 0.0029 0.9999
vn 0.1813 0.1212 0.9759
vn 0.0151 0.0063 0.9999
vn 0.1543 0.1542 0.9759
vn 0.0142 0.0095 0.9999
vn 0.1211 0.1813 0.9759
vn 0.0119 0.0120 0.9999
vn 0.0837 0.2015 0.9759
vn 0.0095 0.0141 0.9999
vn 0.0425 0.2140 0.9759
vn 0.0065 0.0157 0.9999
vn -0.0000 0.2182 0.9759
vn 0.0033 0.0167 0.9999
vn -0.0424 0.2141 0.9759
vn -0.0000 0.0169 0.9999
vn -0.0836 0.2019 0.9758
vn -0.0033 0.0166 0.9999
vn -0.1212 0.1814 0.9759
vn -0.0065 0.0156 0.9999
vn -0.1542 0.1543 0.9759
vn -0.0094 0.0141 0.9999
vn -0.1813 0.1211 0.9759
vn -0.0119 0.0119 0.9999
vn -0.2015 0.0837 0.9759
vn -0.0141 0.0096 0.9999
vn -0.2141 0.0425 0.9759
vn -0.0152 0.0064 0.9999
vn -0.2182 -0.0000 0.9759
vn -0.0163 0.0033 0.9999
vn -0.2141 -0.0425 0.9759
vn -0.0168 0.0002 0.9999
vn -0.2014 -0.0837 0.9759
vn -0.0161 -0.0033 0.9999
vn -0.1813 -0.1212 0.9759
vn -0.0151 -0.0063 0.9999
vn -0.1543 -0.1542 0.9759
vn -0.0142 -0.0095 0.9999
vn -0.1211 -0.1813 0.9759
vn -0.0121 -0.0120 0.9999
vn -0.0837 -0.2015 0.9759
vn -0.0095 -0.0141 0.9999
vn -0.0065 -0.0157 0.9999
vn -0.0033 -0.0167 0.9999
vn -0.0000 -0.0169 0.9999
vn -0.0000 0.5096 0.8604
vn -0.0000 -0.9269 -0.3752
vn 0.0148 -0.0744 0.9971
vn -0.0000 0.8679 0.4968
vn 0.7707 -0.5150 -0.3751
vn 0.8564 -0.3547 -0.3751
vn -0.9092 -0.1809 -0.3751
vn -0.8564 -0.3548 -0.3751
vn -0.0000 -0.9270 -0.3752
vn 0.6555 -0.6555 -0.3751
vn -0.9269 -0.0000 -0.3752
vn 0.5150 -0.7707 -0.3751
vn -0.9092 0.1808 -0.3751
vn -0.5150 -0.7707 -0.3751
vn -0.8564 0.3547 -0.3751
vn -0.6555 -0.6555 -0.3751
vn -0.7707 0.5150 -0.3751
vn -0.7707 -0.5150 -0.3751
vn -0.6555 0.6555 -0.3751
vn -0.5150 0.7707 -0.3751
vn -0.3548 0.8564 -0.3751
vn -0.1809 0.9092 -0.3751
vn -0.0000 0.9269 -0.3752
vn 0.1808 0.9092 -0.3751
vn 0.3547 0.8564 -0.3751
vn 0.5150 0.7707 -0.3751
vn 0.6555 0.6555 -0.3751
vn 0.7707 0.5150 -0.3751
vn 0.8564 0.3548 -0.3751
vn 0.9092 0.1809 -0.3751
vn 0.9269 -0.0000 -0.3752
vn 0.9092 -0.1808 -0.3751
vn -0.0725 0.1749 -0.9819
vn -0.0369 0.1860 -0.9819
vn 0.0298 -0.1497 -0.9883
vn 0.0583 -0.1412 -0.9883
vn -0.1908 0.9588 -0.2107
vn -0.1900 0.9544 0.2302
vn -0.0000 0.9731 0.2302
vn -0.0000 0.9776 -0.2106
vn -0.0000 0.1735 0.9848
vn -0.0338 0.1700 0.9849
vn 0.0331 -0.1659 0.9856
vn -0.0000 -0.1689 0.9856
vn -0.1052 0.1576 -0.9819
vn 0.0848 -0.1270 -0.9883
vn -0.1339 0.1339 -0.9819
vn 0.1079 -0.1079 -0.9883
vn -0.1575 0.1051 -0.9819
vn 0.1269 -0.0848 -0.9883
vn -0.1750 0.0725 -0.9819
vn 0.1410 -0.0585 -0.9883
vn -0.1858 0.0369 -0.9819
vn 0.1498 -0.0298 -0.9883
vn -0.1897 -0.0000 -0.9818
vn 0.1529 -0.0000 -0.9882
vn -0.1858 -0.0369 -0.9819
vn 0.1498 0.0298 -0.9883
vn -0.1750 -0.0725 -0.9819
vn 0.1412 0.0585 -0.9882
vn -0.1577 -0.1053 -0.9819
vn 0.1269 0.0848 -0.9883
vn -0.1339 -0.1339 -0.9819
vn 0.1078 0.1078 -0.9883
vn -0.1053 -0.1576 -0.9819
vn 0.0847 0.1269 -0.9883
vn -0.0725 -0.1750 -0.9819
vn 0.0584 0.1413 -0.9882
vn -0.0369 -0.1856 -0.9819
vn 0.0298 0.1498 -0.9883
vn -0.0000 -0.1895 -0.9819
vn -0.0000 0.1527 -0.9883
vn 0.0369 -0.1860 -0.9819
vn -0.0298 0.1497 -0.9883
vn 0.0725 -0.1749 -0.9819
vn -0.0584 0.1411 -0.9883
vn 0.1052 -0.1575 -0.9819
vn -0.0848 0.1269 -0.9883
vn 0.1339 -0.1339 -0.9819
vn -0.1079 0.1079 -0.9883
vn 0.1575 -0.1053 -0.9819
vn -0.1269 0.0848 -0.9883
vn 0.1750 -0.0724 -0.9819
vn -0.1412 0.0584 -0.9883
vn 0.1858 -0.0369 -0.9819
vn -0.1500 0.0298 -0.9882
vn 0.1896 -0.0000 -0.9819
vn -0.1528 -0.0000 -0.9883
vn 0.1858 0.0369 -0.9819
vn -0.1500 -0.0298 -0.9882
vn 0.1750 0.0724 -0.9819
vn -0.1412 -0.0585 -0.9882
vn 0.1577 0.1053 -0.9819
vn -0.1269 -0.0848 -0.9883
vn 0.1339 0.1339 -0.9819
vn -0.1078 -0.1078 -0.9883
vn 0.1053 0.1576 -0.9819
vn -0.0847 -0.1269 -0.9883
vn 0.0725 0.1750 -0.9819
vn -0.0584 -0.1411 -0.9883
vn 0.0369 0.1859 -0.9819
vn -0.0298 -0.1498 -0.9883
vn 0.3718 -0.8977 -0.2366
vn 0.1899 -0.9528 -0.2368
vn 0.1905 -0.9575 0.2165
vn 0.3736 -0.9020 0.2165
vn -0.0000 -0.9716 -0.2366
vn -0.1899 -0.9528 -0.2367
vn -0.1905 -0.9575 0.2165
vn -0.0001 -0.9763 0.2164
vn 0.5398 -0.8079 -0.2366
vn 0.5424 -0.8117 0.2164
vn 0.6870 -0.6870 -0.2366
vn 0.6904 -0.6903 0.2164
vn 0.8079 -0.5398 -0.2366
vn 0.8117 -0.5425 0.2164
vn 0.8976 -0.3718 -0.2367
vn 0.9020 -0.3737 0.2163
vn 0.9528 -0.1899 -0.2367
vn 0.9575 -0.1905 0.2164
vn 0.9716 -0.0000 -0.2365
vn 0.9763 -0.0000 0.2164
vn 0.9530 0.1895 -0.2366
vn 0.9575 0.1905 0.2165
vn 0.8977 0.3718 -0.2366
vn 0.9020 0.3737 0.2163
vn 0.8078 0.5398 -0.2366
vn 0.8118 0.5424 0.2164
vn 0.6870 0.6870 -0.2366
vn 0.6904 0.6903 0.2164
vn 0.5398 0.8078 -0.2366
vn 0.5423 0.8118 0.2164
vn 0.3718 0.8977 -0.2366
vn 0.3736 0.9019 0.2166
vn 0.1898 0.9528 -0.2370
vn 0.1905 0.9575 0.2165
vn -0.0000 0.9716 -0.2367
vn -0.0000 0.9763 0.2164
vn -0.1899 0.9528 -0.2368
vn -0.1905 0.9575 0.2164
vn -0.3718 0.8977 -0.2366
vn -0.3736 0.9020 0.2165
vn -0.5398 0.8079 -0.2366
vn -0.5424 0.8118 0.2164
vn -0.6870 0.6870 -0.2366
vn -0.6904 0.6903 0.2164
vn -0.8079 0.5398 -0.2366
vn -0.8117 0.5425 0.2164
vn -0.8976 0.3718 -0.2367
vn -0.9020 0.3737 0.2163
vn -0.9528 0.1899 -0.2367
vn -0.9575 0.1905 0.2164
vn -0.9716 -0.0000 -0.2365
vn -0.9763 -0.0000 0.2164
vn -0.9530 -0.1895 -0.2366
vn -0.9575 -0.1905 0.2165
vn -0.8976 -0.3718 -0.2366
vn -0.9020 -0.3737 0.2163
vn -0.8078 -0.5398 -0.2366
vn -0.8117 -0.5425 0.2164
vn -0.6870 -0.6870 -0.2366
vn -0.6904 -0.6903 0.2164
vn -0.5398 -0.8079 -0.2366
vn -0.5423 -0.8118 0.2164
vn -0.3718 -0.8977 -0.2366
vn -0.3736 -0.9020 0.2165
vn -0.3741 0.9032 -0.2106
vn -0.3724 0.8990 0.2304
vn 0.1896 0.9544 0.2305
vn 0.1908 0.9588 -0.2107
vn 0.3724 0.8990 0.2305
vn 0.3741 0.9032 -0.2106
vn 0.5407 0.8091 0.2303
vn 0.5431 0.8129 -0.2106
vn 0.6881 0.6881 0.2303
vn 0.6912 0.6912 -0.2106
vn 0.8091 0.5407 0.2301
vn 0.8129 0.5431 -0.2104
vn 0.8990 0.3724 0.2306
vn 0.9032 0.3742 -0.2105
vn 0.9544 0.1894 0.2308
vn 0.9588 0.1908 -0.2107
vn 0.9731 -0.0000 0.2302
vn 0.9776 -0.0000 -0.2104
vn 0.9545 -0.1895 0.2304
vn 0.9588 -0.1908 -0.2106
vn 0.8990 -0.3724 0.2306
vn 0.9032 -0.3742 -0.2104
vn 0.8091 -0.5407 0.2301
vn 0.8128 -0.5431 -0.2104
vn 0.6881 -0.6881 0.2303
vn 0.6912 -0.6912 -0.2106
vn 0.5407 -0.8091 0.2303
vn 0.5431 -0.8129 -0.2104
vn 0.3725 -0.8990 0.2305
vn 0.3741 -0.9032 -0.2105
vn 0.1900 -0.9544 0.2302
vn 0.1908 -0.9588 -0.2107
vn -0.0000 -0.9732 0.2301
vn -0.0000 -0.9776 -0.2105
vn -0.1899 -0.9544 0.2303
vn -0.1908 -0.9588 -0.2107
vn -0.3724 -0.8990 0.2305
vn -0.3741 -0.9032 -0.2106
vn -0.5406 -0.8091 0.2303
vn -0.5431 -0.8128 -0.2105
vn -0.6881 -0.6881 0.2303
vn -0.6912 -0.6912 -0.2106
vn -0.8091 -0.5407 0.2301
vn -0.8129 -0.5431 -0.2104
vn -0.8990 -0.3724 0.2306
vn -0.9032 -0.3741 -0.2105
vn -0.9544 -0.1894 0.2308
vn -0.9588 -0.1908 -0.2107
vn -0.9731 -0.0000 0.2302
vn -0.9776 -0.0000 -0.2104
vn -0.9545 0.1895 0.2304
vn -0.9588 0.1908 -0.2106
vn -0.8990 0.3724 0.2306
vn -0.9032 0.3742 -0.2104
vn -0.8091 0.5406 0.2303
vn -0.8128 0.5432 -0.2105
vn -0.6881 0.6881 0.2303
vn -0.6912 0.6912 -0.2106
vn -0.5406 0.8091 0.2303
vn -0.5431 0.8129 -0.2104
vn -0.0000 0.1895 -0.9819
vn -0.0000 -0.1528 -0.9883
vn 0.0338 0.1701 0.9848
vn -0.0329 -0.1655 0.9857
vn 0.0964 0.1441 0.9849
vn 0.0663 0.1602 0.9849
vn -0.0644 -0.1556 0.9857
vn -0.0937 -0.1403 0.9857
vn -0.0000 -0.9763 0.2164
vn -0.0663 0.1601 0.9849
vn -0.0964 0.1442 0.9848
vn 0.0940 -0.1407 0.9856
vn 0.0645 -0.1558 0.9857
vn -0.1227 0.1227 0.9848
vn 0.1194 -0.1193 0.9857
vn -0.1441 0.0964 0.9848
vn 0.1403 -0.0937 0.9857
vn -0.1602 0.0663 0.9848
vn 0.1557 -0.0644 0.9857
vn -0.1703 0.0339 0.9848
vn 0.1658 -0.0330 0.9856
vn -0.1734 -0.0000 0.9849
vn 0.1686 -0.0000 0.9857
vn -0.1703 -0.0339 0.9848
vn 0.1655 0.0329 0.9857
vn -0.1602 -0.0664 0.9848
vn 0.1553 0.0642 0.9858
vn -0.1442 -0.0963 0.9849
vn 0.1400 0.0936 0.9857
vn -0.1227 -0.1227 0.9848
vn 0.1193 0.1192 0.9857
vn -0.0964 -0.1441 0.9849
vn 0.0937 0.1403 0.9857
vn -0.0663 -0.1602 0.9849
vn 0.0645 0.1557 0.9857
vn -0.0338 -0.1699 0.9849
vn 0.0329 0.1655 0.9857
vn -0.0000 -0.1732 0.9849
vn -0.0000 0.1690 0.9856
vn 0.0338 -0.1700 0.9849
vn -0.0331 0.1659 0.9856
vn 0.0663 -0.1601 0.9849
vn -0.0642 0.1553 0.9858
vn 0.0964 -0.1442 0.9848
vn -0.0937 0.1402 0.9857
vn 0.1228 -0.1227 0.9848
vn -0.1194 0.1193 0.9857
vn 0.1442 -0.0963 0.9849
vn -0.1404 0.0938 0.9856
vn 0.1602 -0.0663 0.9848
vn -0.1557 0.0644 0.9857
vn 0.1703 -0.0339 0.9848
vn -0.1658 0.0330 0.9856
vn 0.1734 -0.0000 0.9849
vn -0.1686 -0.0000 0.9857
vn 0.1703 0.0339 0.9848
vn -0.1655 -0.0329 0.9857
vn 0.1602 0.0664 0.9848
vn -0.1553 -0.0642 0.9858
vn 0.1442 0.0963 0.9849
vn -0.1401 -0.0935 0.9857
vn 0.1227 0.1226 0.9848
vn -0.1193 -0.1192 0.9857
vn -0.0000 0.6880 -0.7257
vn -0.1342 0.6745 -0.7260
vn 0.1342 0.6745 -0.7260
vn 0.2632 0.6352 -0.7261
vn 0.3820 0.5718 -0.7261
vn 0.4862 0.4863 -0.7260
vn 0.5717 0.3821 -0.7261
vn 0.6353 0.2632 -0.7260
vn 0.6744 0.1342 -0.7260
vn 0.6875 -0.0000 -0.7262
vn 0.6745 -0.1341 -0.7260
vn 0.6353 -0.2632 -0.7260
vn 0.5717 -0.3821 -0.7260
vn 0.4862 -0.4863 -0.7261
vn 0.3820 -0.5718 -0.7260
vn 0.2631 -0.6353 -0.7261
vn 0.1341 -0.6745 -0.7260
vn -0.0000 -0.6880 -0.7257
vn -0.1341 -0.6745 -0.7260
vn -0.2632 -0.6352 -0.7261
vn -0.3820 -0.5717 -0.7261
vn -0.4862 -0.4862 -0.7261
vn -0.5717 -0.3821 -0.7261
vn -0.6353 -0.2632 -0.7260
vn -0.6744 -0.1342 -0.7260
vn -0.6875 -0.0000 -0.7262
vn -0.6745 0.1341 -0.7260
vn -0.6353 0.2632 -0.7260
vn -0.5717 0.3820 -0.7261
vn -0.4862 0.4862 -0.7261
vn -0.3820 0.5718 -0.7260
vn -0.2632 0.6353 -0.7260
vn -0.0000 0.6744 0.7384
vn -0.1316 0.6615 0.7383
vn -0.2581 0.6230 0.7384
vn -0.3747 0.5609 0.7382
vn -0.4769 0.4770 0.7383
vn -0.5608 0.3747 0.7383
vn -0.6231 0.2581 0.7383
vn -0.6615 0.1316 0.7383
vn -0.6744 -0.0000 0.7384
vn -0.6615 -0.1316 0.7383
vn -0.6231 -0.2581 0.7383
vn -0.5608 -0.3747 0.7383
vn -0.4769 -0.4769 0.7383
vn -0.3747 -0.5607 0.7384
vn -0.2581 -0.6230 0.7384
vn -0.1316 -0.6613 0.7385
vn -0.0000 -0.6744 0.7384
vn 0.1316 -0.6613 0.7384
vn 0.2581 -0.6231 0.7383
vn 0.3747 -0.5608 0.7383
vn 0.4769 -0.4768 0.7384
vn 0.5607 -0.3748 0.7383
vn 0.6230 -0.2582 0.7384
vn 0.6615 -0.1316 0.7383
vn 0.6744 -0.0000 0.7384
vn 0.6615 0.1316 0.7383
vn 0.6230 0.2582 0.7384
vn 0.5607 0.3748 0.7383
vn 0.4769 0.4768 0.7384
vn 0.3747 0.5607 0.7384
vn 0.2581 0.6231 0.7383
vn 0.1316 0.6615 0.7383
vn -0.0000 -0.6479 -0.7617
vn 0.1265 -0.6355 -0.7616
vn -0.1264 -0.6355 -0.7617
vn -0.2478 -0.5984 -0.7619
vn -0.3600 -0.5387 -0.7617
vn -0.4581 -0.4581 -0.7617
vn -0.5387 -0.3600 -0.7617
vn -0.5984 -0.2479 -0.7619
vn -0.6355 -0.1261 -0.7617
vn -0.6479 -0.0000 -0.7617
vn -0.6354 0.1264 -0.7618
vn -0.5986 0.2479 -0.7617
vn -0.5387 0.3600 -0.7617
vn -0.4581 0.4581 -0.7617
vn -0.3600 0.5387 -0.7617
vn -0.2479 0.5987 -0.7616
vn -0.1264 0.6354 -0.7617
vn -0.0000 0.6480 -0.7617
vn 0.1264 0.6355 -0.7617
vn 0.2479 0.5988 -0.7616
vn 0.3600 0.5387 -0.7617
vn 0.4581 0.4582 -0.7617
vn 0.5387 0.3600 -0.7617
vn 0.5984 0.2479 -0.7619
vn 0.6354 0.1264 -0.7617
vn 0.6480 -0.0000 -0.7616
vn 0.6355 -0.1264 -0.7617
vn 0.5987 -0.2481 -0.7616
vn 0.5387 -0.3600 -0.7617
vn 0.4581 -0.4581 -0.7617
vn 0.3599 -0.5387 -0.7617
vn 0.2479 -0.5987 -0.7616
vn -0.0000 -0.6618 0.7497
vn 0.1291 -0.6491 0.7497
vn 0.2532 -0.6114 0.7497
vn 0.3677 -0.5503 0.7497
vn 0.4679 -0.4680 0.7497
vn 0.5503 -0.3677 0.7497
vn 0.6116 -0.2534 0.7495
vn 0.6490 -0.1291 0.7498
vn 0.6618 -0.0000 0.7497
vn 0.6490 0.1290 0.7497
vn 0.6114 0.2533 0.7497
vn 0.5503 0.3677 0.7497
vn 0.4680 0.4679 0.7497
vn 0.3677 0.5503 0.7497
vn 0.2534 0.6116 0.7495
vn 0.1291 0.6491 0.7497
vn -0.0000 0.6617 0.7497
vn -0.1291 0.6491 0.7497
vn -0.2532 0.6114 0.7497
vn -0.3677 0.5503 0.7497
vn -0.4680 0.4679 0.7497
vn -0.5503 0.3677 0.7497
vn -0.6114 0.2534 0.7496
vn -0.6490 0.1291 0.7498
vn -0.6618 -0.0000 0.7497
vn -0.6490 -0.1290 0.7497
vn -0.6115 -0.2534 0.7495
vn -0.5503 -0.3677 0.7497
vn -0.4680 -0.4679 0.7497
vn -0.3677 -0.5503 0.7497
vn -0.2534 -0.6115 0.7495
vn -0.1290 -0.6489 0.7499
vt 0.062408 0.017307
vt 0.046606 0.017307
vt 0.054465 0.017685
vt 0.030497 0.016930
vt 0.014421 0.016930
vt 0.022499 0.017685
vt -0.001655 0.016930
vt 0.006224 0.017685
vt -0.001373 0.016108
vt -0.001643 0.016896
vt 0.953474 0.017290
vt 0.969347 0.016896
vt 0.937593 0.016896
vt 0.921925 0.017290
vt 0.906259 0.016896
vt 0.156250 0.021879
vt 0.156250 0.021939
vt 0.164053 0.021940
vt 0.250000 0.021879
vt 0.250000 0.021940
vt 0.257803 0.021940
vt 0.343750 0.021879
vt 0.343750 0.021939
vt 0.351553 0.021940
vt 0.437500 0.021879
vt 0.437500 0.021939
vt 0.445303 0.021940
vt 0.531250 0.021879
vt 0.531250 0.021939
vt 0.539053 0.021940
vt 0.625000 0.021879
vt 0.625000 0.021940
vt 0.632803 0.021940
vt 0.718750 0.021879
vt 0.718750 0.021939
vt 0.726553 0.021940
vt 0.812500 0.021879
vt 0.812500 0.021940
vt 0.820303 0.021940
vt 0.906258 0.021879
vt 0.906258 0.021939
vt 0.914085 0.021940
vt 1.001914 0.017685
vt 0.993776 0.017685
vt 0.994181 0.021811
vt 0.828125 0.017290
vt 0.843750 0.016896
vt 0.812500 0.016896
vt 0.062402 0.022009
vt 0.046460 0.022009
vt 0.516364 0.016108
vt 0.515678 0.016108
vt 0.516790 0.016108
vt 0.515448 0.016108
vt 0.515910 0.016108
vt 0.890629 0.022009
vt 0.882815 0.021983
vt 0.875000 0.022009
vt 0.906257 0.022009
vt 0.898443 0.021983
vt 1.002471 0.022009
vt 0.994209 0.021983
vt 0.985976 0.022009
vt 0.977729 0.021983
vt 0.969482 0.022009
vt 0.093743 0.022009
vt 0.085907 0.021983
vt 0.078072 0.022009
vt 0.109371 0.022009
vt 0.101557 0.021983
vt 0.125000 0.022009
vt 0.117185 0.021983
vt 0.140625 0.022009
vt 0.132812 0.021983
vt 0.156250 0.022009
vt 0.148437 0.021983
vt 0.171875 0.022009
vt 0.164063 0.021983
vt 0.187500 0.022009
vt 0.179688 0.021983
vt 0.203125 0.022009
vt 0.195313 0.021983
vt 0.218750 0.022009
vt 0.210938 0.021983
vt 0.234375 0.022009
vt 0.226562 0.021983
vt 0.250000 0.022009
vt 0.242188 0.021983
vt 0.265625 0.022009
vt 0.257812 0.021983
vt 0.281250 0.022009
vt 0.273438 0.021983
vt 0.296875 0.022009
vt 0.289062 0.021983
vt 0.312500 0.022009
vt 0.304688 0.021983
vt 0.328125 0.022009
vt 0.320312 0.021983
vt 0.343750 0.022009
vt 0.335938 0.021983
vt 0.359375 0.022009
vt 0.351562 0.021983
vt 0.375000 0.022009
vt 0.367188 0.021983
vt 0.390625 0.022009
vt 0.382813 0.021983
vt 0.406250 0.022009
vt 0.398438 0.021983
vt 0.421875 0.022009
vt 0.414063 0.021983
vt 0.437500 0.022009
vt 0.429688 0.021983
vt 0.453125 0.022009
vt 0.445312 0.021983
vt 0.468750 0.022009
vt 0.460938 0.021983
vt 0.484375 0.022009
vt 0.476562 0.021983
vt 0.500000 0.022009
vt 0.492188 0.021983
vt 0.515625 0.022009
vt 0.507812 0.021983
vt 0.531250 0.022009
vt 0.523438 0.021983
vt 0.546875 0.022009
vt 0.539062 0.021983
vt 0.562500 0.022008
vt 0.554688 0.021983
vt 0.578125 0.022009
vt 0.570312 0.021983
vt 0.593750 0.022009
vt 0.585938 0.021983
vt 0.609375 0.022009
vt 0.601562 0.021983
vt 0.625000 0.022009
vt 0.617188 0.021983
vt 0.640625 0.022009
vt 0.632812 0.021983
vt 0.656250 0.022009
vt 0.648438 0.021983
vt 0.671875 0.022009
vt 0.664063 0.021983
vt 0.687500 0.022009
vt 0.679688 0.021983
vt 0.703125 0.022009
vt 0.695313 0.021983
vt 0.718750 0.022009
vt 0.710938 0.021983
vt 0.734375 0.022009
vt 0.726562 0.021983
vt 0.750000 0.022009
vt 0.742188 0.021983
vt 0.765625 0.022009
vt 0.757812 0.021983
vt 0.781250 0.022009
vt 0.773438 0.021983
vt 0.796875 0.022009
vt 0.789062 0.021983
vt 0.812500 0.022009
vt 0.804688 0.021983
vt 0.828125 0.022009
vt 0.820313 0.021983
vt 0.843750 0.022009
vt 0.835938 0.021983
vt 0.859375 0.022009
vt 0.851563 0.021983
vt 0.867188 0.021983
vt 0.921928 0.022009
vt 0.914093 0.021983
vt 0.054428 0.021983
vt 0.070236 0.021983
vt 0.030518 0.022009
vt 0.022271 0.021983
vt 0.014023 0.022009
vt 0.038483 0.021983
vt 0.937598 0.022009
vt 0.929764 0.021983
vt 0.953540 0.022009
vt 0.945572 0.021983
vt 0.961517 0.021983
vt 0.005791 0.021983
vt -0.002471 0.022009
vt 0.765625 0.017290
vt 0.781250 0.016896
vt 0.750000 0.016896
vt 0.961536 0.021940
vt 0.969501 0.021940
vt 0.969501 0.021879
vt 0.125000 0.021879
vt 0.125000 0.021939
vt 0.132803 0.021940
vt 0.218750 0.021879
vt 0.218750 0.021940
vt 0.226553 0.021940
vt 0.312500 0.021879
vt 0.312500 0.021940
vt 0.320303 0.021940
vt 0.406250 0.021879
vt 0.406250 0.021939
vt 0.414053 0.021940
vt 0.500000 0.021879
vt 0.500000 0.021940
vt 0.507803 0.021940
vt 0.593750 0.021879
vt 0.593750 0.021939
vt 0.601553 0.021940
vt 0.687500 0.021879
vt 0.687500 0.021940
vt 0.695303 0.021940
vt 0.781250 0.021879
vt 0.781250 0.021940
vt 0.789053 0.021940
vt 0.875000 0.021879
vt 0.875000 0.021939
vt 0.882805 0.021940
vt 0.734375 0.017290
vt 0.718750 0.016896
vt 0.796875 0.017290
vt 0.005819 0.021811
vt -0.001914 0.017685
vt 0.517171 0.016107
vt 0.859375 0.017290
vt 0.875001 0.016896
vt 0.985529 0.017307
vt 0.969356 0.017307
vt 0.977501 0.017685
vt 0.937592 0.017290
vt 0.671875 0.017290
vt 0.687500 0.016896
vt 0.656250 0.016896
vt 0.945535 0.017685
vt 0.906258 0.017290
vt 0.640625 0.017290
vt 0.625000 0.016896
vt 0.914091 0.017685
vt 0.875001 0.017290
vt 0.890629 0.017290
vt 0.609375 0.017290
vt 0.593750 0.016896
vt 0.882815 0.017685
vt 0.843750 0.017290
vt 0.578125 0.017290
vt 0.562500 0.016896
vt 0.851563 0.017685
vt 0.812500 0.017290
vt 0.546875 0.017290
vt 0.531250 0.016896
vt 0.820313 0.017685
vt 0.781250 0.017290
vt 0.515625 0.017290
vt 0.500000 0.016896
vt 0.789062 0.017685
vt 0.750000 0.017290
vt 0.484375 0.017290
vt 0.468750 0.016896
vt 0.757812 0.017685
vt 0.718750 0.017290
vt 0.453125 0.017290
vt 0.437500 0.016896
vt 0.726562 0.017685
vt 0.687500 0.017290
vt 0.703125 0.017290
vt 0.421875 0.017290
vt 0.406250 0.016896
vt 0.695312 0.017685
vt 0.656250 0.017290
vt 0.390625 0.017290
vt 0.375000 0.016896
vt 0.664062 0.017685
vt 0.625000 0.017290
vt 0.359375 0.017290
vt 0.343750 0.016896
vt 0.632812 0.017685
vt 0.593750 0.017290
vt 0.328125 0.017290
vt 0.312500 0.016896
vt 0.601562 0.017685
vt 0.562500 0.017290
vt 0.296875 0.017290
vt 0.281250 0.016896
vt 0.570312 0.017685
vt 0.531250 0.017290
vt 0.265625 0.017290
vt 0.250000 0.016896
vt 0.539062 0.017685
vt 0.500000 0.017290
vt 0.234375 0.017290
vt 0.218750 0.016896
vt 0.507812 0.017685
vt 0.468750 0.017290
vt 0.203125 0.017290
vt 0.187500 0.016896
vt 0.476562 0.017685
vt 0.437500 0.017290
vt 0.171875 0.017290
vt 0.156250 0.016896
vt 0.445312 0.017685
vt 0.406250 0.017290
vt 0.140625 0.017290
vt 0.124999 0.016896
vt 0.414063 0.017685
vt 0.375000 0.017290
vt 0.109371 0.017290
vt 0.093741 0.016896
vt 0.382813 0.017685
vt 0.343750 0.017290
vt 0.078075 0.017290
vt 0.062407 0.016896
vt 0.351562 0.017685
vt 0.312500 0.017290
vt 0.030987 0.016896
vt 0.320312 0.017685
vt 0.281250 0.017290
vt 0.699656 0.022008
vt 0.507832 0.022008
vt 0.149670 0.022008
vt 0.289062 0.017685
vt 0.250000 0.017290
vt 0.257812 0.017685
vt 0.218750 0.017290
vt 0.226562 0.017685
vt 0.187500 0.017290
vt 0.040662 0.016108
vt 0.195313 0.017685
vt 0.156250 0.017290
vt 0.164062 0.017685
vt 0.125000 0.017290
vt 0.132812 0.017685
vt 0.093742 0.017290
vt 1.001472 0.016896
vt 0.101556 0.017685
vt 0.070242 0.017685
vt 0.030811 0.017290
vt 0.030344 0.016107
vt 0.038579 0.017685
vt 1.001693 0.017291
vt 0.961421 0.017685
vt 0.898444 0.017685
vt 0.867188 0.017685
vt 0.835938 0.017685
vt 0.804688 0.017685
vt 0.773437 0.017685
vt 0.742188 0.017685
vt 0.710938 0.017685
vt 0.679688 0.017685
vt 0.648438 0.017685
vt 0.617188 0.017685
vt 0.585938 0.017685
vt 0.554688 0.017685
vt 0.523438 0.017685
vt 0.492188 0.017685
vt 0.460938 0.017685
vt 0.429688 0.017685
vt 0.398438 0.017685
vt 0.367188 0.017685
vt 0.335938 0.017685
vt 0.304688 0.017685
vt 0.273438 0.017685
vt 0.242187 0.017685
vt 0.210938 0.017685
vt 0.179688 0.017685
vt 0.148437 0.017685
vt 0.117185 0.017685
vt 0.085909 0.017685
vt 0.929758 0.017685
vt -0.001757 0.017685
vt 0.969319 0.017685
vt 0.977159 0.017685
vt 0.030590 0.017685
vt 0.937548 0.017685
vt 0.945273 0.017685
vt 0.906214 0.017685
vt 0.913920 0.017685
vt 0.874957 0.017685
vt 0.882661 0.017685
vt 0.843706 0.017685
vt 0.851411 0.017685
vt 0.812456 0.017685
vt 0.820160 0.017685
vt 0.781206 0.017685
vt 0.788910 0.017685
vt 0.749956 0.017685
vt 0.757660 0.017685
vt 0.718706 0.017685
vt 0.726410 0.017685
vt 0.687456 0.017685
vt 0.695160 0.017685
vt 0.656206 0.017685
vt 0.663910 0.017685
vt 0.624956 0.017685
vt 0.632660 0.017685
vt 0.593706 0.017685
vt 0.601410 0.017685
vt 0.562456 0.017685
vt 0.570160 0.017685
vt 0.531206 0.017685
vt 0.538910 0.017685
vt 0.499956 0.017685
vt 0.507660 0.017685
vt 0.468706 0.017685
vt 0.476410 0.017685
vt 0.437456 0.017685
vt 0.445160 0.017685
vt 0.406206 0.017685
vt 0.413910 0.017685
vt 0.374956 0.017685
vt 0.382660 0.017685
vt 0.343706 0.017685
vt 0.351410 0.017685
vt 0.312456 0.017685
vt 0.320160 0.017685
vt 0.281206 0.017685
vt 0.288910 0.017685
vt 0.249956 0.017685
vt 0.257660 0.017685
vt 0.218706 0.017685
vt 0.226410 0.017685
vt 0.187456 0.017685
vt 0.195160 0.017685
vt 0.156206 0.017685
vt 0.163910 0.017685
vt 0.124956 0.017685
vt 0.132662 0.017685
vt 0.093698 0.017685
vt 0.101423 0.017685
vt 0.062364 0.017685
vt 0.014361 0.017685
vt 0.014418 0.016964
vt 0.046522 0.017685
vt 0.078075 0.017685
vt 0.109371 0.017685
vt 0.140625 0.017685
vt 0.171875 0.017685
vt 0.203125 0.017685
vt 0.234375 0.017685
vt 0.265625 0.017685
vt 0.296875 0.017685
vt 0.328125 0.017685
vt 0.359375 0.017685
vt 0.390625 0.017685
vt 0.421875 0.017685
vt 0.453125 0.017685
vt 0.484375 0.017685
vt 0.515625 0.017685
vt 0.546875 0.017685
vt 0.578125 0.017685
vt 0.609375 0.017685
vt 0.640625 0.017685
vt 0.671875 0.017685
vt 0.703125 0.017685
vt 0.734375 0.017685
vt 0.765625 0.017685
vt 0.796875 0.017685
vt 0.828125 0.017685
vt 0.859375 0.017685
vt 0.890629 0.017685
vt 0.921925 0.017685
vt 0.953478 0.017685
vt 0.985639 0.017685
vt 0.022286 0.021811
vt 0.054432 0.021811
vt 0.961532 0.021811
vt 0.969364 0.017685
vt 0.921931 0.021879
vt 0.921931 0.021940
vt 0.929758 0.021940
vt 0.945588 0.021940
vt 0.953552 0.021940
vt 0.953551 0.021879
vt 0.890629 0.021879
vt 0.890629 0.021940
vt 0.898434 0.021940
vt 0.859375 0.021879
vt 0.859375 0.021940
vt 0.867178 0.021940
vt 0.828125 0.021879
vt 0.828125 0.021940
vt 0.835928 0.021940
vt 0.851572 0.021940
vt 0.796875 0.021879
vt 0.796875 0.021940
vt 0.804678 0.021940
vt 0.765625 0.021879
vt 0.765625 0.021940
vt 0.773428 0.021940
vt 0.734375 0.021879
vt 0.734375 0.021940
vt 0.742178 0.021940
vt 0.757822 0.021940
vt 0.703125 0.021879
vt 0.703125 0.021940
vt 0.710928 0.021940
vt 0.671875 0.021879
vt 0.671875 0.021940
vt 0.679678 0.021940
vt 0.640625 0.021879
vt 0.640625 0.021940
vt 0.648428 0.021940
vt 0.664072 0.021940
vt 0.609375 0.021879
vt 0.609375 0.021940
vt 0.617178 0.021940
vt 0.578125 0.021879
vt 0.578125 0.021940
vt 0.585928 0.021940
vt 0.546875 0.021879
vt 0.546875 0.021940
vt 0.554678 0.021940
vt 0.570322 0.021940
vt 0.515625 0.021879
vt 0.515625 0.021940
vt 0.523428 0.021940
vt 0.484375 0.021879
vt 0.484375 0.021940
vt 0.492178 0.021940
vt 0.453125 0.021879
vt 0.453125 0.021940
vt 0.460928 0.021940
vt 0.476572 0.021940
vt 0.421875 0.021879
vt 0.421875 0.021940
vt 0.429678 0.021940
vt 0.390625 0.021879
vt 0.390625 0.021940
vt 0.398428 0.021940
vt 0.359375 0.021879
vt 0.359375 0.021940
vt 0.367178 0.021940
vt 0.382822 0.021940
vt 0.328125 0.021879
vt 0.328125 0.021940
vt 0.335928 0.021940
vt 0.296875 0.021879
vt 0.296875 0.021940
vt 0.304678 0.021940
vt 0.265625 0.021879
vt 0.265625 0.021940
vt 0.273428 0.021940
vt 0.289072 0.021940
vt 0.234375 0.021879
vt 0.234375 0.021940
vt 0.242178 0.021940
vt 0.203125 0.021879
vt 0.203125 0.021940
vt 0.210928 0.021940
vt 0.171875 0.021879
vt 0.171875 0.021940
vt 0.179678 0.021940
vt 0.195322 0.021940
vt 0.140625 0.021879
vt 0.140625 0.021940
vt 0.148428 0.021940
vt 0.109371 0.021879
vt 0.109371 0.021939
vt 0.117176 0.021939
vt 0.078069 0.021879
vt 0.078069 0.021940
vt 0.085896 0.021940
vt 0.101566 0.021939
vt 0.005825 0.021940
vt 0.014043 0.021940
vt 0.014048 0.021879
vt 0.030499 0.021940
vt 0.030499 0.021879
vt 0.022281 0.021940
vt 0.038483 0.021940
vt 0.046448 0.021940
vt 0.046449 0.021879
vt 0.062396 0.021940
vt 0.062395 0.021879
vt 0.054432 0.021940
vt 0.070242 0.021940
vt 0.977739 0.021940
vt 0.985957 0.021940
vt 0.985952 0.021879
vt 0.529880 0.022008
vt 0.559287 0.022008
vt 0.500458 0.022008
vt 0.471041 0.022009
vt 0.441649 0.022009
vt 0.412301 0.022008
vt 0.383022 0.022009
vt 0.353840 0.022009
vt 0.324789 0.022009
vt 0.295915 0.022009
vt 0.267283 0.022008
vt 0.238987 0.022009
vt 0.211175 0.022008
vt 0.894940 0.022009
vt 0.184112 0.022008
vt 0.158325 0.022009
vt 0.890066 0.022008
vt 0.135132 0.022009
vt 0.869379 0.022008
vt 0.119286 0.022009
vt 0.844622 0.022008
vt 0.818102 0.022008
vt 0.790621 0.022008
vt 0.762543 0.022008
vt 0.734064 0.022008
vt 0.705302 0.022008
vt 0.676333 0.022008
vt 0.647212 0.022008
vt 0.617977 0.022008
vt 0.588660 0.022008
vt 0.994195 0.021940
vt 1.002413 0.021940
vt 1.002392 0.021879
vt 0.514994 0.016107
vt 0.514568 0.016108
vt 0.514187 0.016108
vt 0.513864 0.016108
vt 0.513614 0.016108
vt 0.513444 0.016108
vt 0.513362 0.016107
vt 0.513369 0.016107
vt 0.513464 0.016107
vt 0.513643 0.016108
vt 0.513898 0.016108
vt 0.514220 0.016108
vt 0.514597 0.016107
vt 0.515013 0.016108
vt 0.515453 0.016108
vt 0.515902 0.016108
vt 0.516343 0.016108
vt 0.516759 0.016108
vt 0.517135 0.016107
vt 0.517457 0.016108
vt 0.517713 0.016108
vt 0.517892 0.016108
vt 0.517988 0.016108
vt 0.517995 0.016108
vt 0.517913 0.016107
vt 0.517743 0.016108
vt 0.517493 0.016108
vt 0.937604 0.021940
vt 0.937605 0.021879
vt 0.093742 0.021879
vt 0.093742 0.021939
vt 0.101547 0.021939
vt 0.187500 0.021879
vt 0.187500 0.021940
vt 0.281250 0.021879
vt 0.281250 0.021940
vt 0.375000 0.021879
vt 0.375000 0.021939
vt 0.468750 0.021879
vt 0.468750 0.021940
vt 0.562500 0.021879
vt 0.562500 0.021939
vt 0.656250 0.021879
vt 0.656250 0.021940
vt 0.750000 0.021879
vt 0.750000 0.021939
vt 0.843750 0.021879
vt 0.843750 0.021939
vt 0.914086 0.021811
vt 0.070225 0.021811
vt 0.101548 0.021811
vt 0.132804 0.021811
vt 0.164054 0.021811
vt 0.195304 0.021811
vt 0.226554 0.021811
vt 0.257804 0.021811
vt 0.289054 0.021811
vt 0.320304 0.021811
vt 0.351554 0.021811
vt 0.382804 0.021811
vt 0.414054 0.021811
vt 0.445304 0.021811
vt 0.476554 0.021811
vt 0.507804 0.021811
vt 0.539054 0.021811
vt 0.570304 0.021811
vt 0.601554 0.021811
vt 0.632804 0.021811
vt 0.664054 0.021811
vt 0.695305 0.021811
vt 0.726554 0.021811
vt 0.757804 0.021811
vt 0.789054 0.021811
vt 0.820305 0.021811
vt 0.851555 0.021811
vt 0.882807 0.021811
vt 0.038468 0.021811
vt 0.945569 0.021811
vt 0.977714 0.021811
vt 0.085914 0.021811
vt 0.117193 0.021811
vt 0.148446 0.021811
vt 0.179696 0.021811
vt 0.210946 0.021811
vt 0.218750 0.017685
vt 0.242196 0.021811
vt 0.273446 0.021811
vt 0.304696 0.021811
vt 0.335946 0.021811
vt 0.367196 0.021811
vt 0.398446 0.021811
vt 0.429696 0.021811
vt 0.460946 0.021811
vt 0.468750 0.017685
vt 0.492196 0.021811
vt 0.523446 0.021811
vt 0.554696 0.021811
vt 0.585946 0.021811
vt 0.593750 0.017685
vt 0.617196 0.021811
vt 0.648446 0.021811
vt 0.679696 0.021811
vt 0.710946 0.021811
vt 0.718750 0.017685
vt 0.742196 0.021811
vt 0.773446 0.021811
vt 0.804696 0.021811
vt 0.835946 0.021811
vt 0.843750 0.017685
vt 0.867196 0.021811
vt 0.898452 0.021811
vt 0.906258 0.017685
vt 0.929775 0.021811
vt 0.937592 0.017685
vt 0.898453 0.021940
vt -0.002413 0.021940
vt -0.002392 0.021879
vt 0.339483 0.016107
vt 0.228096 0.016108
vt 0.121602 0.016108
vt 0.196149 0.016108
vt 0.134177 0.016108
vt 0.180776 0.016108
vt 0.157039 0.016108
vt 0.191639 0.016107
vt 0.182879 0.016108
vt 0.210561 0.016107
vt 0.210078 0.016108
vt 0.233001 0.016107
vt 0.238044 0.016108
vt 0.257330 0.016108
vt 0.266496 0.016108
vt 0.282811 0.016107
vt 0.295281 0.016108
vt 0.309053 0.016108
vt 0.324304 0.016108
vt 0.335826 0.016107
vt 0.353502 0.016107
vt 0.362981 0.016108
vt 0.382828 0.016107
vt 0.390415 0.016107
vt 0.412251 0.016107
vt 0.418053 0.016107
vt 0.441741 0.016108
vt 0.445836 0.016108
vt 0.471278 0.016108
vt 0.473716 0.016108
vt 0.500842 0.016107
vt 0.501653 0.016108
vt 0.530414 0.016107
vt 0.529608 0.016108
vt 0.559978 0.016107
vt 0.557545 0.016107
vt 0.589515 0.016108
vt 0.585426 0.016108
vt 0.619006 0.016108
vt 0.613209 0.016107
vt 0.648428 0.016108
vt 0.640848 0.016108
vt 0.677755 0.016108
vt 0.668283 0.016108
vt 0.706953 0.016108
vt 0.695439 0.016107
vt 0.735977 0.016108
vt 0.722213 0.016108
vt 0.764763 0.016108
vt 0.748458 0.016108
vt 0.793217 0.016108
vt 0.773942 0.016107
vt 0.821185 0.016107
vt 0.798278 0.016107
vt 0.848390 0.016107
vt 0.820732 0.016107
vt 0.874254 0.016107
vt 0.839693 0.016108
vt 0.897223 0.016107
vt 0.850673 0.016107
vt 0.910133 0.016108
vt 0.835562 0.016108
vt 0.574313 0.016107
vt 0.692512 0.016108
vt 0.457304 0.016108
vt 0.386613 0.016108
vt 0.364378 0.016108
vt 0.361346 0.016108
vt 0.365210 0.016108
vt 0.372441 0.016108
vt 0.381784 0.016108
vt 0.392661 0.016108
vt 0.404737 0.016108
vt 0.417780 0.016108
vt 0.431609 0.016108
vt 0.446073 0.016108
vt 0.461037 0.016108
vt 0.476378 0.016108
vt 0.491983 0.016108
vt 0.507745 0.016108
vt 0.523558 0.016108
vt 0.539320 0.016108
vt 0.554926 0.016108
vt 0.570269 0.016108
vt 0.585234 0.016108
vt 0.599699 0.016108
vt 0.613531 0.016108
vt 0.626577 0.016108
vt 0.638657 0.016108
vt 0.649539 0.016108
vt 0.658890 0.016107
vt 0.666132 0.016108
vt 0.670023 0.016108
vt 0.667049 0.016108
vt 0.644912 0.016108
vt 0.518973 0.016108
vt 0.517851 0.016108
vt 0.522066 0.016108
vt 0.525359 0.016108
vt 0.500156 0.016108
vt 0.505424 0.016108
vt 0.509304 0.016108
vt 0.506018 0.016108
vt 0.504722 0.016108
vt 0.498287 0.016108
vt 0.526657 0.016108
vt 0.519470 0.016108
vt 0.531218 0.016108
vt 0.536261 0.016108
vt 0.538561 0.016108
vt 0.533090 0.016108
vt 0.540273 0.016108
vt 0.542885 0.016108
vt 0.543123 0.016107
vt 0.545934 0.016107
vt 0.544760 0.016108
vt 0.547658 0.016108
vt 0.545200 0.016108
vt 0.548079 0.016108
vt 0.544509 0.016108
vt 0.547272 0.016108
vt 0.542787 0.016108
vt 0.545349 0.016108
vt 0.540158 0.016108
vt 0.542445 0.016108
vt 0.536756 0.016108
vt 0.538707 0.016108
vt 0.532722 0.016108
vt 0.534289 0.016108
vt 0.528198 0.016108
vt 0.529343 0.016108
vt 0.523326 0.016108
vt 0.524022 0.016108
vt 0.518245 0.016108
vt 0.518478 0.016108
vt 0.513095 0.016108
vt 0.512860 0.016108
vt 0.508014 0.016108
vt 0.507316 0.016108
vt 0.503142 0.016107
vt 0.501997 0.016107
vt 0.498620 0.016108
vt 0.497053 0.016108
vt 0.494588 0.016108
vt 0.492636 0.016108
vt 0.491189 0.016108
vt 0.488901 0.016107
vt 0.488562 0.016107
vt 0.486000 0.016107
vt 0.486844 0.016108
vt 0.484080 0.016108
vt 0.486156 0.016108
vt 0.483277 0.016108
vt 0.486600 0.016108
vt 0.483703 0.016108
vt 0.488241 0.016108
vt 0.485431 0.016108
vt 0.491095 0.016108
vt 0.488484 0.016108
vt 0.495110 0.016108
vt 0.492812 0.016108
vt 0.514629 0.016108
vt 0.513520 0.016108
vt 0.512576 0.016108
vt 0.512405 0.016108
vt 0.502066 0.016108
vt 0.510680 0.016108
vt 0.499372 0.016108
vt 0.509029 0.016108
vt 0.497432 0.016108
vt 0.507693 0.016108
vt 0.496288 0.016108
vt 0.506717 0.016108
vt 0.495937 0.016108
vt 0.506124 0.016108
vt 0.496343 0.016108
vt 0.505919 0.016108
vt 0.497447 0.016108
vt 0.506089 0.016108
vt 0.499174 0.016108
vt 0.506610 0.016107
vt 0.501435 0.016108
vt 0.507445 0.016108
vt 0.504138 0.016108
vt 0.508556 0.016108
vt 0.507186 0.016107
vt 0.509896 0.016108
vt 0.510481 0.016108
vt 0.511416 0.016108
vt 0.513926 0.016108
vt 0.513067 0.016108
vt 0.517419 0.016108
vt 0.514797 0.016108
vt 0.520864 0.016108
vt 0.516553 0.016108
vt 0.524160 0.016108
vt 0.518284 0.016108
vt 0.527210 0.016108
vt 0.519935 0.016108
vt 0.529914 0.016108
vt 0.521456 0.016107
vt 0.532176 0.016108
vt 0.522797 0.016108
vt 0.533905 0.016108
vt 0.523908 0.016108
vt 0.535011 0.016108
vt 0.524745 0.016108
vt 0.535420 0.016108
vt 0.525266 0.016108
vt 0.535071 0.016108
vt 0.525437 0.016108
vt 0.533930 0.016108
vt 0.525234 0.016108
vt 0.531993 0.016108
vt 0.524643 0.016108
vt 0.529301 0.016108
vt 0.523668 0.016108
vt 0.525945 0.016108
vt 0.522332 0.016108
vt 0.520683 0.016108
vt 0.518787 0.016108
vt 0.516735 0.016108
vt 0.991721 0.016108
vt 0.804076 0.016107
vt 0.511911 0.016108
vt 0.062404 0.022026
vt 0.030522 0.022026
vt 0.030527 0.021858
vt 0.030673 0.016275
vt -0.001728 0.016275
vt -0.002464 0.021859
vt -0.001706 0.016108
vt 0.030677 0.016108
vt 0.093743 0.022026
vt 0.125000 0.022026
vt 0.156250 0.022026
vt 0.187500 0.022026
vt 0.218750 0.022026
vt 0.250000 0.022026
vt 0.281250 0.022026
vt 0.312500 0.022026
vt 0.343750 0.022026
vt 0.375000 0.022026
vt 0.406250 0.022026
vt 0.437500 0.022026
vt 0.468750 0.022026
vt 0.500000 0.022026
vt 0.531250 0.022026
vt 0.562500 0.022026
vt 0.593750 0.022026
vt 0.625000 0.022026
vt 0.656250 0.022026
vt 0.687500 0.022026
vt 0.718750 0.022026
vt 0.750000 0.022026
vt 0.781250 0.022026
vt 0.812500 0.022026
vt 0.843750 0.022026
vt 0.875000 0.022026
vt 0.906257 0.022026
vt 0.937596 0.022026
vt 0.969478 0.022026
vt 0.062404 0.021858
vt 0.062410 0.016275
vt 1.002463 0.021859
vt 0.969473 0.021859
vt 0.969327 0.016275
vt 1.001728 0.016275
vt 0.093743 0.021858
vt 0.093742 0.016275
vt 0.125000 0.021858
vt 0.125000 0.016275
vt 0.156250 0.021858
vt 0.156250 0.016275
vt 0.187500 0.021858
vt 0.187500 0.016275
vt 0.218750 0.021859
vt 0.218750 0.016275
vt 0.250000 0.021859
vt 0.250000 0.016275
vt 0.281250 0.021859
vt 0.281250 0.016275
vt 0.312500 0.021859
vt 0.312500 0.016275
vt 0.343750 0.021859
vt 0.343750 0.016275
vt 0.375000 0.021858
vt 0.375000 0.016275
vt 0.406250 0.021858
vt 0.406250 0.016275
vt 0.437500 0.021859
vt 0.437500 0.016275
vt 0.468750 0.021859
vt 0.468750 0.016275
vt 0.500000 0.021858
vt 0.500000 0.016275
vt 0.531250 0.021858
vt 0.531250 0.016275
vt 0.562500 0.021858
vt 0.562500 0.016275
vt 0.593750 0.021858
vt 0.593750 0.016275
vt 0.625000 0.021858
vt 0.625000 0.016275
vt 0.656250 0.021858
vt 0.656250 0.016275
vt 0.687500 0.021859
vt 0.687500 0.016275
vt 0.718750 0.021859
vt 0.718750 0.016275
vt 0.750000 0.021858
vt 0.750000 0.016275
vt 0.781250 0.021859
vt 0.781250 0.016275
vt 0.812500 0.021858
vt 0.812500 0.016275
vt 0.843750 0.021858
vt 0.843750 0.016275
vt 0.875000 0.021858
vt 0.875001 0.016275
vt 0.906257 0.021859
vt 0.906258 0.016275
vt 0.937596 0.021858
vt 0.937590 0.016275
vt 0.062404 0.021859
vt 1.002485 0.022026
vt 0.969322 0.016108
vt 1.001706 0.016108
vt 0.906258 0.016107
vt 0.937590 0.016107
vt 0.062410 0.016108
vt 0.093742 0.016108
vt 0.124999 0.016107
vt 0.156250 0.016108
vt 0.187500 0.016108
vt 0.218750 0.016108
vt 0.250000 0.016108
vt 0.281250 0.016107
vt 0.312500 0.016108
vt 0.343750 0.016108
vt 0.375000 0.016107
vt 0.406250 0.016107
vt 0.437500 0.016108
vt 0.468750 0.016108
vt 0.500000 0.016108
vt 0.531250 0.016107
vt 0.562500 0.016107
vt 0.593750 0.016107
vt 0.625000 0.016108
vt 0.656250 0.016108
vt 0.687500 0.016108
vt 0.718750 0.016108
vt 0.750000 0.016108
vt 0.781250 0.016108
vt 0.812500 0.016108
vt 0.843750 0.016107
vt 0.875001 0.016108
vt -0.002460 0.022026
vt -0.002486 0.022026
vt 1.002459 0.022026
vt 0.937597 0.022026
vt 0.062403 0.022026
vt -0.001681 0.016108
vt 0.969323 0.016108
vt 1.001681 0.016108
s 1
f 1/1/1 2/2/2 3/3/3
f 4/4/4 5/5/5 6/6/6
f 5/5/7 7/7/8 8/8/9
f 9/9/10 10/10/11 5/5/7
f 11/11/12 12/12/13 13/13/14
f 14/14/15 13/13/14 15/15/16
f 16/16/17 17/17/18 18/18/19
f 19/19/20 20/20/21 21/21/22
f 22/22/23 23/23/24 24/24/25
f 25/25/26 26/26/27 27/27/28
f 28/28/29 29/29/30 30/30/31
f 31/31/32 32/32/33 33/33/34
f 34/34/35 35/35/36 36/36/37
f 37/37/38 38/38/39 39/39/40
f 40/40/41 41/41/42 42/42/43
f 43/43/44 44/44/45 45/45/46
f 46/46/47 47/47/48 48/48/49
f 49/49/50 50/50/51 51/49/52
f 52/51/53 53/52/54 54/53/55
f 55/54/56 53/52/54 56/55/57
f 57/56/58 58/57/59 59/58/60
f 60/59/42 61/60/61 57/56/58
f 62/61/62 63/62/63 64/63/64
f 64/63/64 65/64/65 66/65/66
f 67/66/67 68/67/68 69/68/69
f 70/69/70 71/70/71 67/66/67
f 72/71/72 73/72/73 70/69/70
f 74/73/74 75/74/75 72/71/72
f 76/75/18 77/76/76 74/73/74
f 78/77/77 79/78/19 76/75/18
f 80/79/78 81/80/79 78/77/77
f 82/81/80 83/82/81 80/79/78
f 84/83/82 85/84/83 82/81/80
f 86/85/84 87/86/85 84/83/82
f 88/87/21 89/88/86 86/85/84
f 90/89/87 91/90/88 88/87/21
f 92/91/89 93/92/90 90/89/87
f 94/93/91 95/94/92 92/91/89
f 96/95/93 97/96/94 94/93/91
f 98/97/95 99/98/96 96/95/93
f 100/99/24 101/100/97 98/97/95
f 102/101/98 103/102/99 100/99/24
f 104/103/100 105/104/101 102/101/98
f 106/105/102 107/106/103 104/103/100
f 108/107/104 109/108/105 106/105/102
f 110/109/106 111/110/107 108/107/104
f 112/111/27 113/112/108 110/109/106
f 114/113/109 115/114/110 112/111/27
f 116/115/111 117/116/112 114/113/109
f 118/117/113 119/118/114 116/115/111
f 120/119/115 121/120/116 118/117/113
f 122/121/117 123/122/118 120/119/115
f 124/123/30 125/124/119 122/121/117
f 126/125/120 127/126/31 124/123/30
f 128/127/121 129/128/122 126/125/120
f 130/129/123 131/130/124 128/127/121
f 132/131/125 133/132/126 130/129/123
f 134/133/127 135/134/128 132/131/125
f 136/135/33 137/136/129 134/133/127
f 138/137/130 139/138/131 136/135/33
f 140/139/132 141/140/133 138/137/130
f 142/141/134 143/142/135 140/139/132
f 144/143/136 145/144/137 142/141/134
f 146/145/138 147/146/139 144/143/136
f 148/147/140 149/148/141 146/145/138
f 150/149/142 151/150/37 148/147/140
f 152/151/143 153/152/144 150/149/142
f 154/153/145 155/154/146 152/151/143
f 156/155/147 157/156/148 154/153/145
f 158/157/149 159/158/150 156/155/147
f 160/159/39 161/160/151 158/157/149
f 162/161/152 163/162/40 160/159/39
f 164/163/153 165/164/154 162/161/152
f 166/165/155 167/166/156 164/163/153
f 59/58/60 168/167/157 166/165/155
f 169/168/158 170/169/159 60/59/42
f 49/49/50 171/170/160 50/50/51
f 69/68/69 172/171/161 49/49/50
f 173/172/162 174/173/163 175/174/164
f 50/50/51 176/175/165 173/172/162
f 177/176/166 178/177/167 169/168/158
f 179/178/168 180/179/169 177/176/166
f 66/65/66 181/180/170 179/178/168
f 175/174/164 182/181/171 183/182/62
f 184/183/172 185/184/173 186/185/174
f 187/186/175 188/187/66 189/188/176
f 190/189/177 191/190/72 192/191/75
f 193/192/178 194/193/82 195/194/85
f 196/195/179 197/196/93 198/197/96
f 199/198/180 200/199/104 201/200/181
f 202/201/182 203/202/183 204/203/184
f 205/204/185 206/205/125 207/206/186
f 208/207/187 209/208/188 210/209/139
f 211/210/189 212/211/190 213/212/191
f 214/213/192 215/214/193 216/215/194
f 217/216/195 186/185/174 218/217/196
f 62/61/62 64/63/64 219/61/197
f 220/218/198 48/48/49 185/184/173
f 173/172/162 175/174/164 221/172/199
f 72/71/72 70/69/70 222/71/200
f 76/75/18 74/73/74 223/75/201
f 80/79/78 78/77/77 224/79/202
f 84/83/82 82/81/80 225/83/203
f 88/87/21 86/85/84 226/87/204
f 92/91/89 90/89/87 227/91/205
f 96/95/93 94/93/91 228/95/206
f 100/99/24 98/97/95 229/99/207
f 104/103/100 102/101/98 230/103/208
f 108/107/104 106/105/102 231/107/209
f 112/111/27 110/109/106 232/111/210
f 116/115/111 114/113/109 233/115/211
f 120/119/115 118/117/113 234/119/212
f 124/123/30 122/121/117 235/123/213
f 128/127/121 126/125/120 236/127/214
f 132/131/125 130/129/123 237/131/215
f 136/135/33 134/133/127 238/135/216
f 140/139/132 138/137/130 239/139/217
f 144/143/136 142/141/134 240/143/218
f 148/147/140 146/145/138 241/147/219
f 152/151/143 150/149/142 242/151/220
f 156/155/147 154/153/145 243/155/221
f 160/159/39 158/157/149 244/159/222
f 164/163/153 162/161/152 245/163/223
f 59/58/60 166/165/155 246/58/224
f 60/59/42 57/56/58 247/59/225
f 177/176/166 169/168/158 248/176/226
f 249/219/227 8/8/9 250/220/44
f 66/65/66 179/178/168 251/65/228
f 67/66/67 69/68/69 252/66/229
f 54/53/55 53/52/54 253/221/230
f 175/174/164 183/182/62 254/182/231
f 255/222/232 256/223/233 47/47/48
f 257/224/234 258/225/235 259/226/236
f 13/13/14 260/227/237 11/11/12
f 261/228/238 262/229/239 263/230/240
f 11/11/12 260/227/237 264/231/241
f 15/15/16 265/232/242 14/14/15
f 266/233/243 263/230/240 267/234/244
f 258/225/235 12/12/13 11/11/12
f 14/14/15 265/232/242 268/235/245
f 256/223/233 269/236/246 270/237/247
f 271/238/248 267/234/244 272/239/249
f 260/227/237 13/13/14 14/14/15
f 270/237/247 269/236/246 273/240/250
f 47/47/48 274/241/251 255/222/232
f 275/242/252 272/239/249 276/243/253
f 265/232/242 15/15/16 270/237/247
f 255/222/232 274/241/251 277/244/254
f 48/48/49 278/245/255 46/46/47
f 279/246/256 276/243/253 280/247/257
f 269/236/246 256/223/233 255/222/232
f 46/46/47 278/245/255 281/248/258
f 185/184/173 282/249/259 220/218/198
f 283/250/260 280/247/257 284/251/261
f 274/241/251 47/47/48 46/46/47
f 220/218/198 282/249/259 285/252/262
f 186/185/174 286/253/263 184/183/172
f 287/254/264 284/251/261 288/255/265
f 278/245/255 48/48/49 220/218/198
f 184/183/172 286/253/263 289/256/266
f 218/217/196 290/257/267 217/216/195
f 291/258/268 288/255/265 292/259/269
f 282/249/259 185/184/173 184/183/172
f 217/216/195 290/257/267 293/260/270
f 262/229/239 294/261/271 295/262/272
f 296/263/273 292/259/269 297/264/274
f 286/253/263 186/185/174 217/216/195
f 295/262/272 294/261/271 298/265/275
f 263/230/240 299/266/276 261/228/238
f 300/267/277 297/264/274 301/268/278
f 290/257/267 218/217/196 295/262/272
f 261/228/238 299/266/276 302/269/279
f 267/234/244 303/270/280 266/233/243
f 304/271/281 301/268/278 305/272/282
f 294/261/271 262/229/239 261/228/238
f 266/233/243 303/270/280 306/273/283
f 272/239/249 307/274/284 271/238/248
f 308/275/285 305/272/282 309/276/286
f 299/266/276 263/230/240 266/233/243
f 271/238/248 307/274/284 310/277/287
f 276/243/253 311/278/288 275/242/252
f 312/279/289 309/276/286 313/280/290
f 303/270/280 267/234/244 271/238/248
f 275/242/252 311/278/288 314/281/291
f 280/247/257 315/282/292 279/246/256
f 316/283/293 313/280/290 317/284/294
f 307/274/284 272/239/249 275/242/252
f 279/246/256 315/282/292 318/285/295
f 284/251/261 319/286/296 283/250/260
f 320/287/297 317/284/294 321/288/298
f 311/278/288 276/243/253 279/246/256
f 283/250/260 319/286/296 322/289/299
f 288/255/265 323/290/300 287/254/264
f 324/291/301 321/288/298 325/292/302
f 315/282/292 280/247/257 283/250/260
f 287/254/264 323/290/300 326/293/303
f 292/259/269 327/294/304 291/258/268
f 328/295/305 325/292/302 329/296/306
f 319/286/296 284/251/261 287/254/264
f 291/258/268 327/294/304 330/297/307
f 297/264/274 331/298/308 296/263/273
f 332/299/309 329/296/306 333/300/310
f 323/290/300 288/255/265 291/258/268
f 296/263/273 331/298/308 334/301/311
f 301/268/278 335/302/312 300/267/277
f 336/303/313 333/300/310 337/304/314
f 327/294/304 292/259/269 296/263/273
f 300/267/277 335/302/312 338/305/315
f 305/272/282 339/306/316 304/271/281
f 340/307/317 337/304/314 341/308/318
f 331/298/308 297/264/274 300/267/277
f 304/271/281 339/306/316 342/309/319
f 309/276/286 343/310/320 308/275/285
f 2/2/2 341/308/318 344/311/321
f 335/302/312 301/268/278 304/271/281
f 308/275/285 343/310/320 345/312/322
f 313/280/290 346/313/323 312/279/289
f 347/314/324 348/315/325 349/316/326
f 339/306/316 305/272/282 308/275/285
f 312/279/289 346/313/323 350/317/327
f 317/284/294 351/318/328 316/283/293
f 343/310/320 309/276/286 312/279/289
f 316/283/293 351/318/328 352/319/329
f 321/288/298 353/320/330 320/287/297
f 346/313/323 313/280/290 316/283/293
f 320/287/297 353/320/330 354/321/331
f 325/292/302 355/322/332 324/291/301
f 5/5/7 356/323/333 9/9/10
f 351/318/328 317/284/294 320/287/297
f 324/291/301 355/322/332 357/324/334
f 329/296/306 358/325/335 328/295/305
f 353/320/330 321/288/298 324/291/301
f 328/295/305 358/325/335 359/326/336
f 333/300/310 360/327/337 332/299/309
f 50/50/51 221/172/199 51/49/52
f 355/322/332 325/292/302 328/295/305
f 332/299/309 360/327/337 361/328/338
f 337/304/314 362/329/339 336/303/313
f 257/224/234 363/330/10 12/12/13
f 358/325/335 329/296/306 332/299/309
f 336/303/313 362/329/339 364/331/340
f 341/308/318 1/1/1 340/307/317
f 360/327/337 333/300/310 336/303/313
f 340/307/317 1/1/1 365/332/341
f 344/311/321 366/333/4 2/2/2
f 4/4/4 367/334/333 5/5/5
f 362/329/339 337/304/314 340/307/317
f 295/262/272 218/217/196 262/229/239
f 2/2/2 366/333/4 368/335/342
f 12/12/13 258/225/235 257/224/234
f 1/1/1 341/308/318 2/2/2
f 369/336/11 363/330/10 257/224/234
f 258/225/235 11/11/12 370/337/343
f 265/232/242 270/237/247 371/338/344
f 269/236/246 255/222/232 372/339/345
f 274/241/251 46/46/47 373/340/346
f 278/245/255 220/218/198 374/341/347
f 282/249/259 184/183/172 375/342/348
f 286/253/263 217/216/195 376/343/349
f 290/257/267 295/262/272 377/344/350
f 294/261/271 261/228/238 378/345/351
f 299/266/276 266/233/243 379/346/352
f 303/270/280 271/238/248 380/347/353
f 307/274/284 275/242/252 381/348/354
f 311/278/288 279/246/256 382/349/355
f 315/282/292 283/250/260 383/350/356
f 319/286/296 287/254/264 384/351/357
f 323/290/300 291/258/268 385/352/358
f 327/294/304 296/263/273 386/353/359
f 331/298/308 300/267/277 387/354/360
f 335/302/312 304/271/281 388/355/361
f 339/306/316 308/275/285 389/356/362
f 343/310/320 312/279/289 390/357/363
f 346/313/323 316/283/293 391/358/364
f 351/318/328 320/287/297 392/359/365
f 353/320/330 324/291/301 393/360/366
f 355/322/332 328/295/305 394/361/367
f 358/325/335 332/299/309 395/362/368
f 360/327/337 336/303/313 396/363/369
f 362/329/339 340/307/317 397/364/370
f 260/227/237 14/14/15 398/365/371
f 399/220/45 250/220/44 400/366/8
f 250/220/44 8/8/9 400/366/8
f 370/337/343 401/367/372 258/225/235
f 401/367/372 402/368/373 258/225/235
f 6/6/6 403/369/374 366/333/4
f 403/369/374 368/335/342 366/333/4
f 398/365/371 404/370/375 260/227/237
f 404/370/375 405/371/241 260/227/237
f 371/338/344 406/372/376 265/232/242
f 406/372/376 407/373/377 265/232/242
f 372/339/345 408/374/378 269/236/246
f 408/374/378 409/375/379 269/236/246
f 373/340/346 410/376/380 274/241/251
f 410/376/380 411/377/254 274/241/251
f 374/341/347 412/378/381 278/245/255
f 412/378/381 413/379/382 278/245/255
f 375/342/348 414/380/383 282/249/259
f 414/380/383 415/381/262 282/249/259
f 376/343/349 416/382/384 286/253/263
f 416/382/384 417/383/266 286/253/263
f 377/344/350 418/384/385 290/257/267
f 418/384/385 419/385/386 290/257/267
f 378/345/351 420/386/387 294/261/271
f 420/386/387 421/387/275 294/261/271
f 379/346/352 422/388/388 299/266/276
f 422/388/388 423/389/389 299/266/276
f 380/347/353 424/390/390 303/270/280
f 424/390/390 425/391/391 303/270/280
f 381/348/354 426/392/392 307/274/284
f 426/392/392 427/393/287 307/274/284
f 382/349/355 428/394/393 311/278/288
f 428/394/393 429/395/394 311/278/288
f 383/350/356 430/396/395 315/282/292
f 430/396/395 431/397/396 315/282/292
f 384/351/357 432/398/397 319/286/296
f 432/398/397 433/399/398 319/286/296
f 385/352/358 434/400/399 323/290/300
f 434/400/399 435/401/400 323/290/300
f 386/353/359 436/402/401 327/294/304
f 436/402/401 437/403/307 327/294/304
f 387/354/360 438/404/402 331/298/308
f 438/404/402 439/405/403 331/298/308
f 388/355/361 440/406/404 335/302/312
f 440/406/404 441/407/405 335/302/312
f 389/356/362 442/408/406 339/306/316
f 442/408/406 443/409/319 339/306/316
f 390/357/363 444/410/407 343/310/320
f 444/410/407 445/411/408 343/310/320
f 391/358/364 446/412/409 346/313/323
f 446/412/409 447/413/327 346/313/323
f 392/359/365 448/414/410 351/318/328
f 448/414/410 449/415/329 351/318/328
f 393/360/366 450/416/411 353/320/330
f 450/416/411 451/417/412 353/320/330
f 394/361/367 452/418/413 355/322/332
f 452/418/413 453/419/334 355/322/332
f 395/362/368 454/420/414 358/325/335
f 454/420/414 455/421/415 358/325/335
f 396/363/369 456/422/416 360/327/337
f 456/422/416 457/423/417 360/327/337
f 397/364/370 458/424/418 362/329/339
f 458/424/418 459/425/340 362/329/339
f 3/3/3 460/426/419 1/1/1
f 460/426/419 365/332/341 1/1/1
f 8/8/9 461/427/420 462/428/7
f 461/427/420 6/6/6 462/428/7
f 368/335/342 463/429/421 2/2/2
f 463/429/421 3/3/3 2/2/2
f 365/332/341 464/430/422 340/307/317
f 464/430/422 397/364/370 340/307/317
f 364/331/340 465/431/423 336/303/313
f 465/431/423 396/363/369 336/303/313
f 361/328/338 466/432/424 332/299/309
f 466/432/424 395/362/368 332/299/309
f 359/326/336 467/433/425 328/295/305
f 467/433/425 394/361/367 328/295/305
f 357/324/334 468/434/426 324/291/301
f 468/434/426 393/360/366 324/291/301
f 354/321/331 469/435/427 320/287/297
f 469/435/427 392/359/365 320/287/297
f 352/319/329 470/436/428 316/283/293
f 470/436/428 391/358/364 316/283/293
f 350/317/327 471/437/429 312/279/289
f 471/437/429 390/357/363 312/279/289
f 345/312/322 472/438/430 308/275/285
f 472/438/430 389/356/362 308/275/285
f 342/309/319 473/439/431 304/271/281
f 473/439/431 388/355/361 304/271/281
f 338/305/315 474/440/432 300/267/277
f 474/440/432 387/354/360 300/267/277
f 334/301/311 475/441/433 296/263/273
f 475/441/433 386/353/359 296/263/273
f 330/297/307 476/442/434 291/258/268
f 476/442/434 385/352/358 291/258/268
f 326/293/303 477/443/435 287/254/264
f 477/443/435 384/351/357 287/254/264
f 322/289/299 478/444/436 283/250/260
f 478/444/436 383/350/356 283/250/260
f 318/285/295 479/445/437 279/246/256
f 479/445/437 382/349/355 279/246/256
f 314/281/291 480/446/438 275/242/252
f 480/446/438 381/348/354 275/242/252
f 310/277/287 481/447/439 271/238/248
f 481/447/439 380/347/353 271/238/248
f 306/273/283 482/448/440 266/233/243
f 482/448/440 379/346/352 266/233/243
f 302/269/279 483/449/441 261/228/238
f 483/449/441 378/345/351 261/228/238
f 298/265/275 484/450/442 295/262/272
f 484/450/442 377/344/350 295/262/272
f 293/260/270 485/451/443 217/216/195
f 485/451/443 376/343/349 217/216/195
f 289/256/266 486/452/444 184/183/172
f 486/452/444 375/342/348 184/183/172
f 285/252/262 487/453/445 220/218/198
f 487/453/445 374/341/347 220/218/198
f 281/248/258 488/454/446 46/46/47
f 488/454/446 373/340/346 46/46/47
f 277/244/254 489/455/447 255/222/232
f 489/455/447 372/339/345 255/222/232
f 273/240/250 490/456/448 270/237/247
f 490/456/448 371/338/344 270/237/247
f 268/235/245 491/457/449 14/14/15
f 491/457/449 398/365/371 14/14/15
f 264/231/241 492/458/450 11/11/12
f 492/458/450 370/337/343 11/11/12
f 259/226/236 493/459/451 257/224/234
f 493/459/451 44/44/45 257/224/234
f 403/369/374 6/6/6 494/460/452
f 460/426/419 3/3/3 495/461/453
f 370/337/343 496/462/454 497/463/372
f 498/464/455 499/465/456 500/466/457
f 501/467/458 502/468/459 503/469/460
f 504/470/461 505/471/462 506/472/463
f 42/42/43 499/465/456 498/464/455
f 507/473/464 508/474/465 509/475/466
f 216/215/194 505/471/462 504/470/461
f 510/476/467 511/477/468 512/478/154
f 513/479/469 508/474/465 507/473/464
f 514/480/470 515/481/149 516/482/151
f 39/39/40 511/477/468 510/476/467
f 517/483/471 518/484/472 519/485/148
f 213/212/191 515/481/149 514/480/470
f 520/486/473 521/487/142 522/488/474
f 523/489/475 518/484/472 517/483/471
f 524/490/476 525/491/477 526/492/478
f 36/36/37 521/487/142 520/486/473
f 527/493/479 528/494/480 529/495/481
f 210/209/139 525/491/477 524/490/476
f 530/496/482 531/497/130 532/498/483
f 533/499/135 528/494/480 527/493/479
f 534/500/484 535/501/485 536/502/486
f 33/33/34 531/497/130 530/496/482
f 537/503/487 538/504/488 539/505/126
f 207/206/186 535/501/485 534/500/484
f 540/506/489 541/507/490 542/508/491
f 543/509/124 538/504/488 537/503/487
f 544/510/492 545/511/493 546/512/494
f 30/30/31 541/507/490 540/506/489
f 547/513/495 548/514/113 549/515/496
f 204/203/184 545/511/493 544/510/492
f 550/516/497 551/517/109 552/518/498
f 553/519/114 548/514/113 547/513/495
f 554/520/499 555/521/500 556/522/501
f 27/27/28 551/517/109 550/516/497
f 557/523/502 558/524/102 559/525/503
f 201/200/181 555/521/500 554/520/499
f 560/526/504 561/527/505 562/528/506
f 563/529/507 558/524/102 557/523/502
f 564/530/508 565/531/509 566/532/97
f 24/24/25 561/527/505 560/526/504
f 567/533/510 568/534/91 569/535/94
f 198/197/96 565/531/509 564/530/508
f 570/536/511 571/537/512 572/538/90
f 573/539/513 568/534/91 567/533/510
f 574/540/514 575/541/84 576/542/515
f 21/21/22 571/537/512 570/536/511
f 577/543/516 578/544/517 579/545/518
f 195/194/85 575/541/84 574/540/514
f 580/546/519 581/547/520 582/548/521
f 583/549/81 578/544/517 577/543/516
f 584/550/522 585/551/74 586/552/523
f 18/18/19 581/547/520 580/546/519
f 587/553/524 588/554/525 589/555/526
f 192/191/75 585/551/74 584/550/522
f 590/556/527 591/557/528 592/558/68
f 593/559/529 588/554/525 587/553/524
f 594/560/530 595/561/531 596/562/532
f 597/563/533 598/564/534 599/565/535
f 600/566/165 601/567/51 602/568/536
f 603/569/50 604/570/537 605/571/538
f 606/572/161 591/557/528 590/556/527
f 503/469/460 502/468/459 187/186/175
f 607/573/65 608/574/64 609/575/539
f 369/336/11 257/224/234 44/44/45
f 596/562/532 595/561/531 599/565/535
f 94/93/91 227/91/205 228/95/206
f 610/576/540 348/315/325 611/577/541
f 90/89/87 226/87/204 227/91/205
f 612/578/542 348/315/325 610/576/540
f 86/85/84 225/83/203 226/87/204
f 613/579/543 348/315/325 612/578/542
f 82/81/80 224/79/202 225/83/203
f 614/580/544 348/315/325 613/579/543
f 78/77/77 223/75/201 224/79/202
f 615/581/545 348/315/325 614/580/544
f 74/73/74 222/71/200 223/75/201
f 616/582/546 348/315/325 615/581/545
f 70/69/70 252/66/229 222/71/200
f 617/583/547 348/315/325 616/582/546
f 57/56/58 246/58/224 247/59/225
f 618/584/548 348/315/325 617/583/547
f 166/165/155 245/163/223 246/58/224
f 619/585/549 348/315/325 618/584/548
f 162/161/152 244/159/222 245/163/223
f 620/586/550 348/315/325 619/585/549
f 158/157/149 243/155/221 244/159/222
f 621/587/551 348/315/325 620/586/550
f 154/153/145 242/151/220 243/155/221
f 622/588/552 348/315/325 621/587/551
f 623/589/553 348/315/325 347/314/324
f 150/149/142 241/147/219 242/151/220
f 624/590/554 348/315/325 622/588/552
f 175/174/164 254/182/231 221/172/199
f 146/145/138 240/143/218 241/147/219
f 625/591/555 348/315/325 624/590/554
f 626/592/556 348/315/325 623/589/553
f 142/141/134 239/139/217 240/143/218
f 627/593/557 348/315/325 625/591/555
f 628/594/558 348/315/325 626/592/556
f 138/137/130 238/135/216 239/139/217
f 629/595/559 348/315/325 627/593/557
f 630/596/560 348/315/325 628/594/558
f 134/133/127 237/131/215 238/135/216
f 56/55/57 53/52/54 52/51/53
f 631/597/561 348/315/325 630/596/560
f 130/129/123 236/127/214 237/131/215
f 632/598/562 348/315/325 631/597/561
f 126/125/120 235/123/213 236/127/214
f 633/599/563 348/315/325 632/598/562
f 634/600/564 348/315/325 633/599/563
f 635/601/565 348/315/325 634/600/564
f 636/602/566 348/315/325 635/601/565
f 637/603/567 348/315/325 636/602/566
f 638/604/568 348/315/325 637/603/567
f 102/101/98 229/99/207 230/103/208
f 639/605/569 348/315/325 638/604/568
f 98/97/95 228/95/206 229/99/207
f 611/577/541 348/315/325 639/605/569
f 169/168/158 247/59/225 248/176/226
f 122/121/117 234/119/212 235/123/213
f 118/117/113 233/115/211 234/119/212
f 114/113/109 232/111/210 233/115/211
f 110/109/106 231/107/209 232/111/210
f 106/105/102 230/103/208 231/107/209
f 69/68/69 51/49/52 252/66/229
f 609/575/539 608/574/64 640/606/570
f 641/607/571 642/608/572 640/606/570
f 349/316/326 348/315/325 629/595/559
f 64/63/64 251/65/228 219/61/197
f 643/609/573 53/52/54 55/54/56
f 644/610/574 53/52/54 643/609/573
f 645/611/575 53/52/54 644/610/574
f 646/612/576 53/52/54 645/611/575
f 647/613/577 53/52/54 646/612/576
f 648/614/578 53/52/54 647/613/577
f 649/615/579 53/52/54 648/614/578
f 650/616/580 53/52/54 649/615/579
f 651/617/581 53/52/54 650/616/580
f 652/618/582 53/52/54 651/617/581
f 653/619/583 53/52/54 652/618/582
f 654/620/584 53/52/54 653/619/583
f 655/621/585 53/52/54 654/620/584
f 656/622/586 53/52/54 655/621/585
f 657/623/587 53/52/54 656/622/586
f 658/624/588 53/52/54 657/623/587
f 659/625/589 53/52/54 658/624/588
f 660/626/590 53/52/54 659/625/589
f 661/627/591 53/52/54 660/626/590
f 662/628/592 53/52/54 661/627/591
f 663/629/593 53/52/54 662/628/592
f 664/630/594 53/52/54 663/629/593
f 665/631/595 53/52/54 664/630/594
f 666/632/596 53/52/54 665/631/595
f 667/633/597 53/52/54 666/632/596
f 668/634/598 53/52/54 667/633/597
f 669/635/599 53/52/54 668/634/598
f 253/221/230 53/52/54 669/635/599
f 500/466/457 670/636/166 671/637/600
f 602/568/536 601/567/51 605/571/538
f 672/638/601 673/639/67 674/640/602
f 675/641/603 676/642/604 583/549/81
f 677/643/605 678/644/89 573/539/513
f 679/645/606 680/646/607 563/529/507
f 681/647/608 682/648/111 553/519/114
f 683/649/609 684/650/121 543/509/124
f 685/651/610 686/652/132 533/499/135
f 687/653/611 688/654/143 523/489/475
f 689/655/612 690/656/153 513/479/469
f 179/178/168 248/176/226 251/65/228
f 268/235/245 691/657/613 491/457/449
f 365/332/341 692/658/614 464/430/422
f 364/331/340 693/659/615 465/431/423
f 361/328/338 694/660/616 466/432/424
f 359/326/336 695/661/617 467/433/425
f 357/324/334 696/662/618 468/434/426
f 354/321/331 697/663/619 469/435/427
f 352/319/329 698/664/620 470/436/428
f 350/317/327 699/665/621 471/437/429
f 345/312/322 700/666/622 472/438/430
f 342/309/319 701/667/623 473/439/431
f 338/305/315 702/668/624 474/440/432
f 334/301/311 703/669/625 475/441/433
f 330/297/307 704/670/626 476/442/434
f 326/293/303 705/671/627 477/443/435
f 322/289/299 706/672/628 478/444/436
f 318/285/295 707/673/629 479/445/437
f 314/281/291 708/674/630 480/446/438
f 310/277/287 709/675/631 481/447/439
f 306/273/283 710/676/632 482/448/440
f 302/269/279 711/677/633 483/449/441
f 298/265/275 712/678/634 484/450/442
f 293/260/270 713/679/635 485/451/443
f 289/256/266 714/680/636 486/452/444
f 285/252/262 715/681/637 487/453/445
f 281/248/258 716/682/638 488/454/446
f 277/244/254 717/683/639 489/455/447
f 273/240/250 718/684/640 490/456/448
f 368/335/342 719/685/641 463/429/421
f 8/8/9 249/219/227 461/427/420
f 264/231/241 720/686/642 492/458/450
f 259/226/236 721/687/643 493/459/451
f 397/364/370 722/688/644 458/424/418
f 396/363/369 723/689/645 456/422/416
f 395/362/368 724/690/646 454/420/414
f 394/361/367 725/691/647 452/418/413
f 393/360/366 726/692/648 727/693/411
f 392/359/365 728/694/649 448/414/410
f 391/358/364 729/695/650 446/412/409
f 390/357/363 730/696/651 444/410/407
f 389/356/362 731/697/652 442/408/406
f 388/355/361 732/698/653 440/406/404
f 387/354/360 733/699/654 438/404/402
f 386/353/359 734/700/655 436/402/401
f 385/352/358 735/701/656 736/702/399
f 384/351/357 737/703/657 432/398/397
f 383/350/356 738/704/658 430/396/395
f 382/349/355 739/705/659 428/394/393
f 381/348/354 740/706/660 741/707/661
f 380/347/353 742/708/662 424/390/390
f 379/346/352 743/709/663 422/388/388
f 378/345/351 744/710/664 420/386/387
f 377/344/350 745/711/665 746/712/385
f 376/343/349 747/713/666 416/382/384
f 375/342/348 748/714/667 414/380/383
f 374/341/347 749/715/668 412/378/381
f 373/340/346 750/716/669 751/717/670
f 372/339/345 752/718/671 408/374/378
f 371/338/344 753/719/672 754/720/673
f 398/365/371 755/721/674 756/722/675
f 757/723/676 41/41/42 40/40/41
f 259/226/236 497/463/372 721/687/643
f 692/658/614 365/332/341 460/426/419
f 719/685/641 368/335/342 403/369/374
f 130/129/123 128/127/121 236/127/214
f 134/133/127 132/131/125 237/131/215
f 138/137/130 136/135/33 238/135/216
f 142/141/134 140/139/132 239/139/217
f 146/145/138 144/143/136 240/143/218
f 150/149/142 148/147/140 241/147/219
f 154/153/145 152/151/143 242/151/220
f 158/157/149 156/155/147 243/155/221
f 64/63/64 66/65/66 251/65/228
f 162/161/152 160/159/39 244/159/222
f 166/165/155 164/163/153 245/163/223
f 50/50/51 173/172/162 221/172/199
f 57/56/58 59/58/60 246/58/224
f 69/68/69 49/49/50 51/49/52
f 169/168/158 60/59/42 247/59/225
f 70/69/70 67/66/67 252/66/229
f 179/178/168 177/176/166 248/176/226
f 74/73/74 72/71/72 222/71/200
f 78/77/77 76/75/18 223/75/201
f 106/105/102 104/103/100 230/103/208
f 82/81/80 80/79/78 224/79/202
f 110/109/106 108/107/104 231/107/209
f 86/85/84 84/83/82 225/83/203
f 114/113/109 112/111/27 232/111/210
f 90/89/87 88/87/21 226/87/204
f 118/117/113 116/115/111 233/115/211
f 94/93/91 92/91/89 227/91/205
f 122/121/117 120/119/115 234/119/212
f 98/97/95 96/95/93 228/95/206
f 126/125/120 124/123/30 235/123/213
f 102/101/98 100/99/24 229/99/207
f 398/365/371 491/457/449 755/721/674
f 671/637/600 670/636/166 501/467/458
f 397/364/370 464/430/422 722/688/644
f 396/363/369 465/431/423 723/689/645
f 395/362/368 466/432/424 724/690/646
f 394/361/367 467/433/425 725/691/647
f 393/360/366 468/434/426 726/692/648
f 392/359/365 469/435/427 728/694/649
f 391/358/364 470/436/428 729/695/650
f 390/357/363 471/437/429 730/696/651
f 389/356/362 472/438/430 731/697/652
f 388/355/361 473/439/431 732/698/653
f 387/354/360 474/440/432 733/699/654
f 386/353/359 475/441/433 734/700/655
f 385/352/358 476/442/434 735/701/656
f 384/351/357 477/443/435 737/703/657
f 383/350/356 478/444/436 738/704/658
f 382/349/355 479/445/437 739/705/659
f 381/348/354 480/446/438 740/706/660
f 380/347/353 481/447/439 742/708/662
f 379/346/352 482/448/440 743/709/663
f 378/345/351 483/449/441 744/710/664
f 377/344/350 484/450/442 745/711/665
f 376/343/349 485/451/443 747/713/666
f 375/342/348 486/452/444 748/714/667
f 374/341/347 487/453/445 749/715/668
f 373/340/346 488/454/446 750/716/669
f 372/339/345 489/455/447 752/718/671
f 371/338/344 490/456/448 753/719/672
f 189/188/176 188/187/66 607/573/65
f 3/3/3 463/429/421 495/461/453
f 603/569/50 606/572/161 604/570/537
f 6/6/6 461/427/420 494/460/452
f 370/337/343 492/458/450 496/462/454
f 44/44/45 493/459/451 45/45/46
f 597/563/533 600/566/165 598/564/534
f 364/331/340 458/424/418 693/659/615
f 758/724/62 594/560/530 759/725/572
f 361/328/338 456/422/416 694/660/616
f 592/558/68 673/639/67 672/638/601
f 359/326/336 454/420/414 695/661/617
f 589/555/526 191/190/72 190/189/177
f 357/324/334 452/418/413 696/662/618
f 586/552/523 17/17/18 16/16/17
f 354/321/331 727/693/411 697/663/619
f 582/548/521 676/642/604 675/641/603
f 352/319/329 448/414/410 698/664/620
f 579/545/518 194/193/82 193/192/178
f 350/317/327 446/412/409 699/665/621
f 576/542/515 20/20/21 19/19/20
f 345/312/322 444/410/407 700/666/622
f 572/538/90 678/644/89 677/643/605
f 342/309/319 442/408/406 701/667/623
f 569/535/94 197/196/93 196/195/179
f 338/305/315 440/406/404 702/668/624
f 566/532/97 23/23/24 22/22/23
f 334/301/311 438/404/402 703/669/625
f 562/528/506 680/646/607 679/645/606
f 330/297/307 436/402/401 704/670/626
f 559/525/503 200/199/104 199/198/180
f 326/293/303 736/702/399 705/671/627
f 556/522/501 26/26/27 25/25/26
f 322/289/299 432/398/397 706/672/628
f 552/518/498 682/648/111 681/647/608
f 318/285/295 430/396/395 707/673/629
f 549/515/496 203/202/183 202/201/182
f 314/281/291 428/394/393 708/674/630
f 546/512/494 29/29/30 28/28/29
f 310/277/287 741/707/661 709/675/631
f 542/508/491 684/650/121 683/649/609
f 306/273/283 424/390/390 710/676/632
f 539/505/126 206/205/125 205/204/185
f 302/269/279 422/388/388 711/677/633
f 536/502/486 32/32/33 31/31/32
f 298/265/275 420/386/387 712/678/634
f 532/498/483 686/652/132 685/651/610
f 293/260/270 746/712/385 713/679/635
f 529/495/481 209/208/188 208/207/187
f 289/256/266 416/382/384 714/680/636
f 526/492/478 35/35/36 34/34/35
f 285/252/262 414/380/383 715/681/637
f 522/488/474 688/654/143 687/653/611
f 281/248/258 412/378/381 716/682/638
f 519/485/148 212/211/190 211/210/189
f 277/244/254 751/717/670 717/683/639
f 516/482/151 38/38/39 37/37/38
f 273/240/250 408/374/378 718/684/640
f 512/478/154 690/656/153 689/655/612
f 268/235/245 754/720/673 691/657/613
f 509/475/466 215/214/193 214/213/192
f 264/231/241 756/722/675 720/686/642
f 270/237/247 15/15/16 256/223/233
f 629/595/559 760/49/677 761/172/678
f 629/595/559 761/172/678 349/316/326
f 762/726/679 763/727/680 764/728/681
f 762/726/679 764/728/681 765/729/682
f 763/727/680 344/311/321 341/308/318
f 763/727/680 341/308/318 764/728/681
f 765/729/682 764/728/681 766/730/683
f 765/729/682 766/730/683 767/731/684
f 764/728/681 341/308/318 337/304/314
f 764/728/681 337/304/314 766/730/683
f 767/731/684 766/730/683 768/732/685
f 767/731/684 768/732/685 769/733/686
f 766/730/683 337/304/314 333/300/310
f 766/730/683 333/300/310 768/732/685
f 769/733/686 768/732/685 770/734/687
f 769/733/686 770/734/687 771/735/688
f 768/732/685 333/300/310 329/296/306
f 768/732/685 329/296/306 770/734/687
f 771/735/688 770/734/687 772/736/689
f 771/735/688 772/736/689 773/737/690
f 770/734/687 329/296/306 325/292/302
f 770/734/687 325/292/302 772/736/689
f 773/737/690 772/736/689 774/738/691
f 773/737/690 774/738/691 775/739/692
f 772/736/689 325/292/302 321/288/298
f 772/736/689 321/288/298 774/738/691
f 775/739/692 774/738/691 776/740/693
f 775/739/692 776/740/693 777/741/694
f 774/738/691 321/288/298 317/284/294
f 774/738/691 317/284/294 776/740/693
f 777/741/694 776/740/693 778/742/695
f 777/741/694 778/742/695 779/743/696
f 776/740/693 317/284/294 313/280/290
f 776/740/693 313/280/290 778/742/695
f 779/743/696 778/742/695 780/744/697
f 779/743/696 780/744/697 781/745/698
f 778/742/695 313/280/290 309/276/286
f 778/742/695 309/276/286 780/744/697
f 781/745/698 780/744/697 782/746/699
f 781/745/698 782/746/699 783/747/700
f 780/744/697 309/276/286 305/272/282
f 780/744/697 305/272/282 782/746/699
f 783/747/700 782/746/699 784/748/701
f 783/747/700 784/748/701 785/749/702
f 782/746/699 305/272/282 301/268/278
f 782/746/699 301/268/278 784/748/701
f 785/749/702 784/748/701 786/750/703
f 785/749/702 786/750/703 787/751/704
f 784/748/701 301/268/278 297/264/274
f 784/748/701 297/264/274 786/750/703
f 787/751/704 786/750/703 788/752/705
f 787/751/704 788/752/705 789/753/706
f 786/750/703 297/264/274 292/259/269
f 786/750/703 292/259/269 788/752/705
f 789/753/706 788/752/705 790/754/707
f 789/753/706 790/754/707 791/755/708
f 788/752/705 292/259/269 288/255/265
f 788/752/705 288/255/265 790/754/707
f 791/755/708 790/754/707 792/756/709
f 791/755/708 792/756/709 793/757/710
f 790/754/707 288/255/265 284/251/261
f 790/754/707 284/251/261 792/756/709
f 793/757/710 792/756/709 794/758/711
f 793/757/710 794/758/711 795/759/712
f 792/756/709 284/251/261 280/247/257
f 792/756/709 280/247/257 794/758/711
f 795/759/712 794/758/711 796/760/713
f 795/759/712 796/760/713 797/761/714
f 794/758/711 280/247/257 276/243/253
f 794/758/711 276/243/253 796/760/713
f 797/761/714 796/760/713 798/762/715
f 797/761/714 798/762/715 799/763/716
f 796/760/713 276/243/253 272/239/249
f 796/760/713 272/239/249 798/762/715
f 799/763/716 798/762/715 800/764/717
f 799/763/716 800/764/717 801/765/718
f 798/762/715 272/239/249 267/234/244
f 798/762/715 267/234/244 800/764/717
f 801/765/718 800/764/717 802/766/719
f 801/765/718 802/766/719 803/767/720
f 800/764/717 267/234/244 263/230/240
f 800/764/717 263/230/240 802/766/719
f 803/767/720 802/766/719 804/768/721
f 803/767/720 804/768/721 805/769/722
f 802/766/719 263/230/240 262/229/239
f 802/766/719 262/229/239 804/768/721
f 805/769/722 804/768/721 806/770/723
f 805/769/722 806/770/723 807/771/724
f 804/768/721 262/229/239 218/217/196
f 804/768/721 218/217/196 806/770/723
f 807/771/724 806/770/723 808/772/725
f 807/771/724 808/772/725 809/773/726
f 806/770/723 218/217/196 186/185/174
f 806/770/723 186/185/174 808/772/725
f 809/773/726 808/772/725 810/774/727
f 809/773/726 810/774/727 811/775/728
f 808/772/725 186/185/174 185/184/173
f 808/772/725 185/184/173 810/774/727
f 811/775/728 810/774/727 812/776/729
f 811/775/728 812/776/729 813/777/730
f 810/774/727 185/184/173 48/48/49
f 810/774/727 48/48/49 812/776/729
f 813/777/730 812/776/729 814/778/731
f 813/777/730 814/778/731 815/779/732
f 812/776/729 48/48/49 47/47/48
f 812/776/729 47/47/48 814/778/731
f 815/779/732 814/778/731 816/780/733
f 815/779/732 816/780/733 817/781/734
f 814/778/731 47/47/48 256/223/233
f 814/778/731 256/223/233 816/780/733
f 817/781/734 816/780/733 818/782/735
f 817/781/734 818/782/735 819/783/736
f 816/780/733 256/223/233 15/15/16
f 816/780/733 15/15/16 818/782/735
f 819/783/736 818/782/735 820/784/737
f 819/783/736 820/784/737 821/785/738
f 818/782/735 15/15/16 13/13/14
f 818/782/735 13/13/14 820/784/737
f 821/785/738 820/784/737 822/786/739
f 821/785/738 822/786/739 823/787/740
f 820/784/737 13/13/14 12/12/13
f 820/784/737 12/12/13 822/786/739
f 824/788/741 825/789/742 762/726/679
f 824/788/741 762/726/679 826/790/743
f 826/790/743 762/726/679 765/729/682
f 826/790/743 765/729/682 827/791/744
f 827/791/744 765/729/682 767/731/684
f 827/791/744 767/731/684 828/792/745
f 828/792/745 767/731/684 769/733/686
f 828/792/745 769/733/686 829/793/746
f 829/793/746 769/733/686 771/735/688
f 829/793/746 771/735/688 830/794/747
f 830/794/747 771/735/688 773/737/690
f 830/794/747 773/737/690 831/795/748
f 831/795/748 773/737/690 775/739/692
f 831/795/748 775/739/692 832/796/749
f 832/796/749 775/739/692 777/741/694
f 832/796/749 777/741/694 833/797/750
f 833/797/750 777/741/694 779/743/696
f 833/797/750 779/743/696 834/798/751
f 834/798/751 779/743/696 781/745/698
f 834/798/751 781/745/698 835/799/752
f 835/799/752 781/745/698 783/747/700
f 835/799/752 783/747/700 836/800/753
f 836/800/753 783/747/700 785/749/702
f 836/800/753 785/749/702 837/801/754
f 837/801/754 785/749/702 787/751/704
f 837/801/754 787/751/704 838/802/755
f 838/802/755 787/751/704 789/753/706
f 838/802/755 789/753/706 839/803/756
f 839/803/756 789/753/706 791/755/708
f 839/803/756 791/755/708 840/804/757
f 840/804/757 791/755/708 793/757/710
f 840/804/757 793/757/710 841/805/758
f 841/805/758 793/757/710 795/759/712
f 841/805/758 795/759/712 842/806/759
f 842/806/759 795/759/712 797/761/714
f 842/806/759 797/761/714 843/807/760
f 843/807/760 797/761/714 799/763/716
f 843/807/760 799/763/716 844/808/761
f 844/808/761 799/763/716 801/765/718
f 844/808/761 801/765/718 845/809/762
f 845/809/762 801/765/718 803/767/720
f 845/809/762 803/767/720 846/810/763
f 846/810/763 803/767/720 805/769/722
f 846/810/763 805/769/722 847/811/764
f 847/811/764 805/769/722 807/771/724
f 847/811/764 807/771/724 848/812/765
f 848/812/765 807/771/724 809/773/726
f 848/812/765 809/773/726 849/813/766
f 849/813/766 809/773/726 811/775/728
f 849/813/766 811/775/728 850/814/767
f 850/814/767 811/775/728 813/777/730
f 850/814/767 813/777/730 851/815/768
f 851/815/768 813/777/730 815/779/732
f 851/815/768 815/779/732 852/816/769
f 852/816/769 815/779/732 817/781/734
f 852/816/769 817/781/734 853/817/770
f 853/817/770 817/781/734 819/783/736
f 853/817/770 819/783/736 854/818/771
f 854/818/771 819/783/736 821/785/738
f 854/818/771 821/785/738 855/819/772
f 855/819/772 821/785/738 823/787/740
f 855/819/772 823/787/740 856/820/773
f 823/787/740 825/789/742 824/788/741
f 823/787/740 824/788/741 856/820/773
f 594/560/530 596/562/532 249/219/227
f 594/560/530 249/219/227 759/725/572
f 857/821/774 858/822/775 859/823/776
f 857/821/774 859/823/776 860/824/777
f 861/825/778 862/826/779 863/827/780
f 861/825/778 863/827/780 864/828/781
f 861/825/778 864/828/781 865/829/782
f 861/825/778 865/829/782 866/830/783
f 857/821/774 860/824/777 867/831/784
f 857/821/774 867/831/784 868/832/785
f 623/589/553 869/65/786 870/176/787
f 623/589/553 870/176/787 626/592/556
f 871/833/788 872/834/789 873/835/790
f 871/833/788 873/835/790 874/836/791
f 872/834/789 875/837/792 876/838/793
f 872/834/789 876/838/793 873/835/790
f 875/837/792 877/839/794 878/840/795
f 875/837/792 878/840/795 876/838/793
f 877/839/794 879/841/796 880/842/797
f 877/839/794 880/842/797 878/840/795
f 879/841/796 881/843/798 882/844/799
f 879/841/796 882/844/799 880/842/797
f 881/843/798 883/845/800 884/846/801
f 881/843/798 884/846/801 882/844/799
f 883/845/800 885/847/802 886/848/803
f 883/845/800 886/848/803 884/846/801
f 885/847/802 887/849/804 888/850/805
f 885/847/802 888/850/805 886/848/803
f 887/849/804 889/851/806 890/852/807
f 887/849/804 890/852/807 888/850/805
f 889/851/806 891/853/808 892/854/809
f 889/851/806 892/854/809 890/852/807
f 891/853/808 893/855/810 894/856/811
f 891/853/808 894/856/811 892/854/809
f 893/855/810 895/857/812 896/858/813
f 893/855/810 896/858/813 894/856/811
f 895/857/812 897/859/814 898/860/815
f 895/857/812 898/860/815 896/858/813
f 897/859/814 899/861/816 900/862/817
f 897/859/814 900/862/817 898/860/815
f 899/861/816 901/863/818 902/864/819
f 899/861/816 902/864/819 900/862/817
f 901/863/818 903/865/820 904/866/821
f 901/863/818 904/866/821 902/864/819
f 903/865/820 905/867/822 906/868/823
f 903/865/820 906/868/823 904/866/821
f 905/867/822 907/869/824 908/870/825
f 905/867/822 908/870/825 906/868/823
f 907/869/824 909/871/826 910/872/827
f 907/869/824 910/872/827 908/870/825
f 909/871/826 911/873/828 912/874/829
f 909/871/826 912/874/829 910/872/827
f 911/873/828 913/875/830 914/876/831
f 911/873/828 914/876/831 912/874/829
f 913/875/830 915/877/832 916/878/833
f 913/875/830 916/878/833 914/876/831
f 915/877/832 917/879/834 918/880/835
f 915/877/832 918/880/835 916/878/833
f 917/879/834 919/881/836 920/882/837
f 917/879/834 920/882/837 918/880/835
f 919/881/836 921/883/838 922/884/839
f 919/881/836 922/884/839 920/882/837
f 921/883/838 923/885/840 924/886/841
f 921/883/838 924/886/841 922/884/839
f 868/832/785 867/831/784 856/820/773
f 868/832/785 856/820/773 824/788/741
f 925/887/842 926/888/843 863/827/780
f 925/887/842 863/827/780 927/889/844
f 857/821/774 928/890/845 926/888/843
f 857/821/774 926/888/843 858/822/775
f 923/885/840 929/891/846 862/826/779
f 923/885/840 862/826/779 861/825/778
f 927/889/844 863/827/780 862/826/779
f 927/889/844 862/826/779 930/892/847
f 921/883/838 931/893/848 929/891/846
f 921/883/838 929/891/846 923/885/840
f 930/892/847 862/826/779 929/891/846
f 930/892/847 929/891/846 932/894/849
f 919/881/836 933/895/850 931/893/848
f 919/881/836 931/893/848 921/883/838
f 932/894/849 929/891/846 931/893/848
f 932/894/849 931/893/848 934/896/851
f 917/879/834 935/897/852 933/895/850
f 917/879/834 933/895/850 919/881/836
f 934/896/851 931/893/848 933/895/850
f 934/896/851 933/895/850 936/898/853
f 915/877/832 937/899/854 935/897/852
f 915/877/832 935/897/852 917/879/834
f 936/898/853 933/895/850 935/897/852
f 936/898/853 935/897/852 938/900/855
f 913/875/830 939/901/856 937/899/854
f 913/875/830 937/899/854 915/877/832
f 938/900/855 935/897/852 937/899/854
f 938/900/855 937/899/854 940/902/857
f 911/873/828 941/903/858 939/901/856
f 911/873/828 939/901/856 913/875/830
f 940/902/857 937/899/854 939/901/856
f 940/902/857 939/901/856 942/904/859
f 909/871/826 943/905/860 941/903/858
f 909/871/826 941/903/858 911/873/828
f 942/904/859 939/901/856 941/903/858
f 942/904/859 941/903/858 944/906/861
f 907/869/824 945/907/862 943/905/860
f 907/869/824 943/905/860 909/871/826
f 944/906/861 941/903/858 943/905/860
f 944/906/861 943/905/860 946/908/863
f 905/867/822 947/909/864 945/907/862
f 905/867/822 945/907/862 907/869/824
f 946/908/863 943/905/860 945/907/862
f 946/908/863 945/907/862 948/910/865
f 903/865/820 949/911/866 947/909/864
f 903/865/820 947/909/864 905/867/822
f 948/910/865 945/907/862 947/909/864
f 948/910/865 947/909/864 950/912/867
f 901/863/818 951/913/868 949/911/866
f 901/863/818 949/911/866 903/865/820
f 950/912/867 947/909/864 949/911/866
f 950/912/867 949/911/866 952/914/869
f 899/861/816 953/915/870 951/913/868
f 899/861/816 951/913/868 901/863/818
f 952/914/869 949/911/866 951/913/868
f 952/914/869 951/913/868 954/916/871
f 897/859/814 955/917/872 953/915/870
f 897/859/814 953/915/870 899/861/816
f 954/916/871 951/913/868 953/915/870
f 954/916/871 953/915/870 956/918/873
f 895/857/812 957/919/874 955/917/872
f 895/857/812 955/917/872 897/859/814
f 956/918/873 953/915/870 955/917/872
f 956/918/873 955/917/872 958/920/875
f 893/855/810 959/921/876 957/919/874
f 893/855/810 957/919/874 895/857/812
f 958/920/875 955/917/872 957/919/874
f 958/920/875 957/919/874 960/922/877
f 891/853/808 961/923/878 959/921/876
f 891/853/808 959/921/876 893/855/810
f 960/922/877 957/919/874 959/921/876
f 960/922/877 959/921/876 962/924/879
f 889/851/806 963/925/880 961/923/878
f 889/851/806 961/923/878 891/853/808
f 962/924/879 959/921/876 961/923/878
f 962/924/879 961/923/878 964/926/881
f 887/849/804 965/927/882 963/925/880
f 887/849/804 963/925/880 889/851/806
f 964/926/881 961/923/878 963/925/880
f 964/926/881 963/925/880 966/928/883
f 885/847/802 967/929/884 965/927/882
f 885/847/802 965/927/882 887/849/804
f 864/828/781 863/827/780 926/888/843
f 864/828/781 926/888/843 928/890/845
f 966/928/883 963/925/880 965/927/882
f 966/928/883 965/927/882 968/930/885
f 883/845/800 969/931/886 967/929/884
f 883/845/800 967/929/884 885/847/802
f 968/930/885 965/927/882 967/929/884
f 968/930/885 967/929/884 970/932/887
f 881/843/798 971/933/888 969/931/886
f 881/843/798 969/931/886 883/845/800
f 970/932/887 967/929/884 969/931/886
f 970/932/887 969/931/886 972/934/889
f 879/841/796 973/935/890 971/933/888
f 879/841/796 971/933/888 881/843/798
f 972/934/889 969/931/886 971/933/888
f 972/934/889 971/933/888 974/936/891
f 877/839/794 975/937/892 973/935/890
f 877/839/794 973/935/890 879/841/796
f 974/936/891 971/933/888 973/935/890
f 974/936/891 973/935/890 976/938/893
f 875/837/792 977/939/894 975/937/892
f 875/837/792 975/937/892 877/839/794
f 976/938/893 973/935/890 975/937/892
f 976/938/893 975/937/892 978/940/895
f 872/834/789 979/941/896 977/939/894
f 872/834/789 977/939/894 875/837/792
f 978/940/895 975/937/892 977/939/894
f 978/940/895 977/939/894 980/942/897
f 871/833/788 981/943/898 979/941/896
f 871/833/788 979/941/896 872/834/789
f 980/942/897 977/939/894 979/941/896
f 980/942/897 979/941/896 982/944/899
f 860/824/777 859/823/776 981/943/898
f 860/824/777 981/943/898 871/833/788
f 982/944/899 979/941/896 981/943/898
f 982/944/899 981/943/898 983/945/900
f 860/824/777 871/833/788 874/836/791
f 860/824/777 874/836/791 867/831/784
f 983/945/900 981/943/898 859/823/776
f 983/945/900 859/823/776 984/946/901
f 494/460/452 596/562/532 599/565/535
f 494/460/452 599/565/535 598/564/534
f 984/946/901 859/823/776 858/822/775
f 984/946/901 858/822/775 985/947/902
f 923/885/840 861/825/778 866/830/783
f 923/885/840 866/830/783 924/886/841
f 45/45/46 609/575/539 640/606/570
f 45/45/46 640/606/570 642/608/572
f 822/786/739 12/12/13 986/948/10
f 822/786/739 986/948/10 987/949/903
f 347/314/324 988/61/904 869/65/786
f 347/314/324 869/65/786 623/589/553
f 823/787/740 822/786/739 987/949/903
f 823/787/740 987/949/903 825/789/742
f 867/831/784 874/836/791 855/819/772
f 867/831/784 855/819/772 856/820/773
f 873/835/790 854/818/771 855/819/772
f 873/835/790 855/819/772 874/836/791
f 876/838/793 853/817/770 854/818/771
f 876/838/793 854/818/771 873/835/790
f 878/840/795 852/816/769 853/817/770
f 878/840/795 853/817/770 876/838/793
f 880/842/797 851/815/768 852/816/769
f 880/842/797 852/816/769 878/840/795
f 882/844/799 850/814/767 851/815/768
f 882/844/799 851/815/768 880/842/797
f 884/846/801 849/813/766 850/814/767
f 884/846/801 850/814/767 882/844/799
f 886/848/803 848/812/765 849/813/766
f 886/848/803 849/813/766 884/846/801
f 888/850/805 847/811/764 848/812/765
f 888/850/805 848/812/765 886/848/803
f 890/852/807 846/810/763 847/811/764
f 890/852/807 847/811/764 888/850/805
f 892/854/809 845/809/762 846/810/763
f 892/854/809 846/810/763 890/852/807
f 894/856/811 844/808/761 845/809/762
f 894/856/811 845/809/762 892/854/809
f 896/858/813 843/807/760 844/808/761
f 896/858/813 844/808/761 894/856/811
f 898/860/815 842/806/759 843/807/760
f 898/860/815 843/807/760 896/858/813
f 900/862/817 841/805/758 842/806/759
f 900/862/817 842/806/759 898/860/815
f 902/864/819 840/804/757 841/805/758
f 902/864/819 841/805/758 900/862/817
f 904/866/821 839/803/756 840/804/757
f 904/866/821 840/804/757 902/864/819
f 906/868/823 838/802/755 839/803/756
f 906/868/823 839/803/756 904/866/821
f 908/870/825 837/801/754 838/802/755
f 908/870/825 838/802/755 906/868/823
f 910/872/827 836/800/753 837/801/754
f 910/872/827 837/801/754 908/870/825
f 763/727/680 762/726/679 825/789/742
f 763/727/680 825/789/742 987/949/903
f 912/874/829 835/799/752 836/800/753
f 912/874/829 836/800/753 910/872/827
f 914/876/831 834/798/751 835/799/752
f 914/876/831 835/799/752 912/874/829
f 916/878/833 833/797/750 834/798/751
f 916/878/833 834/798/751 914/876/831
f 918/880/835 832/796/749 833/797/750
f 918/880/835 833/797/750 916/878/833
f 920/882/837 831/795/748 832/796/749
f 920/882/837 832/796/749 918/880/835
f 922/884/839 830/794/747 831/795/748
f 922/884/839 831/795/748 920/882/837
f 868/832/785 824/788/741 826/790/743
f 868/832/785 826/790/743 989/950/905
f 924/886/841 829/793/746 830/794/747
f 924/886/841 830/794/747 922/884/839
f 866/830/783 828/792/745 829/793/746
f 866/830/783 829/793/746 924/886/841
f 763/727/680 987/949/903 9/9/906
f 763/727/680 9/9/906 344/311/321
f 598/564/534 719/685/641 403/369/374
f 598/564/534 403/369/374 494/460/452
f 604/570/537 692/658/614 460/426/419
f 604/570/537 460/426/419 495/461/453
f 868/832/785 989/950/905 928/890/845
f 868/832/785 928/890/845 857/821/774
f 609/575/539 721/687/643 189/188/176
f 609/575/539 189/188/176 607/573/65
f 503/469/460 720/686/642 671/637/600
f 503/469/460 671/637/600 501/467/458
f 503/469/460 187/186/175 189/188/176
f 503/469/460 189/188/176 496/462/454
f 504/470/461 718/684/640 214/213/192
f 504/470/461 214/213/192 216/215/194
f 504/470/461 757/723/676 40/40/41
f 504/470/461 40/40/41 753/719/672
f 507/473/464 717/683/639 689/655/612
f 507/473/464 689/655/612 513/479/469
f 507/473/464 509/475/466 214/213/192
f 507/473/464 214/213/192 752/718/671
f 510/476/467 716/682/638 37/37/38
f 510/476/467 37/37/38 39/39/40
f 510/476/467 512/478/154 689/655/612
f 510/476/467 689/655/612 750/716/669
f 514/480/470 715/681/637 211/210/189
f 514/480/470 211/210/189 213/212/191
f 514/480/470 516/482/151 37/37/38
f 514/480/470 37/37/38 749/715/668
f 517/483/471 714/680/636 687/653/611
f 517/483/471 687/653/611 523/489/475
f 517/483/471 519/485/148 211/210/189
f 517/483/471 211/210/189 748/714/667
f 520/486/473 713/679/635 34/34/35
f 520/486/473 34/34/35 36/36/37
f 520/486/473 522/488/474 687/653/611
f 520/486/473 687/653/611 747/713/666
f 524/490/476 712/678/634 208/207/187
f 524/490/476 208/207/187 210/209/139
f 524/490/476 526/492/478 34/34/35
f 524/490/476 34/34/35 745/711/665
f 527/493/479 711/677/633 685/651/610
f 527/493/479 685/651/610 533/499/135
f 527/493/479 529/495/481 208/207/187
f 527/493/479 208/207/187 744/710/664
f 530/496/482 710/676/632 31/31/32
f 530/496/482 31/31/32 33/33/34
f 530/496/482 532/498/483 685/651/610
f 530/496/482 685/651/610 743/709/663
f 534/500/484 709/675/631 205/204/185
f 534/500/484 205/204/185 207/206/186
f 534/500/484 536/502/486 31/31/32
f 534/500/484 31/31/32 742/708/662
f 537/503/487 708/674/630 683/649/609
f 537/503/487 683/649/609 543/509/124
f 537/503/487 539/505/126 205/204/185
f 537/503/487 205/204/185 740/706/660
f 540/506/489 707/673/629 28/28/29
f 540/506/489 28/28/29 30/30/31
f 540/506/489 542/508/491 683/649/609
f 540/506/489 683/649/609 739/705/659
f 544/510/492 706/672/628 202/201/182
f 544/510/492 202/201/182 204/203/184
f 544/510/492 546/512/494 28/28/29
f 544/510/492 28/28/29 738/704/658
f 547/513/495 705/671/627 681/647/608
f 547/513/495 681/647/608 553/519/114
f 547/513/495 549/515/496 202/201/182
f 547/513/495 202/201/182 737/703/657
f 550/516/497 704/670/626 25/25/26
f 550/516/497 25/25/26 27/27/28
f 550/516/497 552/518/498 681/647/608
f 550/516/497 681/647/608 735/701/656
f 554/520/499 703/669/625 199/198/180
f 554/520/499 199/198/180 201/200/181
f 554/520/499 556/522/501 25/25/26
f 554/520/499 25/25/26 734/700/655
f 557/523/502 702/668/624 679/645/606
f 557/523/502 679/645/606 563/529/507
f 557/523/502 559/525/503 199/198/180
f 557/523/502 199/198/180 733/699/654
f 560/526/504 701/667/623 22/22/23
f 560/526/504 22/22/23 24/24/25
f 560/526/504 562/528/506 679/645/606
f 560/526/504 679/645/606 732/698/653
f 564/530/508 700/666/622 196/195/179
f 564/530/508 196/195/179 198/197/96
f 564/530/508 566/532/97 22/22/23
f 564/530/508 22/22/23 731/697/652
f 567/533/510 699/665/621 677/643/605
f 567/533/510 677/643/605 573/539/513
f 567/533/510 569/535/94 196/195/179
f 567/533/510 196/195/179 730/696/651
f 570/536/511 698/664/620 19/19/20
f 570/536/511 19/19/20 21/21/22
f 570/536/511 572/538/90 677/643/605
f 570/536/511 677/643/605 729/695/650
f 574/540/514 697/663/619 193/192/178
f 574/540/514 193/192/178 195/194/85
f 574/540/514 576/542/515 19/19/20
f 574/540/514 19/19/20 728/694/649
f 577/543/516 696/662/618 675/641/603
f 577/543/516 675/641/603 583/549/81
f 577/543/516 579/545/518 193/192/178
f 577/543/516 193/192/178 726/692/648
f 580/546/519 695/661/617 16/16/17
f 580/546/519 16/16/17 18/18/19
f 580/546/519 582/548/521 675/641/603
f 580/546/519 675/641/603 725/691/647
f 584/550/522 694/660/616 190/189/177
f 584/550/522 190/189/177 192/191/75
f 584/550/522 586/552/523 16/16/17
f 584/550/522 16/16/17 724/690/646
f 587/553/524 693/659/615 672/638/601
f 587/553/524 672/638/601 593/559/529
f 587/553/524 589/555/526 190/189/177
f 587/553/524 190/189/177 723/689/645
f 590/556/527 592/558/68 672/638/601
f 590/556/527 672/638/601 722/688/644
f 498/464/455 691/657/613 40/40/41
f 498/464/455 40/40/41 42/42/43
f 498/464/455 500/466/457 671/637/600
f 498/464/455 671/637/600 755/721/674
f 249/219/227 43/43/44 45/45/46
f 249/219/227 45/45/46 759/725/572
f 224/79/202 223/75/201 990/75/907
f 224/79/202 990/75/907 991/79/908
f 244/159/222 243/155/221 992/155/909
f 244/159/222 992/155/909 993/159/910
f 219/61/197 251/65/228 869/65/786
f 219/61/197 869/65/786 994/182/911
f 223/75/201 222/71/200 995/71/912
f 223/75/201 995/71/912 990/75/907
f 243/155/221 242/151/220 996/151/913
f 243/155/221 996/151/913 992/155/909
f 251/65/228 248/176/226 870/176/787
f 251/65/228 870/176/787 869/65/786
f 222/71/200 252/66/229 997/66/914
f 222/71/200 997/66/914 995/71/912
f 242/151/220 241/147/219 998/147/915
f 242/151/220 998/147/915 996/151/913
f 248/176/226 247/59/225 999/59/916
f 248/176/226 999/59/916 870/176/787
f 252/66/229 51/49/52 760/49/677
f 252/66/229 760/49/677 997/66/914
f 241/147/219 240/143/218 1000/143/917
f 241/147/219 1000/143/917 998/147/915
f 247/59/225 246/58/224 1001/58/918
f 247/59/225 1001/58/918 999/59/916
f 51/49/52 221/172/199 761/172/678
f 51/49/52 761/172/678 760/49/677
f 240/143/218 239/139/217 1002/139/919
f 240/143/218 1002/139/919 1000/143/917
f 246/58/224 245/163/223 1003/163/920
f 246/58/224 1003/163/920 1001/58/918
f 239/139/217 238/135/216 1004/135/921
f 239/139/217 1004/135/921 1002/139/919
f 245/163/223 244/159/222 993/159/910
f 245/163/223 993/159/910 1003/163/920
f 238/135/216 237/131/215 1005/131/922
f 238/135/216 1005/131/922 1004/135/921
f 237/131/215 236/127/214 1006/127/923
f 237/131/215 1006/127/923 1005/131/922
f 236/127/214 235/123/213 1007/123/924
f 236/127/214 1007/123/924 1006/127/923
f 235/123/213 234/119/212 1008/119/925
f 235/123/213 1008/119/925 1007/123/924
f 234/119/212 233/115/211 1009/115/926
f 234/119/212 1009/115/926 1008/119/925
f 233/115/211 232/111/210 1010/111/927
f 233/115/211 1010/111/927 1009/115/926
f 232/111/210 231/107/209 1011/107/928
f 232/111/210 1011/107/928 1010/111/927
f 231/107/209 230/103/208 1012/103/929
f 231/107/209 1012/103/929 1011/107/928
f 230/103/208 229/99/207 1013/99/930
f 230/103/208 1013/99/930 1012/103/929
f 229/99/207 228/95/206 1014/95/931
f 229/99/207 1014/95/931 1013/99/930
f 228/95/206 227/91/205 1015/91/932
f 228/95/206 1015/91/932 1014/95/931
f 227/91/205 226/87/204 1016/87/933
f 227/91/205 1016/87/933 1015/91/932
f 226/87/204 225/83/203 1017/83/934
f 226/87/204 1017/83/934 1016/87/933
f 225/83/203 224/79/202 991/79/908
f 225/83/203 991/79/908 1017/83/934
f 221/172/199 219/61/197 994/182/911
f 221/172/199 994/182/911 761/172/678
f 626/592/556 870/176/787 999/59/916
f 626/592/556 999/59/916 628/594/558
f 349/316/326 761/172/678 988/61/904
f 349/316/326 988/61/904 347/314/324
f 628/594/558 999/59/916 1001/58/918
f 628/594/558 1001/58/918 630/596/560
f 630/596/560 1001/58/918 1003/163/920
f 630/596/560 1003/163/920 631/597/561
f 631/597/561 1003/163/920 993/159/910
f 631/597/561 993/159/910 632/598/562
f 632/598/562 993/159/910 992/155/909
f 632/598/562 992/155/909 633/599/563
f 633/599/563 992/155/909 996/151/913
f 633/599/563 996/151/913 634/600/564
f 634/600/564 996/151/913 998/147/915
f 634/600/564 998/147/915 635/601/565
f 635/601/565 998/147/915 1000/143/917
f 635/601/565 1000/143/917 636/602/566
f 636/602/566 1000/143/917 1002/139/919
f 636/602/566 1002/139/919 637/603/567
f 637/603/567 1002/139/919 1004/135/921
f 637/603/567 1004/135/921 638/604/568
f 638/604/568 1004/135/921 1005/131/922
f 638/604/568 1005/131/922 639/605/569
f 639/605/569 1005/131/922 1006/127/923
f 639/605/569 1006/127/923 611/577/541
f 611/577/541 1006/127/923 1007/123/924
f 611/577/541 1007/123/924 610/576/540
f 610/576/540 1007/123/924 1008/119/925
f 610/576/540 1008/119/925 612/578/542
f 612/578/542 1008/119/925 1009/115/926
f 612/578/542 1009/115/926 613/579/543
f 613/579/543 1009/115/926 1010/111/927
f 613/579/543 1010/111/927 614/580/544
f 614/580/544 1010/111/927 1011/107/928
f 614/580/544 1011/107/928 615/581/545
f 615/581/545 1011/107/928 1012/103/929
f 615/581/545 1012/103/929 616/582/546
f 616/582/546 1012/103/929 1013/99/930
f 616/582/546 1013/99/930 617/583/547
f 617/583/547 1013/99/930 1014/95/931
f 617/583/547 1014/95/931 618/584/548
f 618/584/548 1014/95/931 1015/91/932
f 618/584/548 1015/91/932 619/585/549
f 619/585/549 1015/91/932 1016/87/933
f 619/585/549 1016/87/933 620/586/550
f 620/586/550 1016/87/933 1017/83/934
f 620/586/550 1017/83/934 621/587/551
f 621/587/551 1017/83/934 991/79/908
f 621/587/551 991/79/908 622/588/552
f 622/588/552 991/79/908 990/75/907
f 622/588/552 990/75/907 624/590/554
f 624/590/554 990/75/907 995/71/912
f 624/590/554 995/71/912 625/591/555
f 625/591/555 995/71/912 997/66/914
f 625/591/555 997/66/914 627/593/557
f 627/593/557 997/66/914 760/49/677
f 627/593/557 760/49/677 629/595/559
f 55/54/56 56/55/57 985/947/902
f 55/54/56 985/947/902 925/887/842
f 643/609/573 55/54/56 925/887/842
f 643/609/573 925/887/842 927/889/844
f 644/610/574 643/609/573 927/889/844
f 644/610/574 927/889/844 930/892/847
f 645/611/575 644/610/574 930/892/847
f 645/611/575 930/892/847 932/894/849
f 646/612/576 645/611/575 932/894/849
f 646/612/576 932/894/849 934/896/851
f 647/613/577 646/612/576 934/896/851
f 647/613/577 934/896/851 936/898/853
f 648/614/578 647/613/577 936/898/853
f 648/614/578 936/898/853 938/900/855
f 649/615/579 648/614/578 938/900/855
f 649/615/579 938/900/855 940/902/857
f 650/616/580 649/615/579 940/902/857
f 650/616/580 940/902/857 942/904/859
f 651/617/581 650/616/580 942/904/859
f 651/617/581 942/904/859 944/906/861
f 652/618/582 651/617/581 944/906/861
f 652/618/582 944/906/861 946/908/863
f 653/619/583 652/618/582 946/908/863
f 653/619/583 946/908/863 948/910/865
f 654/620/584 653/619/583 948/910/865
f 654/620/584 948/910/865 950/912/867
f 655/621/585 654/620/584 950/912/867
f 655/621/585 950/912/867 952/914/869
f 656/622/586 655/621/585 952/914/869
f 656/622/586 952/914/869 954/916/871
f 657/623/587 656/622/586 954/916/871
f 657/623/587 954/916/871 956/918/873
f 658/624/588 657/623/587 956/918/873
f 658/624/588 956/918/873 958/920/875
f 659/625/589 658/624/588 958/920/875
f 659/625/589 958/920/875 960/922/877
f 660/626/590 659/625/589 960/922/877
f 660/626/590 960/922/877 962/924/879
f 661/627/591 660/626/590 962/924/879
f 661/627/591 962/924/879 964/926/881
f 662/628/592 661/627/591 964/926/881
f 662/628/592 964/926/881 966/928/883
f 663/629/593 662/628/592 966/928/883
f 663/629/593 966/928/883 968/930/885
f 664/630/594 663/629/593 968/930/885
f 664/630/594 968/930/885 970/932/887
f 665/631/595 664/630/594 970/932/887
f 665/631/595 970/932/887 972/934/889
f 666/632/596 665/631/595 972/934/889
f 666/632/596 972/934/889 974/936/891
f 667/633/597 666/632/596 974/936/891
f 667/633/597 974/936/891 976/938/893
f 668/634/598 667/633/597 976/938/893
f 668/634/598 976/938/893 978/940/895
f 669/635/599 668/634/598 978/940/895
f 669/635/599 978/940/895 980/942/897
f 253/221/230 669/635/599 980/942/897
f 253/221/230 980/942/897 982/944/899
f 54/53/55 253/221/230 982/944/899
f 54/53/55 982/944/899 983/945/900
f 52/51/53 54/53/55 983/945/900
f 52/51/53 983/945/900 984/946/901
f 56/55/57 52/51/53 984/946/901
f 56/55/57 984/946/901 985/947/902
f 495/461/453 602/568/536 605/571/538
f 495/461/453 605/571/538 604/570/537
f 600/566/165 602/568/536 719/685/641
f 600/566/165 719/685/641 598/564/534
f 498/464/455 755/721/674 491/457/449
f 498/464/455 491/457/449 691/657/613
f 590/556/527 722/688/644 464/430/422
f 590/556/527 464/430/422 692/658/614
f 587/553/524 723/689/645 465/431/423
f 587/553/524 465/431/423 693/659/615
f 584/550/522 724/690/646 466/432/424
f 584/550/522 466/432/424 694/660/616
f 580/546/519 725/691/647 467/433/425
f 580/546/519 467/433/425 695/661/617
f 577/543/516 726/692/648 468/434/426
f 577/543/516 468/434/426 696/662/618
f 574/540/514 728/694/649 469/435/427
f 574/540/514 469/435/427 697/663/619
f 570/536/511 729/695/650 470/436/428
f 570/536/511 470/436/428 698/664/620
f 567/533/510 730/696/651 471/437/429
f 567/533/510 471/437/429 699/665/621
f 564/530/508 731/697/652 472/438/430
f 564/530/508 472/438/430 700/666/622
f 560/526/504 732/698/653 473/439/431
f 560/526/504 473/439/431 701/667/623
f 557/523/502 733/699/654 474/440/432
f 557/523/502 474/440/432 702/668/624
f 554/520/499 734/700/655 475/441/433
f 554/520/499 475/441/433 703/669/625
f 550/516/497 735/701/656 476/442/434
f 550/516/497 476/442/434 704/670/626
f 547/513/495 737/703/657 477/443/435
f 547/513/495 477/443/435 705/671/627
f 544/510/492 738/704/658 478/444/436
f 544/510/492 478/444/436 706/672/628
f 540/506/489 739/705/659 479/445/437
f 540/506/489 479/445/437 707/673/629
f 537/503/487 740/706/660 480/446/438
f 537/503/487 480/446/438 708/674/630
f 534/500/484 742/708/662 481/447/439
f 534/500/484 481/447/439 709/675/631
f 530/496/482 743/709/663 482/448/440
f 530/496/482 482/448/440 710/676/632
f 527/493/479 744/710/664 483/449/441
f 527/493/479 483/449/441 711/677/633
f 524/490/476 745/711/665 484/450/442
f 524/490/476 484/450/442 712/678/634
f 520/486/473 747/713/666 485/451/443
f 520/486/473 485/451/443 713/679/635
f 517/483/471 748/714/667 486/452/444
f 517/483/471 486/452/444 714/680/636
f 514/480/470 749/715/668 487/453/445
f 514/480/470 487/453/445 715/681/637
f 510/476/467 750/716/669 488/454/446
f 510/476/467 488/454/446 716/682/638
f 507/473/464 752/718/671 489/455/447
f 507/473/464 489/455/447 717/683/639
f 504/470/461 753/719/672 490/456/448
f 504/470/461 490/456/448 718/684/640
f 602/568/536 495/461/453 463/429/421
f 602/568/536 463/429/421 719/685/641
f 596/562/532 494/460/452 461/427/420
f 596/562/532 461/427/420 249/219/227
f 503/469/460 496/462/454 492/458/450
f 503/469/460 492/458/450 720/686/642
f 609/575/539 45/45/46 493/459/451
f 609/575/539 493/459/451 721/687/643
f 672/638/601 693/659/615 458/424/418
f 672/638/601 458/424/418 722/688/644
f 190/189/177 694/660/616 456/422/416
f 190/189/177 456/422/416 723/689/645
f 16/16/17 695/661/617 454/420/414
f 16/16/17 454/420/414 724/690/646
f 675/641/603 696/662/618 452/418/413
f 675/641/603 452/418/413 725/691/647
f 193/192/178 697/663/619 727/693/411
f 193/192/178 727/693/411 726/692/648
f 19/19/20 698/664/620 448/414/410
f 19/19/20 448/414/410 728/694/649
f 677/643/605 699/665/621 446/412/409
f 677/643/605 446/412/409 729/695/650
f 196/195/179 700/666/622 444/410/407
f 196/195/179 444/410/407 730/696/651
f 22/22/23 701/667/623 442/408/406
f 22/22/23 442/408/406 731/697/652
f 679/645/606 702/668/624 440/406/404
f 679/645/606 440/406/404 732/698/653
f 199/198/180 703/669/625 438/404/402
f 199/198/180 438/404/402 733/699/654
f 25/25/26 704/670/626 436/402/401
f 25/25/26 436/402/401 734/700/655
f 681/647/608 705/671/627 736/702/399
f 681/647/608 736/702/399 735/701/656
f 202/201/182 706/672/628 432/398/397
f 202/201/182 432/398/397 737/703/657
f 28/28/29 707/673/629 430/396/395
f 28/28/29 430/396/395 738/704/658
f 683/649/609 708/674/630 428/394/393
f 683/649/609 428/394/393 739/705/659
f 205/204/185 709/675/631 741/707/661
f 205/204/185 741/707/661 740/706/660
f 31/31/32 710/676/632 424/390/390
f 31/31/32 424/390/390 742/708/662
f 685/651/610 711/677/633 422/388/388
f 685/651/610 422/388/388 743/709/663
f 208/207/187 712/678/634 420/386/387
f 208/207/187 420/386/387 744/710/664
f 34/34/35 713/679/635 746/712/385
f 34/34/35 746/712/385 745/711/665
f 687/653/611 714/680/636 416/382/384
f 687/653/611 416/382/384 747/713/666
f 211/210/189 715/681/637 414/380/383
f 211/210/189 414/380/383 748/714/667
f 37/37/38 716/682/638 412/378/381
f 37/37/38 412/378/381 749/715/668
f 689/655/612 717/683/639 751/717/670
f 689/655/612 751/717/670 750/716/669
f 214/213/192 718/684/640 408/374/378
f 214/213/192 408/374/378 752/718/671
f 40/40/41 691/657/613 754/720/673
f 40/40/41 754/720/673 753/719/672
f 671/637/600 720/686/642 756/722/675
f 671/637/600 756/722/675 755/721/674
f 189/188/176 721/687/643 497/463/372
f 189/188/176 497/463/372 496/462/454
f 606/572/161 590/556/527 692/658/614
f 606/572/161 692/658/614 604/570/537
f 865/829/782 827/791/744 828/792/745
f 865/829/782 828/792/745 866/830/783
f 925/887/842 985/947/902 858/822/775
f 925/887/842 858/822/775 926/888/843
f 864/828/781 928/890/845 989/950/905
f 864/828/781 989/950/905 865/829/782
f 989/950/905 826/790/743 827/791/744
f 989/950/905 827/791/744 865/829/782
f 1018/951/935 1019/952/936 1020/952/937
f 1018/951/935 1020/952/937 1021/951/938
f 1022/953/939 1023/954/940 1024/955/941
f 1022/953/939 1024/955/941 1025/956/942
f 1026/957/943 1027/958/944 1028/958/945
f 1026/957/943 1028/958/945 1029/957/946
f 1030/959/947 1018/951/935 1021/951/938
f 1030/959/947 1021/951/938 1031/959/948
f 1032/960/949 1030/959/947 1031/959/948
f 1032/960/949 1031/959/948 1033/960/950
f 1034/961/951 1032/960/949 1033/960/950
f 1034/961/951 1033/960/950 1035/961/952
f 1036/962/953 1034/961/951 1035/961/952
f 1036/962/953 1035/961/952 1037/962/954
f 1038/963/955 1036/962/953 1037/962/954
f 1038/963/955 1037/962/954 1039/963/956
f 1040/964/957 1038/963/955 1039/963/956
f 1040/964/957 1039/963/956 1041/964/958
f 1042/965/959 1040/964/957 1041/964/958
f 1042/965/959 1041/964/958 1043/965/960
f 1044/966/961 1042/965/959 1043/965/960
f 1044/966/961 1043/965/960 1045/966/962
f 1046/967/963 1044/966/961 1045/966/962
f 1046/967/963 1045/966/962 1047/967/964
f 1048/968/965 1046/967/963 1047/967/964
f 1048/968/965 1047/967/964 1049/968/966
f 1050/969/967 1048/968/965 1049/968/966
f 1050/969/967 1049/968/966 1051/969/968
f 1052/970/969 1050/969/967 1051/969/968
f 1052/970/969 1051/969/968 1053/970/970
f 1054/971/971 1052/970/969 1053/970/970
f 1054/971/971 1053/970/970 1055/971/972
f 1056/972/973 1054/971/971 1055/971/972
f 1056/972/973 1055/971/972 1057/972/974
f 1058/973/975 1056/972/973 1057/972/974
f 1058/973/975 1057/972/974 1059/973/976
f 1060/974/977 1058/973/975 1059/973/976
f 1060/974/977 1059/973/976 1061/974/978
f 1062/975/979 1060/974/977 1061/974/978
f 1062/975/979 1061/974/978 1063/975/980
f 1064/976/981 1062/975/979 1063/975/980
f 1064/976/981 1063/975/980 1065/976/982
f 1066/977/983 1064/976/981 1065/976/982
f 1066/977/983 1065/976/982 1067/977/984
f 1068/978/985 1066/977/983 1067/977/984
f 1068/978/985 1067/977/984 1069/978/986
f 1070/979/987 1068/978/985 1069/978/986
f 1070/979/987 1069/978/986 1071/979/988
f 1072/980/989 1070/979/987 1071/979/988
f 1072/980/989 1071/979/988 1073/980/990
f 1074/981/991 1072/980/989 1073/980/990
f 1074/981/991 1073/980/990 1075/981/992
f 1076/982/993 1074/981/991 1075/981/992
f 1076/982/993 1075/981/992 1077/982/994
f 1078/983/995 1076/982/993 1077/982/994
f 1078/983/995 1077/982/994 1079/983/996
f 1080/984/997 1078/983/995 1079/983/996
f 1080/984/997 1079/983/996 1081/984/998
f 1082/985/999 1080/984/997 1081/984/998
f 1082/985/999 1081/984/998 1083/985/1000
f 1084/986/1001 1082/985/999 1083/985/1000
f 1084/986/1001 1083/985/1000 1085/986/1002
f 1086/987/1003 1084/986/1001 1085/986/1002
f 1086/987/1003 1085/986/1002 1087/987/1004
f 1088/988/1005 1089/953/1006 1090/954/1007
f 1088/988/1005 1090/954/1007 1091/989/1008
f 1092/990/1009 1093/991/1010 1094/992/1011
f 1092/990/1009 1094/992/1011 1095/993/1012
f 1096/994/1013 1088/988/1005 1091/989/1008
f 1096/994/1013 1091/989/1008 1097/995/1014
f 1098/996/1015 1096/994/1013 1097/995/1014
f 1098/996/1015 1097/995/1014 1099/997/1016
f 1100/998/1017 1098/996/1015 1099/997/1016
f 1100/998/1017 1099/997/1016 1101/999/1018
f 1102/1000/1019 1100/998/1017 1101/999/1018
f 1102/1000/1019 1101/999/1018 1103/1001/1020
f 1104/1002/1021 1102/1000/1019 1103/1001/1020
f 1104/1002/1021 1103/1001/1020 1105/1003/1022
f 1106/1004/1023 1104/1002/1021 1105/1003/1022
f 1106/1004/1023 1105/1003/1022 1107/1005/1024
f 1108/1006/1025 1106/1004/1023 1107/1005/1024
f 1108/1006/1025 1107/1005/1024 1109/1007/1026
f 1110/1008/1027 1108/1006/1025 1109/1007/1026
f 1110/1008/1027 1109/1007/1026 1111/1009/1028
f 1112/1010/1029 1110/1008/1027 1111/1009/1028
f 1112/1010/1029 1111/1009/1028 1113/1011/1030
f 1114/1012/1031 1112/1010/1029 1113/1011/1030
f 1114/1012/1031 1113/1011/1030 1115/1013/1032
f 1116/1014/1033 1114/1012/1031 1115/1013/1032
f 1116/1014/1033 1115/1013/1032 1117/1015/1034
f 1118/1016/1035 1116/1014/1033 1117/1015/1034
f 1118/1016/1035 1117/1015/1034 1119/1017/1036
f 1120/1018/1037 1118/1016/1035 1119/1017/1036
f 1120/1018/1037 1119/1017/1036 1121/1019/1038
f 1122/1020/1039 1120/1018/1037 1121/1019/1038
f 1122/1020/1039 1121/1019/1038 1123/1021/1040
f 1124/1022/1041 1122/1020/1039 1123/1021/1040
f 1124/1022/1041 1123/1021/1040 1125/1023/1042
f 1126/1024/1043 1124/1022/1041 1125/1023/1042
f 1126/1024/1043 1125/1023/1042 1127/1025/1044
f 1128/1026/1045 1126/1024/1043 1127/1025/1044
f 1128/1026/1045 1127/1025/1044 1129/1027/1046
f 1130/1028/1047 1128/1026/1045 1129/1027/1046
f 1130/1028/1047 1129/1027/1046 1131/1029/1048
f 1132/1030/1049 1130/1028/1047 1131/1029/1048
f 1132/1030/1049 1131/1029/1048 1133/1031/1050
f 1134/1032/1051 1132/1030/1049 1133/1031/1050
f 1134/1032/1051 1133/1031/1050 1135/1033/1052
f 1136/1034/1053 1134/1032/1051 1135/1033/1052
f 1136/1034/1053 1135/1033/1052 1137/1035/1054
f 1138/1036/1055 1136/1034/1053 1137/1035/1054
f 1138/1036/1055 1137/1035/1054 1139/1037/1056
f 1140/1038/1057 1138/1036/1055 1139/1037/1056
f 1140/1038/1057 1139/1037/1056 1141/1039/1058
f 1142/1040/1059 1140/1038/1057 1141/1039/1058
f 1142/1040/1059 1141/1039/1058 1143/1041/1060
f 1144/1042/1061 1142/1040/1059 1143/1041/1060
f 1144/1042/1061 1143/1041/1060 1145/1043/1062
f 1146/1044/1063 1144/1042/1061 1145/1043/1062
f 1146/1044/1063 1145/1043/1062 1147/1045/1064
f 1148/1046/1065 1146/1044/1063 1147/1045/1064
f 1148/1046/1065 1147/1045/1064 1149/1047/1066
f 1150/1048/1067 1148/1046/1065 1149/1047/1066
f 1150/1048/1067 1149/1047/1066 1151/1049/1068
f 1093/991/1010 1150/1048/1067 1151/1049/1068
f 1093/991/1010 1151/1049/1068 1094/992/1011
f 1152/1050/1069 1153/989/1070 1023/954/940
f 1152/1050/1069 1023/954/940 1022/953/939
f 1154/990/942 1155/993/941 1156/992/1071
f 1154/990/942 1156/992/1071 1157/991/1072
f 1157/991/1072 1156/992/1071 1158/1049/1073
f 1157/991/1072 1158/1049/1073 1159/1048/1074
f 1159/1048/1074 1158/1049/1073 1160/1047/1075
f 1159/1048/1074 1160/1047/1075 1161/1046/1076
f 1161/1046/1076 1160/1047/1075 1162/1045/1077
f 1161/1046/1076 1162/1045/1077 1163/1044/1078
f 1163/1044/1078 1162/1045/1077 1164/1043/1079
f 1163/1044/1078 1164/1043/1079 1165/1042/1080
f 1165/1042/1080 1164/1043/1079 1166/1041/1081
f 1165/1042/1080 1166/1041/1081 1167/1040/1082
f 1167/1040/1082 1166/1041/1081 1168/1039/1083
f 1167/1040/1082 1168/1039/1083 1169/1038/1084
f 1169/1038/1084 1168/1039/1083 1170/1037/1085
f 1169/1038/1084 1170/1037/1085 1171/1036/1086
f 1171/1036/1086 1170/1037/1085 1172/1035/1087
f 1171/1036/1086 1172/1035/1087 1173/1034/1088
f 1173/1034/1088 1172/1035/1087 1174/1033/1089
f 1173/1034/1088 1174/1033/1089 1175/1032/1090
f 1175/1032/1090 1174/1033/1089 1176/1031/1091
f 1175/1032/1090 1176/1031/1091 1177/1030/1092
f 1177/1030/1092 1176/1031/1091 1178/1029/1093
f 1177/1030/1092 1178/1029/1093 1179/1028/1094
f 1179/1028/1094 1178/1029/1093 1180/1027/1095
f 1179/1028/1094 1180/1027/1095 1181/1026/1096
f 1181/1026/1096 1180/1027/1095 1182/1025/1097
f 1181/1026/1096 1182/1025/1097 1183/1024/1098
f 1183/1024/1098 1182/1025/1097 1184/1023/1099
f 1183/1024/1098 1184/1023/1099 1185/1022/1100
f 1185/1022/1100 1184/1023/1099 1186/1021/1101
f 1185/1022/1100 1186/1021/1101 1187/1020/1102
f 1187/1020/1102 1186/1021/1101 1188/1019/1103
f 1187/1020/1102 1188/1019/1103 1189/1018/1104
f 1189/1018/1104 1188/1019/1103 1190/1017/1105
f 1189/1018/1104 1190/1017/1105 1191/1016/1106
f 1191/1016/1106 1190/1017/1105 1192/1015/1107
f 1191/1016/1106 1192/1015/1107 1193/1014/1108
f 1193/1014/1108 1192/1015/1107 1194/1013/1109
f 1193/1014/1108 1194/1013/1109 1195/1012/1110
f 1195/1012/1110 1194/1013/1109 1196/1011/1111
f 1195/1012/1110 1196/1011/1111 1197/1010/1112
f 1197/1010/1112 1196/1011/1111 1198/1009/1113
f 1197/1010/1112 1198/1009/1113 1199/1008/1114
f 1199/1008/1114 1198/1009/1113 1200/1007/1115
f 1199/1008/1114 1200/1007/1115 1201/1006/1116
f 1201/1006/1116 1200/1007/1115 1202/1005/1117
f 1201/1006/1116 1202/1005/1117 1203/1004/1118
f 1203/1004/1118 1202/1005/1117 1204/1003/1119
f 1203/1004/1118 1204/1003/1119 1205/1002/1120
f 1205/1002/1120 1204/1003/1119 1206/1001/1121
f 1205/1002/1120 1206/1001/1121 1207/1000/1122
f 1207/1000/1122 1206/1001/1121 1208/999/1123
f 1207/1000/1122 1208/999/1123 1209/998/1124
f 1209/998/1124 1208/999/1123 1210/997/1125
f 1209/998/1124 1210/997/1125 1211/996/1126
f 1211/996/1126 1210/997/1125 1212/995/1127
f 1211/996/1126 1212/995/1127 1213/994/1128
f 1213/994/1128 1212/995/1127 1153/989/1070
f 1213/994/1128 1153/989/1070 1152/1050/1069
f 1214/1051/1129 1086/987/1003 1087/987/1004
f 1214/1051/1129 1087/987/1004 1215/1051/1130
f 1216/1052/1131 1217/1053/943 1218/1053/946
f 1216/1052/1131 1218/1053/946 1219/1052/1132
f 1220/1054/1133 1221/1055/1134 1222/1055/1135
f 1220/1054/1133 1222/1055/1135 1223/1054/1136
f 1089/953/1006 1224/956/1009 1225/955/1137
f 1089/953/1006 1225/955/1137 1090/954/1007
f 1226/1056/1138 1227/1057/1139 1228/1057/1140
f 1226/1056/1138 1228/1057/1140 1229/1056/1141
f 1227/1057/1139 1230/1058/1142 1231/1058/1143
f 1227/1057/1139 1231/1058/1143 1228/1057/1140
f 1230/1058/1142 1232/1059/1144 1233/1059/1145
f 1230/1058/1142 1233/1059/1145 1231/1058/1143
f 1232/1059/1144 1234/1060/1146 1235/1060/1147
f 1232/1059/1144 1235/1060/1147 1233/1059/1145
f 1234/1060/1146 1236/1061/1148 1237/1061/1149
f 1234/1060/1146 1237/1061/1149 1235/1060/1147
f 1236/1061/1148 1238/1062/1150 1239/1062/1151
f 1236/1061/1148 1239/1062/1151 1237/1061/1149
f 1238/1062/1150 1240/1063/1152 1241/1063/1153
f 1238/1062/1150 1241/1063/1153 1239/1062/1151
f 1240/1063/1152 1242/1064/1154 1243/1064/1155
f 1240/1063/1152 1243/1064/1155 1241/1063/1153
f 1242/1064/1154 1244/1065/1156 1245/1065/1157
f 1242/1064/1154 1245/1065/1157 1243/1064/1155
f 1244/1065/1156 1246/1066/1158 1247/1066/1159
f 1244/1065/1156 1247/1066/1159 1245/1065/1157
f 1246/1066/1158 1248/1067/1160 1249/1067/1161
f 1246/1066/1158 1249/1067/1161 1247/1066/1159
f 1248/1067/1160 1250/1068/1162 1251/1068/1163
f 1248/1067/1160 1251/1068/1163 1249/1067/1161
f 1250/1068/1162 1252/1069/1164 1253/1069/1165
f 1250/1068/1162 1253/1069/1165 1251/1068/1163
f 1252/1069/1164 1254/1070/1166 1255/1070/1167
f 1252/1069/1164 1255/1070/1167 1253/1069/1165
f 1254/1070/1166 1256/1071/1168 1257/1071/1169
f 1254/1070/1166 1257/1071/1169 1255/1070/1167
f 1256/1071/1168 1258/1072/1170 1259/1072/1171
f 1256/1071/1168 1259/1072/1171 1257/1071/1169
f 1258/1072/1170 1260/1073/1172 1261/1073/1173
f 1258/1072/1170 1261/1073/1173 1259/1072/1171
f 1260/1073/1172 1262/1074/1174 1263/1074/1175
f 1260/1073/1172 1263/1074/1175 1261/1073/1173
f 1262/1074/1174 1264/1075/1176 1265/1075/1177
f 1262/1074/1174 1265/1075/1177 1263/1074/1175
f 1264/1075/1176 1266/1076/1178 1267/1076/1179
f 1264/1075/1176 1267/1076/1179 1265/1075/1177
f 1266/1076/1178 1268/1077/1180 1269/1077/1181
f 1266/1076/1178 1269/1077/1181 1267/1076/1179
f 1268/1077/1180 1270/1078/1182 1271/1078/1183
f 1268/1077/1180 1271/1078/1183 1269/1077/1181
f 1270/1078/1182 1272/1079/1184 1273/1079/1185
f 1270/1078/1182 1273/1079/1185 1271/1078/1183
f 1272/1079/1184 1274/1080/1186 1275/1080/1187
f 1272/1079/1184 1275/1080/1187 1273/1079/1185
f 1274/1080/1186 1276/1081/1188 1277/1081/1189
f 1274/1080/1186 1277/1081/1189 1275/1080/1187
f 1276/1081/1188 1278/1082/1190 1279/1082/1191
f 1276/1081/1188 1279/1082/1191 1277/1081/1189
f 1278/1082/1190 1220/1054/1133 1223/1054/1136
f 1278/1082/1190 1223/1054/1136 1279/1082/1191
f 1027/958/944 1226/1056/1138 1229/1056/1141
f 1027/958/944 1229/1056/1141 1028/958/945
f 1221/1055/1134 1216/1052/1131 1219/1052/1132
f 1221/1055/1134 1219/1052/1132 1222/1055/1135
f 1022/953/939 1025/956/942 1280/1083/1192
f 1022/953/939 1280/1083/1192 1281/952/1193
f 1281/952/1193 1280/1083/1192 1282/1084/1129
f 1281/952/1193 1282/1084/1129 1019/952/936
f 1154/990/942 1157/991/1072 1283/987/1194
f 1154/990/942 1283/987/1194 1284/1085/1192
f 1284/1085/1192 1283/987/1194 1086/987/1003
f 1284/1085/1192 1086/987/1003 1214/1051/1129
f 1157/991/1072 1159/1048/1074 1285/1086/1195
f 1157/991/1072 1285/1086/1195 1283/987/1194
f 1283/987/1194 1285/1086/1195 1084/986/1001
f 1283/987/1194 1084/986/1001 1086/987/1003
f 1159/1048/1074 1161/1046/1076 1286/985/1196
f 1159/1048/1074 1286/985/1196 1285/1086/1195
f 1285/1086/1195 1286/985/1196 1082/985/999
f 1285/1086/1195 1082/985/999 1084/986/1001
f 1161/1046/1076 1163/1044/1078 1287/984/1197
f 1161/1046/1076 1287/984/1197 1286/985/1196
f 1286/985/1196 1287/984/1197 1080/984/997
f 1286/985/1196 1080/984/997 1082/985/999
f 1163/1044/1078 1165/1042/1080 1288/983/1198
f 1163/1044/1078 1288/983/1198 1287/984/1197
f 1287/984/1197 1288/983/1198 1078/983/995
f 1287/984/1197 1078/983/995 1080/984/997
f 1165/1042/1080 1167/1040/1082 1289/982/1199
f 1165/1042/1080 1289/982/1199 1288/983/1198
f 1288/983/1198 1289/982/1199 1076/982/993
f 1288/983/1198 1076/982/993 1078/983/995
f 1167/1040/1082 1169/1038/1084 1290/981/1200
f 1167/1040/1082 1290/981/1200 1289/982/1199
f 1289/982/1199 1290/981/1200 1074/981/991
f 1289/982/1199 1074/981/991 1076/982/993
f 1169/1038/1084 1171/1036/1086 1291/980/1201
f 1169/1038/1084 1291/980/1201 1290/981/1200
f 1290/981/1200 1291/980/1201 1072/980/989
f 1290/981/1200 1072/980/989 1074/981/991
f 1171/1036/1086 1173/1034/1088 1292/979/1202
f 1171/1036/1086 1292/979/1202 1291/980/1201
f 1291/980/1201 1292/979/1202 1070/979/987
f 1291/980/1201 1070/979/987 1072/980/989
f 1173/1034/1088 1175/1032/1090 1293/978/1203
f 1173/1034/1088 1293/978/1203 1292/979/1202
f 1292/979/1202 1293/978/1203 1068/978/985
f 1292/979/1202 1068/978/985 1070/979/987
f 1175/1032/1090 1177/1030/1092 1294/977/1204
f 1175/1032/1090 1294/977/1204 1293/978/1203
f 1293/978/1203 1294/977/1204 1066/977/983
f 1293/978/1203 1066/977/983 1068/978/985
f 1177/1030/1092 1179/1028/1094 1295/976/1205
f 1177/1030/1092 1295/976/1205 1294/977/1204
f 1294/977/1204 1295/976/1205 1064/976/981
f 1294/977/1204 1064/976/981 1066/977/983
f 1179/1028/1094 1181/1026/1096 1296/975/1206
f 1179/1028/1094 1296/975/1206 1295/976/1205
f 1295/976/1205 1296/975/1206 1062/975/979
f 1295/976/1205 1062/975/979 1064/976/981
f 1181/1026/1096 1183/1024/1098 1297/974/1207
f 1181/1026/1096 1297/974/1207 1296/975/1206
f 1296/975/1206 1297/974/1207 1060/974/977
f 1296/975/1206 1060/974/977 1062/975/979
f 1183/1024/1098 1185/1022/1100 1298/973/1208
f 1183/1024/1098 1298/973/1208 1297/974/1207
f 1297/974/1207 1298/973/1208 1058/973/975
f 1297/974/1207 1058/973/975 1060/974/977
f 1185/1022/1100 1187/1020/1102 1299/972/1209
f 1185/1022/1100 1299/972/1209 1298/973/1208
f 1298/973/1208 1299/972/1209 1056/972/973
f 1298/973/1208 1056/972/973 1058/973/975
f 1187/1020/1102 1189/1018/1104 1300/971/1210
f 1187/1020/1102 1300/971/1210 1299/972/1209
f 1299/972/1209 1300/971/1210 1054/971/971
f 1299/972/1209 1054/971/971 1056/972/973
f 1189/1018/1104 1191/1016/1106 1301/970/1211
f 1189/1018/1104 1301/970/1211 1300/971/1210
f 1300/971/1210 1301/970/1211 1052/970/969
f 1300/971/1210 1052/970/969 1054/971/971
f 1191/1016/1106 1193/1014/1108 1302/969/1212
f 1191/1016/1106 1302/969/1212 1301/970/1211
f 1301/970/1211 1302/969/1212 1050/969/967
f 1301/970/1211 1050/969/967 1052/970/969
f 1193/1014/1108 1195/1012/1110 1303/968/1213
f 1193/1014/1108 1303/968/1213 1302/969/1212
f 1302/969/1212 1303/968/1213 1048/968/965
f 1302/969/1212 1048/968/965 1050/969/967
f 1195/1012/1110 1197/1010/1112 1304/967/1214
f 1195/1012/1110 1304/967/1214 1303/968/1213
f 1303/968/1213 1304/967/1214 1046/967/963
f 1303/968/1213 1046/967/963 1048/968/965
f 1197/1010/1112 1199/1008/1114 1305/966/1215
f 1197/1010/1112 1305/966/1215 1304/967/1214
f 1304/967/1214 1305/966/1215 1044/966/961
f 1304/967/1214 1044/966/961 1046/967/963
f 1199/1008/1114 1201/1006/1116 1306/965/1216
f 1199/1008/1114 1306/965/1216 1305/966/1215
f 1305/966/1215 1306/965/1216 1042/965/959
f 1305/966/1215 1042/965/959 1044/966/961
f 1201/1006/1116 1203/1004/1118 1307/964/1217
f 1201/1006/1116 1307/964/1217 1306/965/1216
f 1306/965/1216 1307/964/1217 1040/964/957
f 1306/965/1216 1040/964/957 1042/965/959
f 1203/1004/1118 1205/1002/1120 1308/963/1218
f 1203/1004/1118 1308/963/1218 1307/964/1217
f 1307/964/1217 1308/963/1218 1038/963/955
f 1307/964/1217 1038/963/955 1040/964/957
f 1205/1002/1120 1207/1000/1122 1309/962/1219
f 1205/1002/1120 1309/962/1219 1308/963/1218
f 1308/963/1218 1309/962/1219 1036/962/953
f 1308/963/1218 1036/962/953 1038/963/955
f 1207/1000/1122 1209/998/1124 1310/961/1220
f 1207/1000/1122 1310/961/1220 1309/962/1219
f 1309/962/1219 1310/961/1220 1034/961/951
f 1309/962/1219 1034/961/951 1036/962/953
f 1209/998/1124 1211/996/1126 1311/960/1221
f 1209/998/1124 1311/960/1221 1310/961/1220
f 1310/961/1220 1311/960/1221 1032/960/949
f 1310/961/1220 1032/960/949 1034/961/951
f 1211/996/1126 1213/994/1128 1312/959/1222
f 1211/996/1126 1312/959/1222 1311/960/1221
f 1311/960/1221 1312/959/1222 1030/959/947
f 1311/960/1221 1030/959/947 1032/960/949
f 1213/994/1128 1152/1050/1069 1313/1087/1223
f 1213/994/1128 1313/1087/1223 1312/959/1222
f 1312/959/1222 1313/1087/1223 1018/951/935
f 1312/959/1222 1018/951/935 1030/959/947
f 1152/1050/1069 1022/953/939 1281/952/1193
f 1152/1050/1069 1281/952/1193 1313/1087/1223
f 1313/1087/1223 1281/952/1193 1019/952/936
f 1313/1087/1223 1019/952/936 1018/951/935
f 1027/958/944 1026/957/943 1314/1088/1224
f 1027/958/944 1314/1088/1224 1315/958/1225
f 1315/958/1225 1314/1088/1224 1024/955/941
f 1315/958/1225 1024/955/941 1023/954/940
f 1226/1056/1138 1027/958/944 1315/958/1225
f 1226/1056/1138 1315/958/1225 1316/1056/1226
f 1316/1056/1226 1315/958/1225 1023/954/940
f 1316/1056/1226 1023/954/940 1153/989/1070
f 1227/1057/1139 1226/1056/1138 1316/1056/1226
f 1227/1057/1139 1316/1056/1226 1317/1057/1227
f 1317/1057/1227 1316/1056/1226 1153/989/1070
f 1317/1057/1227 1153/989/1070 1212/995/1127
f 1230/1058/1142 1227/1057/1139 1317/1057/1227
f 1230/1058/1142 1317/1057/1227 1318/1058/1228
f 1318/1058/1228 1317/1057/1227 1212/995/1127
f 1318/1058/1228 1212/995/1127 1210/997/1125
f 1232/1059/1144 1230/1058/1142 1318/1058/1228
f 1232/1059/1144 1318/1058/1228 1319/1059/1229
f 1319/1059/1229 1318/1058/1228 1210/997/1125
f 1319/1059/1229 1210/997/1125 1208/999/1123
f 1234/1060/1146 1232/1059/1144 1319/1059/1229
f 1234/1060/1146 1319/1059/1229 1320/1060/1230
f 1320/1060/1230 1319/1059/1229 1208/999/1123
f 1320/1060/1230 1208/999/1123 1206/1001/1121
f 1236/1061/1148 1234/1060/1146 1320/1060/1230
f 1236/1061/1148 1320/1060/1230 1321/1061/1231
f 1321/1061/1231 1320/1060/1230 1206/1001/1121
f 1321/1061/1231 1206/1001/1121 1204/1003/1119
f 1238/1062/1150 1236/1061/1148 1321/1061/1231
f 1238/1062/1150 1321/1061/1231 1322/1062/1232
f 1322/1062/1232 1321/1061/1231 1204/1003/1119
f 1322/1062/1232 1204/1003/1119 1202/1005/1117
f 1240/1063/1152 1238/1062/1150 1322/1062/1232
f 1240/1063/1152 1322/1062/1232 1323/1063/1233
f 1323/1063/1233 1322/1062/1232 1202/1005/1117
f 1323/1063/1233 1202/1005/1117 1200/1007/1115
f 1242/1064/1154 1240/1063/1152 1323/1063/1233
f 1242/1064/1154 1323/1063/1233 1324/1064/1234
f 1324/1064/1234 1323/1063/1233 1200/1007/1115
f 1324/1064/1234 1200/1007/1115 1198/1009/1113
f 1244/1065/1156 1242/1064/1154 1324/1064/1234
f 1244/1065/1156 1324/1064/1234 1325/1065/1235
f 1325/1065/1235 1324/1064/1234 1198/1009/1113
f 1325/1065/1235 1198/1009/1113 1196/1011/1111
f 1246/1066/1158 1244/1065/1156 1325/1065/1235
f 1246/1066/1158 1325/1065/1235 1326/1066/1236
f 1326/1066/1236 1325/1065/1235 1196/1011/1111
f 1326/1066/1236 1196/1011/1111 1194/1013/1109
f 1248/1067/1160 1246/1066/1158 1326/1066/1236
f 1248/1067/1160 1326/1066/1236 1327/1067/1237
f 1327/1067/1237 1326/1066/1236 1194/1013/1109
f 1327/1067/1237 1194/1013/1109 1192/1015/1107
f 1250/1068/1162 1248/1067/1160 1327/1067/1237
f 1250/1068/1162 1327/1067/1237 1328/1068/1238
f 1328/1068/1238 1327/1067/1237 1192/1015/1107
f 1328/1068/1238 1192/1015/1107 1190/1017/1105
f 1252/1069/1164 1250/1068/1162 1328/1068/1238
f 1252/1069/1164 1328/1068/1238 1329/1069/1239
f 1329/1069/1239 1328/1068/1238 1190/1017/1105
f 1329/1069/1239 1190/1017/1105 1188/1019/1103
f 1254/1070/1166 1252/1069/1164 1329/1069/1239
f 1254/1070/1166 1329/1069/1239 1330/1070/1240
f 1330/1070/1240 1329/1069/1239 1188/1019/1103
f 1330/1070/1240 1188/1019/1103 1186/1021/1101
f 1256/1071/1168 1254/1070/1166 1330/1070/1240
f 1256/1071/1168 1330/1070/1240 1331/1071/1241
f 1331/1071/1241 1330/1070/1240 1186/1021/1101
f 1331/1071/1241 1186/1021/1101 1184/1023/1099
f 1258/1072/1170 1256/1071/1168 1331/1071/1241
f 1258/1072/1170 1331/1071/1241 1332/1072/1242
f 1332/1072/1242 1331/1071/1241 1184/1023/1099
f 1332/1072/1242 1184/1023/1099 1182/1025/1097
f 1260/1073/1172 1258/1072/1170 1332/1072/1242
f 1260/1073/1172 1332/1072/1242 1333/1073/1243
f 1333/1073/1243 1332/1072/1242 1182/1025/1097
f 1333/1073/1243 1182/1025/1097 1180/1027/1095
f 1262/1074/1174 1260/1073/1172 1333/1073/1243
f 1262/1074/1174 1333/1073/1243 1334/1074/1244
f 1334/1074/1244 1333/1073/1243 1180/1027/1095
f 1334/1074/1244 1180/1027/1095 1178/1029/1093
f 1264/1075/1176 1262/1074/1174 1334/1074/1244
f 1264/1075/1176 1334/1074/1244 1335/1075/1245
f 1335/1075/1245 1334/1074/1244 1178/1029/1093
f 1335/1075/1245 1178/1029/1093 1176/1031/1091
f 1266/1076/1178 1264/1075/1176 1335/1075/1245
f 1266/1076/1178 1335/1075/1245 1336/1076/1246
f 1336/1076/1246 1335/1075/1245 1176/1031/1091
f 1336/1076/1246 1176/1031/1091 1174/1033/1089
f 1268/1077/1180 1266/1076/1178 1336/1076/1246
f 1268/1077/1180 1336/1076/1246 1337/1077/1247
f 1337/1077/1247 1336/1076/1246 1174/1033/1089
f 1337/1077/1247 1174/1033/1089 1172/1035/1087
f 1270/1078/1182 1268/1077/1180 1337/1077/1247
f 1270/1078/1182 1337/1077/1247 1338/1078/1248
f 1338/1078/1248 1337/1077/1247 1172/1035/1087
f 1338/1078/1248 1172/1035/1087 1170/1037/1085
f 1272/1079/1184 1270/1078/1182 1338/1078/1248
f 1272/1079/1184 1338/1078/1248 1339/1079/1249
f 1339/1079/1249 1338/1078/1248 1170/1037/1085
f 1339/1079/1249 1170/1037/1085 1168/1039/1083
f 1274/1080/1186 1272/1079/1184 1339/1079/1249
f 1274/1080/1186 1339/1079/1249 1340/1080/1250
f 1340/1080/1250 1339/1079/1249 1168/1039/1083
f 1340/1080/1250 1168/1039/1083 1166/1041/1081
f 1276/1081/1188 1274/1080/1186 1340/1080/1250
f 1276/1081/1188 1340/1080/1250 1341/1081/1251
f 1341/1081/1251 1340/1080/1250 1166/1041/1081
f 1341/1081/1251 1166/1041/1081 1164/1043/1079
f 1278/1082/1190 1276/1081/1188 1341/1081/1251
f 1278/1082/1190 1341/1081/1251 1342/1082/1252
f 1342/1082/1252 1341/1081/1251 1164/1043/1079
f 1342/1082/1252 1164/1043/1079 1162/1045/1077
f 1220/1054/1133 1278/1082/1190 1342/1082/1252
f 1220/1054/1133 1342/1082/1252 1343/1054/1253
f 1343/1054/1253 1342/1082/1252 1162/1045/1077
f 1343/1054/1253 1162/1045/1077 1160/1047/1075
f 1221/1055/1134 1220/1054/1133 1343/1054/1253
f 1221/1055/1134 1343/1054/1253 1344/1055/1254
f 1344/1055/1254 1343/1054/1253 1160/1047/1075
f 1344/1055/1254 1160/1047/1075 1158/1049/1073
f 1216/1052/1131 1221/1055/1134 1344/1055/1254
f 1216/1052/1131 1344/1055/1254 1345/1089/1255
f 1345/1089/1255 1344/1055/1254 1158/1049/1073
f 1345/1089/1255 1158/1049/1073 1156/992/1071
f 1217/1053/943 1216/1052/1131 1345/1089/1255
f 1217/1053/943 1345/1089/1255 1346/1090/1224
f 1346/1090/1224 1345/1089/1255 1156/992/1071
f 1346/1090/1224 1156/992/1071 1155/993/941
f 1020/952/937 1347/1084/1130 1348/1084/1256
f 1020/952/937 1348/1084/1256 1349/952/1257
f 1349/952/1257 1348/1084/1256 1224/956/1009
f 1349/952/1257 1224/956/1009 1089/953/1006
f 1215/1051/1130 1087/987/1004 1350/987/1258
f 1215/1051/1130 1350/987/1258 1351/1051/1256
f 1351/1051/1256 1350/987/1258 1093/991/1010
f 1351/1051/1256 1093/991/1010 1092/990/1009
f 1087/987/1004 1085/986/1002 1352/986/1259
f 1087/987/1004 1352/986/1259 1350/987/1258
f 1350/987/1258 1352/986/1259 1150/1048/1067
f 1350/987/1258 1150/1048/1067 1093/991/1010
f 1085/986/1002 1083/985/1000 1353/985/1260
f 1085/986/1002 1353/985/1260 1352/986/1259
f 1352/986/1259 1353/985/1260 1148/1046/1065
f 1352/986/1259 1148/1046/1065 1150/1048/1067
f 1083/985/1000 1081/984/998 1354/984/1261
f 1083/985/1000 1354/984/1261 1353/985/1260
f 1353/985/1260 1354/984/1261 1146/1044/1063
f 1353/985/1260 1146/1044/1063 1148/1046/1065
f 1081/984/998 1079/983/996 1355/983/1262
f 1081/984/998 1355/983/1262 1354/984/1261
f 1354/984/1261 1355/983/1262 1144/1042/1061
f 1354/984/1261 1144/1042/1061 1146/1044/1063
f 1079/983/996 1077/982/994 1356/982/1263
f 1079/983/996 1356/982/1263 1355/983/1262
f 1355/983/1262 1356/982/1263 1142/1040/1059
f 1355/983/1262 1142/1040/1059 1144/1042/1061
f 1077/982/994 1075/981/992 1357/981/1264
f 1077/982/994 1357/981/1264 1356/982/1263
f 1356/982/1263 1357/981/1264 1140/1038/1057
f 1356/982/1263 1140/1038/1057 1142/1040/1059
f 1075/981/992 1073/980/990 1358/980/1265
f 1075/981/992 1358/980/1265 1357/981/1264
f 1357/981/1264 1358/980/1265 1138/1036/1055
f 1357/981/1264 1138/1036/1055 1140/1038/1057
f 1073/980/990 1071/979/988 1359/979/1266
f 1073/980/990 1359/979/1266 1358/980/1265
f 1358/980/1265 1359/979/1266 1136/1034/1053
f 1358/980/1265 1136/1034/1053 1138/1036/1055
f 1071/979/988 1069/978/986 1360/978/1267
f 1071/979/988 1360/978/1267 1359/979/1266
f 1359/979/1266 1360/978/1267 1134/1032/1051
f 1359/979/1266 1134/1032/1051 1136/1034/1053
f 1069/978/986 1067/977/984 1361/977/1268
f 1069/978/986 1361/977/1268 1360/978/1267
f 1360/978/1267 1361/977/1268 1132/1030/1049
f 1360/978/1267 1132/1030/1049 1134/1032/1051
f 1067/977/984 1065/976/982 1362/976/1269
f 1067/977/984 1362/976/1269 1361/977/1268
f 1361/977/1268 1362/976/1269 1130/1028/1047
f 1361/977/1268 1130/1028/1047 1132/1030/1049
f 1065/976/982 1063/975/980 1363/975/1270
f 1065/976/982 1363/975/1270 1362/976/1269
f 1362/976/1269 1363/975/1270 1128/1026/1045
f 1362/976/1269 1128/1026/1045 1130/1028/1047
f 1063/975/980 1061/974/978 1364/974/1271
f 1063/975/980 1364/974/1271 1363/975/1270
f 1363/975/1270 1364/974/1271 1126/1024/1043
f 1363/975/1270 1126/1024/1043 1128/1026/1045
f 1061/974/978 1059/973/976 1365/973/1272
f 1061/974/978 1365/973/1272 1364/974/1271
f 1364/974/1271 1365/973/1272 1124/1022/1041
f 1364/974/1271 1124/1022/1041 1126/1024/1043
f 1059/973/976 1057/972/974 1366/972/1273
f 1059/973/976 1366/972/1273 1365/973/1272
f 1365/973/1272 1366/972/1273 1122/1020/1039
f 1365/973/1272 1122/1020/1039 1124/1022/1041
f 1057/972/974 1055/971/972 1367/971/1274
f 1057/972/974 1367/971/1274 1366/972/1273
f 1366/972/1273 1367/971/1274 1120/1018/1037
f 1366/972/1273 1120/1018/1037 1122/1020/1039
f 1055/971/972 1053/970/970 1368/970/1275
f 1055/971/972 1368/970/1275 1367/971/1274
f 1367/971/1274 1368/970/1275 1118/1016/1035
f 1367/971/1274 1118/1016/1035 1120/1018/1037
f 1053/970/970 1051/969/968 1369/969/1276
f 1053/970/970 1369/969/1276 1368/970/1275
f 1368/970/1275 1369/969/1276 1116/1014/1033
f 1368/970/1275 1116/1014/1033 1118/1016/1035
f 1051/969/968 1049/968/966 1370/968/1277
f 1051/969/968 1370/968/1277 1369/969/1276
f 1369/969/1276 1370/968/1277 1114/1012/1031
f 1369/969/1276 1114/1012/1031 1116/1014/1033
f 1049/968/966 1047/967/964 1371/967/1278
f 1049/968/966 1371/967/1278 1370/968/1277
f 1370/968/1277 1371/967/1278 1112/1010/1029
f 1370/968/1277 1112/1010/1029 1114/1012/1031
f 1047/967/964 1045/966/962 1372/966/1279
f 1047/967/964 1372/966/1279 1371/967/1278
f 1371/967/1278 1372/966/1279 1110/1008/1027
f 1371/967/1278 1110/1008/1027 1112/1010/1029
f 1045/966/962 1043/965/960 1373/965/1280
f 1045/966/962 1373/965/1280 1372/966/1279
f 1372/966/1279 1373/965/1280 1108/1006/1025
f 1372/966/1279 1108/1006/1025 1110/1008/1027
f 1043/965/960 1041/964/958 1374/964/1281
f 1043/965/960 1374/964/1281 1373/965/1280
f 1373/965/1280 1374/964/1281 1106/1004/1023
f 1373/965/1280 1106/1004/1023 1108/1006/1025
f 1041/964/958 1039/963/956 1375/963/1282
f 1041/964/958 1375/963/1282 1374/964/1281
f 1374/964/1281 1375/963/1282 1104/1002/1021
f 1374/964/1281 1104/1002/1021 1106/1004/1023
f 1039/963/956 1037/962/954 1376/962/1283
f 1039/963/956 1376/962/1283 1375/963/1282
f 1375/963/1282 1376/962/1283 1102/1000/1019
f 1375/963/1282 1102/1000/1019 1104/1002/1021
f 1037/962/954 1035/961/952 1377/961/1284
f 1037/962/954 1377/961/1284 1376/962/1283
f 1376/962/1283 1377/961/1284 1100/998/1017
f 1376/962/1283 1100/998/1017 1102/1000/1019
f 1035/961/952 1033/960/950 1378/960/1285
f 1035/961/952 1378/960/1285 1377/961/1284
f 1377/961/1284 1378/960/1285 1098/996/1015
f 1377/961/1284 1098/996/1015 1100/998/1017
f 1033/960/950 1031/959/948 1379/959/1286
f 1033/960/950 1379/959/1286 1378/960/1285
f 1378/960/1285 1379/959/1286 1096/994/1013
f 1378/960/1285 1096/994/1013 1098/996/1015
f 1031/959/948 1021/951/938 1380/951/1287
f 1031/959/948 1380/951/1287 1379/959/1286
f 1379/959/1286 1380/951/1287 1088/988/1005
f 1379/959/1286 1088/988/1005 1096/994/1013
f 1021/951/938 1020/952/937 1349/952/1257
f 1021/951/938 1349/952/1257 1380/951/1287
f 1380/951/1287 1349/952/1257 1089/953/1006
f 1380/951/1287 1089/953/1006 1088/988/1005
f 1090/954/1007 1225/955/1137 1381/957/1288
f 1090/954/1007 1381/957/1288 1382/958/1289
f 1382/958/1289 1381/957/1288 1029/957/946
f 1382/958/1289 1029/957/946 1028/958/945
f 1091/989/1008 1090/954/1007 1382/958/1289
f 1091/989/1008 1382/958/1289 1383/1056/1290
f 1383/1056/1290 1382/958/1289 1028/958/945
f 1383/1056/1290 1028/958/945 1229/1056/1141
f 1097/995/1014 1091/989/1008 1383/1056/1290
f 1097/995/1014 1383/1056/1290 1384/1057/1291
f 1384/1057/1291 1383/1056/1290 1229/1056/1141
f 1384/1057/1291 1229/1056/1141 1228/1057/1140
f 1099/997/1016 1097/995/1014 1384/1057/1291
f 1099/997/1016 1384/1057/1291 1385/1058/1292
f 1385/1058/1292 1384/1057/1291 1228/1057/1140
f 1385/1058/1292 1228/1057/1140 1231/1058/1143
f 1101/999/1018 1099/997/1016 1385/1058/1292
f 1101/999/1018 1385/1058/1292 1386/1059/1293
f 1386/1059/1293 1385/1058/1292 1231/1058/1143
f 1386/1059/1293 1231/1058/1143 1233/1059/1145
f 1103/1001/1020 1101/999/1018 1386/1059/1293
f 1103/1001/1020 1386/1059/1293 1387/1060/1294
f 1387/1060/1294 1386/1059/1293 1233/1059/1145
f 1387/1060/1294 1233/1059/1145 1235/1060/1147
f 1105/1003/1022 1103/1001/1020 1387/1060/1294
f 1105/1003/1022 1387/1060/1294 1388/1061/1295
f 1388/1061/1295 1387/1060/1294 1235/1060/1147
f 1388/1061/1295 1235/1060/1147 1237/1061/1149
f 1107/1005/1024 1105/1003/1022 1388/1061/1295
f 1107/1005/1024 1388/1061/1295 1389/1062/1296
f 1389/1062/1296 1388/1061/1295 1237/1061/1149
f 1389/1062/1296 1237/1061/1149 1239/1062/1151
f 1109/1007/1026 1107/1005/1024 1389/1062/1296
f 1109/1007/1026 1389/1062/1296 1390/1063/1297
f 1390/1063/1297 1389/1062/1296 1239/1062/1151
f 1390/1063/1297 1239/1062/1151 1241/1063/1153
f 1111/1009/1028 1109/1007/1026 1390/1063/1297
f 1111/1009/1028 1390/1063/1297 1391/1064/1298
f 1391/1064/1298 1390/1063/1297 1241/1063/1153
f 1391/1064/1298 1241/1063/1153 1243/1064/1155
f 1113/1011/1030 1111/1009/1028 1391/1064/1298
f 1113/1011/1030 1391/1064/1298 1392/1065/1299
f 1392/1065/1299 1391/1064/1298 1243/1064/1155
f 1392/1065/1299 1243/1064/1155 1245/1065/1157
f 1115/1013/1032 1113/1011/1030 1392/1065/1299
f 1115/1013/1032 1392/1065/1299 1393/1066/1300
f 1393/1066/1300 1392/1065/1299 1245/1065/1157
f 1393/1066/1300 1245/1065/1157 1247/1066/1159
f 1117/1015/1034 1115/1013/1032 1393/1066/1300
f 1117/1015/1034 1393/1066/1300 1394/1067/1301
f 1394/1067/1301 1393/1066/1300 1247/1066/1159
f 1394/1067/1301 1247/1066/1159 1249/1067/1161
f 1119/1017/1036 1117/1015/1034 1394/1067/1301
f 1119/1017/1036 1394/1067/1301 1395/1068/1302
f 1395/1068/1302 1394/1067/1301 1249/1067/1161
f 1395/1068/1302 1249/1067/1161 1251/1068/1163
f 1121/1019/1038 1119/1017/1036 1395/1068/1302
f 1121/1019/1038 1395/1068/1302 1396/1069/1303
f 1396/1069/1303 1395/1068/1302 1251/1068/1163
f 1396/1069/1303 1251/1068/1163 1253/1069/1165
f 1123/1021/1040 1121/1019/1038 1396/1069/1303
f 1123/1021/1040 1396/1069/1303 1397/1070/1304
f 1397/1070/1304 1396/1069/1303 1253/1069/1165
f 1397/1070/1304 1253/1069/1165 1255/1070/1167
f 1125/1023/1042 1123/1021/1040 1397/1070/1304
f 1125/1023/1042 1397/1070/1304 1398/1071/1305
f 1398/1071/1305 1397/1070/1304 1255/1070/1167
f 1398/1071/1305 1255/1070/1167 1257/1071/1169
f 1127/1025/1044 1125/1023/1042 1398/1071/1305
f 1127/1025/1044 1398/1071/1305 1399/1072/1306
f 1399/1072/1306 1398/1071/1305 1257/1071/1169
f 1399/1072/1306 1257/1071/1169 1259/1072/1171
f 1129/1027/1046 1127/1025/1044 1399/1072/1306
f 1129/1027/1046 1399/1072/1306 1400/1073/1307
f 1400/1073/1307 1399/1072/1306 1259/1072/1171
f 1400/1073/1307 1259/1072/1171 1261/1073/1173
f 1131/1029/1048 1129/1027/1046 1400/1073/1307
f 1131/1029/1048 1400/1073/1307 1401/1074/1308
f 1401/1074/1308 1400/1073/1307 1261/1073/1173
f 1401/1074/1308 1261/1073/1173 1263/1074/1175
f 1133/1031/1050 1131/1029/1048 1401/1074/1308
f 1133/1031/1050 1401/1074/1308 1402/1075/1309
f 1402/1075/1309 1401/1074/1308 1263/1074/1175
f 1402/1075/1309 1263/1074/1175 1265/1075/1177
f 1135/1033/1052 1133/1031/1050 1402/1075/1309
f 1135/1033/1052 1402/1075/1309 1403/1076/1310
f 1403/1076/1310 1402/1075/1309 1265/1075/1177
f 1403/1076/1310 1265/1075/1177 1267/1076/1179
f 1137/1035/1054 1135/1033/1052 1403/1076/1310
f 1137/1035/1054 1403/1076/1310 1404/1077/1311
f 1404/1077/1311 1403/1076/1310 1267/1076/1179
f 1404/1077/1311 1267/1076/1179 1269/1077/1181
f 1139/1037/1056 1137/1035/1054 1404/1077/1311
f 1139/1037/1056 1404/1077/1311 1405/1078/1312
f 1405/1078/1312 1404/1077/1311 1269/1077/1181
f 1405/1078/1312 1269/1077/1181 1271/1078/1183
f 1141/1039/1058 1139/1037/1056 1405/1078/1312
f 1141/1039/1058 1405/1078/1312 1406/1079/1313
f 1406/1079/1313 1405/1078/1312 1271/1078/1183
f 1406/1079/1313 1271/1078/1183 1273/1079/1185
f 1143/1041/1060 1141/1039/1058 1406/1079/1313
f 1143/1041/1060 1406/1079/1313 1407/1080/1314
f 1407/1080/1314 1406/1079/1313 1273/1079/1185
f 1407/1080/1314 1273/1079/1185 1275/1080/1187
f 1145/1043/1062 1143/1041/1060 1407/1080/1314
f 1145/1043/1062 1407/1080/1314 1408/1081/1315
f 1408/1081/1315 1407/1080/1314 1275/1080/1187
f 1408/1081/1315 1275/1080/1187 1277/1081/1189
f 1147/1045/1064 1145/1043/1062 1408/1081/1315
f 1147/1045/1064 1408/1081/1315 1409/1082/1316
f 1409/1082/1316 1408/1081/1315 1277/1081/1189
f 1409/1082/1316 1277/1081/1189 1279/1082/1191
f 1149/1047/1066 1147/1045/1064 1409/1082/1316
f 1149/1047/1066 1409/1082/1316 1410/1054/1317
f 1410/1054/1317 1409/1082/1316 1279/1082/1191
f 1410/1054/1317 1279/1082/1191 1223/1054/1136
f 1151/1049/1068 1149/1047/1066 1410/1054/1317
f 1151/1049/1068 1410/1054/1317 1411/1055/1318
f 1411/1055/1318 1410/1054/1317 1223/1054/1136
f 1411/1055/1318 1223/1054/1136 1222/1055/1135
f 1094/992/1011 1151/1049/1068 1411/1055/1318
f 1094/992/1011 1411/1055/1318 1412/1052/1319
f 1412/1052/1319 1411/1055/1318 1222/1055/1135
f 1412/1052/1319 1222/1055/1135 1219/1052/1132
f 1095/993/1012 1094/992/1011 1412/1052/1319
f 1095/993/1012 1412/1052/1319 1413/1053/1288
f 1413/1053/1288 1412/1052/1319 1219/1052/1132
f 1413/1053/1288 1219/1052/1132 1218/1053/946
f 1019/952/936 1282/1084/1129 1347/1084/1130
f 1019/952/936 1347/1084/1130 1020/952/937
