mtllib WaterBottle_fortress.mtl
o WaterBottle
usemtl BottleMat
v 0.0493844599 0.00782170892 -0.126770213
v 0.0493844673 0.00782167818 0.0407622904
v 0.0475528724 0.0154508408 -0.126770213
v 0.0475528799 0.0154508101 0.0407623276
v 0.0445503704 0.02269952 -0.126770213
v 0.0445503779 0.0226994883 0.0407623462
v 0.0404508933 0.0293892641 -0.126770213
v 0.0404509008 0.0293892324 0.0407623276
v 0.0353553817 0.0353553444 -0.126770213
v 0.0353553891 0.0353553146 0.0407623276
v 0.0293892995 0.0404508598 -0.126770213
v 0.0293893088 0.04045083 0.0407623462
v 0.022699561 0.0445503406 -0.126770213
v 0.0226995703 0.0445503145 0.0407623649
v 0.0154508799 0.0475528426 -0.126770213
v 0.0154508902 0.0475528128 0.0407623276
v 0.00782174896 0.0493844412 -0.126770213
v 0.00782175828 0.0493844114 0.0407623462
v 2.07126138e-08 0.0500000194 -0.126770213
v 3.0378974e-08 0.0499999896 0.0407623649
v 0.0403194837 0.0292937532 0.0446483977
v 0.0444056466 0.0226257443 0.044648435
v 0.0473983884 0.0154006137 0.0446484163
v 0.0492240265 0.00779626938 0.0446483605
v 0.0500000194 -3.76820672e-08 0.0407624058
v 0.0500000082 -7.15255721e-09 -0.126770213
v 0.0493844338 -0.00782176107 0.0407623649
v 0.0493844263 -0.00782173034 -0.126770213
v 0.0475528464 -0.0154508902 0.0407623462
v 0.0475528389 -0.0154508585 -0.126770213
v 0.0445503481 -0.0226995647 0.0407623462
v 0.0445503369 -0.0226995349 -0.126770213
v 0.040450871 -0.029389305 0.0407623649
v 0.0404508635 -0.0293892734 -0.126770213
v 0.0353553593 -0.0353553854 0.0407623649
v 0.0353553519 -0.0353553556 -0.126770213
v 0.0293892827 -0.0404508971 0.0407623276
v 0.0293892734 -0.0404508673 -0.126770213
v 0.0226995442 -0.0445503704 0.0407623462
v 0.0226995349 -0.0445503406 -0.126770213
v 0.0154508669 -0.0475528724 0.0407623649
v 0.0154508576 -0.0475528426 -0.126770213
v 0.00782173872 -0.0493844673 0.0407623649
v 0.00782172941 -0.0493844412 -0.126770213
v 1.39876963e-08 -0.0500000454 0.0407623649
v 4.32133662e-09 -0.0500000194 -0.126770213
v -0.00782171264 -0.0493844673 0.0407623276
v -0.00782172196 -0.0493844412 -0.126770213
v -0.0154508408 -0.0475528724 0.0407623276
v -0.0154508501 -0.0475528426 -0.126770213
v -0.0226995181 -0.0445503704 0.0407623276
v -0.0226995274 -0.0445503406 -0.126770213
v -0.0293892566 -0.0404508859 0.0407623462
v -0.0293892659 -0.0404508598 -0.126770213
v -0.035355337 -0.0353553779 0.0407623649
v -0.0353553444 -0.0353553481 -0.126770213
v -0.0404508486 -0.0293893013 0.0407623649
v -0.0404508598 -0.0293892715 -0.126770213
v -0.044550322 -0.0226995628 0.0407623649
v -0.0445503332 -0.0226995312 -0.126770213
v -0.047552824 -0.0154508846 0.0407623462
v -0.0475528315 -0.0154508539 -0.126770213
v -0.0493844151 -0.00782175548 0.0407623276
v -0.0493844263 -0.00782172475 -0.126770213
v -0.049999997 -2.94864293e-08 0.0407623649
v -0.0500000082 1.04308129e-09 -0.126770213
v -0.0493844151 0.00782169774 0.0407623462
v -0.0493844263 0.00782172754 -0.126770213
v -0.047552824 0.0154508268 0.0407623276
v -0.0475528315 0.0154508576 -0.126770213
v -0.044550322 0.0226995051 0.0407623276
v -0.0445503332 0.0226995368 -0.126770213
v -0.0404508449 0.0293892473 0.0407623276
v -0.0404508524 0.029389279 -0.126770213
v -0.0353553295 0.0353553258 0.0407623276
v -0.035355337 0.0353553556 -0.126770213
v -0.0293892473 0.0404508375 0.0407623649
v -0.0293892566 0.0404508673 -0.126770213
v -0.0226995051 0.0445503145 0.0407623276
v -0.0226995144 0.0445503406 -0.126770213
v -0.0154508278 0.0475528128 0.0407623276
v -0.0154508371 0.0475528426 -0.126770213
v -0.00782169681 0.0493844114 0.0407623276
v -0.00782170612 0.0493844412 -0.126770213
v 3.0378974e-08 0.0499999896 0.0407623649
v 2.07126138e-08 0.0500000194 -0.126770213
v -0.00779628614 0.0492239743 0.0446484163
v 3.05533696e-08 0.0498375595 0.044648435
v -0.00772022596 0.0487437434 0.0485074781
v 3.10753734e-08 0.0493513495 0.0485075004
v -0.00759403966 0.0479470231 0.0523129441
v 3.19413971e-08 0.0485447012 0.0523129627
v -0.00741860038 0.0468393303 0.056038551
v 3.31454508e-08 0.0474232174 0.0560385697
v -0.00719512766 0.0454283617 0.0596584119
v 3.46791609e-08 0.0459946804 0.0596584491
v -0.00692518102 0.0437239744 0.0631473884
v 3.65318193e-08 0.0442690663 0.0631474257
v -0.00661064964 0.0417380705 0.0664810911
v 3.86904659e-08 0.0422584414 0.0664811507
v -0.00625374122 0.0394846126 0.0696361512
v 4.11399625e-08 0.0399769135 0.0696362257
v -0.00585696613 0.0369794518 0.0725903511
v 4.38630536e-08 0.0374405496 0.072590448
v -0.0115696983 0.0356078856 0.0725903288
v -0.0123534882 0.0380201489 0.0696361363
v -0.0130585246 0.0401900373 0.0664810762
v -0.0136798499 0.0421022885 0.0631473884
v -0.0142131029 0.0437434763 0.0596583933
v -0.0146545498 0.0451021194 0.0560385138
v -0.0150011135 0.0461687371 0.0523129255
v -0.015250382 0.0469359085 0.0485074595
v -0.0154006314 0.0473983288 0.0446483977
v -0.0169976056 0.0333596542 0.072590366
v -0.0181490984 0.0356195904 0.0696361735
v -0.019184893 0.0376524627 0.0664811134
v -0.0200977027 0.0394439623 0.0631473884
v -0.0208811238 0.04098152 0.0596584305
v -0.0215296671 0.0422543697 0.056038551
v -0.0220388137 0.0432536304 0.0523129441
v -0.0224050246 0.0439723581 0.0485074781
v -0.0226257611 0.0444055833 0.0446484163
v -0.0220069531 0.0302900001 0.0725904033
v -0.0234977975 0.0323419683 0.0696361884
v -0.0248388499 0.0341877677 0.0664811283
v -0.0260206722 0.0358144008 0.0631474257
v -0.0270349719 0.0372104645 0.0596584305
v -0.0278746504 0.0383661799 0.056038551
v -0.0285338461 0.0392734818 0.0523129627
v -0.0290079806 0.0399260744 0.0485075004
v -0.0292937681 0.0403194241 0.044648435
v -0.0264742877 0.0264744386 0.0725903511
v -0.0282678027 0.0282679219 0.0696361512
v -0.0298811123 0.0298812054 0.0664810911
v -0.0313028693 0.0313029364 0.0631473884
v -0.0325230919 0.0325231366 0.0596584119
v -0.0335332379 0.0335332677 0.0560385324
v -0.0343262628 0.0343262814 0.0523129441
v -0.0348966569 0.0348966643 0.0485074595
v -0.0352404676 0.0352404676 0.0446483977
v -0.0302898418 0.0220069252 0.0725903139
v -0.0323418416 0.0234977771 0.0696361139
v -0.0341876708 0.0248388313 0.0664810762
v -0.03581433 0.0260206591 0.0631473735
v -0.0372104123 0.0270349607 0.0596583933
v -0.0383661464 0.027874643 0.0560385138
v -0.0392734669 0.0285338424 0.0523129255
v -0.039926067 0.0290079769 0.0485074595
v -0.0403194278 0.0292937681 0.0446483977
v -0.0333596542 0.016997641 0.072590366
v -0.0356195979 0.0181491245 0.0696361735
v -0.0376524702 0.0191849135 0.0664811134
v -0.0394439697 0.0200977176 0.0631473884
v -0.0409815237 0.0208811332 0.0596584305
v -0.0422543772 0.0215296745 0.056038551
v -0.0432536416 0.0220388193 0.0523129441
v -0.0439723656 0.0224050246 0.0485074781
v -0.044405587 0.0226257611 0.0446484163
v -0.0356079414 0.0115697403 0.0725903511
v -0.0380201936 0.0123535199 0.0696361512
v -0.0401900746 0.0130585497 0.0664810911
v -0.0421023183 0.0136798685 0.0631473884
v -0.0437434986 0.0142131159 0.0596584119
v -0.0451021343 0.0146545582 0.056038551
v -0.0461687446 0.0150011182 0.0523129441
v -0.0469359159 0.0152503829 0.0485074781
v -0.0473983325 0.0154006314 0.0446484163
v -0.0369795114 0.00585694378 0.0725903884
v -0.0394846648 0.00625372352 0.0696361735
v -0.0417381153 0.00661063613 0.0664811134
v -0.0437240005 0.00692517124 0.0631474108
v -0.0454283878 0.00719512068 0.0596584305
v -0.0468393452 0.00741859619 0.056038551
v -0.0479470342 0.00759403734 0.0523129627
v -0.0487437509 0.00772022549 0.0485075004
v -0.0492239781 0.00779628614 0.044648435
v -0.0374405608 -9.7445394e-09 0.072590448
v -0.0399769209 -1.37313911e-08 0.0696362257
v -0.0422584489 -1.73176637e-08 0.0664811507
v -0.04426907 -2.04781188e-08 0.0631474257
v -0.0459946916 -2.31905766e-08 0.0596584491
v -0.0474232286 -2.54360604e-08 0.0560385697
v -0.0485447124 -2.71988991e-08 0.0523129627
v -0.0493513532 -2.84668378e-08 0.0485075004
v -0.0498375632 -2.92310993e-08 0.044648435
v -0.036979463 -0.00585700013 0.0725903511
v -0.0394846275 -0.00625377987 0.0696361512
v -0.0417380854 -0.00661069341 0.0664810911
v -0.0437239781 -0.00692522805 0.0631473884
v -0.0454283692 -0.00719517795 0.0596584119
v -0.0468393378 -0.00741865393 0.056038551
v -0.0479470305 -0.00759409508 0.0523129441
v -0.0487437472 -0.00772028323 0.0485074781
v -0.0492239781 -0.00779634388 0.0446484163
v -0.0356079936 -0.0115697766 0.0725903884
v -0.0380202346 -0.0123535618 0.0696361735
v -0.0401901081 -0.0130585954 0.0664811134
v -0.0421023406 -0.0136799179 0.0631474108
v -0.0437435135 -0.0142131671 0.0596584305
v -0.0451021455 -0.0146546122 0.056038551
v -0.046168752 -0.0150011741 0.0523129627
v -0.0469359197 -0.0152504407 0.0485075004
v -0.0473983362 -0.0154006882 0.044648435
v -0.0333598256 -0.0169976298 0.072590448
v -0.035619732 -0.0181491282 0.0696362257
v -0.0376525782 -0.0191849303 0.0664811507
v -0.0394440517 -0.0200977456 0.0631474257
v -0.0409815833 -0.0208811704 0.0596584491
v -0.0422544107 -0.0215297192 0.0560385697
v -0.0432536602 -0.0220388696 0.0523129627
v -0.0439723767 -0.0224050805 0.0485075004
v -0.0444055945 -0.022625817 0.044648435
v -0.0302901175 -0.0220070276 0.0725904629
v -0.0323420651 -0.0234978721 0.0696362481
v -0.0341878422 -0.0248389188 0.0664811656
v -0.0358144641 -0.0260207392 0.063147448
v -0.0372105092 -0.0270350352 0.0596584678
v -0.0383662097 -0.02787471 0.0560385883
v -0.0392735079 -0.0285339039 0.0523129851
v -0.0399260856 -0.0290080365 0.0485075004
v -0.0403194353 -0.0292938258 0.0446484573
v -0.0264744982 -0.0264745392 0.0725904629
v -0.028267974 -0.028268015 0.0696362481
v -0.0298812501 -0.0298812911 0.0664811656
v -0.0313029699 -0.0313030146 0.063147448
v -0.0325231627 -0.0325232074 0.0596584678
v -0.03353329 -0.033533331 0.0560385883
v -0.0343262963 -0.034326341 0.0523129851
v -0.0348966755 -0.0348967202 0.0485075004
v -0.0352404751 -0.0352405198 0.0446484573
v -0.0220069755 -0.0302899927 0.0725903884
v -0.0234978199 -0.032341972 0.0696361735
v -0.0248388685 -0.0341877826 0.0664811134
v -0.0260206889 -0.0358144268 0.0631474108
v -0.0270349849 -0.0372104943 0.0596584305
v -0.0278746616 -0.0383662172 0.056038551
v -0.0285338592 -0.0392735265 0.0523129627
v -0.0290079899 -0.0399261191 0.0485075004
v -0.0292937793 -0.0403194688 0.044648435
v -0.0169975925 -0.0333596617 0.0725903288
v -0.0181490891 -0.0356196091 0.0696361363
v -0.0191848874 -0.0376524888 0.0664810762
v -0.0200977027 -0.0394439958 0.0631473884
v -0.0208811257 -0.0409815572 0.0596583933
v -0.0215296745 -0.0422544107 0.0560385324
v -0.0220388249 -0.0432536788 0.0523129255
v -0.0224050358 -0.043972414 0.0485074595
v -0.0226257723 -0.0444056317 0.0446483977
v -0.0115697011 -0.0356080011 0.0725903511
v -0.0123534929 -0.0380202532 0.0696361512
v -0.013058532 -0.0401901342 0.0664810911
v -0.0136798583 -0.0421023741 0.0631473884
v -0.0142131122 -0.0437435508 0.0596584119
v -0.0146545609 -0.0451021865 0.0560385324
v -0.0150011247 -0.046168793 0.0523129441
v -0.0152503951 -0.0469359681 0.0485074595
v -0.0154006444 -0.0473983847 0.0446483977
v -0.00585692702 -0.0369795188 0.0725903511
v -0.00625371281 -0.0394846797 0.0696361512
v -0.00661063101 -0.0417381376 0.0664810911
v -0.00692517124 -0.0437240303 0.0631473884
v -0.0071951258 -0.0454284176 0.0596584119
v -0.0074186041 -0.04683939 0.056038551
v -0.00759404898 -0.0479470827 0.0523129441
v -0.00772023899 -0.0487437993 0.0485074781
v -0.00779630104 -0.049224034 0.0446484163
v 7.05941039e-09 -0.0374406055 0.072590448
v 8.45856984e-09 -0.0399769694 0.0696362257
v 9.71714798e-09 -0.0422584899 0.0664811507
v 1.08262883e-08 -0.044269111 0.0631474257
v 1.17782086e-08 -0.04599474 0.0596584491
v 1.25662467e-08 -0.0474232771 0.0560385697
v 1.31849038e-08 -0.0485447571 0.0523129627
v 1.36298786e-08 -0.0493513942 0.0485075004
v 1.38980907e-08 -0.0498376079 0.044648435
v 0.0058570127 -0.0369796567 0.072590448
v 0.00625378732 -0.0394847952 0.0696362257
v 0.00661069481 -0.0417382233 0.0664811507
v 0.00692522572 -0.0437240973 0.0631474257
v 0.00719517143 -0.0454284661 0.0596584491
v 0.00741864368 -0.046839416 0.0560385697
v 0.00759408297 -0.0479471013 0.0523129627
v 0.0077202688 -0.0487438105 0.0485075004
v 0.00779632851 -0.049224034 0.044648435
v 0.0115697421 -0.0356081463 0.072590448
v 0.0123535311 -0.0380203724 0.0696362257
v 0.0130585684 -0.0401902273 0.0664811507
v 0.0136798928 -0.0421024412 0.0631474257
v 0.0142131448 -0.0437435992 0.0596584491
v 0.0146545907 -0.0451022238 0.0560385697
v 0.0150011536 -0.0461688116 0.0523129627
v 0.015250423 -0.0469359756 0.0485075004
v 0.0154006705 -0.0473983847 0.044648435
v 0.0169975981 -0.0333597735 0.0725903884
v 0.0181490984 -0.0356197022 0.0696361735
v 0.0191849023 -0.0376525633 0.0664811134
v 0.0200977195 -0.0394440517 0.0631474108
v 0.0208811443 -0.0409815982 0.0596584305
v 0.0215296987 -0.0422544368 0.056038551
v 0.0220388472 -0.0432536975 0.0523129627
v 0.0224050619 -0.0439724252 0.0485075004
v 0.0226257984 -0.0444056392 0.044648435
v 0.0220069829 -0.0302899498 0.0725903511
v 0.0234978292 -0.0323419385 0.0696361512
v 0.0248388816 -0.0341877565 0.0664810911
v 0.0260207057 -0.0358144119 0.0631473884
v 0.0270350054 -0.0372104868 0.0596584119
v 0.027874684 -0.0383662134 0.0560385324
v 0.0285338815 -0.0392735302 0.0523129441
v 0.029008016 -0.0399261266 0.0485074595
v 0.0292938035 -0.04031948 0.0446483977
v 0.0264745057 -0.0264744554 0.0725904256
v 0.0282679833 -0.0282679498 0.0696362108
v 0.0298812613 -0.0298812408 0.0664811283
v 0.0313029885 -0.0313029774 0.0631474257
v 0.0325231813 -0.0325231813 0.0596584305
v 0.0335333087 -0.0335333198 0.056038551
v 0.0343263187 -0.0343263373 0.0523129627
v 0.0348966978 -0.0348967202 0.0485075004
v 0.0352404974 -0.0352405272 0.044648435
v 0.0302900262 -0.0220070425 0.0725904256
v 0.0323419981 -0.0234978814 0.0696362108
v 0.0341877937 -0.0248389281 0.0664811283
v 0.0358144306 -0.0260207448 0.0631474257
v 0.0372104943 -0.0270350408 0.0596584305
v 0.0383662097 -0.0278747156 0.056038551
v 0.0392735153 -0.0285339095 0.0523129627
v 0.0399261042 -0.0290080402 0.0485075004
v 0.0403194577 -0.0292938277 0.044648435
v 0.0333597474 -0.0169976186 0.0725903884
v 0.0356196724 -0.0181491189 0.0696361735
v 0.0376525335 -0.0191849228 0.0664811134
v 0.0394440219 -0.0200977419 0.0631474108
v 0.0409815684 -0.0208811667 0.0596584305
v 0.0422544144 -0.0215297174 0.056038551
v 0.0432536677 -0.0220388696 0.0523129627
v 0.0439723954 -0.0224050824 0.0485075004
v 0.0444056131 -0.0226258207 0.044648435
v 0.035608016 -0.0115697831 0.0725903884
v 0.0380202606 -0.0123535674 0.0696361735
v 0.0401901342 -0.0130586009 0.0664811134
v 0.042102363 -0.0136799235 0.0631474108
v 0.0437435396 -0.0142131718 0.0596584305
v 0.0451021716 -0.0146546168 0.056038551
v 0.0461687744 -0.0150011787 0.0523129627
v 0.046935942 -0.0152504453 0.0485075004
v 0.0473983623 -0.0154006947 0.044648435
v 0.0369796231 -0.00585705135 0.072590448
v 0.0394847617 -0.00625382224 0.0696362257
v 0.0417381935 -0.00661072787 0.0664811507
v 0.0437240638 -0.00692525553 0.0631474257
v 0.0454284362 -0.00719519891 0.0596584491
v 0.04683939 -0.00741866929 0.0560385697
v 0.0479470678 -0.00759410672 0.0523129627
v 0.048743777 -0.00772029161 0.0485075004
v 0.0492240004 -0.0077963504 0.044648435
v 0.0374407731 -1.23504165e-07 0.0725905597
v 0.0399770997 -1.06172472e-07 0.0696363077
v 0.0369793102 0.00585709792 0.0725902319
v 0.0394845158 0.0062538418 0.0696360543
v 0.0422585905 -9.05821977e-08 0.0664812252
v 0.0417380072 0.00661072321 0.0664810166
v 0.0442691855 -7.68430297e-08 0.0631474853
v 0.0437239334 0.00692523038 0.0631473362
v 0.0459947772 -6.50514096e-08 0.0596585087
v 0.0454283543 0.00719515653 0.059658356
v 0.047423292 -5.5289842e-08 0.0560386069
v 0.0468393452 0.00741861202 0.0560384914
v 0.0485447571 -4.76264219e-08 0.0523130037
v 0.0479470566 0.00759403827 0.0523129068
v 0.049351383 -4.21144328e-08 0.0485075377
v 0.0487437919 0.00772021525 0.0485074222
v 0.0498375818 -3.87920416e-08 0.0446484759
v 0.0380202532 0.0123534771 0.0696361512
v 0.0401901342 0.0130585134 0.0664810911
v 0.0421023741 0.0136798369 0.0631473884
v 0.0437435582 0.014213088 0.0596584119
v 0.045102194 0.0146545349 0.056038551
v 0.0461688042 0.0150010968 0.0523129441
v 0.0469359718 0.0152503652 0.0485074781
v 0.03561965 0.0181491375 0.0696361735
v 0.0333597101 0.0169976596 0.0725903884
v 0.0356080011 0.0115696909 0.0725903511
v 0.0376525261 0.0191849191 0.0664811134
v 0.0394440256 0.0200977176 0.0631474108
v 0.0409815833 0.0208811276 0.0596584305
v 0.042254433 0.0215296671 0.056038551
v 0.0432536975 0.0220388081 0.0523129627
v 0.0439724252 0.0224050116 0.0485075004
v 0.0302899517 0.0220069308 0.0725903511
v 0.0323419422 0.0234977771 0.0696361512
v 0.0341877602 0.0248388313 0.0664810911
v 0.0358144119 0.0260206554 0.0631473884
v 0.0372104868 0.0270349551 0.0596584119
v 0.0383662172 0.0278746337 0.0560385324
v 0.039273534 0.0285338294 0.0523129441
v 0.0399261266 0.0290079657 0.0485074595
v 0.026474366 0.026474366 0.0725903288
v 0.0282678772 0.0282678623 0.0696361363
v 0.0298811831 0.0298811551 0.0664810762
v 0.0313029364 0.0313028954 0.0631473884
v 0.0325231552 0.0325231031 0.0596583933
v 0.0335333012 0.0335332416 0.0560385324
v 0.0343263298 0.0343262628 0.0523129255
v 0.0348967202 0.0348966457 0.0485074595
v 0.0352405272 0.0352404527 0.0446483977
v 0.0220070258 0.0302899331 0.0725903884
v 0.0234978702 0.0323419124 0.0696361735
v 0.0248389188 0.034187723 0.0664811134
v 0.0260207392 0.0358143672 0.0631474108
v 0.0270350371 0.0372104347 0.0596584305
v 0.0278747119 0.0383661538 0.056038551
v 0.0285339095 0.0392734669 0.0523129627
v 0.0290080421 0.0399260595 0.0485075004
v 0.0292938314 0.0403194129 0.044648435
v 0.0169976465 0.0333597586 0.0725904256
v 0.0181491431 0.0356196761 0.0696362108
v 0.0191849433 0.0376525298 0.0664811283
v 0.0200977568 0.0394440107 0.0631474257
v 0.0208811797 0.0409815498 0.0596584305
v 0.0215297285 0.0422543883 0.056038551
v 0.022038877 0.0432536416 0.0523129627
v 0.0224050879 0.0439723656 0.0485075004
v 0.0226258244 0.0444055721 0.044648435
v 0.0115697617 0.0356078856 0.0725903288
v 0.0123535497 0.0380201489 0.0696361363
v 0.013058587 0.0401900373 0.0664810762
v 0.0136799132 0.0421022885 0.0631473884
v 0.0142131643 0.0437434763 0.0596583933
v 0.0146546122 0.0451021194 0.0560385138
v 0.015001175 0.0461687371 0.0523129255
v 0.0152504444 0.0469359085 0.0485074595
v 0.0154006928 0.0473983288 0.0446483977
v 0.0058569978 0.0369795002 0.0725903884
v 0.00625377893 0.0394846536 0.0696361735
v 0.00661069341 0.0417381078 0.0664811134
v 0.00692522945 0.043723993 0.0631474108
v 0.00719517982 0.0454283804 0.0596584305
v 0.00741865579 0.0468393415 0.056038551
v 0.00759409787 0.0479470231 0.0523129627
v 0.00772028603 0.0487437434 0.0485075004
v 0.00779634714 0.0492239743 0.044648435
v 4.38630536e-08 0.0374405496 0.072590448
v 4.11399625e-08 0.0399769135 0.0696362257
v 3.86904659e-08 0.0422584414 0.0664811507
v 3.65318193e-08 0.0442690663 0.0631474257
v 3.46791609e-08 0.0459946804 0.0596584491
v 3.31454508e-08 0.0474232174 0.0560385697
v 3.19413971e-08 0.0485447012 0.0523129627
v 3.10753734e-08 0.0493513495 0.0485075004
v 3.05533696e-08 0.0498375595 0.044648435
v 0.00428478001 0.0270529911 0.0833541825
v 0.00846401602 0.0260493439 0.0833542049
v 0.0124349548 0.0244050566 0.0833541676
v 0.0160996616 0.0221590996 0.0833541825
v 0.0193676315 0.019367693 0.0833541825
v 0.0221590251 0.0160995126 0.0833541825
v 0.0244048443 0.0124350088 0.0833541676
v 0.0260495581 0.00846396945 0.0833541825
v 0.0270523224 0.00428498024 0.0833542198
v 0.0273911152 -1.92177311e-07 0.0833541304
v 0.0270533003 -0.00428489177 0.0833541676
v 0.0260496661 -0.00846408866 0.0833541825
v 0.0244049449 -0.0124348784 0.0833541676
v 0.0221592877 -0.0160997361 0.0833541676
v 0.0193680227 -0.0193679146 0.0833541676
v 0.0160995685 -0.0221590195 0.0833541825
v 0.0124348588 -0.0244049784 0.0833541676
v 0.00846406724 -0.0260499809 0.0833541676
v 0.00428484054 -0.0270533431 0.0833541676
v 1.51540236e-09 -0.0273905564 0.0833541676
v -0.00428467942 -0.0270529073 0.0833541825
v -0.00846396387 -0.0260495562 0.0833541825
v -0.0124348253 -0.0244046822 0.0833541825
v -0.0160996187 -0.0221591666 0.0833541676
v -0.0193676781 -0.0193677172 0.0833547935
v -0.0221590754 -0.016099425 0.0833547786
v -0.0244052242 -0.0124349603 0.0833541453
v -0.02604964 -0.00846407935 0.0833541825
v -0.027052857 -0.00428477768 0.0833541825
v -0.0273905154 6.05289419e-09 0.0833541453
v -0.0270530004 0.00428473158 0.0833541825
v -0.0260495022 0.00846404862 0.0833541825
v -0.0244047828 0.0124349575 0.0833541676
v -0.0221588258 0.0160994567 0.0833541825
v -0.0193675701 0.0193678457 0.0833541825
v -0.0160996094 0.0221592542 0.0833541676
v -0.0124348868 0.0244047679 0.0833541825
v -0.00846395083 0.0260493495 0.0833541825
v -0.00428476464 0.0270528495 0.0833541825
v 5.46530003e-08 0.0273905061 0.0833541453
v -0.00407110201 0.0257038232 0.0852429569
v 5.61193865e-08 0.0260246731 0.0852429345
v -0.00393731846 0.0248591378 0.0874100477
v 5.70375569e-08 0.025169462 0.0874100253
v -0.0038917826 0.024571633 0.0897203833
v 5.73500749e-08 0.0248783771 0.0897203609
v 5.73500749e-08 0.0248783771 0.119355962
v -0.0038917826 0.024571633 0.119355962
v -0.00768765435 0.0236601438 0.0897203833
v -0.00768765435 0.0236601438 0.119355962
v -0.0112944031 0.0221664328 0.0897203833
v -0.0112944031 0.0221664328 0.119355962
v -0.0146230124 0.020126896 0.0897203609
v -0.0146230124 0.020126896 0.119355962
v -0.0175911989 0.0175915044 0.0897203833
v -0.0175911989 0.0175915044 0.119355962
v -0.0201264434 0.0146228597 0.0897203833
v -0.0201264434 0.0146228597 0.119355962
v -0.0221664421 0.0112944795 0.0897203833
v -0.0221664421 0.0112944795 0.119355962
v -0.0236603059 0.00768776005 0.0897203833
v -0.0236603059 0.00768776005 0.119355962
v -0.024571795 0.00389174512 0.0897203833
v -0.024571795 0.00389174512 0.119355962
v -0.0248783864 1.00016475e-08 0.0897203609
v -0.0248783864 1.00016475e-08 0.119355962
v -0.0245716423 -0.00389179168 0.0897203833
v -0.0245716423 -0.00389179168 0.119355962
v -0.0236604586 -0.00768778706 0.0897203833
v -0.0236604586 -0.00768778706 0.119355962
v -0.0221669003 -0.0112944599 0.0897203833
v -0.0221669003 -0.0112944599 0.119355962
v -0.0201267526 -0.0146228401 0.0897209942
v -0.0201267526 -0.0146228401 0.119356573
v -0.017591361 -0.0175914001 0.0897209719
v -0.017591361 -0.0175914001 0.119356573
v -0.0146230217 -0.0201267954 0.0897203833
v -0.0146230217 -0.0201267954 0.119355962
v -0.0112943361 -0.0221663378 0.0897203833
v -0.0112943361 -0.0221663378 0.119355962
v -0.00768766366 -0.023660358 0.0897203833
v -0.00768766366 -0.023660358 0.119355962
v -0.00389168737 -0.0245716944 0.0897203833
v -0.00389168737 -0.0245716944 0.119355962
v 1.29616637e-10 -0.0248784348 0.0897203609
v 1.29616637e-10 -0.0248784348 0.119355962
v 0.00389185897 -0.0245721526 0.0897203609
v 0.00389185897 -0.0245721526 0.119355962
v 0.0076877689 -0.0236608125 0.0897203833
v 0.0076877689 -0.0236608125 0.119355962
v 0.0112943649 -0.0221666526 0.0897203833
v 0.0112943649 -0.0221666526 0.119355962
v 0.0146229742 -0.0201266482 0.0897203833
v 0.0146229742 -0.0201266482 0.119355962
v 0.0175916851 -0.0175915621 0.0897203609
v 0.0175916851 -0.0175915621 0.119355962
v 0.0201269295 -0.0146231456 0.0897203833
v 0.0201269295 -0.0146231456 0.119355962
v 0.0221666191 -0.0112943836 0.0897203833
v 0.0221666191 -0.0112943836 0.119355962
v 0.0236604828 -0.00768779684 0.0897203833
v 0.0236604828 -0.00768779684 0.119355962
v 0.0245721191 -0.00389191555 0.0897203833
v 0.0245721191 -0.00389191555 0.119355962
v 0.024879016 -2.09343455e-07 0.0897203609
v 0.024879016 -2.09343455e-07 0.119355962
v 0.0245710853 0.00389203127 0.0897203982
v 0.0245710853 0.00389203127 0.119355962
v 0.0236603636 0.0076876739 0.0897203833
v 0.0236603636 0.0076876739 0.119355962
v 0.0221664999 0.0112945363 0.0897203833
v 0.0221664999 0.0112945363 0.119355962
v 0.0201266482 0.0146229165 0.0897203833
v 0.0201266482 0.0146229165 0.119355962
v 0.017591266 0.0175913423 0.0897203833
v 0.017591266 0.0175913423 0.119355962
v 0.0146230692 0.0201267339 0.0897203833
v 0.0146230692 0.0201267339 0.119355962
v 0.0112944599 0.0221667327 0.0897203833
v 0.0112944599 0.0221667327 0.119355962
v 0.00768772094 0.0236601438 0.0897203833
v 0.00768772094 0.0236601438 0.119355962
v 0.00389179215 0.0245717857 0.0897203833
v 0.00389179215 0.0245717857 0.119355962
v 5.73500749e-08 0.0248783771 0.0897203609
v 5.73500749e-08 0.0248783771 0.119355962
v 0.0224258602 0.0114266844 0.0874100477
v 0.0203621425 0.0147940135 0.0874100477
v 0.0231878664 0.0118149398 0.0852429345
v 0.0247505642 0.00804190058 0.0852429569
v 0.0257032868 0.00407133577 0.0852429718
v 0.023937203 0.00777762476 0.0874100477
v 0.0248585902 0.00393756339 0.0874100477
v 0.0210540313 0.0152966948 0.0852429569
v 0.0184018314 0.0184019003 0.0852429569
v 0.0177970976 0.0177971721 0.0874100477
v 0.0152968448 0.0210541096 0.0852429569
v 0.0147941643 0.0203622263 0.0874100477
v 0.0118148727 0.02318809 0.0852429345
v 0.0114266118 0.022426093 0.0874100477
v 0.00804194808 0.0247503463 0.0852429569
v 0.00777767226 0.0239369869 0.0874100477
v 0.00407111412 0.0257039703 0.0852429569
v 0.00393732823 0.0248592868 0.0874100477
v 5.61193865e-08 0.0260246731 0.0852429345
v 5.46530003e-08 0.0273905061 0.0833541453
v 5.70375569e-08 0.025169462 0.0874100253
v -0.00804188196 0.0247503482 0.0852429569
v -0.00777760567 0.0239369869 0.0874100477
v -0.0118148113 0.0231877957 0.0852429569
v -0.0114265531 0.022425795 0.0874100477
v -0.0152967898 0.0210542697 0.0852429345
v -0.0147941085 0.0203623883 0.0874100253
v -0.0184017662 0.0184020568 0.0852429569
v -0.0177970305 0.0177973323 0.0874100477
v -0.0210538283 0.015296638 0.0852429569
v -0.0203619376 0.0147939557 0.0874100477
v -0.0231878068 0.0118148848 0.0852429345
v -0.0224258043 0.0114266286 0.0874100477
v -0.0247505065 0.00804198347 0.0852429569
v -0.0239371452 0.00777770998 0.0874100477
v -0.0257039797 0.00407106662 0.0852429569
v -0.0248592962 0.0039372812 0.0874100477
v -0.0260246824 8.19981505e-09 0.0852429345
v -0.0251694713 9.54409884e-09 0.0874100253
v -0.0257038325 -0.00407111319 0.0852429569
v -0.0248591471 -0.00393732777 0.0874100477
v -0.0247506518 -0.00804201327 0.0852429569
v -0.023937298 -0.00777773792 0.0874100477
v -0.0231882576 -0.0118148755 0.0852429345
v -0.0224262588 -0.0114266118 0.0874100253
v -0.0210541096 -0.0152966129 0.0852435455
v -0.0203622412 -0.0147939352 0.0874106586
v -0.0184019022 -0.0184019413 0.0852435678
v -0.017797187 -0.0177972261 0.0874106362
v -0.0152968001 -0.0210541748 0.0852429345
v -0.0147941178 -0.0203622915 0.0874100477
v -0.011814747 -0.0231877062 0.0852429569
v -0.011426487 -0.0224256981 0.0874100477
v -0.00804189313 -0.0247505605 0.0852429569
v -0.00777761498 -0.0239372011 0.0874100477
v -0.00407101167 -0.0257038828 0.0852429569
v -0.00393722393 -0.0248591993 0.0874100477
v 7.61956442e-10 -0.0260247272 0.0852429345
v 2.90190205e-10 -0.0251695197 0.0874100253
v 0.00407117838 -0.0257043317 0.0852429345
v 0.00393739436 -0.0248596519 0.0874100253
v 0.00804199651 -0.0247510001 0.0852429345
v 0.00777771976 -0.02393765 0.0874100477
v 0.0118147777 -0.0231880117 0.0852429345
v 0.0114265168 -0.022426011 0.0874100477
v 0.0152967507 -0.0210540295 0.0852429569
v 0.0147940703 -0.0203621425 0.0874100477
v 0.0184022356 -0.0184021201 0.0852429345
v 0.0177975129 -0.0177973919 0.0874100253
v 0.0210543033 -0.0152969202 0.0852429345
v 0.0203624219 -0.0147942407 0.0874100477
v 0.0231879782 -0.0118147964 0.0852429345
v 0.0224259775 -0.0114265354 0.0874100477
v 0.0247506779 -0.00804202259 0.0852429569
v 0.0239373222 -0.00777774723 0.0874100477
v 0.0257042926 -0.0040712324 0.0852429345
v 0.0248596184 -0.0039374507 0.0874100477
v 0.0260252971 -2.01510474e-07 0.0852429196
v 0.0251700971 -2.0735439e-07 0.0874100253
v 0.0141996276 0.00224901619 0.129588157
v 9.53674295e-09 -7.15255721e-09 0.130220339
v 0.0136729926 0.00444261311 0.129588157
v 0.012809678 0.00652684178 0.129588157
v 0.0116309449 0.00845035911 0.129588157
v 0.0101658236 0.0101657985 0.129588157
v 0.00845038239 0.0116309235 0.129588157
v 0.0065268646 0.0128096566 0.129588157
v 0.00444263592 0.013672974 0.129588157
v 0.00224901363 0.0141996155 0.129588157
v 1.5995461e-08 0.0143766161 0.129588157
v -0.00224898476 0.0141996155 0.129588157
v -0.00444260566 0.0136729749 0.129588157
v -0.00652683433 0.0128096575 0.129588157
v -0.00845035352 0.0116309244 0.129588157
v -0.0101657948 0.0101658013 0.129588157
v -0.0116309179 0.00845036283 0.129588157
v -0.012809651 0.00652684458 0.129588157
v 0.0178972278 0.00581514835 0.129091591
v 0.0167671926 0.00854329485 0.129091591
v 0.0211501718 0.00687209284 0.128309518
v 0.0219648089 0.00347888167 0.128309518
v 0.0185865685 0.00294382963 0.129091591
v 0.0222385898 3.40524808e-09 0.128309518
v 0.0188182406 1.08011102e-08 0.129091591
v 0.0143766189 1.88302351e-08 0.129588157
v -0.0136729674 0.00444261497 0.129588157
v -0.0141996071 0.00224900129 0.129588157
v -0.0143766068 -2.38884823e-09 0.129588157
v -0.0141996071 -0.00224900548 0.129588157
v -0.0136729674 -0.00444262102 0.129588157
v -0.0128096519 -0.00652684923 0.129588157
v -0.0116309198 -0.00845036563 0.129588157
v -0.0101657957 -0.0101658041 0.129588157
v -0.00845035259 -0.0116309319 0.129588157
v -0.00652683713 -0.0128096649 0.129588157
v -0.00444261264 -0.0136729795 0.129588157
v -0.00224899291 -0.0141996201 0.129588157
v 6.46804299e-09 -0.0143766208 0.129588157
v 0.00224900548 -0.0141996201 0.129588157
v 0.00444262801 -0.0136729786 0.129588157
v 0.00652685529 -0.012809664 0.129588157
v -0.0178972017 0.00581515301 0.129091591
v -0.0185865462 0.00294382265 0.129091591
v -0.0211501475 0.00687209936 0.128309518
v -0.0198147185 0.0100961067 0.128309518
v -0.0167671647 0.00854329951 0.129091591
v -0.0179913864 0.0130715137 0.128309518
v -0.0152242659 0.0110610845 0.129091591
v -0.0157250464 0.0157250557 0.128309518
v -0.0133064957 0.0133065032 0.129091591
v -0.0130715026 0.0179913938 0.128309518
v -0.0110610733 0.0152242742 0.129091591
v -0.0100960946 0.0198147241 0.128309518
v -0.00854328834 0.0167671721 0.129091591
v -0.00687208772 0.021150155 0.128309518
v -0.0058151423 0.0178972092 0.129091591
v -0.0034788677 0.0219647922 0.128309518
v -0.00294380728 0.0185865536 0.129091591
v 1.56883129e-08 0.022238588 0.128309518
v 1.59853908e-08 0.0188182388 0.129091591
v 0.00347889774 0.0219647922 0.128309518
v 0.00294383708 0.0185865536 0.129091591
v 0.00687211938 0.0211501531 0.128309518
v 0.00581517303 0.0178972073 0.129091591
v 0.0100961253 0.0198147241 0.128309518
v 0.00854332 0.0167671721 0.129091591
v 0.0130715342 0.0179913919 0.128309518
v 0.0110611031 0.0152242715 0.129091591
v 0.0157250781 0.0157250501 0.128309518
v 0.0133065255 0.0133064995 0.129091591
v 0.0179914143 0.0130715081 0.128309518
v 0.0152242947 0.0110610779 0.129091591
v 0.0198147465 0.0100961002 0.128309518
v 0.0241217092 0.00783760194 0.127113104
v 0.0250507984 0.00396764791 0.127113104
v 0.0253630467 -2.19507168e-09 0.127113104
v 0.0274201203 -5.80277204e-09 0.12585108
v 0.0270825494 0.00428944081 0.12585108
v 0.0285094846 -6.94154689e-09 0.124644846
v 0.0281585045 0.00445985375 0.124644846
v 0.0260781012 0.00847327244 0.12585108
v 0.0271141529 0.00880990457 0.124644846
v 0.0225986596 0.0115145724 0.127113104
v 0.0244315229 0.0124484645 0.12585108
v 0.0254021566 0.0129430247 0.124644846
v 0.020519156 0.0149080167 0.127113104
v 0.0221833624 0.0161171351 0.12585108
v 0.0230646804 0.0167574473 0.124644846
v 0.0179344025 0.0179343764 0.127113104
v 0.0193889737 0.0193889476 0.12585108
v 0.0201592725 0.0201592445 0.124644846
v 0.0149080437 0.0205191299 0.127113104
v 0.0161171611 0.0221833363 0.12585108
v 0.0167574752 0.0230646525 0.124644846
v 0.0115146013 0.0225986354 0.127113104
v 0.0124484943 0.0244315006 0.12585108
v 0.0129430555 0.0254021324 0.124644846
v 0.00783762988 0.0241216887 0.127113104
v 0.00847330131 0.0260780808 0.12585108
v 0.00880993437 0.0271141306 0.124644846
v 0.00396767072 0.0250507817 0.127113104
v 0.00428946828 0.0270825308 0.12585108
v 0.00445988309 0.0281584822 0.124644846
v 1.56926205e-08 0.0253630467 0.127113104
v 1.57410298e-08 0.0274201166 0.12585108
v 1.59123168e-08 0.0285094846 0.124644846
v -0.00396763999 0.0250507817 0.127113104
v -0.00428943709 0.0270825308 0.12585108
v -0.00445985142 0.0281584822 0.124644846
v -0.00783759821 0.0241216924 0.127113104
v -0.00847326871 0.0260780826 0.12585108
v -0.00880990084 0.0271141324 0.124644846
v -0.0115145678 0.0225986373 0.127113104
v -0.0124484608 0.0244315024 0.12585108
v -0.012943022 0.0254021361 0.124644846
v -0.014908012 0.0205191337 0.127113104
v -0.0161171295 0.0221833419 0.12585108
v -0.0167574417 0.023064658 0.124644846
v -0.0179343708 0.017934382 0.127113104
v -0.019388942 0.0193889532 0.12585108
v -0.0201592389 0.020159252 0.124644846
v -0.0205191243 0.0149080241 0.127113104
v -0.0221833326 0.0161171407 0.12585108
v -0.0230646487 0.0167574566 0.124644846
v -0.022598628 0.0115145808 0.127113104
v -0.0244314931 0.0124484738 0.12585108
v -0.025402125 0.012943035 0.124644846
v -0.024121685 0.00783761032 0.127113104
v -0.0260780752 0.00847328082 0.12585108
v -0.0271141231 0.00880991388 0.124644846
v -0.0219647847 0.0034788819 0.128309518
v -0.0250507761 0.00396765349 0.127113104
v -0.0270825233 0.00428945012 0.12585108
v -0.0281584784 0.00445986446 0.124644846
v -0.0188182294 -2.40467513e-09 0.129091591
v -0.0222385805 -2.41805953e-09 0.128309518
v -0.0253630374 -2.42914577e-09 0.127113104
v -0.0274201073 -2.43636622e-09 0.12585108
v -0.0285094753 -2.43942866e-09 0.124644846
v -0.0185865462 -0.00294382684 0.129091591
v -0.0219647847 -0.00347888609 0.128309518
v -0.0250507761 -0.00396765769 0.127113104
v -0.0270825233 -0.00428945478 0.12585108
v -0.0281584784 -0.00445986865 0.124644846
v -0.0178972017 -0.00581515767 0.129091591
v -0.0211501475 -0.00687210355 0.128309518
v -0.024121685 -0.00783761498 0.127113104
v -0.0260780752 -0.00847328547 0.12585108
v -0.0271141231 -0.00880991761 0.124644846
v -0.0167671666 -0.00854330324 0.129091591
v -0.0198147204 -0.0100961095 0.128309518
v -0.0225986317 -0.0115145836 0.127113104
v -0.024431495 -0.0124484766 0.12585108
v -0.0254021287 -0.0129430378 0.124644846
v -0.0152242677 -0.0110610863 0.129091591
v -0.0179913882 -0.0130715165 0.128309518
v -0.0205191281 -0.014908026 0.127113104
v -0.0221833345 -0.0161171444 0.12585108
v -0.0230646506 -0.0167574566 0.124644846
v -0.0133064985 -0.013306505 0.129091591
v -0.0157250501 -0.0157250576 0.128309518
v -0.0179343764 -0.017934382 0.127113104
v -0.0193889476 -0.0193889551 0.12585108
v -0.0201592445 -0.0201592539 0.124644846
v -0.0110610742 -0.0152242789 0.129091591
v -0.0130715054 -0.0179913994 0.128309518
v -0.0149080167 -0.0205191374 0.127113104
v -0.0161171351 -0.0221833438 0.12585108
v -0.0167574473 -0.0230646599 0.124644846
v -0.00854329299 -0.0167671796 0.129091591
v -0.0100961002 -0.0198147316 0.128309518
v -0.0115145752 -0.0225986429 0.127113104
v -0.0124484682 -0.0244315062 0.12585108
v -0.0129430294 -0.0254021399 0.124644846
v -0.00581514928 -0.0178972147 0.129091591
v -0.00687209517 -0.0211501587 0.128309518
v -0.00783760566 -0.0241216961 0.127113104
v -0.00847327616 -0.0260780882 0.12585108
v -0.00880990922 -0.0271141361 0.124644846
v -0.00294381543 -0.0185865592 0.129091591
v -0.00347887562 -0.0219647978 0.128309518
v -0.00396764837 -0.0250507873 0.127113104
v -0.00428944593 -0.0270825364 0.12585108
v -0.0044598598 -0.0281584896 0.124644846
v 6.48962528e-09 -0.0188182425 0.129091591
v 6.46436638e-09 -0.0222385917 0.128309518
v 6.4811978e-09 -0.0253630504 0.127113104
v 6.52164589e-09 -0.0274201222 0.12585108
v 6.53127241e-09 -0.0285094902 0.124644846
v 0.002943828 -0.0185865592 0.129091591
v 0.00347888819 -0.0219647978 0.128309518
v 0.00396766048 -0.0250507873 0.127113104
v 0.00428945851 -0.0270825364 0.12585108
v 0.00445987238 -0.0281584896 0.124644846
v 0.00581516372 -0.0178972129 0.129091591
v 0.00687210914 -0.0211501569 0.128309518
v 0.0078376187 -0.0241216943 0.127113104
v 0.0084732892 -0.0260780882 0.12585108
v 0.00880992133 -0.0271141361 0.124644846
v 0.00854330882 -0.0167671777 0.129091591
v 0.0100961151 -0.0198147316 0.128309518
v 0.0115145883 -0.0225986447 0.127113104
v 0.0124484794 -0.0244315099 0.12585108
v 0.0129430406 -0.0254021417 0.124644846
v 0.00845036563 -0.0116309356 0.129588157
v 0.0101658031 -0.0101658115 0.129588157
v 0.0116309291 -0.00845036935 0.129588157
v 0.0128096594 -0.00652685622 0.129588157
v 0.0136729749 -0.00444262382 0.129588157
v 0.0141996173 -0.00224900478 0.129588157
v 0.0110610863 -0.0152242836 0.129091591
v 0.0130715175 -0.0179914031 0.128309518
v 0.0149080288 -0.0205191411 0.127113104
v 0.0161171462 -0.0221833494 0.12585108
v 0.0167574584 -0.0230646655 0.124644846
v 0.013306505 -0.0133065125 0.129091591
v 0.0157250576 -0.0157250632 0.128309518
v 0.0179343838 -0.0179343875 0.127113104
v 0.0193889551 -0.0193889588 0.12585108
v 0.0201592557 -0.0201592557 0.124644846
v 0.0152242789 -0.0110610891 0.129091591
v 0.0179913994 -0.0130715184 0.128309518
v 0.0205191392 -0.0149080288 0.127113104
v 0.0221833456 -0.0161171462 0.12585108
v 0.0230646636 -0.0167574584 0.124644846
v 0.016767174 -0.00854330976 0.129091591
v 0.0198147278 -0.0100961151 0.128309518
v 0.022598641 -0.0115145873 0.127113104
v 0.0244315043 -0.0124484785 0.12585108
v 0.025402138 -0.0129430387 0.124644846
v 0.0178972092 -0.00581516093 0.129091591
v 0.021150155 -0.00687210681 0.128309518
v 0.0241216924 -0.00783761684 0.127113104
v 0.0260780826 -0.00847328827 0.12585108
v 0.0271141324 -0.0088099204 0.124644846
v 0.0185865574 -0.00294382754 0.129091591
v 0.0219647959 -0.00347888749 0.128309518
v 0.0250507854 -0.00396766048 0.127113104
v 0.0270825326 -0.00428945711 0.12585108
v 0.0281584878 -0.00445987191 0.124644846
v 0.0283162072 -0.00448485231 0.12433742
v 0.0272660013 -0.00885926653 0.12433742
v 0.0255444217 -0.0130155357 0.12433742
v 0.0231938493 -0.016851319 0.12433742
v 0.028669171 -7.13914972e-09 0.12433742
v 0.0283162221 0.00448483415 0.12433742
v 0.02726602 0.00885925069 0.12433742
v 0.0255444404 0.0130155217 0.12433742
v 0.023193866 0.0168513078 0.12433742
v 0.0202721879 0.0202721599 0.12433742
v 0.0168513358 0.0231938399 0.12433742
v 0.0130155515 0.0255444162 0.12433742
v 0.0088592805 0.0272659995 0.12433742
v 0.00448486349 0.0283162035 0.12433742
v 1.59313913e-08 0.028669171 0.12433742
v -0.00448483182 0.0283162035 0.12433742
v -0.00885924697 0.0272660013 0.12433742
v -0.013015518 0.025544418 0.12433742
v -0.0168513041 0.0231938455 0.12433742
v -0.0202721544 0.0202721655 0.12433742
v -0.0231938362 0.0168513171 0.12433742
v -0.0255444087 0.013015531 0.12433742
v -0.0272659939 0.00885926001 0.12433742
v -0.0283161961 0.00448484439 0.12433742
v -0.0286691617 -2.43990783e-09 0.12433742
v -0.0283161961 -0.00448484905 0.12433742
v -0.0272659939 -0.00885926373 0.12433742
v -0.0255444124 -0.0130155338 0.12433742
v -0.0231938381 -0.016851319 0.12433742
v -0.0202721599 -0.0202721655 0.12433742
v -0.0168513097 -0.0231938474 0.12433742
v -0.0130155254 -0.0255444236 0.12433742
v -0.00885925442 -0.0272660051 0.12433742
v -0.00448483974 -0.0283162091 0.12433742
v 6.53290888e-09 -0.0286691748 0.12433742
v 0.00448485231 -0.0283162091 0.12433742
v 0.00885926746 -0.0272660051 0.12433742
v 0.0130155366 -0.0255444255 0.12433742
v 0.0168513209 -0.023193853 0.12433742
v 0.0202721693 -0.0202721711 0.12433742
v 0.0283960663 0.00449747965 0.0911946818
v 0.0283960663 0.00449747965 0.123885304
v 0.0273429025 0.00888423063 0.0911946818
v 0.0273429025 0.00888423063 0.123885304
v 0.025616467 0.0130522214 0.0911946818
v 0.025616467 0.0130522214 0.123885304
v 0.0232592672 0.0168988239 0.0911946818
v 0.0232592672 0.0168988239 0.123885304
v 0.0203293487 0.0203293208 0.0911946818
v 0.0203293487 0.0203293208 0.123885304
v 0.0168988518 0.0232592411 0.0911946818
v 0.0168988518 0.0232592411 0.123885304
v 0.0130522512 0.0256164428 0.0911946818
v 0.0130522512 0.0256164428 0.123885304
v 0.00888426043 0.027342882 0.0911946818
v 0.00888426043 0.027342882 0.123885304
v 0.00449750945 0.0283960477 0.0911946818
v 0.00449750945 0.0283960477 0.123885304
v 1.59628684e-08 0.028750008 0.0911946818
v 1.59628684e-08 0.028750008 0.123885304
v 0.0255617965 0.0130243655 0.0909664109
v 0.0232096277 0.0168627594 0.0909664109
v 0.0254124366 0.0129482634 0.0907992944
v 0.0271251239 0.00881346967 0.0907992944
v 0.0269073434 0.00874270871 0.0907381251
v 0.0279437322 0.00442583812 0.0907381251
v 0.0248744451 0.00808218122 0.0907381251
v 0.0258325301 0.00409146072 0.0907381251
v 0.0233038682 0.0118738934 0.0907381251
v 0.025208408 0.0128443055 0.0907381251
v 0.0211594701 0.0153732328 0.0907381251
v 0.0228887573 0.0166296344 0.0907381251
v 0.0184940603 0.0184940305 0.0907381251
v 0.0200055111 0.0200054832 0.0907381251
v 0.0153732607 0.0211594459 0.0907381251
v 0.0166296624 0.0228887331 0.0907381251
v 0.0118739232 0.023303844 0.0907381251
v 0.0128443353 0.0252083838 0.0907381251
v 0.00808221009 0.0248744227 0.0907381251
v 0.00874273852 0.0269073211 0.0907381251
v 0.00409148494 0.0258325115 0.0907381251
v 0.00442586653 0.0279437136 0.0907381251
v 1.59643623e-08 0.0261545181 0.0907381251
v 1.59639075e-08 0.0282920357 0.0907381251
v 0.0230740104 0.0167642273 0.0907992944
v 0.020285964 0.0202859342 0.0909664109
v 0.0201674309 0.0201674011 0.0907992944
v 0.0167642571 0.023073988 0.0907992944
v 0.0168627873 0.0232096016 0.0909664109
v 0.0129482932 0.0254124142 0.0907992944
v 0.0130243953 0.0255617723 0.0909664109
v 0.00881349947 0.0271251034 0.0907992944
v 0.00886530057 0.0272845291 0.0909664109
v 0.00446168799 0.0281698816 0.0907992944
v 0.00448791124 0.0283354465 0.0909664109
v 1.59633888e-08 0.0285210218 0.0907992944
v 1.59630069e-08 0.0286886524 0.0909664109
v 1.59628684e-08 0.028750008 0.0911946818
v 1.59628684e-08 0.028750008 0.123885304
v -0.00449747732 0.0283960477 0.0911946818
v -0.00449747732 0.0283960477 0.123885304
v -0.0088842269 0.0273428839 0.0911946818
v -0.0088842269 0.0273428839 0.123885304
v -0.0130522177 0.0256164446 0.0911946818
v -0.0130522177 0.0256164446 0.123885304
v -0.0168988183 0.0232592467 0.0911946818
v -0.0168988183 0.0232592467 0.123885304
v -0.0203293152 0.0203293264 0.0911946818
v -0.0203293152 0.0203293264 0.123885304
v -0.0232592355 0.0168988314 0.0911946818
v -0.0232592355 0.0168988314 0.123885304
v -0.0256164353 0.0130522307 0.0911946818
v -0.0256164353 0.0130522307 0.123885304
v -0.0273428764 0.00888423994 0.0911946818
v -0.0273428764 0.00888423994 0.123885304
v -0.0283960402 0.00449749036 0.0911946818
v -0.0283960402 0.00449749036 0.123885304
v -0.0287499987 -2.44006504e-09 0.0911946818
v -0.0287499987 -2.44006504e-09 0.123885304
v -0.0283960402 -0.00449749501 0.0911946818
v -0.0283960402 -0.00449749501 0.123885304
v -0.0273428764 -0.00888424367 0.0911946818
v -0.0273428764 -0.00888424367 0.123885304
v -0.0256164372 -0.0130522335 0.0911946818
v -0.0256164372 -0.0130522335 0.123885304
v -0.0232592393 -0.0168988351 0.0911946818
v -0.0232592393 -0.0168988351 0.123885304
v -0.0203293208 -0.0203293264 0.0911946818
v -0.0203293208 -0.0203293264 0.123885304
v -0.0168988239 -0.0232592486 0.0911946818
v -0.0168988239 -0.0232592486 0.123885304
v -0.0130522251 -0.0256164502 0.0911946818
v -0.0130522251 -0.0256164502 0.123885304
v -0.00888423529 -0.0273428895 0.0911946818
v -0.00888423529 -0.0273428895 0.123885304
v -0.00449748617 -0.0283960532 0.0911946818
v -0.00449748617 -0.0283960532 0.123885304
v 6.53788446e-09 -0.0287500136 0.0911946818
v 6.53788446e-09 -0.0287500136 0.123885304
v 0.00449749827 -0.0283960532 0.0911946818
v 0.00449749827 -0.0283960532 0.123885304
v 0.00888424739 -0.0273428895 0.0911946818
v 0.00888424739 -0.0273428895 0.123885304
v 0.0130522363 -0.0256164521 0.0911946818
v 0.0130522363 -0.0256164521 0.123885304
v 0.0168988369 -0.0232592523 0.0911946818
v 0.0168988369 -0.0232592523 0.123885304
v 0.0203293301 -0.020329332 0.0911946818
v 0.0203293301 -0.020329332 0.123885304
v 0.0232592504 -0.0168988351 0.0911946818
v 0.0232592504 -0.0168988351 0.123885304
v 0.0256164465 -0.0130522354 0.0911946818
v 0.0256164465 -0.0130522354 0.123885304
v 0.0273428839 -0.00888424646 0.0911946818
v 0.0273428839 -0.00888424646 0.123885304
v 0.0283960495 -0.00449749827 0.0911946818
v 0.0283960495 -0.00449749827 0.123885304
v 0.028750008 -7.15255721e-09 0.0911946818
v 0.028750008 -7.15255721e-09 0.123885304
v 0.0168627724 -0.0232096147 0.0909664109
v 0.0202859454 -0.0202859472 0.0909664109
v 0.0167642422 -0.0230739992 0.0907992944
v 0.0129482793 -0.0254124235 0.0907992944
v 0.0128443213 -0.0252083931 0.0907381251
v 0.00874272548 -0.0269073285 0.0907381251
v 0.0118739093 -0.0233038533 0.0907381251
v 0.00808219705 -0.024874432 0.0907381251
v 0.00442585582 -0.0279437173 0.0907381251
v 0.00409147423 -0.0258325171 0.0907381251
v 6.53565913e-09 -0.0282920394 0.0907381251
v 6.50278942e-09 -0.0261545219 0.0907381251
v -0.00442584325 -0.0279437173 0.0907381251
v -0.00409146165 -0.0258325171 0.0907381251
v -0.00874271337 -0.0269073285 0.0907381251
v -0.00808218401 -0.024874432 0.0907381251
v -0.0128443092 -0.0252083912 0.0907381251
v -0.0118738962 -0.0233038515 0.0907381251
v -0.0166296344 -0.0228887405 0.0907381251
v -0.0153732328 -0.0211594533 0.0907381251
v -0.0200054832 -0.0200054906 0.0907381251
v -0.0184940305 -0.0184940379 0.0907381251
v -0.0228887312 -0.0166296437 0.0907381251
v -0.021159444 -0.015373244 0.0907381251
v -0.0252083801 -0.0128443176 0.0907381251
v -0.0233038403 -0.0118739055 0.0907381251
v -0.0269073173 -0.00874272175 0.0907381251
v -0.024874419 -0.00808219332 0.0907381251
v -0.0279437061 -0.00442585209 0.0907381251
v -0.025832504 -0.00409147143 0.0907381251
v -0.0282920264 -2.43843301e-09 0.0907381251
v -0.0261545088 -2.43249465e-09 0.0907381251
v -0.0279437061 0.0044258479 0.0907381251
v -0.025832504 0.00409146724 0.0907381251
v -0.0269073173 0.00874271896 0.0907381251
v -0.024874419 0.0080821896 0.0907381251
v -0.0252083763 0.0128443157 0.0907381251
v -0.0233038366 0.0118739018 0.0907381251
v -0.0228887293 0.0166296419 0.0907381251
v -0.0211594403 0.0153732412 0.0907381251
v -0.0200054776 0.0200054906 0.0907381251
v -0.0184940267 0.0184940379 0.0907381251
v -0.0166296288 0.0228887368 0.0907381251
v -0.0153732281 0.0211594515 0.0907381251
v -0.0128443027 0.0252083875 0.0907381251
v -0.0118738906 0.0233038459 0.0907381251
v -0.00874270499 0.0269073248 0.0907381251
v -0.00808217656 0.0248744264 0.0907381251
v -0.0044258344 0.0279437136 0.0907381251
v -0.00409145327 0.0258325115 0.0907381251
v 1.59639075e-08 0.0282920357 0.0907381251
v 1.59643623e-08 0.0261545181 0.0907381251
v -0.00446165632 0.0281698816 0.0907992944
v 1.59633888e-08 0.0285210218 0.0907992944
v -0.00448787911 0.0283354465 0.0909664109
v 1.59630069e-08 0.0286886524 0.0909664109
v -0.00881346595 0.0271251034 0.0907992944
v -0.00886526704 0.0272845309 0.0909664109
v -0.0129482597 0.0254124161 0.0907992944
v -0.0130243618 0.025561776 0.0909664109
v -0.0167642236 0.0230739899 0.0907992944
v -0.0168627538 0.0232096072 0.0909664109
v -0.0201673973 0.0201674104 0.0907992944
v -0.0202859305 0.0202859417 0.0909664109
v -0.0230739824 0.0167642366 0.0907992944
v -0.0232095979 0.0168627668 0.0909664109
v -0.0254124068 0.0129482727 0.0907992944
v -0.0255617667 0.0130243748 0.0909664109
v -0.0271250959 0.00881347898 0.0907992944
v -0.0272845235 0.00886528008 0.0909664109
v -0.0281698741 0.00446166936 0.0907992944
v -0.028335439 0.00448789215 0.0909664109
v -0.0285210125 -2.43924902e-09 0.0907992944
v -0.0286886431 -2.43984655e-09 0.0909664109
v -0.0281698741 -0.00446167355 0.0907992944
v -0.028335439 -0.00448789634 0.0909664109
v -0.0271250959 -0.00881348271 0.0907992944
v -0.0272845235 -0.0088652838 0.0909664109
v -0.0254124086 -0.0129482755 0.0907992944
v -0.0255617686 -0.0130243776 0.0909664109
v -0.0230739843 -0.0167642403 0.0907992944
v -0.0232095998 -0.0168627705 0.0909664109
v -0.0201674029 -0.0201674104 0.0907992944
v -0.0202859342 -0.0202859417 0.0909664109
v -0.016764231 -0.0230739955 0.0907992944
v -0.0168627612 -0.0232096091 0.0909664109
v -0.0129482672 -0.0254124198 0.0907992944
v -0.0130243693 -0.0255617797 0.0909664109
v -0.00881347433 -0.0271251071 0.0907992944
v -0.00886527449 -0.0272845365 0.0909664109
v -0.00446166424 -0.0281698871 0.0907992944
v -0.00448788749 -0.0283354521 0.0909664109
v 6.53677112e-09 -0.0285210274 0.0907992944
v 6.53758647e-09 -0.0286886562 0.0909664109
v 0.00446167681 -0.0281698871 0.0907992944
v 0.00448790006 -0.0283354521 0.0909664109
v 0.00881348643 -0.0271251071 0.0907992944
v 0.00886528753 -0.0272845365 0.0909664109
v 0.0130243814 -0.0255617835 0.0909664109
v 0.0166296475 -0.0228887461 0.0907381251
v 0.0153732449 -0.021159457 0.0907381251
v 0.0184940398 -0.0184940435 0.0907381251
v 0.0200054925 -0.0200054944 0.0907381251
v 0.0211594533 -0.0153732449 0.0907381251
v 0.0228887405 -0.0166296456 0.0907381251
v 0.0233038496 -0.0118739074 0.0907381251
v 0.0252083894 -0.0128443204 0.0907381251
v 0.0248744264 -0.00808219612 0.0907381251
v 0.0269073248 -0.00874272548 0.0907381251
v 0.0258325133 -0.00409147423 0.0907381251
v 0.0279437155 -0.00442585535 0.0907381251
v 0.0261545181 -2.52534349e-09 0.0907381251
v 0.0282920357 -6.32467811e-09 0.0907381251
v 0.0230739973 -0.0167642403 0.0907992944
v 0.0201674122 -0.0201674141 0.0907992944
v 0.023209611 -0.0168627705 0.0909664109
v 0.0255617779 -0.0130243795 0.0909664109
v 0.0254124179 -0.0129482783 0.0907992944
v 0.0271251053 -0.0088134855 0.0907992944
v 0.0272845309 -0.0088652866 0.0909664109
v 0.0281698834 -0.00446167681 0.0907992944
v 0.0283354484 -0.0044878996 0.0909664109
v 0.0285210218 -6.73861766e-09 0.0907992944
v 0.0286886524 -7.04164282e-09 0.0909664109
v 0.0281698983 0.00446165865 0.0907992944
v 0.0272845495 0.00886527076 0.0909664109
v 0.0283354651 0.00448788144 0.0909664109
v 0.024438886 0.00794066023 0.0911946818
v 0.0244388841 0.0079406593 0.0978293046
v 0.025380196 0.0040198192 0.0911946818
v 0.0253801942 0.00401981873 0.0978293046
v 0.0228958055 0.0116659747 0.0978293046
v 0.0228958093 0.0116659785 0.0911946818
v 0.0207889508 0.015104034 0.0978293046
v 0.020788962 0.0151040424 0.0911946818
v 0.0181702189 0.0181701891 0.0978293046
v 0.0181702245 0.0181701947 0.0911946818
v 0.0151040768 0.0207889453 0.0978293046
v 0.0151040703 0.0207889359 0.0911946818
v 0.0116660129 0.0228957962 0.0978293046
v 0.0116660064 0.0228957869 0.0911946818
v 0.00794068538 0.0244388524 0.0978293046
v 0.00794068817 0.0244388655 0.0911946818
v 0.00401983922 0.0253801644 0.0978293046
v 0.00401984155 0.0253801774 0.0911946818
v 1.67255738e-08 0.0256965347 0.0978293046
v 1.6011974e-08 0.025696544 0.0911946818
v 0.0208386015 0.0151401078 0.090966396
v 0.0229504798 0.0116938334 0.0909664109
v 0.0244972389 0.0079596201 0.0909664109
v 0.0254407972 0.00402941741 0.0909664109
v 0.0246566664 0.00801142119 0.0907992944
v 0.025606364 0.00405564019 0.0907992944
v 0.0230998397 0.0117699355 0.0907992944
v 0.0209742151 0.015238638 0.0907992944
v 0.0183321424 0.0183321144 0.0907992944
v 0.0182136111 0.0182135813 0.0909664109
v 0.0151401348 0.0208385754 0.0909664109
v 0.015238666 0.020974189 0.0907992944
v 0.0116938623 0.0229504555 0.0909664109
v 0.0117699644 0.0230998155 0.0907992944
v 0.00795964804 0.0244972184 0.0909664109
v 0.00801144913 0.0246566441 0.0907992944
v 0.00402944023 0.0254407786 0.090966396
v 0.00405566348 0.0256063435 0.0907992944
v 1.59876219e-08 0.0257579014 0.0909664109
v 1.59701941e-08 0.0259255301 0.0907992944
v -0.00401981035 0.0253801774 0.0911946818
v -0.00401981128 0.0253801737 0.0978293046
v 1.6011974e-08 0.025696544 0.0911946818
v 1.67255738e-08 0.0256965347 0.0978293046
v -0.00794066396 0.0244388916 0.0978293046
v -0.00794065557 0.0244388692 0.0911946818
v -0.0116659841 0.0228958093 0.0978293046
v -0.0116659757 0.0228957906 0.0911946818
v -0.0151040405 0.0207889453 0.0978293046
v -0.0151040386 0.0207889415 0.0911946818
v -0.0181701854 0.0181701966 0.0978293046
v -0.018170191 0.0181702022 0.0911946818
v -0.020788921 0.0151040424 0.0978293046
v -0.0207889341 0.0151040507 0.0911946818
v -0.0228957795 0.011665985 0.0978293046
v -0.0228957795 0.0116659869 0.0911946818
v -0.0244388599 0.00794066861 0.0978293046
v -0.0244388599 0.00794066768 0.0911946818
v -0.0253801644 0.00401982293 0.0978293046
v -0.02538017 0.00401982432 0.0911946818
v -0.0256965347 -2.43075182e-09 0.0978293046
v -0.0256965347 -2.43075182e-09 0.0911946818
v -0.0253801681 -0.00401982851 0.0978293046
v -0.02538017 -0.00401982898 0.0911946818
v -0.024438858 -0.00794067048 0.0978293046
v -0.0244388599 -0.00794067141 0.0911946818
v -0.0228957776 -0.0116659869 0.0978293046
v -0.0228957813 -0.0116659896 0.0911946818
v -0.0207889248 -0.0151040442 0.0978293046
v -0.0207889359 -0.0151040526 0.0911946818
v -0.0181701891 -0.0181701966 0.0978293046
v -0.0181701947 -0.0181702022 0.0911946818
v -0.0151040368 -0.0207889359 0.0978293046
v -0.0151040433 -0.0207889453 0.0911946818
v -0.0116659747 -0.0228957832 0.0978293046
v -0.0116659803 -0.0228957925 0.0911946818
v -0.00794066209 -0.0244388692 0.0978293046
v -0.00794066209 -0.0244388711 0.0911946818
v -0.00401981873 -0.0253801811 0.0978293046
v -0.0040198192 -0.0253801811 0.0911946818
v 5.56237945e-09 -0.0256965421 0.0978293046
v 6.44022258e-09 -0.0256965496 0.0911946818
v 0.00401982618 -0.0253801532 0.0978293046
v 0.00401983131 -0.0253801793 0.0911946818
v 0.00794067886 -0.0244388692 0.0978293046
v 0.00794067513 -0.0244388711 0.0911946818
v 0.0116659952 -0.0228958037 0.0978293046
v 0.0116659934 -0.0228957962 0.0911946818
v 0.0151040433 -0.0207889341 0.0978293046
v 0.0151040535 -0.0207889508 0.0911946818
v 0.018170191 -0.0181701947 0.0978293046
v 0.0181702022 -0.0181702059 0.0911946818
v 0.0207889341 -0.0151040452 0.0978293046
v 0.0207889453 -0.0151040535 0.0911946818
v 0.0228957906 -0.0116659915 0.0978293046
v 0.0228957906 -0.0116659924 0.0911946818
v 0.0244388711 -0.00794067606 0.0978293046
v 0.0244388673 -0.0079406742 0.0911946818
v 0.0253801793 -0.00401983131 0.0978293046
v 0.0253801793 -0.00401983131 0.0911946818
v 0.025696544 -1.54047597e-09 0.0978293046
v 0.025696544 -1.61534897e-09 0.0911946818
v 0.0182135887 -0.0182135925 0.090966396
v 0.015140119 -0.0208385885 0.090966396
v 0.0116938492 -0.0229504649 0.0909664109
v 0.00795963593 -0.024497224 0.0909664109
v 0.00402942998 -0.0254407823 0.090966396
v 6.47071596e-09 -0.0257579051 0.0909664109
v -0.00402941741 -0.0254407823 0.0909664109
v -0.00795962289 -0.024497224 0.0909664109
v -0.0116938362 -0.022950463 0.0909664109
v -0.0151401078 -0.0208385848 0.0909664109
v -0.0182135813 -0.0182135887 0.0909664109
v -0.0208385754 -0.0151401181 0.090966396
v -0.02295045 -0.0116938455 0.0909664109
v -0.0244972128 -0.00795963127 0.0909664109
v -0.0254407711 -0.00402942719 0.0909664109
v -0.0257578921 -2.43098541e-09 0.0909664109
v -0.0254407711 0.004029423 0.0909664109
v -0.0244972128 0.00795962755 0.0909664109
v -0.0229504481 0.0116938418 0.0909664109
v -0.0208385717 0.0151401162 0.090966396
v -0.0182135776 0.0182135887 0.0909664109
v -0.0151401032 0.0208385792 0.0909664109
v -0.0116938306 0.0229504611 0.0909664109
v -0.00795961637 0.0244972222 0.0909664109
v -0.00402940903 0.0254407786 0.0909664109
v 1.59876219e-08 0.0257579014 0.0909664109
v -0.00405563181 0.0256063435 0.0907992944
v 1.59701941e-08 0.0259255301 0.0907992944
v -0.0080114156 0.0246566478 0.0907992944
v -0.0117699336 0.0230998173 0.0907992944
v -0.0152386343 0.0209741946 0.0907992944
v -0.0183321089 0.0183321219 0.0907992944
v -0.0209741872 0.0152386455 0.0907992944
v -0.023099808 0.0117699439 0.0907992944
v -0.0246566385 0.00801142864 0.0907992944
v -0.0256063361 0.00405564578 0.0907992944
v -0.0259255208 -2.43162335e-09 0.0907992944
v -0.0256063361 -0.00405564997 0.0907992944
v -0.0246566385 -0.00801143236 0.0907992944
v -0.0230998099 -0.0117699476 0.0907992944
v -0.020974189 -0.0152386483 0.0907992944
v -0.0183321144 -0.0183321219 0.0907992944
v -0.015238638 -0.0209742002 0.0907992944
v -0.0117699383 -0.0230998229 0.0907992944
v -0.00801142305 -0.0246566497 0.0907992944
v -0.00405564066 -0.0256063472 0.0907992944
v 6.49361676e-09 -0.0259255357 0.0907992944
v 0.00405565277 -0.0256063472 0.0907992944
v 0.00801143609 -0.0246566497 0.0907992944
v 0.0117699513 -0.0230998248 0.0907992944
v 0.0152386492 -0.0209742039 0.0907992944
v 0.0183321219 -0.0183321238 0.0907992944
v 0.0209742002 -0.0152386492 0.0907992944
v 0.0208385848 -0.015140119 0.090966396
v 0.0229504611 -0.0116938483 0.0909664109
v 0.0230998192 -0.0117699504 0.0907992944
v 0.0244972203 -0.00795963407 0.0909664109
v 0.0246566478 -0.00801143516 0.0907992944
v 0.0254407804 -0.00402942998 0.0909664109
v 0.0256063454 -0.0040556523 0.0907992944
v 0.0257579014 -1.73915105e-09 0.0909664109
v 0.0259255301 -2.07223194e-09 0.0907992944
v 0.0202721693 -0.0202721711 0.12433742
v 0.0231938493 -0.016851319 0.12433742
v 0.0168513209 -0.023193853 0.12433742
v 0.0130155366 -0.0255444255 0.12433742
v 0.00885926746 -0.0272660051 0.12433742
v 0.00448485231 -0.0283162091 0.12433742
v 6.53290888e-09 -0.0286691748 0.12433742
v -0.00448483974 -0.0283162091 0.12433742
v -0.00885925442 -0.0272660051 0.12433742
v -0.0130155254 -0.0255444236 0.12433742
v -0.0168513097 -0.0231938474 0.12433742
v -0.0202721599 -0.0202721655 0.12433742
v -0.0231938381 -0.016851319 0.12433742
v -0.0255444124 -0.0130155338 0.12433742
v -0.0272659939 -0.00885926373 0.12433742
v -0.0283161961 -0.00448484905 0.12433742
v -0.0286691617 -2.43990783e-09 0.12433742
v -0.0283161961 0.00448484439 0.12433742
v -0.0272659939 0.00885926001 0.12433742
v -0.0255444087 0.013015531 0.12433742
v -0.0231938362 0.0168513171 0.12433742
v -0.0202721544 0.0202721655 0.12433742
v -0.0168513041 0.0231938455 0.12433742
v -0.013015518 0.025544418 0.12433742
v -0.00885924697 0.0272660013 0.12433742
v -0.00448483182 0.0283162035 0.12433742
v 1.59313913e-08 0.028669171 0.12433742
v 0.00448486349 0.0283162035 0.12433742
v 1.59313913e-08 0.028669171 0.12433742
v 0.0088592805 0.0272659995 0.12433742
v 0.0130155515 0.0255444162 0.12433742
v 0.0168513358 0.0231938399 0.12433742
v 0.0202721879 0.0202721599 0.12433742
v 0.023193866 0.0168513078 0.12433742
v 0.0255444404 0.0130155217 0.12433742
v 0.02726602 0.00885925069 0.12433742
v 0.0283162221 0.00448483415 0.12433742
v 0.028669171 -7.13914972e-09 0.12433742
v 0.0283162072 -0.00448485231 0.12433742
v 0.0272660013 -0.00885926653 0.12433742
v 0.0255444217 -0.0130155357 0.12433742
v 0.0320049189 -0.0440509878 -0.111390531
v 0.0320049189 -0.0440509878 -0.0500501618
v 0.0385019705 -0.0385019742 -0.111390531
v 0.0385019705 -0.0385019742 -0.0500501618
v 0.0440509804 -0.0320049189 -0.111390531
v 0.0440509804 -0.0320049189 -0.0500501618
v 0.0469722338 -0.0272378605 -0.111390531
v 0.0479985513 -0.0255630836 -0.109109744
v 0.0482410602 -0.0251673255 -0.052694872
v 0.0472036488 -0.0268602371 -0.0500501618
v 0.0440509804 -0.0320049189 -0.0321878158
v 0.0482819676 -0.0251005851 -0.0480437092
v 0.0485153049 -0.0247197915 -0.0321878158
v 0.0476506427 -0.02427922 -0.0312203504
v 0.0432658717 -0.0314345025 -0.0312203504
v 0.0385019705 -0.0385019742 -0.0321878158
v 0.0378157608 -0.0378157645 -0.0312203504
v 0.0320049189 -0.0440509878 -0.0321878158
v 0.0314345025 -0.0432658754 -0.0312203504
v 0.0247197915 -0.0485153086 -0.0321878158
v 0.0242792163 -0.0476506501 -0.0312203504
v 0.0168259833 -0.0517850481 -0.0321878158
v 0.0165260974 -0.0508620813 -0.0312203504
v 0.00851786323 -0.0537796468 -0.0321878158
v 0.0083660502 -0.0528211407 -0.0312203504
v 3.85716525e-09 -0.0544500239 -0.0321878158
v 3.8551935e-09 -0.0534795672 -0.0312203504
v -0.00851785485 -0.0537796468 -0.0321878158
v -0.00836604275 -0.0528211407 -0.0312203504
v -0.0168259777 -0.0517850481 -0.0321878158
v -0.0165260918 -0.0508620813 -0.0312203504
v -0.0247197822 -0.0485153086 -0.0321878158
v -0.0242792126 -0.0476506501 -0.0312203504
v -0.0320049152 -0.0440509804 -0.0321878158
v -0.0314344913 -0.043265868 -0.0312203504
v -0.0385019667 -0.0385019705 -0.0321878158
v -0.0378157571 -0.0378157571 -0.0312203504
v -0.0440509729 -0.0320049152 -0.0321878158
v -0.043265868 -0.0314344987 -0.0312203504
v -0.0485153049 -0.0247197878 -0.0321878158
v -0.0476506427 -0.0242792144 -0.0312203504
v -0.0517850369 -0.0168259796 -0.0321878158
v -0.0508620776 -0.0165260918 -0.0312203504
v -0.053779643 -0.00851785857 -0.0321878158
v -0.0528211296 -0.00836604647 -0.0312203504
v -0.054450009 1.77249204e-09 -0.0321878158
v -0.0534795523 1.77446391e-09 -0.0312203504
v -0.053779643 0.00851786137 -0.0321878158
v -0.0528211296 0.00836604927 -0.0312203504
v -0.0517850369 0.0168259852 -0.0321878158
v -0.0508620776 0.0165261012 -0.0312203504
v -0.0485153012 0.0247197915 -0.0321878158
v -0.0476506352 0.0242792219 -0.0312203504
v -0.0440509692 0.0320049264 -0.0321878158
v -0.0432658605 0.0314345025 -0.0312203504
v -0.0385019593 0.0385019779 -0.0321878158
v -0.0378157459 0.0378157683 -0.0312203504
v -0.032004904 0.0440509878 -0.0321878158
v -0.0314344876 0.0432658754 -0.0312203504
v -0.024719771 0.0485153198 -0.0321878158
v -0.0242791977 0.0476506501 -0.0312203504
v -0.0168259628 0.0517850481 -0.0321878158
v -0.0165260751 0.0508620925 -0.0312203504
v -0.00851783995 0.0537796579 -0.0321878158
v -0.00836602785 0.0528211407 -0.0312203504
v 2.17072671e-08 0.0544500239 -0.0321878158
v 2.17092353e-08 0.0534795672 -0.0312203504
v -0.0480469167 0.0254841298 -0.0481009483
v -0.0469694845 0.0272423532 -0.0500501618
v -0.0440509692 0.0320049264 -0.0500501618
v -0.0479887649 0.0255790316 -0.109123141
v -0.0469722264 0.0272378623 -0.111390531
v -0.0440509692 0.0320049264 -0.111390531
v -0.04798951 0.0255778041 -0.0523183942
v -0.0385019593 0.0385019779 -0.0500501618
v -0.0385019593 0.0385019779 -0.111390531
v -0.032004904 0.0440509878 -0.0500501618
v -0.032004904 0.0440509878 -0.111390531
v -0.0385019593 0.0385019779 -0.125917092
v -0.032004904 0.0440509878 -0.125917092
v -0.0272365585 0.0469730273 -0.111390531
v -0.0254631005 0.0480598062 -0.113331392
v -0.024719771 0.0485153198 -0.125917092
v -0.0440509692 0.0320049264 -0.125917092
v -0.048059091 0.0254642796 -0.113331333
v -0.0485153012 0.0247197915 -0.125917092
v -0.0168259628 0.0517850481 -0.125917092
v -0.0233878605 0.0489392653 -0.111389853
v -0.0168259628 0.0517850481 -0.111387797
v -0.00851783995 0.0537796579 -0.111387797
v -0.0165260751 0.0508620925 -0.110420339
v -0.00836602878 0.0528211407 -0.110420339
v 2.17072671e-08 0.0544500239 -0.111387797
v 2.17066098e-08 0.0534795672 -0.110420339
v 2.05965165e-08 0.0504704639 -0.110420339
v -0.0078953011 0.0498491004 -0.110420339
v -0.007743489 0.0488905795 -0.111387797
v 2.06008544e-08 0.0495000072 -0.111387797
v -0.015296327 0.0470773131 -0.111387797
v -0.0155962119 0.0480002575 -0.110420339
v -0.00851783995 0.0537796579 -0.125917092
v 2.17072671e-08 0.0544500239 -0.125917092
v 2.17079332e-08 0.0541214459 -0.127563879
v -0.00846643839 0.0534551144 -0.127563879
v 2.17098357e-08 0.0531857386 -0.128959939
v -0.00832006056 0.0525309257 -0.128959939
v 2.17126797e-08 0.0517853349 -0.129892766
v -0.00810099021 0.051147785 -0.129892766
v -0.016435273 0.0505826287 -0.128959939
v -0.0160025302 0.0492507815 -0.129892766
v -0.0167244244 0.0514725596 -0.127563879
v -0.0241457932 0.0473888405 -0.128959939
v -0.0235100351 0.0461410806 -0.129892766
v -0.0245706011 0.0482225604 -0.127563879
v -0.0312617682 0.0430281647 -0.128959939
v -0.0304386448 0.0418952256 -0.129892766
v -0.0318117663 0.0437851623 -0.127563879
v -0.0376079753 0.0376079902 -0.128959939
v -0.0366177522 0.0366177708 -0.129892766
v -0.0382696167 0.038269639 -0.127563879
v -0.0430281498 0.0312617905 -0.128959939
v -0.0418952107 0.0304386616 -0.129892766
v -0.0437851436 0.0318117887 -0.127563879
v -0.0473888256 0.0241458174 -0.128959939
v -0.0461410657 0.0235100593 -0.129892766
v -0.0482225455 0.0245706197 -0.127563879
v -0.0505826175 0.0164352953 -0.128959939
v -0.0492507704 0.0160025544 -0.129892766
v -0.0517850369 0.0168259852 -0.125917092
v -0.0489389747 0.0233881325 -0.111389853
v -0.0517850369 0.0168259852 -0.111387797
v -0.053779643 0.00851786137 -0.125917092
v -0.0537796468 0.00851786137 -0.111387797
v -0.0528211333 0.0083660502 -0.110420339
v -0.0534795523 1.77709292e-09 -0.110420339
v -0.054450009 1.77249204e-09 -0.111387797
v -0.0528211333 -0.00836604647 -0.110420339
v -0.0537796468 -0.00851785857 -0.111387797
v -0.0508620776 -0.0165260918 -0.110420339
v -0.0517850369 -0.0168259796 -0.111387797
v -0.0508620776 0.0165261012 -0.110420339
v -0.0480002426 0.0155962361 -0.110420339
v -0.0498490855 0.00789532065 -0.110420339
v -0.048890572 0.00774350902 -0.111387797
v -0.0470773019 0.0152963502 -0.111387797
v -0.049499996 9.61123847e-10 -0.111387797
v -0.0504704565 9.5678554e-10 -0.110420339
v -0.048890572 -0.00774350623 -0.111387797
v -0.0498490855 -0.00789531972 -0.110420339
v -0.0470773019 -0.0152963428 -0.111387797
v -0.0480002426 -0.0155962287 -0.110420339
v -0.053779643 -0.00851785857 -0.125917092
v -0.0517850369 -0.0168259796 -0.125917092
v -0.0489392504 -0.0233878773 -0.111389853
v -0.0480597913 -0.0254631173 -0.113331392
v -0.0485153049 -0.0247197878 -0.125917092
v -0.0440509729 -0.0320049152 -0.125917092
v -0.0469730161 -0.0272365753 -0.111390531
v -0.0440509729 -0.0320049152 -0.111390531
v -0.0385019667 -0.0385019705 -0.125917092
v -0.0385019667 -0.0385019705 -0.111390531
v -0.0440509729 -0.0320049152 -0.0500501618
v -0.0385019667 -0.0385019705 -0.0500501618
v -0.0320049152 -0.0440509804 -0.111390531
v -0.0320049152 -0.0440509804 -0.0500501618
v -0.027237853 -0.0469722338 -0.111390531
v -0.025579026 -0.0479887761 -0.109123141
v -0.0272423457 -0.0469694883 -0.0500501618
v -0.0255777966 -0.0479895212 -0.0523183942
v -0.0254841223 -0.0480469316 -0.0481009483
v -0.0320049152 -0.0440509804 -0.125917092
v -0.0254642703 -0.0480590984 -0.113331333
v -0.0247197822 -0.0485153086 -0.125917092
v -0.0168259777 -0.0517850481 -0.125917092
v -0.023388125 -0.0489389896 -0.111389853
v -0.0168259777 -0.0517850481 -0.111387797
v -0.00851785485 -0.0537796468 -0.125917092
v -0.00851785485 -0.0537796468 -0.111387797
v -0.00836604275 -0.0528211407 -0.110420339
v 3.85782384e-09 -0.0534795672 -0.110420339
v 3.85716525e-09 -0.0544500239 -0.111387797
v 0.0083660502 -0.0528211407 -0.110420339
v 0.00851786323 -0.0537796468 -0.111387797
v 0.0165260974 -0.0508620925 -0.110420339
v 0.0168259833 -0.0517850481 -0.111387797
v -0.0165260937 -0.0508620925 -0.110420339
v -0.0155962277 -0.0480002575 -0.110420339
v -0.007895316 -0.0498491004 -0.110420339
v -0.00774350343 -0.0488905795 -0.111387797
v -0.0152963419 -0.0470773131 -0.111387797
v 4.37349046e-09 -0.0495000072 -0.111387797
v 4.37782877e-09 -0.0504704639 -0.110420339
v 0.00774351088 -0.0488905795 -0.111387797
v 0.00789532438 -0.0498491004 -0.110420339
v 0.0152963484 -0.0470773131 -0.111387797
v 0.0155962361 -0.0480002575 -0.110420339
v 0.00851786323 -0.0537796468 -0.125917092
v 0.0168259833 -0.0517850481 -0.125917092
v 0.0233878791 -0.0489392541 -0.111389853
v 0.025463121 -0.0480597951 -0.113331392
v 0.0247197915 -0.0485153086 -0.125917092
v 0.0320049189 -0.0440509878 -0.125917092
v 0.0272365771 -0.0469730273 -0.111390531
v 0.0385019705 -0.0385019742 -0.125917092
v 0.0440509804 -0.0320049189 -0.125917092
v 0.0480590984 -0.0254642759 -0.113331333
v 0.0485153049 -0.0247197915 -0.125917092
v 0.0517850369 -0.0168259852 -0.125917092
v 0.0489407629 -0.0233840086 -0.111389846
v 0.0517850369 -0.0168259852 -0.111387797
v 0.0537796393 -0.00851786416 -0.125917092
v 0.0537796393 -0.00851786416 -0.111387797
v 0.0528211258 -0.00836605113 -0.110420339
v 0.0534795523 -5.04601871e-09 -0.110420339
v 0.054450009 -7.15255721e-09 -0.111387797
v 0.0528211631 0.0083660325 -0.110420339
v 0.0537796766 0.00851784274 -0.111387797
v 0.0508621149 0.0165260807 -0.110420339
v 0.0517850779 0.0168259665 -0.111387797
v 0.0508620776 -0.0165261012 -0.110420339
v 0.04800025 -0.0155962361 -0.110420339
v 0.0498490855 -0.00789532624 -0.110420339
v 0.048890572 -0.00774351275 -0.111387797
v 0.0470773056 -0.0152963502 -0.111387797
v 0.0495000035 -7.15255721e-09 -0.111387797
v 0.0504704565 -9.16997855e-09 -0.110420339
v 0.0488906056 0.00774349133 -0.111387797
v 0.049849119 0.0078953011 -0.110420339
v 0.0470773391 0.0152963316 -0.111387797
v 0.0480002835 0.0155962193 -0.110420339
v 0.0517850704 0.0168259665 -0.125917092
v 0.0537796766 0.00851784181 -0.125917092
v 0.0489392877 0.0233878698 -0.111389853
v 0.0480598249 0.025463108 -0.113331392
v 0.0485153385 0.0247197766 -0.125917092
v 0.0440510102 0.0320049077 -0.125917092
v 0.0469730571 0.0272365659 -0.111390531
v 0.0440510102 0.0320049077 -0.111390531
v 0.038502004 0.0385019667 -0.125917092
v 0.0385020114 0.0385019667 -0.111390531
v 0.0440510102 0.0320049077 -0.0500501618
v 0.0385020114 0.0385019667 -0.0500501618
v 0.0320049487 0.0440509804 -0.111390531
v 0.0320049487 0.0440509804 -0.0500501618
v 0.0272378866 0.046972245 -0.111390531
v 0.0255790558 0.0479887761 -0.109123141
v 0.0272423755 0.0469694883 -0.0500501618
v 0.0255778283 0.0479895212 -0.0523183942
v 0.0320049487 0.0440509804 -0.0321878158
v 0.025484154 0.0480469316 -0.0481009483
v 0.0247198138 0.0485153086 -0.0321878158
v 0.0242792461 0.0476506501 -0.0312203504
v 0.0314345285 0.043265868 -0.0312203504
v 0.038502004 0.0385019667 -0.0321878158
v 0.0378157906 0.0378157571 -0.0312203504
v 0.0440510102 0.0320049077 -0.0321878158
v 0.0432659052 0.0314344913 -0.0312203504
v 0.0485153385 0.0247197766 -0.0321878158
v 0.0476506762 0.0242792051 -0.0312203504
v 0.0517850704 0.0168259665 -0.0321878158
v 0.0508621112 0.0165260807 -0.0312203504
v 0.0537796766 0.00851784181 -0.0321878158
v 0.0528211631 0.0083660325 -0.0312203504
v 0.054450009 -7.15255721e-09 -0.0321878158
v 0.0534795523 -5.04864683e-09 -0.0312203504
v 0.0165261235 0.0508620813 -0.0312203504
v 0.0168260075 0.0517850481 -0.0321878158
v 0.00836606976 0.0528211407 -0.0312203504
v 0.00851788186 0.0537796579 -0.0321878158
v 2.17092353e-08 0.0534795672 -0.0312203504
v 2.17072671e-08 0.0544500239 -0.0321878158
v 0.0537796393 -0.00851786416 -0.0321878158
v 0.0528211258 -0.00836605113 -0.0312203504
v 0.0517850369 -0.0168259852 -0.0321878158
v 0.0508620776 -0.0165260993 -0.0312203504
v 2.17072671e-08 0.0544500239 -0.0500528999
v 0.00851788186 0.0537796579 -0.0500528999
v 0.00836607069 0.0528211407 -0.0510203429
v 2.17092353e-08 0.0534795672 -0.0510203429
v 0.0165261235 0.0508620813 -0.0510203429
v 0.0168260075 0.0517850481 -0.0500528999
v 0.0537796393 -0.00851786416 -0.0500528999
v 0.054450009 -7.15255721e-09 -0.0500528999
v 0.0528211258 -0.00836605113 -0.0510203429
v 0.0534795523 -5.04864683e-09 -0.0510203429
v 0.0537796766 0.00851784181 -0.0500528999
v 0.0528211631 0.0083660325 -0.0510203429
v 0.0517850704 0.0168259665 -0.0500528999
v 0.0508621112 0.0165260807 -0.0510203429
v 0.0508620776 -0.0165261012 -0.0510203429
v 0.0517850369 -0.0168259852 -0.0500528999
v 0.048939012 0.023388112 -0.0500508286
v 0.048046235 0.0254852995 -0.0481009968
v 0.0480002835 0.0155962156 -0.0510203429
v 0.049849119 0.0078953011 -0.0510203429
v 0.0488906056 0.00774349133 -0.0500528999
v 0.0495000035 -7.15255721e-09 -0.0500528999
v 0.0504704565 -9.17287135e-09 -0.0510203429
v 0.048890572 -0.00774351228 -0.0500528999
v 0.0498490855 -0.00789532531 -0.0510203429
v 0.0470773056 -0.0152963502 -0.0500528999
v 0.04800025 -0.0155962361 -0.0510203429
v 0.0470773391 0.0152963297 -0.0500528999
v 0.045855131 -0.0207380559 -0.0510203429
v 0.0446920618 -0.0210237689 -0.0501255393
v 0.0454033427 -0.021821009 -0.0513338521
v 0.0442755446 -0.0220262166 -0.0504800528
v 0.0439722799 -0.0227606762 -0.0514257476
v 0.0450726114 -0.0226137936 -0.0521903634
v 0.0438614674 -0.0230353605 -0.052714169
v 0.0449515842 -0.0229039788 -0.0533603989
v 0.0449527912 -0.0229045954 -0.108098008
v 0.0476346202 -0.0242710561 -0.108097501
v 0.0477547012 -0.0239829663 -0.10925892
v 0.045072902 -0.0226166043 -0.109259173
v 0.048082713 -0.0231958814 -0.110109136
v 0.0454010144 -0.0218297709 -0.110109203
v 0.0485307649 -0.0221206881 -0.110420339
v 0.0458492078 -0.0207549296 -0.110420339
v 0.0476333648 -0.0242704097 -0.0533648804
v 0.0438618138 -0.0234110188 -0.108962499
v 0.0447240435 -0.021246247 -0.111282766
v 0.048121471 -0.0252763666 -0.110248528
v 0.0484666824 -0.0244779829 -0.111083999
v 0.0442922525 -0.022335913 -0.110958546
v 0.0477545671 -0.0239796322 -0.0521926135
v 0.0483585596 -0.0248946231 -0.0513710827
v 0.0480857305 -0.0231852457 -0.0513344519
v 0.0486683883 -0.0241676774 -0.0504040606
v 0.049088493 -0.0231790133 -0.0500507914
v 0.0485381596 -0.0221000873 -0.0510203429
v 0.048262272 -0.0251327101 -0.0493813232
v 0.0477078445 -0.0261220597 -0.0500502177
v 0.049849119 0.0078953011 -0.0312203504
v 0.0504704565 -9.17287135e-09 -0.0312203504
v 0.0488906056 0.00774349133 -0.0321878158
v 0.0495000035 -7.15255721e-09 -0.0321878158
v 0.0470773391 0.0152963297 -0.0321878158
v 0.0480002835 0.0155962156 -0.0312203504
v 0.0441048555 0.0224725194 -0.0321878158
v 0.0449695401 0.0229131002 -0.0312203504
v 0.0400463715 0.0290953703 -0.0321878158
v 0.0408314802 0.0296657868 -0.0312203504
v 0.0350018218 0.0350017883 -0.0321878158
v 0.0356880389 0.0356880054 -0.0312203504
v 0.0290954039 0.040046338 -0.0321878158
v 0.0296658222 0.0408314504 -0.0312203504
v 0.0224725604 0.044104822 -0.0321878158
v 0.0229131412 0.0449695103 -0.0312203504
v 0.0152963717 0.0470773131 -0.0321878158
v 0.0155962575 0.0480002575 -0.0312203504
v 0.00774352998 0.0488905795 -0.0321878158
v 0.00789534114 0.0498491004 -0.0312203504
v 2.06008544e-08 0.0495000072 -0.0321878158
v 2.05965165e-08 0.0504704639 -0.0312203504
v 2.17092353e-08 0.0534795672 -0.0312203504
v 0.00836606976 0.0528211407 -0.0312203504
v 0.0165261235 0.0508620813 -0.0312203504
v 0.0242792461 0.0476506501 -0.0312203504
v 0.0314345285 0.043265868 -0.0312203504
v 0.0378157906 0.0378157571 -0.0312203504
v 0.0432659052 0.0314344913 -0.0312203504
v 0.0476506762 0.0242792051 -0.0312203504
v 0.0508621112 0.0165260807 -0.0312203504
v 0.0528211631 0.0083660325 -0.0312203504
v 0.0534795523 -5.04864683e-09 -0.0312203504
v 0.0498490855 -0.00789532531 -0.0312203504
v 0.048890572 -0.00774351228 -0.0321878158
v 0.04800025 -0.0155962361 -0.0312203504
v 0.0470773056 -0.0152963502 -0.0321878158
v 0.0449695103 -0.0229131151 -0.0312203504
v 0.044104822 -0.0224725343 -0.0321878158
v 0.0408314504 -0.0296657961 -0.0312203504
v 0.0400463492 -0.0290953796 -0.0321878158
v 0.0356880091 -0.0356880128 -0.0312203504
v 0.035001792 -0.0350017957 -0.0321878158
v 0.0296657961 -0.0408314615 -0.0312203504
v 0.0290953796 -0.0400463492 -0.0321878158
v 0.0229131151 -0.0449695177 -0.0312203504
v 0.0224725343 -0.0441048332 -0.0321878158
v 0.0155962324 -0.0480002575 -0.0312203504
v 0.0152963465 -0.0470773131 -0.0321878158
v 0.00789532438 -0.0498491004 -0.0312203504
v 0.00774351088 -0.0488905795 -0.0321878158
v 4.37782877e-09 -0.0504704639 -0.0312203504
v 4.37349046e-09 -0.0495000072 -0.0321878158
v -0.007895316 -0.0498491004 -0.0312203504
v -0.00774350343 -0.0488905795 -0.0321878158
v -0.0155962277 -0.0480002575 -0.0312203504
v -0.0152963419 -0.0470773131 -0.0321878158
v -0.0229131076 -0.0449695103 -0.0312203504
v -0.0224725269 -0.044104822 -0.0321878158
v -0.0296657886 -0.0408314504 -0.0312203504
v -0.0290953722 -0.0400463492 -0.0321878158
v -0.0356880054 -0.0356880054 -0.0312203504
v -0.0350017883 -0.0350017883 -0.0321878158
v -0.0408314466 -0.0296657942 -0.0312203504
v -0.040046338 -0.0290953778 -0.0321878158
v -0.0449694991 -0.0229131114 -0.0312203504
v -0.0441048183 -0.0224725306 -0.0321878158
v -0.0480002426 -0.0155962287 -0.0312203504
v -0.0470773019 -0.0152963428 -0.0321878158
v -0.0498490855 -0.00789531972 -0.0312203504
v -0.048890572 -0.00774350623 -0.0321878158
v -0.0504704565 9.5678554e-10 -0.0312203504
v -0.049499996 9.61123847e-10 -0.0321878158
v -0.0498490855 0.00789532065 -0.0312203504
v -0.048890572 0.00774350902 -0.0321878158
v -0.0480002426 0.0155962342 -0.0312203504
v -0.0470773019 0.0152963493 -0.0321878158
v -0.0449694991 0.022913117 -0.0312203504
v -0.0441048183 0.0224725362 -0.0321878158
v -0.0408314392 0.0296658017 -0.0312203504
v -0.0400463343 0.0290953852 -0.0321878158
v -0.0356879979 0.0356880166 -0.0312203504
v -0.0350017808 0.0350017995 -0.0321878158
v -0.0296657793 0.0408314615 -0.0312203504
v -0.0290953629 0.0400463492 -0.0321878158
v -0.0229130946 0.0449695103 -0.0312203504
v -0.0224725138 0.0441048332 -0.0321878158
v -0.0155962119 0.0480002575 -0.0312203504
v -0.015296327 0.0470773131 -0.0321878158
v -0.0078953011 0.0498491004 -0.0312203504
v -0.007743489 0.0488905795 -0.0321878158
v 2.05965165e-08 0.0504704639 -0.0312203504
v 2.06008544e-08 0.0495000072 -0.0321878158
v -0.0476506352 0.0242792219 -0.0312203504
v -0.0432658605 0.0314345025 -0.0312203504
v -0.0378157459 0.0378157683 -0.0312203504
v -0.0314344876 0.0432658754 -0.0312203504
v -0.0242791977 0.0476506501 -0.0312203504
v -0.0165260751 0.0508620925 -0.0312203504
v -0.00836602785 0.0528211407 -0.0312203504
v 2.17092353e-08 0.0534795672 -0.0312203504
v -0.0508620776 0.0165261012 -0.0312203504
v -0.0528211296 0.00836604927 -0.0312203504
v -0.0534795523 1.77446391e-09 -0.0312203504
v -0.0528211296 -0.00836604647 -0.0312203504
v -0.0508620776 -0.0165260918 -0.0312203504
v -0.0476506427 -0.0242792144 -0.0312203504
v -0.043265868 -0.0314344987 -0.0312203504
v -0.0378157571 -0.0378157571 -0.0312203504
v -0.0314344913 -0.043265868 -0.0312203504
v -0.0242792126 -0.0476506501 -0.0312203504
v -0.0165260918 -0.0508620813 -0.0312203504
v -0.00836604275 -0.0528211407 -0.0312203504
v 3.8551935e-09 -0.0534795672 -0.0312203504
v 0.0083660502 -0.0528211407 -0.0312203504
v 0.0165260974 -0.0508620813 -0.0312203504
v 0.0242792163 -0.0476506501 -0.0312203504
v 0.0314345025 -0.0432658754 -0.0312203504
v 0.0378157608 -0.0378157645 -0.0312203504
v 0.0432658717 -0.0314345025 -0.0312203504
v 0.0476506427 -0.02427922 -0.0312203504
v 0.0508620776 -0.0165260993 -0.0312203504
v 0.0528211258 -0.00836605113 -0.0312203504
v 2.17072671e-08 0.0544500239 -0.111387797
v 0.00851788186 0.0537796579 -0.111387797
v 2.17066098e-08 0.0534795672 -0.110420339
v 0.00836606976 0.0528211407 -0.110420339
v 0.0168260075 0.0517850481 -0.111387797
v 0.0165261235 0.0508620813 -0.110420339
v 0.0155962575 0.0480002575 -0.110420339
v 0.00789534114 0.0498491004 -0.110420339
v 0.00774352998 0.0488905795 -0.111387797
v 2.06008544e-08 0.0495000072 -0.111387797
v 2.05965165e-08 0.0504704639 -0.110420339
v 0.0152963717 0.0470773131 -0.111387797
v 0.00851788186 0.0537796579 -0.125917092
v 0.0168260075 0.0517850481 -0.125917092
v 0.0233881548 0.0489389896 -0.111389853
v 0.0254643038 0.0480590984 -0.113331333
v 0.0247198138 0.0485153086 -0.125917092
v 0.0320049487 0.0440509804 -0.125917092
v 0.0382696614 0.0382696278 -0.127563879
v 0.0437851846 0.0318117701 -0.127563879
v 0.0482225828 0.0245706029 -0.127563879
v 0.0514725782 0.0167244282 -0.127563879
v 0.053455133 0.00846644212 -0.127563879
v 0.0525309518 0.00832006522 -0.128959939
v 0.050582651 0.0164352767 -0.128959939
v 0.0511478037 0.00810100045 -0.129892766
v 0.0492508002 0.016002534 -0.129892766
v 0.0473888628 0.0241458006 -0.128959939
v 0.0461411029 0.0235100426 -0.129892766
v 0.0430281907 0.0312617719 -0.128959939
v 0.0418952517 0.0304386485 -0.129892766
v 0.0376080163 0.037607979 -0.128959939
v 0.0366177931 0.0366177596 -0.129892766
v 0.0312618129 0.0430281535 -0.128959939
v 0.0304386821 0.0418952182 -0.129892766
v 0.031811811 0.0437851511 -0.127563879
v 0.0241458416 0.0473888405 -0.128959939
v 0.0235100836 0.0461410806 -0.129892766
v 0.0245706439 0.0482225604 -0.127563879
v 0.0164353196 0.0505826287 -0.128959939
v 0.0160025768 0.0492507741 -0.129892766
v 0.0167244691 0.0514725484 -0.127563879
v 0.0083201034 0.0525309257 -0.128959939
v 0.00810103491 0.051147785 -0.129892766
v 0.00846648216 0.0534551144 -0.127563879
v 2.17098357e-08 0.0531857386 -0.128959939
v 2.17126797e-08 0.0517853349 -0.129892766
v 2.17072671e-08 0.0544500239 -0.125917092
v 2.17079332e-08 0.0541214459 -0.127563879
v 0.0165260974 -0.0508620813 -0.0510203429
v 0.00836604927 -0.0528211407 -0.0510203429
v 0.0168259833 -0.0517850481 -0.0500528999
v 0.00851786323 -0.0537796468 -0.0500528999
v 3.8551935e-09 -0.0534795672 -0.0510203429
v 3.85716525e-09 -0.0544500239 -0.0500528999
v -0.00836604182 -0.0528211407 -0.0510203429
v -0.00851785485 -0.0537796468 -0.0500528999
v -0.0165260937 -0.0508620813 -0.0510203429
v -0.0168259777 -0.0517850481 -0.0500528999
v 0.0233881231 -0.0489389896 -0.0500508286
v 0.0254853126 -0.0480461977 -0.0481009968
v 4.37782877e-09 -0.0504704639 -0.0510203429
v 0.00789532438 -0.0498491004 -0.0510203429
v 4.37349046e-09 -0.0495000072 -0.0500528999
v -0.00774350343 -0.0488905795 -0.0500528999
v -0.007895316 -0.0498491004 -0.0510203429
v -0.0152963419 -0.0470773131 -0.0500528999
v -0.0155962277 -0.0480002575 -0.0510203429
v 0.00774351088 -0.0488905795 -0.0500528999
v 0.0155962324 -0.0480002575 -0.0510203429
v 0.0152963465 -0.0470773131 -0.0500528999
v -0.0207494367 -0.0458503813 -0.0510203429
v -0.02123872 -0.0446841531 -0.0500455275
v -0.0218266975 -0.0454009697 -0.0513322018
v -0.0222592875 -0.0442729667 -0.05037909
v -0.0230060499 -0.043971736 -0.0512925982
v -0.0226153079 -0.0450719818 -0.0521842167
v -0.0232782569 -0.0438614748 -0.0525406599
v -0.0229039714 -0.0449515916 -0.0533480905
v -0.023204919 -0.0438618176 -0.108840413
v -0.0229045879 -0.0449527912 -0.108093858
v -0.0242710486 -0.0476346202 -0.108097501
v -0.0239829589 -0.047754705 -0.10925892
v -0.0226160791 -0.0450731255 -0.109257095
v -0.0231958739 -0.048082713 -0.110109136
v -0.0218278468 -0.0454018302 -0.110108651
v -0.0221206807 -0.0485307686 -0.110420339
v -0.0207510851 -0.0458508208 -0.110420339
v -0.0242704023 -0.0476333685 -0.0533431247
v -0.021158047 -0.0446930863 -0.111313529
v -0.025285501 -0.048116073 -0.110256687
v -0.024483541 -0.0484638885 -0.111086398
v -0.0221824311 -0.0442765877 -0.110973768
v -0.0229303595 -0.0439728536 -0.110069841
v -0.0255408119 -0.0480121896 -0.112037465
v -0.0260424316 -0.0477523804 -0.111390531
v -0.0508620776 -0.0165260918 -0.0510203429
v -0.0528211296 -0.00836604647 -0.0510203429
v -0.0517850369 -0.0168259796 -0.0500528999
v -0.053779643 -0.00851785857 -0.0500528999
v -0.0534795523 1.77446391e-09 -0.0510203429
v -0.054450009 1.77249204e-09 -0.0500528999
v -0.0528211296 0.00836604927 -0.0510203429
v -0.053779643 0.00851786137 -0.0500528999
v -0.0508620776 0.0165261012 -0.0510203429
v -0.0517850369 0.0168259852 -0.0500528999
v -0.0489389785 -0.0233881213 -0.0500508286
v -0.0480461903 -0.0254853107 -0.0481009968
v -0.0504704565 9.5678554e-10 -0.0510203429
v -0.0498490855 -0.00789531972 -0.0510203429
v -0.049499996 9.61123847e-10 -0.0500528999
v -0.048890572 0.00774350902 -0.0500528999
v -0.0498490855 0.00789532065 -0.0510203429
v -0.0470773019 0.0152963493 -0.0500528999
v -0.0480002426 0.0155962342 -0.0510203429
v -0.048890572 -0.00774350623 -0.0500528999
v -0.0480002426 -0.0155962287 -0.0510203429
v -0.0470773019 -0.0152963428 -0.0500528999
v -0.045850981 0.0207479782 -0.0510203429
v -0.0445143841 0.0210756939 -0.050048206
v -0.0454012677 0.0218259729 -0.0513324142
v -0.0440625623 0.022093581 -0.0503780581
v -0.0437316746 0.0228370763 -0.0512802862
v -0.0450720526 0.0226151198 -0.0521850139
v -0.0436109304 0.0231057163 -0.0525118783
v -0.0449515805 0.0229039807 -0.0533496849
v -0.0436383002 0.0228790473 -0.108781666
v -0.0449527875 0.0229045991 -0.108052172
v -0.0476333573 0.0242704097 -0.0533431247
v -0.047634609 0.0242710561 -0.108097501
v -0.0477546938 0.0239829663 -0.10925892
v -0.0450723022 0.0226180553 -0.109236255
v -0.0480827019 0.0231958814 -0.110109136
v -0.0453987531 0.0218351781 -0.110103063
v -0.0485307574 0.0221206881 -0.110420339
v -0.0458447002 0.0207657348 -0.110420339
v -0.0445502661 0.0208628792 -0.11128965
v -0.0481160581 0.0252855085 -0.110256687
v -0.0484638736 0.0244835485 -0.111086398
v -0.0440932736 0.0218705125 -0.110942304
v -0.0437603556 0.0226065256 -0.110026345
v -0.0480121784 0.0255408194 -0.112037465
v -0.0474589281 0.0265212841 -0.111390531
v -0.0165260751 0.0508620925 -0.0510203429
v -0.00836602785 0.0528211407 -0.0510203429
v -0.0168259628 0.0517850481 -0.0500528999
v -0.00851783995 0.0537796579 -0.0500528999
v 2.17092353e-08 0.0534795672 -0.0510203429
v 2.17072671e-08 0.0544500239 -0.0500528999
v -0.0233881045 0.0489389896 -0.0500508286
v -0.0254852939 0.0480462164 -0.0481009968
v -0.0155924903 0.0480050854 -0.0510203429
v -0.00790019054 0.0498464853 -0.0510203429
v 9.53674295e-09 0.0504701808 -0.0510203429
v -0.00774178887 0.0488861948 -0.0499907583
v 9.53674295e-09 0.0494999886 -0.0499907583
v -0.0152954869 0.0472724922 -0.0499907583
v -0.0272436254 0.046968706 -0.0500501618
v -0.0255777836 0.0479895286 -0.109122284
v -0.0255790092 0.0479887873 -0.0523175411
v -0.0242710356 0.0476346277 -0.0533443168
v -0.023982808 0.0477547534 -0.0521823317
v -0.0252854843 0.0481160805 -0.0511839837
v -0.0244835224 0.0484638885 -0.0503542833
v -0.0231953338 0.0480829328 -0.0513316914
v -0.0221196115 0.0485312082 -0.0510203429
v -0.0242703892 0.0476333685 -0.108097561
v -0.0228957999 0.044935558 -0.0534014963
v -0.0229036044 0.044950895 -0.10809774
v -0.0239823144 0.0477534384 -0.109258942
v -0.022615755 0.0450713821 -0.109259032
v -0.0231952909 0.0480815396 -0.110109136
v -0.0218290165 0.0453998856 -0.110109165
v -0.022120215 0.0485297665 -0.110420339
v -0.0207541883 0.0458483957 -0.110420339
v -0.0228874199 0.04355691 -0.0525713228
v -0.0226096362 0.0450554565 -0.0522109158
v -0.0226156246 0.0436835475 -0.051311072
v -0.0218281765 0.0453836918 -0.0513393469
v -0.0218898933 0.0440350249 -0.0503868759
v -0.0209009759 0.0445189662 -0.0500426106
v -0.0207607988 0.0458323173 -0.0510203429
v -0.023286134 0.0436694697 -0.108993508
v -0.0212047063 0.0445660688 -0.11138133
v -0.0244827643 0.0484644212 -0.111086279
v -0.0252843536 0.0481167883 -0.11025627
v -0.0265199654 0.0474597439 -0.111390531
v -0.0255395249 0.0480129719 -0.112037487
v 0.027243644 -0.046968706 -0.0500501618
v 0.0255778022 -0.0479895212 -0.109122284
v 0.0255790278 -0.0479887761 -0.0523175411
v 0.0242710542 -0.0476346202 -0.0533443168
v 0.0239828266 -0.0477547534 -0.0521823317
v 0.0252855029 -0.048116073 -0.0511839837
v 0.024483541 -0.0484638885 -0.0503542833
v 0.0231953524 -0.0480829217 -0.0513316914
v 0.022119632 -0.0485312082 -0.0510203429
v 0.0242704079 -0.0476333685 -0.108097561
v 0.0229039807 -0.0449515916 -0.108097553
v 0.0229045954 -0.0449528024 -0.0533485636
v 0.0231751669 -0.0437428281 -0.0525482558
v 0.023385521 -0.043856658 -0.108974472
v 0.0226159357 -0.045071736 -0.109258942
v 0.0231074598 -0.0439712331 -0.110167556
v 0.0218290016 -0.045400016 -0.110109136
v 0.0223388411 -0.0442795157 -0.11104285
v 0.0212854315 -0.0446989723 -0.111366019
v 0.0207540393 -0.0458484739 -0.110420339
v 0.0221202336 -0.0485297665 -0.110420339
v 0.0231953096 -0.0480815396 -0.110109136
v 0.0244827829 -0.0484644212 -0.111086279
v 0.023982333 -0.0477534384 -0.109258942
v 0.0252843723 -0.0481167883 -0.11025627
v 0.026519984 -0.0474597439 -0.111390531
v 0.0255395435 -0.0480129719 -0.112037487
v 9.53674295e-09 0.0504701808 -0.0510203429
v 0.00790020917 0.0498464853 -0.0510203429
v 0.0155925089 0.0480050854 -0.0510203429
v 0.00774180796 0.0488861948 -0.0499907583
v 0.0152955065 0.0470744893 -0.0499907583
v 9.53674295e-09 0.0494999886 -0.0499907583
v 0.0207048245 0.0458558649 -0.0510203429
v 0.0221202634 0.0485297665 -0.0510203429
v 0.0218002163 0.0453954674 -0.0513378605
v 0.0231953431 0.0480815396 -0.0513315387
v 0.0226021912 0.0450586416 -0.0522053503
v 0.0239823628 0.0477534384 -0.0521817356
v 0.022895867 0.0449356064 -0.0533903651
v 0.0242704358 0.0476333685 -0.0533431247
v 0.0242710784 0.0476346202 -0.108097501
v 0.0229042862 0.0449521355 -0.10810452
v 0.0239829943 0.047754705 -0.10925892
v 0.022612581 0.0450742058 -0.109262429
v 0.0231959056 0.048082713 -0.110109136
v 0.021815259 0.0454069786 -0.110110074
v 0.0221207105 0.0485307686 -0.110420339
v 0.0207259748 0.0458612926 -0.110420339
v 0.0228691306 0.0437722392 -0.108685903
v 0.0228696987 0.0438154861 -0.0527944379
v 0.0208551064 0.0446498469 -0.111205444
v 0.0252855327 0.0481160805 -0.110256687
v 0.0244835708 0.0484638885 -0.111086398
v 0.0218668748 0.0442082472 -0.110846005
v 0.0255408417 0.0480121896 -0.112037465
v 0.0260424651 0.0477523804 -0.111390531
v 0.0226011667 0.0438883007 -0.109926835
v 0.0435736664 0.0141579211 -0.130220339
v 0.0299442112 0.00972943846 -0.128852695
v 0.0452519916 0.00716720987 -0.130220339
v 0.0310975779 0.00492539769 -0.128852695
v 0.028053524 0.0142939715 -0.128852695
v 0.0408224203 0.0208000448 -0.130220339
v 0.025472071 0.0185065232 -0.128852695
v 0.0370659903 0.0269299913 -0.130220339
v 0.0222634096 0.0222633779 -0.128852695
v 0.0323968604 0.0323968269 -0.130220339
v 0.0185065474 0.0254720449 -0.128852695
v 0.0269300211 0.0370659605 -0.130220339
v 0.0142939994 0.0280535053 -0.128852695
v 0.0208000783 0.0408224016 -0.130220339
v 0.00972947478 0.0299441833 -0.128852695
v 0.0141579621 0.0435736366 -0.130220339
v 0.00492538093 0.0310975648 -0.128852695
v 0.00716722943 0.0452519804 -0.130220339
v 2.63487028e-08 0.0314851962 -0.128852695
v 2.17072671e-08 0.045816049 -0.130220339
v -0.00492534274 0.0310975499 -0.128852695
v -0.00716718892 0.0452519692 -0.130220339
v -0.00972943567 0.0299441908 -0.128852695
v -0.0141579174 0.043573644 -0.130220339
v -0.0142939566 0.0280535072 -0.128852695
v -0.020800028 0.0408224016 -0.130220339
v -0.0185065176 0.0254720468 -0.128852695
v -0.0269299839 0.0370659642 -0.130220339
v -0.0222633723 0.0222633854 -0.128852695
v -0.0323968194 0.0323968381 -0.130220339
v -0.0254720375 0.0185065288 -0.128852695
v -0.0370659493 0.0269300025 -0.130220339
v -0.0280534998 0.014293978 -0.128852695
v -0.0408223867 0.0208000559 -0.130220339
v -0.0299441777 0.00972945709 -0.128852695
v -0.0435736328 0.0141579397 -0.130220339
v -0.0310975406 0.00492537115 -0.128852695
v -0.0452519581 0.00716721267 -0.130220339
v -0.0314851776 1.73561143e-09 -0.128852695
v -0.0458160304 1.73561143e-09 -0.130220339
v -0.0310975406 -0.00492536742 -0.128852695
v -0.0452519581 -0.00716720987 -0.130220339
v -0.0299441759 -0.00972945523 -0.128852695
v -0.0435736328 -0.0141579341 -0.130220339
v -0.0280534998 -0.0142939743 -0.128852695
v -0.0408223905 -0.0208000448 -0.130220339
v -0.0254720394 -0.0185065232 -0.128852695
v -0.0370659567 -0.026929995 -0.130220339
v -0.0222633779 -0.0222633779 -0.128852695
v -0.0323968269 -0.0323968306 -0.130220339
v -0.0185065176 -0.0254720449 -0.128852695
v -0.0269299913 -0.0370659567 -0.130220339
v -0.014293965 -0.0280535091 -0.128852695
v -0.0208000448 -0.0408224016 -0.130220339
v -0.00972945336 -0.0299441833 -0.128852695
v -0.0141579341 -0.043573644 -0.130220339
v -0.00492535904 -0.0310975481 -0.128852695
v -0.00716720428 -0.0452519692 -0.130220339
v 3.8147947e-09 -0.0314851925 -0.128852695
v 3.85716525e-09 -0.0458160378 -0.130220339
v 0.00492536463 -0.0310975481 -0.128852695
v 0.00716721173 -0.0452519692 -0.130220339
v 0.00972945523 -0.0299441833 -0.128852695
v 0.0141579378 -0.043573644 -0.130220339
v 0.0142939743 -0.0280535016 -0.128852695
v 0.0208000466 -0.0408223905 -0.130220339
v 0.0185065269 -0.0254720449 -0.128852695
v 0.0269299969 -0.0370659605 -0.130220339
v 0.0222633816 -0.0222633835 -0.128852695
v 0.0323968306 -0.0323968343 -0.130220339
v 0.0254720394 -0.0185065344 -0.128852695
v 0.0370659567 -0.0269300006 -0.130220339
v 0.028053496 -0.0142939799 -0.128852695
v 0.0408223905 -0.0208000541 -0.130220339
v 0.0299441833 -0.00972946174 -0.128852695
v 0.0435736403 -0.0141579406 -0.130220339
v 0.031097535 -0.00492537441 -0.128852695
v 0.0452519543 -0.00716721499 -0.130220339
v 0.0314851739 4.68771795e-08 -0.128852695
v 0.0458160304 1.16195507e-08 -0.130220339
v 0.0146915969 -0.0146915978 -0.128290027
v 0.0122124534 -0.0168089941 -0.128290027
v 0.00943259057 -0.0185124911 -0.128290027
v 0.006420461 -0.0197601579 -0.128290042
v 0.00325023732 -0.0205212571 -0.128290042
v 3.59059871e-09 -0.0207770653 -0.128290027
v -0.00325023127 -0.0205212571 -0.128290027
v -0.006420461 -0.0197601561 -0.128290027
v -0.00943257939 -0.0185124986 -0.128290027
v -0.0122124385 -0.0168089978 -0.128290027
v -0.0146915931 -0.0146915931 -0.128290027
v -0.0168089904 -0.0122124469 -0.128290027
v -0.0185124855 -0.0094325915 -0.128290027
v -0.0197601467 -0.00642046379 -0.128290027
v -0.0205212496 -0.00325024757 -0.128290027
v -0.0207770504 1.83962867e-09 -0.128290027
v -0.0205212496 0.00325025339 -0.128290027
v -0.0197601523 0.00642046379 -0.128290027
v -0.0185124874 0.00943259429 -0.128290027
v -0.0168089904 0.0122124488 -0.128290027
v -0.0146915885 0.0146915996 -0.128290027
v -0.0122124441 0.0168089978 -0.128290027
v -0.0094325738 0.0185124949 -0.128290027
v -0.00642044656 0.0197601616 -0.128290027
v -0.00325021893 0.0205212589 -0.128290027
v 3.5123314e-08 0.0207770653 -0.128290027
v 0.00325024826 0.0205212701 -0.128290027
v 0.00642047403 0.0197601561 -0.128290027
v 0.00943261757 0.018512493 -0.128290027
v 0.0122124692 0.0168089978 -0.128290027
v 0.0146916257 0.0146915931 -0.128290027
v 0.0168090183 0.0122124525 -0.128290027
v 0.0185125098 0.00943259057 -0.128290027
v 0.0197601859 0.00642043538 -0.128290027
v 0.020521285 0.00325030461 -0.128290027
v 0.0207770485 8.17225185e-08 -0.128290027
v 0.020521244 -0.00325026363 -0.128290027
v 0.0197601523 -0.00642047077 -0.128290027
v 0.0185124818 -0.00943259615 -0.128290027
v 0.0168089885 -0.0122124618 -0.128290027
v 0.0119462544 0.00388150825 -0.127630487
v 0.0124063874 0.00196505641 -0.127630487
v 0.0101620564 -0.00738319103 -0.127630487
v 0.00888196845 -0.00888196845 -0.127630502
v 0.00738317845 -0.010162062 -0.127630502
v 0.00570258079 -0.0111919241 -0.127630502
v 0.00388155458 -0.0119462227 -0.127630502
v 0.00196495466 -0.0124063585 -0.127630502
v 4.19073709e-09 -0.0125610065 -0.127630487
v -0.00196494767 -0.0124063576 -0.127630487
v -0.0038815653 -0.0119462162 -0.127630487
v -0.00570256868 -0.0111919409 -0.127630487
v -0.00738315424 -0.0101620676 -0.127630487
v -0.00888196472 -0.00888196286 -0.127630487
v -0.0101620592 -0.00738316402 -0.127630487
v -0.011191926 -0.00570258358 -0.127630487
v -0.0119462106 -0.00388156041 -0.127630502
v -0.0124063501 -0.00196496979 -0.127630502
v -0.0125609897 2.22566654e-09 -0.127630502
v -0.0124063501 0.00196497981 -0.127630487
v -0.0119462162 0.00388156367 -0.127630487
v -0.0111919278 0.00570258265 -0.127630487
v -0.0101620611 0.00738316774 -0.127630487
v -0.0088819582 0.00888197031 -0.127630502
v -0.00738316774 0.0101620611 -0.127630502
v -0.00570256449 0.0111919343 -0.127630487
v -0.00388154923 0.0119462265 -0.127630487
v -0.00196494139 0.0124063594 -0.127630487
v 4.57180391e-08 0.0125610111 -0.127630472
v 0.00196495955 0.0124063753 -0.127630487
v 0.00388156506 0.0119462227 -0.127630502
v 0.00570261106 0.0111919325 -0.127630502
v 0.00738318777 0.0101620639 -0.127630502
v 0.00888199918 0.00888196193 -0.127630487
v 0.0101620816 0.00738317892 -0.127630487
v 0.0111919474 0.00570258591 -0.127630487
v 0.0043216343 0.00220200862 -0.127554312
v 0.00461293431 0.00149871793 -0.127554312
v 0.00479060085 0.000758868933 -0.127554312
v 0.0039239754 0.00285093719 -0.127554312
v 0.00342969922 0.00342965405 -0.127554327
v 0.00285092974 0.00392396515 -0.127554327
v 0.00220202538 0.00432162732 -0.127554327
v 0.00149881036 0.00461288961 -0.127554327
v 0.000758713693 0.00479059247 -0.127554312
v 6.62829009e-08 0.00485029165 -0.127554312
v -0.000758714683 0.00479056826 -0.127554312
v -0.00149880897 0.0046128938 -0.127554312
v -0.00220197253 0.00432162778 -0.127554327
v -0.00285092043 0.00392395956 -0.127554327
v -0.00342965615 0.00342966639 -0.127554327
v -0.00392396282 0.00285091461 -0.127554312
v -0.0043216222 0.00220199325 -0.127554312
v -0.00461288309 0.00149881945 -0.127554312
v -0.00479056034 0.000758760842 -0.127554327
v -0.00485026836 3.36254513e-09 -0.127554327
v -0.00479056174 -0.000758741691 -0.127554327
v -0.00461287471 -0.00149881747 -0.127554327
v -0.0043216194 -0.00220199814 -0.127554327
v -0.00392396003 -0.00285090925 -0.127554312
v -0.00342966313 -0.00342965825 -0.127554312
v -0.00285089435 -0.00392397027 -0.127554312
v -0.00220198045 -0.0043216371 -0.127554312
v -0.00149883493 -0.00461287657 -0.127554312
v -0.000758709153 -0.00479056593 -0.127554312
v 6.29697983e-09 -0.00485028746 -0.127554312
v 0.000758718466 -0.00479056779 -0.127554327
v 0.00149880699 -0.00461288914 -0.127554327
v 0.00220199442 -0.00432161707 -0.127554327
v 0.002850933 -0.00392395537 -0.127554327
v 0.00342966709 -0.00342966034 -0.127554327
v 0.00392394699 -0.00285095 -0.127554312
v 0.00432161009 -0.00220199465 -0.127554312
v 0.0111919167 -0.00570258545 -0.127630487
v 0.01194622 -0.00388156343 -0.127630487
v 0.0124063445 -0.00196500355 -0.127630487
v 0.0125609851 1.20279722e-07 -0.127630487
v 0.00461289147 -0.00149880594 -0.127554312
v 0.00479054963 -0.000758817827 -0.127554312
v 0.0048502502 1.74487482e-07 -0.127554312
v -0.054450009 1.77249204e-09 -0.125917092
v -0.0534550995 0.00846646074 -0.127563879
v -0.0514725447 0.0167244468 -0.127563879
v -0.0525309183 0.00832008291 -0.128959939
v -0.0511477701 0.00810101535 -0.129892766
v -0.05318572 1.77506077e-09 -0.128959939
v -0.05178532 1.77790749e-09 -0.129892766
v -0.054121431 1.7731594e-09 -0.127563879
v -0.0525309183 -0.00832007919 -0.128959939
v -0.0511477701 -0.00810100976 -0.129892766
v -0.0534550995 -0.00846645795 -0.127563879
v -0.0505826175 -0.0164352898 -0.128959939
v -0.0492507704 -0.016002547 -0.129892766
v -0.0514725447 -0.0167244412 -0.127563879
v -0.0473888293 -0.0241458099 -0.128959939
v -0.0461410694 -0.0235100519 -0.129892766
v -0.0482225493 -0.0245706178 -0.127563879
v -0.0430281535 -0.0312617794 -0.128959939
v -0.0418952182 -0.030438656 -0.129892766
v -0.0437851474 -0.0318117775 -0.127563879
v -0.037607979 -0.0376079865 -0.128959939
v -0.0366177596 -0.0366177633 -0.129892766
v -0.0382696278 -0.0382696278 -0.127563879
v -0.0312617756 -0.0430281535 -0.128959939
v -0.0304386523 -0.0418952182 -0.129892766
v -0.0318117738 -0.0437851511 -0.127563879
v -0.0241458081 -0.0473888405 -0.128959939
v -0.02351005 -0.0461410806 -0.129892766
v -0.0245706104 -0.0482225604 -0.127563879
v -0.0164352879 -0.0505826287 -0.128959939
v -0.0160025433 -0.0492507741 -0.129892766
v -0.0167244375 -0.0514725484 -0.127563879
v -0.00832007546 -0.0525309257 -0.128959939
v -0.0081010079 -0.0511477739 -0.129892766
v -0.00846645422 -0.0534551032 -0.127563879
v 3.85459664e-09 -0.0531857274 -0.128959939
v 3.85175269e-09 -0.0517853349 -0.129892766
v 3.85716525e-09 -0.0544500239 -0.125917092
v 3.85649779e-09 -0.0541214459 -0.127563879
v 0.00832008291 -0.0525309257 -0.128959939
v 0.00810101535 -0.0511477739 -0.129892766
v 0.00846646167 -0.0534551032 -0.127563879
v 0.0164352935 -0.0505826287 -0.128959939
v 0.0160025489 -0.0492507741 -0.129892766
v 0.0167244449 -0.0514725484 -0.127563879
v 0.0241458118 -0.0473888405 -0.128959939
v 0.0235100556 -0.0461410806 -0.129892766
v 0.0245706197 -0.0482225604 -0.127563879
v 0.0312617831 -0.0430281647 -0.128959939
v 0.0304386579 -0.0418952256 -0.129892766
v 0.0318117812 -0.0437851623 -0.127563879
v 0.0376079902 -0.0376079902 -0.128959939
v 0.0366177633 -0.0366177671 -0.129892766
v 0.0382696316 -0.0382696316 -0.127563879
v 0.0430281572 -0.0312617831 -0.128959939
v 0.0418952219 -0.0304386616 -0.129892766
v 0.0437851511 -0.0318117812 -0.127563879
v 0.0473888293 -0.0241458155 -0.128959939
v 0.0461410694 -0.0235100575 -0.129892766
v 0.0482225493 -0.0245706178 -0.127563879
v 0.0505826175 -0.0164352953 -0.128959939
v 0.0492507704 -0.0160025507 -0.129892766
v 0.0514725447 -0.0167244449 -0.127563879
v 0.0525309108 -0.00832008477 -0.128959939
v 0.0511477664 -0.00810101628 -0.129892766
v 0.0534550957 -0.00846646354 -0.127563879
v 0.05318572 -4.41160841e-09 -0.128959939
v 0.05178532 -1.37559419e-09 -0.129892766
v 0.054450009 -7.15255721e-09 -0.125917092
v 0.054121431 -6.44020792e-09 -0.127563879
v 0.0476797745 0.015492077 -0.130220339
v 0.0495162681 0.00784259196 -0.130220339
v 0.0446692742 0.02276011 -0.130220339
v 0.040558856 0.0294676982 -0.130220339
v 0.0354497395 0.035449706 -0.130220339
v 0.0294677373 0.0405588225 -0.130220339
v 0.0227601472 0.0446692444 -0.130220339
v 0.015492117 0.0476797484 -0.130220339
v 0.00784262549 0.0495162494 -0.130220339
v 2.1716037e-08 0.0501334742 -0.130220339
v -0.00784258079 0.0495162494 -0.130220339
v -0.0154920714 0.0476797558 -0.130220339
v -0.0227601007 0.0446692556 -0.130220339
v -0.0294676945 0.0405588336 -0.130220339
v -0.0354496948 0.0354497135 -0.130220339
v -0.0405588187 0.0294677131 -0.130220339
v -0.044669237 0.022760123 -0.130220339
v -0.0476797409 0.0154920947 -0.130220339
v -0.0495162234 0.00784260593 -0.130220339
v -0.0501334555 1.78126291e-09 -0.130220339
v -0.0495162234 -0.00784260035 -0.130220339
v -0.0476797409 -0.0154920882 -0.130220339
v -0.0446692407 -0.0227601174 -0.130220339
v -0.0405588225 -0.0294677056 -0.130220339
v -0.035449706 -0.035449706 -0.130220339
v -0.0294677019 -0.0405588225 -0.130220339
v -0.0227601137 -0.0446692444 -0.130220339
v -0.0154920863 -0.0476797484 -0.130220339
v -0.00784259755 -0.0495162271 -0.130220339
v 3.84839449e-09 -0.0501334742 -0.130220339
v 0.00784260407 -0.0495162271 -0.130220339
v 0.0154920919 -0.0476797484 -0.130220339
v 0.0227601193 -0.0446692444 -0.130220339
v 0.0294677075 -0.0405588336 -0.130220339
v 0.035449706 -0.0354497097 -0.130220339
v 0.0405588299 -0.0294677112 -0.130220339
v 0.0446692407 -0.0227601212 -0.130220339
v 0.0476797409 -0.0154920947 -0.130220339
v 0.0495162196 -0.00784260593 -0.130220339
v 0.0501334593 2.20562923e-09 -0.130220339
v 0.0366177633 -0.0366177671 -0.129892766
v 0.0304386579 -0.0418952256 -0.129892766
v 0.0235100556 -0.0461410806 -0.129892766
v 0.0160025489 -0.0492507741 -0.129892766
v 0.00810101535 -0.0511477739 -0.129892766
v 3.85175269e-09 -0.0517853349 -0.129892766
v -0.0081010079 -0.0511477739 -0.129892766
v -0.0160025433 -0.0492507741 -0.129892766
v -0.02351005 -0.0461410806 -0.129892766
v -0.0304386523 -0.0418952182 -0.129892766
v -0.0366177596 -0.0366177633 -0.129892766
v -0.0418952182 -0.030438656 -0.129892766
v -0.0461410694 -0.0235100519 -0.129892766
v -0.0492507704 -0.016002547 -0.129892766
v -0.0511477701 -0.00810100976 -0.129892766
v -0.05178532 1.77790749e-09 -0.129892766
v -0.0511477701 0.00810101535 -0.129892766
v -0.0492507704 0.0160025544 -0.129892766
v -0.0461410657 0.0235100593 -0.129892766
v -0.0418952107 0.0304386616 -0.129892766
v -0.0366177522 0.0366177708 -0.129892766
v -0.0304386448 0.0418952256 -0.129892766
v -0.0235100351 0.0461410806 -0.129892766
v -0.0160025302 0.0492507815 -0.129892766
v -0.00810099021 0.051147785 -0.129892766
v 2.17126797e-08 0.0517853349 -0.129892766
v 0.00810103491 0.051147785 -0.129892766
v 0.0160025768 0.0492507741 -0.129892766
v 0.0235100836 0.0461410806 -0.129892766
v 0.0304386821 0.0418952182 -0.129892766
v 0.0366177931 0.0366177596 -0.129892766
v 0.0418952517 0.0304386485 -0.129892766
v 0.0461411029 0.0235100426 -0.129892766
v 0.0492508002 0.016002534 -0.129892766
v 0.0511478037 0.00810100045 -0.129892766
v 0.05178532 -1.37559419e-09 -0.129892766
v 0.0511477664 -0.00810101628 -0.129892766
v 0.0492507704 -0.0160025507 -0.129892766
v 0.0461410694 -0.0235100575 -0.129892766
v 0.0418952219 -0.0304386616 -0.129892766
v -0.0233878698 -0.0489392653 -0.0500508286
v -0.0221202299 -0.0485297665 -0.0510203429
v -0.023195304 -0.0480815396 -0.0513315387
v -0.0244827736 -0.0484644212 -0.0503543988
v -0.0239823293 -0.0477534384 -0.0521817356
v -0.0252843685 -0.0481167883 -0.0511844158
v -0.0265232604 -0.0474578924 -0.0500501618
v -0.0255465433 -0.0480086878 -0.0494004339
v -0.0469686985 -0.0272436421 -0.0500501618
v -0.0479895137 -0.0255778003 -0.109122284
v -0.0479887724 -0.025579026 -0.0523175411
v -0.0476346165 -0.0242710505 -0.0533443168
v -0.0477547459 -0.0239828248 -0.0521823317
v -0.048116073 -0.025285501 -0.0511839837
v -0.0484638773 -0.0244835392 -0.0503542833
v -0.0480829179 -0.0231953505 -0.0513316914
v -0.048531197 -0.0221196283 -0.0510203429
v -0.0476333611 -0.024270406 -0.108097561
v -0.0449515805 -0.0229039751 -0.108096369
v -0.0449527875 -0.0229045935 -0.0533445813
v -0.043640893 -0.0231054723 -0.0525706671
v -0.0436709151 -0.0232667271 -0.108980313
v -0.0450717881 -0.0226157811 -0.109258346
v -0.0437908173 -0.0229907427 -0.110176466
v -0.0454002209 -0.0218284465 -0.110108986
v -0.0441170968 -0.0222299565 -0.111053377
v -0.0445622616 -0.0211883709 -0.111375913
v -0.0458489172 -0.0207529403 -0.110420339
v -0.048529759 -0.0221202318 -0.110420339
v -0.0480815321 -0.0231953058 -0.110109136
v -0.04846441 -0.0244827811 -0.111086279
v -0.0477534272 -0.0239823312 -0.109258942
v -0.0481167771 -0.0252843704 -0.11025627
v -0.0477531888 -0.0260411184 -0.111390531
v -0.0480129644 -0.0255395398 -0.112037487
v -0.0489392504 0.0233878773 -0.0500508286
v -0.0485297516 0.0221202374 -0.0510203429
v -0.0480815247 0.0231953114 -0.0513315387
v -0.04846441 0.0244827811 -0.0503543988
v -0.0477534235 0.0239823367 -0.0521817356
v -0.0481167771 0.0252843723 -0.0511844158
v -0.0477523617 0.0260427389 -0.0500501618
v -0.0480086729 0.0255465508 -0.0494004339
v 0.0233879033 0.0489392541 -0.0500508286
v 0.0244828053 0.0484644212 -0.0503543988
v 0.0252843965 0.0481167883 -0.0511844158
v 0.0265232921 0.0474578924 -0.0500501618
v 0.0255465731 0.0480086803 -0.0494004339
v 0.0469687246 0.0272436328 -0.0500501618
v 0.0479895547 0.025577791 -0.109122276
v 0.0479888059 0.0255790148 -0.0523175411
v 0.04763465 0.0242710412 -0.0533443168
v 0.0477547795 0.0239828154 -0.0521823317
v 0.0481161065 0.0252854917 -0.0511839837
v 0.0484639108 0.0244835299 -0.0503542833
v 0.0480829515 0.0231953394 -0.0513316914
v 0.0485312305 0.022119619 -0.0510203429
v 0.0476333946 0.0242703948 -0.108097561
v 0.0449516177 0.0229039639 -0.108098015
v 0.0449528247 0.0229045823 -0.0533420406
v 0.0438618511 0.0234473348 -0.0524189994
v 0.0438615009 0.0235235859 -0.109071612
v 0.0450717397 0.0226159804 -0.109259181
v 0.0439749025 0.0232348833 -0.110235631
v 0.0442846492 0.0224432778 -0.111087434
v 0.0453999527 0.0218292065 -0.110109203
v 0.0447074547 0.0213616248 -0.111397997
v 0.0458483174 0.0207544565 -0.110420339
v 0.0485297926 0.0221202224 -0.110420339
v 0.0480815656 0.0231952965 -0.110109136
v 0.048464451 0.0244827718 -0.111086279
v 0.0477534607 0.0239823218 -0.109258942
v 0.0481168181 0.0252843611 -0.11025627
v 0.0477532297 0.0260411091 -0.111390531
v 0.0480129942 0.0255395286 -0.112037487
v -0.0458499379 -0.020753162 -0.0510203429
v -0.0445465595 -0.0210402794 -0.0501689054
v -0.0454013869 -0.0218288824 -0.0513317287
v -0.0450729914 -0.0226163659 -0.0521824583
v -0.0440917946 -0.022073755 -0.0505043268
v -0.0437611565 -0.0228276793 -0.0513812974
v 0.0207494758 -0.0458514765 -0.0510203429
v 0.0211300105 -0.0446018204 -0.0500786491
v 0.0218270458 -0.0454021618 -0.0513322577
v 0.022615876 -0.0450732224 -0.0521844551
v 0.0221503247 -0.0441700444 -0.0504122525
v 0.0228982419 -0.0438559055 -0.0513155162
v 0.0458489917 0.0207555033 -0.0510203429
v 0.0446950756 0.0213328246 -0.0500369333
v 0.0454009324 0.0218300465 -0.0513313934
v 0.045072902 0.0226166695 -0.0521811955
v 0.0442785397 0.0223887004 -0.0503541119
v 0.0439735129 0.0231627896 -0.0512261428
v 0.0208924953 0.0446678326 -0.050012216
v 0.0218817554 0.0442421623 -0.0503873378
v 0.0226050485 0.0439303666 -0.0514053181
v -0.0230131261 0.0437914729 -0.110185713
v -0.0222508106 0.0441198424 -0.11106021
v 0.0439770445 -0.0231273137 -0.11011035
v 0.0255478229 -0.048007898 -0.0494004413
v 0.0265245624 -0.0474571027 -0.0500501618
v -0.0480078869 -0.0255478211 -0.0494004413
v -0.0477515496 -0.0260440446 -0.0500501618
v -0.0255478043 0.048007898 -0.0494004413
v -0.0265245438 0.0474571027 -0.0500501618
v 0.0480079204 0.0255478118 -0.0494004413
v 0.047457125 0.0265245512 -0.0500501618
v 0.0480121896 -0.0255408119 -0.112037465
v 0.0477523804 -0.0260424372 -0.111390591
vt 0.545003653 0.290430486
vt 0.545003533 0.664059281
vt 0.562050104 0.290430486
vt 0.562050104 0.664059281
vt 0.579096556 0.290430486
vt 0.579096437 0.664059401
vt 0.596142888 0.290430486
vt 0.596142769 0.664059281
vt 0.613189459 0.290430486
vt 0.613189459 0.664059281
vt 0.630235851 0.290430486
vt 0.630235851 0.664059401
vt 0.647282422 0.290430486
vt 0.647282422 0.664059401
vt 0.664328814 0.290430486
vt 0.664328814 0.664059281
vt 0.681375325 0.290430486
vt 0.681375325 0.664059401
vt 0.698421776 0.290430486
vt 0.698421776 0.664059401
vt 0.596142769 0.672725916
vt 0.579096437 0.672726035
vt 0.562050104 0.672726035
vt 0.545003533 0.672725797
vt 0.527956963 0.664059401
vt 0.52795732 0.290430486
vt 0.510910511 0.664059401
vt 0.51091069 0.290430486
vt 0.493864238 0.664059401
vt 0.493864238 0.290430486
vt 0.476817727 0.664059401
vt 0.476817727 0.290430486
vt 0.459771216 0.664059401
vt 0.459771216 0.290430486
vt 0.442724764 0.664059401
vt 0.442724884 0.290430486
vt 0.425678253 0.664059281
vt 0.425678372 0.290430486
vt 0.408631921 0.664059401
vt 0.408631921 0.290430486
vt 0.39158535 0.664059401
vt 0.39158535 0.290430486
vt 0.374538898 0.664059401
vt 0.374538898 0.290430486
vt 0.357492507 0.664059401
vt 0.357492507 0.290430486
vt 0.340445995 0.664059281
vt 0.340445995 0.290430486
vt 0.323399544 0.664059281
vt 0.323399544 0.290430486
vt 0.306352973 0.664059281
vt 0.306352973 0.290430486
vt 0.289306581 0.664059401
vt 0.289306521 0.290430486
vt 0.272260159 0.664059401
vt 0.27226004 0.290430486
vt 0.255213797 0.664059401
vt 0.255213737 0.290430486
vt 0.238167256 0.664059401
vt 0.238167137 0.290430486
vt 0.2211207 0.664059401
vt 0.2211207 0.290430486
vt 0.204074278 0.664059281
vt 0.204074219 0.290430486
vt 0.187027827 0.664059401
vt 0.187027708 0.290430486
vt 0.169981331 0.664059401
vt 0.169981211 0.290430486
vt 0.152934879 0.664059281
vt 0.152934819 0.290430486
vt 0.135888398 0.664059281
vt 0.135888338 0.290430486
vt 0.118841872 0.664059281
vt 0.118841931 0.290430486
vt 0.10179542 0.664059281
vt 0.101795301 0.290430486
vt 0.0847488493 0.664059401
vt 0.0847488493 0.290430486
vt 0.0677024573 0.664059281
vt 0.0677024573 0.290430486
vt 0.0506558865 0.664059281
vt 0.0506558865 0.290430486
vt 0.0336096063 0.664059281
vt 0.0336095467 0.290430486
vt 0.0165630095 0.664059401
vt 0.0165630393 0.290430486
vt 0.0336096063 0.672726035
vt 0.0165630095 0.672726035
vt 0.0336095467 0.681332409
vt 0.0165630095 0.681332409
vt 0.0336095467 0.689819276
vt 0.0165630095 0.689819276
vt 0.0336095467 0.698128104
vt 0.0165630095 0.698128104
vt 0.0336095467 0.706200957
vt 0.0165630095 0.706201077
vt 0.0336095467 0.713982105
vt 0.0165630393 0.713982224
vt 0.0336095467 0.72141695
vt 0.0165630393 0.721417069
vt 0.0336095467 0.728453279
vt 0.0165630393 0.728453398
vt 0.0336094871 0.735041797
vt 0.0165630691 0.735041797
vt 0.0506560057 0.735041797
vt 0.0506560057 0.728453159
vt 0.0506558865 0.721416831
vt 0.0506558865 0.713982105
vt 0.0506558865 0.706200957
vt 0.0506558865 0.698127985
vt 0.0506558865 0.689819276
vt 0.0506558865 0.681332409
vt 0.0506558865 0.672725916
vt 0.0677024573 0.735041797
vt 0.0677024573 0.728453279
vt 0.0677024573 0.72141695
vt 0.0677024573 0.713982105
vt 0.0677024573 0.706200957
vt 0.0677024573 0.698128104
vt 0.0677024573 0.689819276
vt 0.0677024573 0.681332409
vt 0.0677024573 0.672726035
vt 0.0847488493 0.735041797
vt 0.0847488493 0.728453279
vt 0.0847488493 0.721417069
vt 0.0847488493 0.713982224
vt 0.0847488493 0.706200957
vt 0.0847488493 0.698128104
vt 0.0847488493 0.689819276
vt 0.0847488493 0.681332409
vt 0.0847488493 0.672726035
vt 0.101795062 0.735041797
vt 0.101795182 0.728453279
vt 0.101795241 0.72141695
vt 0.101795301 0.713982105
vt 0.101795301 0.706200957
vt 0.101795301 0.698127985
vt 0.101795301 0.689819276
vt 0.101795301 0.681332409
vt 0.101795301 0.672725916
vt 0.118841752 0.735041678
vt 0.118841872 0.728453159
vt 0.118841812 0.721416831
vt 0.118841812 0.713982105
vt 0.118841931 0.706200957
vt 0.118841872 0.698127985
vt 0.118841872 0.689819276
vt 0.118841872 0.681332409
vt 0.118841872 0.672725916
vt 0.135888219 0.735041797
vt 0.135888219 0.728453279
vt 0.135888338 0.72141695
vt 0.135888338 0.713982105
vt 0.135888338 0.706200957
vt 0.135888338 0.698128104
vt 0.135888398 0.689819276
vt 0.135888398 0.681332409
vt 0.135888398 0.672726035
vt 0.152934819 0.735041797
vt 0.15293476 0.728453279
vt 0.152934819 0.72141695
vt 0.152934879 0.713982105
vt 0.152934879 0.706200957
vt 0.152934879 0.698128104
vt 0.152934879 0.689819276
vt 0.152934879 0.681332409
vt 0.152934879 0.672726035
vt 0.16998145 0.735041797
vt 0.169981331 0.728453279
vt 0.169981331 0.72141695
vt 0.169981331 0.713982105
vt 0.169981331 0.706200957
vt 0.169981331 0.698128104
vt 0.169981331 0.689819276
vt 0.169981331 0.681332409
vt 0.169981331 0.672726035
vt 0.187027827 0.735041797
vt 0.187027827 0.728453398
vt 0.187027827 0.721417069
vt 0.187027827 0.713982224
vt 0.187027827 0.706201077
vt 0.187027827 0.698128104
vt 0.187027827 0.689819276
vt 0.187027827 0.681332409
vt 0.187027827 0.672726035
vt 0.204074278 0.735041797
vt 0.204074278 0.728453279
vt 0.204074278 0.72141695
vt 0.204074278 0.713982105
vt 0.204074278 0.706200957
vt 0.204074278 0.698128104
vt 0.204074278 0.689819276
vt 0.204074278 0.681332409
vt 0.204074278 0.672726035
vt 0.22112076 0.735041797
vt 0.22112076 0.728453279
vt 0.2211207 0.72141695
vt 0.2211207 0.713982105
vt 0.2211207 0.706200957
vt 0.2211207 0.698128104
vt 0.2211207 0.689819276
vt 0.2211207 0.681332409
vt 0.2211207 0.672726035
vt 0.238166898 0.735041797
vt 0.238167018 0.728453398
vt 0.238167018 0.721417069
vt 0.238167137 0.713982224
vt 0.238167137 0.706201077
vt 0.238167197 0.698128104
vt 0.238167197 0.689819276
vt 0.238167197 0.681332409
vt 0.238167197 0.672726035
vt 0.255213559 0.735041916
vt 0.255213618 0.728453517
vt 0.255213737 0.721417069
vt 0.255213737 0.713982224
vt 0.255213737 0.706201077
vt 0.255213737 0.698128104
vt 0.255213737 0.689819276
vt 0.255213797 0.681332409
vt 0.255213797 0.672726035
vt 0.272260159 0.735041916
vt 0.272260159 0.728453517
vt 0.272260159 0.721417069
vt 0.272260159 0.713982224
vt 0.272260159 0.706201077
vt 0.272260159 0.698128104
vt 0.272260159 0.689819276
vt 0.272260159 0.681332409
vt 0.272260159 0.672726035
vt 0.289306521 0.735041797
vt 0.289306462 0.728453279
vt 0.289306521 0.72141695
vt 0.289306581 0.713982105
vt 0.289306641 0.706200957
vt 0.289306641 0.698128104
vt 0.289306641 0.689819276
vt 0.289306581 0.681332409
vt 0.289306641 0.672726035
vt 0.306353033 0.735041797
vt 0.306352973 0.728453159
vt 0.306353033 0.721416831
vt 0.306353033 0.713982105
vt 0.306352973 0.706200957
vt 0.306352973 0.698127985
vt 0.306352973 0.689819276
vt 0.306352973 0.681332409
vt 0.306352973 0.672725916
vt 0.323399663 0.735041797
vt 0.323399603 0.728453279
vt 0.323399603 0.72141695
vt 0.323399603 0.713982105
vt 0.323399603 0.706200957
vt 0.323399544 0.698127985
vt 0.323399544 0.689819276
vt 0.323399544 0.681332409
vt 0.323399544 0.672725916
vt 0.340446174 0.735041797
vt 0.340446174 0.728453279
vt 0.340446055 0.72141695
vt 0.340446055 0.713982105
vt 0.340446055 0.706200957
vt 0.340446055 0.698128104
vt 0.340446055 0.689819276
vt 0.340446055 0.681332409
vt 0.340446055 0.672726035
vt 0.357492507 0.735041797
vt 0.357492507 0.728453398
vt 0.357492507 0.721417069
vt 0.357492507 0.713982224
vt 0.357492507 0.706201077
vt 0.357492507 0.698128104
vt 0.357492507 0.689819276
vt 0.357492507 0.681332409
vt 0.357492507 0.672726035
vt 0.374538898 0.735041797
vt 0.374538898 0.728453398
vt 0.374538898 0.721417069
vt 0.374538898 0.713982224
vt 0.374538898 0.706201077
vt 0.374538898 0.698128104
vt 0.374538898 0.689819276
vt 0.374538898 0.681332409
vt 0.374538898 0.672726035
vt 0.391585231 0.735041797
vt 0.391585231 0.728453398
vt 0.391585231 0.721417069
vt 0.391585231 0.713982224
vt 0.391585231 0.706201077
vt 0.391585231 0.698128104
vt 0.39158535 0.689819276
vt 0.39158535 0.681332409
vt 0.39158535 0.672726035
vt 0.408631682 0.735041797
vt 0.408631682 0.728453279
vt 0.408631682 0.72141695
vt 0.408631802 0.713982105
vt 0.408631802 0.706200957
vt 0.408631921 0.698128104
vt 0.408631921 0.689819276
vt 0.408631921 0.681332409
vt 0.408631921 0.672726035
vt 0.425678432 0.735041797
vt 0.425678372 0.728453279
vt 0.425678372 0.72141695
vt 0.425678372 0.713982105
vt 0.425678372 0.706200957
vt 0.425678372 0.698127985
vt 0.425678253 0.689819276
vt 0.425678253 0.681332409
vt 0.425678253 0.672725916
vt 0.442724884 0.735041797
vt 0.442724884 0.728453279
vt 0.442724884 0.721417069
vt 0.442724884 0.713982224
vt 0.442724884 0.706200957
vt 0.442724884 0.698128104
vt 0.442724884 0.689819276
vt 0.442724764 0.681332409
vt 0.442724764 0.672726035
vt 0.459771097 0.735041797
vt 0.459771216 0.728453279
vt 0.459771216 0.721417069
vt 0.459771216 0.713982224
vt 0.459771216 0.706200957
vt 0.459771216 0.698128104
vt 0.459771216 0.689819276
vt 0.459771216 0.681332409
vt 0.459771216 0.672726035
vt 0.476817846 0.735041797
vt 0.476817727 0.728453279
vt 0.476817727 0.72141695
vt 0.476817727 0.713982105
vt 0.476817727 0.706200957
vt 0.476817727 0.698128104
vt 0.476817727 0.689819276
vt 0.476817727 0.681332409
vt 0.476817727 0.672726035
vt 0.493864179 0.735041797
vt 0.493864179 0.728453279
vt 0.493864238 0.72141695
vt 0.493864238 0.713982105
vt 0.493864238 0.706200957
vt 0.493864238 0.698128104
vt 0.493864238 0.689819276
vt 0.493864238 0.681332409
vt 0.493864238 0.672726035
vt 0.510910511 0.735041797
vt 0.510910511 0.728453398
vt 0.510910511 0.721417069
vt 0.510910511 0.713982224
vt 0.510910511 0.706201077
vt 0.510910511 0.698128104
vt 0.510910511 0.689819276
vt 0.510910511 0.681332409
vt 0.510910511 0.672726035
vt 0.527956724 0.735042274
vt 0.527956724 0.728453517
vt 0.545004129 0.735041559
vt 0.54500401 0.728452921
vt 0.527956963 0.721417189
vt 0.545003891 0.721416712
vt 0.527956963 0.713982344
vt 0.545003772 0.713981986
vt 0.527956963 0.706201196
vt 0.545003653 0.706200838
vt 0.527956963 0.698128104
vt 0.545003653 0.698127866
vt 0.527956963 0.689819396
vt 0.545003533 0.689819276
vt 0.527956963 0.681332529
vt 0.545003533 0.681332171
vt 0.527956963 0.672726035
vt 0.562050104 0.728453279
vt 0.562050104 0.72141695
vt 0.562050104 0.713982105
vt 0.562050104 0.706200957
vt 0.562050104 0.698128104
vt 0.562050104 0.689819276
vt 0.562050104 0.681332409
vt 0.579096556 0.728453279
vt 0.579096675 0.735041797
vt 0.562050104 0.735041797
vt 0.579096556 0.72141695
vt 0.579096556 0.713982105
vt 0.579096556 0.706200957
vt 0.579096556 0.698128104
vt 0.579096437 0.689819276
vt 0.579096437 0.681332409
vt 0.596142888 0.735041797
vt 0.596142888 0.728453279
vt 0.596142888 0.72141695
vt 0.596142888 0.713982105
vt 0.596142888 0.706200957
vt 0.596142888 0.698127985
vt 0.596142769 0.689819276
vt 0.596142769 0.681332409
vt 0.613189578 0.735041797
vt 0.613189578 0.728453159
vt 0.613189459 0.721416831
vt 0.613189459 0.713982105
vt 0.613189459 0.706200957
vt 0.613189459 0.698127985
vt 0.613189459 0.689819276
vt 0.613189459 0.681332409
vt 0.613189459 0.672725916
vt 0.630235732 0.735041797
vt 0.630235732 0.728453279
vt 0.630235732 0.72141695
vt 0.630235732 0.713982105
vt 0.630235732 0.706200957
vt 0.630235851 0.698128104
vt 0.630235851 0.689819276
vt 0.630235851 0.681332409
vt 0.630235851 0.672726035
vt 0.647282422 0.735041797
vt 0.647282422 0.728453279
vt 0.647282422 0.721417069
vt 0.647282422 0.713982224
vt 0.647282422 0.706200957
vt 0.647282422 0.698128104
vt 0.647282422 0.689819276
vt 0.647282422 0.681332409
vt 0.647282422 0.672726035
vt 0.664328814 0.735041797
vt 0.664328814 0.728453159
vt 0.664328814 0.721416831
vt 0.664328814 0.713982105
vt 0.664328814 0.706200957
vt 0.664328814 0.698127985
vt 0.664328814 0.689819276
vt 0.664328814 0.681332409
vt 0.664328814 0.672725916
vt 0.681375325 0.735041797
vt 0.681375325 0.728453279
vt 0.681375325 0.72141695
vt 0.681375325 0.713982105
vt 0.681375325 0.706200957
vt 0.681375325 0.698128104
vt 0.681375325 0.689819276
vt 0.681375325 0.681332409
vt 0.681375325 0.672726035
vt 0.698421657 0.735041797
vt 0.698421657 0.728453398
vt 0.698421657 0.721417069
vt 0.698421657 0.713982224
vt 0.698421776 0.706201077
vt 0.698421776 0.698128104
vt 0.698421776 0.689819276
vt 0.698421776 0.681332409
vt 0.698421776 0.672726035
vt 0.681375325 0.759047031
vt 0.664328575 0.759047031
vt 0.647282541 0.759047031
vt 0.630235493 0.759047031
vt 0.613189578 0.759047031
vt 0.596143246 0.759047031
vt 0.579097152 0.759047031
vt 0.562050104 0.759047031
vt 0.545004845 0.759047151
vt 0.527956486 0.759046912
vt 0.510910511 0.759047031
vt 0.493864179 0.759047031
vt 0.476817966 0.759047031
vt 0.459770918 0.759047031
vt 0.442725182 0.759047031
vt 0.425678551 0.759047031
vt 0.408631563 0.759047031
vt 0.391585052 0.759047031
vt 0.374538898 0.759047031
vt 0.357492507 0.759047031
vt 0.340446234 0.759047031
vt 0.323399782 0.759047031
vt 0.306352913 0.759047031
vt 0.289306402 0.759047031
vt 0.2722601 0.759048343
vt 0.25521338 0.759048343
vt 0.23816666 0.759047031
vt 0.221120879 0.759047031
vt 0.204074278 0.759047031
vt 0.187027588 0.759047031
vt 0.169981569 0.759047031
vt 0.152934581 0.759047031
vt 0.13588804 0.759047031
vt 0.118841343 0.759047031
vt 0.101794653 0.759047031
vt 0.0847489685 0.759047031
vt 0.0677026361 0.759047031
vt 0.0506561249 0.759047031
vt 0.0336096659 0.759047031
vt 0.0165628605 0.759047031
vt 0.0336096659 0.763259292
vt 0.0165628605 0.763259292
vt 0.0336096659 0.768092453
vt 0.0165628605 0.768092334
vt 0.0336096659 0.773244858
vt 0.0165628605 0.773244858
vt 0.0165628605 0.839337587
vt 0.0336096659 0.839337587
vt 0.0506561249 0.773244858
vt 0.0506561249 0.839337587
vt 0.0677025765 0.773244858
vt 0.0677025765 0.839337587
vt 0.0847487897 0.773244858
vt 0.0847487897 0.839337587
vt 0.101794533 0.773244858
vt 0.101794533 0.839337587
vt 0.118841343 0.773244858
vt 0.118841343 0.839337587
vt 0.135887921 0.773244858
vt 0.135887921 0.839337587
vt 0.152934462 0.773244858
vt 0.152934462 0.839337587
vt 0.16998145 0.773244858
vt 0.16998145 0.839337587
vt 0.187027588 0.773244858
vt 0.187027588 0.839337587
vt 0.204074278 0.773244858
vt 0.204074278 0.839337587
vt 0.221120879 0.773244858
vt 0.221120879 0.839337587
vt 0.238166541 0.773244858
vt 0.238166541 0.839337587
vt 0.255213261 0.773246169
vt 0.255213261 0.839339018
vt 0.2722601 0.773246169
vt 0.2722601 0.839339018
vt 0.289306343 0.773244858
vt 0.289306343 0.839337587
vt 0.306352854 0.773244858
vt 0.306352854 0.839337587
vt 0.323399782 0.773244858
vt 0.323399782 0.839337587
vt 0.340446293 0.773244858
vt 0.340446293 0.839337587
vt 0.357492507 0.773244858
vt 0.357492507 0.839337587
vt 0.374538898 0.773244858
vt 0.374538898 0.839337587
vt 0.391584992 0.773244858
vt 0.391584992 0.839337587
vt 0.408631444 0.773244858
vt 0.408631444 0.839337587
vt 0.42567867 0.773244858
vt 0.42567867 0.839337587
vt 0.442725241 0.773244858
vt 0.442725241 0.839337587
vt 0.459770918 0.773244858
vt 0.459770918 0.839337587
vt 0.476818144 0.773244858
vt 0.476818144 0.839337587
vt 0.493864059 0.773244858
vt 0.493864059 0.839337587
vt 0.510910511 0.773244858
vt 0.510910511 0.839337587
vt 0.527956247 0.773244858
vt 0.527956247 0.839337587
vt 0.545005202 0.773244858
vt 0.545005202 0.839337587
vt 0.562049985 0.773244858
vt 0.562049985 0.839337587
vt 0.579097152 0.773244858
vt 0.579097152 0.839337587
vt 0.596143246 0.773244858
vt 0.596143246 0.839337587
vt 0.613189697 0.773244858
vt 0.613189697 0.839337587
vt 0.630235493 0.773244858
vt 0.630235493 0.839337587
vt 0.64728266 0.773244858
vt 0.64728266 0.839337587
vt 0.664328575 0.773244858
vt 0.664328575 0.839337587
vt 0.681375325 0.773244858
vt 0.681375325 0.839337587
vt 0.698421597 0.773244858
vt 0.698421597 0.839337587
vt 0.579097152 0.768092453
vt 0.596143246 0.768092453
vt 0.579097152 0.763259292
vt 0.562050104 0.763259292
vt 0.545004964 0.763259292
vt 0.562049985 0.768092453
vt 0.545005202 0.768092453
vt 0.596143246 0.763259292
vt 0.613189578 0.763259292
vt 0.613189697 0.768092453
vt 0.630235493 0.763259292
vt 0.630235493 0.768092453
vt 0.64728266 0.763259292
vt 0.64728266 0.768092453
vt 0.664328575 0.763259292
vt 0.664328575 0.768092453
vt 0.681375325 0.763259292
vt 0.681375325 0.768092453
vt 0.698421597 0.763259292
vt 0.698421597 0.759047031
vt 0.698421597 0.768092334
vt 0.0506561249 0.763259292
vt 0.0506561249 0.768092453
vt 0.0677025765 0.763259292
vt 0.0677025765 0.768092453
vt 0.0847487897 0.763259292
vt 0.0847487897 0.768092334
vt 0.101794533 0.763259292
vt 0.101794533 0.768092453
vt 0.118841343 0.763259292
vt 0.118841343 0.768092453
vt 0.13588798 0.763259292
vt 0.135887921 0.768092453
vt 0.152934581 0.763259292
vt 0.152934462 0.768092453
vt 0.16998145 0.763259292
vt 0.16998145 0.768092453
vt 0.187027588 0.763259292
vt 0.187027588 0.768092334
vt 0.204074278 0.763259292
vt 0.204074278 0.768092453
vt 0.221120879 0.763259292
vt 0.221120879 0.768092453
vt 0.2381666 0.763259292
vt 0.23816666 0.768092334
vt 0.255213261 0.763260603
vt 0.255213261 0.768093765
vt 0.2722601 0.763260603
vt 0.2722601 0.768093765
vt 0.289306283 0.763259292
vt 0.289306343 0.768092453
vt 0.306352913 0.763259292
vt 0.306352854 0.768092453
vt 0.323399782 0.763259292
vt 0.323399782 0.768092453
vt 0.340446293 0.763259292
vt 0.340446293 0.768092453
vt 0.357492507 0.763259292
vt 0.357492507 0.768092334
vt 0.374538898 0.763259292
vt 0.374538898 0.768092334
vt 0.391584992 0.763259292
vt 0.391584992 0.768092453
vt 0.408631444 0.763259292
vt 0.408631444 0.768092453
vt 0.42567867 0.763259292
vt 0.42567867 0.768092453
vt 0.442725182 0.763259292
vt 0.442725241 0.768092334
vt 0.459770918 0.763259292
vt 0.459770918 0.768092453
vt 0.476818085 0.763259292
vt 0.476818144 0.768092453
vt 0.493864059 0.763259292
vt 0.493864059 0.768092453
vt 0.510910511 0.763259292
vt 0.510910511 0.768092453
vt 0.527956367 0.763259292
vt 0.527956247 0.768092334
vt 0.889634967 0.447003484
vt 0.8473382 0.440304279
vt 0.888066292 0.453537583
vt 0.885494709 0.459745884
vt 0.881983638 0.465475619
vt 0.877619386 0.470585346
vt 0.87250948 0.474949658
vt 0.866779923 0.478460848
vt 0.860571504 0.481032312
vt 0.854037404 0.482601106
vt 0.847338319 0.48312825
vt 0.840639114 0.482601106
vt 0.834104955 0.481032312
vt 0.827896535 0.478460848
vt 0.822166979 0.474949658
vt 0.817057073 0.470585346
vt 0.81269294 0.465475619
vt 0.809181869 0.459745884
vt 0.900649428 0.457625985
vt 0.897283196 0.465752423
vt 0.910338759 0.460774362
vt 0.912765622 0.450666845
vt 0.902702808 0.449073195
vt 0.913580894 0.440304279
vt 0.903392673 0.440304279
vt 0.89016223 0.440304339
vt 0.806610286 0.453537583
vt 0.805041492 0.447003484
vt 0.804514229 0.440304279
vt 0.805041492 0.433605134
vt 0.806610286 0.427070975
vt 0.809181869 0.420862556
vt 0.81269294 0.415132999
vt 0.817057073 0.410023093
vt 0.822166979 0.40565896
vt 0.827896535 0.40214777
vt 0.834104955 0.399576187
vt 0.840638995 0.398007512
vt 0.8473382 0.397480249
vt 0.854037404 0.398007512
vt 0.860571504 0.399576187
vt 0.866779923 0.40214777
vt 0.794027388 0.457625985
vt 0.791974127 0.449073076
vt 0.784337938 0.460774362
vt 0.788315713 0.470377803
vt 0.797393501 0.465752423
vt 0.793746889 0.479240716
vt 0.801989377 0.473252237
vt 0.800497591 0.487144887
vt 0.807701766 0.479940712
vt 0.808401883 0.49389571
vt 0.814390481 0.485653222
vt 0.817264736 0.499327004
vt 0.821890056 0.490249097
vt 0.826868117 0.503304839
vt 0.830016553 0.49361521
vt 0.836975634 0.505731404
vt 0.838569582 0.49566859
vt 0.847338319 0.506546974
vt 0.847338319 0.496358693
vt 0.857700944 0.505731404
vt 0.856107116 0.49566859
vt 0.867808342 0.503304839
vt 0.864660025 0.493615091
vt 0.877411842 0.499327004
vt 0.872786403 0.490249097
vt 0.886274695 0.49389571
vt 0.880286098 0.485653222
vt 0.894178867 0.487144887
vt 0.886974692 0.479940712
vt 0.900929689 0.479240716
vt 0.892687201 0.473252237
vt 0.906360745 0.470377803
vt 0.919190288 0.463650346
vt 0.921957493 0.452122808
vt 0.922888041 0.440304279
vt 0.929015398 0.440304279
vt 0.928009629 0.453081369
vt 0.932260275 0.440304279
vt 0.931214571 0.453588963
vt 0.925017715 0.465543866
vt 0.928103805 0.466546595
vt 0.91465342 0.474603057
vt 0.920113087 0.477384865
vt 0.923004389 0.478858054
vt 0.908459425 0.48471123
vt 0.913416386 0.488312781
vt 0.916041851 0.49022001
vt 0.900759816 0.493725955
vt 0.905092597 0.498058617
vt 0.907387376 0.500353158
vt 0.89174521 0.501425087
vt 0.895346761 0.506382287
vt 0.897254109 0.509007514
vt 0.881637096 0.5076195
vt 0.884418726 0.513078988
vt 0.885892034 0.515970349
vt 0.870684266 0.512156188
vt 0.872577906 0.517983735
vt 0.873580575 0.521069825
vt 0.859156847 0.514923692
vt 0.860115409 0.520975649
vt 0.860623002 0.52418071
vt 0.847338319 0.515853882
vt 0.847338319 0.521981299
vt 0.847338319 0.525226176
vt 0.835519731 0.514923692
vt 0.834561169 0.520975649
vt 0.834053457 0.52418071
vt 0.823992193 0.512156188
vt 0.822098672 0.517983735
vt 0.821096003 0.521069825
vt 0.813039482 0.5076195
vt 0.810257733 0.513078988
vt 0.808784544 0.515970349
vt 0.802931368 0.501425087
vt 0.799329698 0.506382406
vt 0.797422469 0.509007633
vt 0.793916643 0.493725955
vt 0.7895841 0.498058617
vt 0.787289321 0.500353158
vt 0.786217153 0.48471123
vt 0.781259954 0.4883129
vt 0.778634965 0.490220129
vt 0.780023277 0.474603057
vt 0.774563491 0.477384865
vt 0.771672308 0.478858054
vt 0.77548641 0.463650346
vt 0.769658983 0.465543866
vt 0.766572654 0.466546595
vt 0.781911314 0.450666845
vt 0.772718847 0.452122808
vt 0.76666683 0.453081489
vt 0.763461769 0.453588963
vt 0.791283786 0.440304279
vt 0.781095684 0.440304279
vt 0.771788657 0.440304279
vt 0.765661299 0.440304279
vt 0.762416303 0.440304279
vt 0.791974127 0.431535423
vt 0.781911314 0.429941654
vt 0.772718847 0.428485751
vt 0.76666683 0.427527189
vt 0.763461769 0.427019536
vt 0.794027388 0.422982574
vt 0.784337938 0.419834137
vt 0.77548641 0.416958153
vt 0.769658983 0.415064692
vt 0.766572654 0.414061904
vt 0.797393501 0.414856076
vt 0.788315713 0.410230696
vt 0.780023277 0.406005502
vt 0.774563491 0.403223693
vt 0.771672547 0.401750505
vt 0.801989377 0.407356262
vt 0.793746889 0.401367784
vt 0.786217153 0.395897388
vt 0.781259954 0.392295718
vt 0.778634965 0.39038837
vt 0.807701766 0.400667846
vt 0.800497591 0.393463612
vt 0.793916643 0.386882663
vt 0.7895841 0.382549882
vt 0.787289321 0.380255401
vt 0.814390481 0.394955337
vt 0.808401883 0.38671279
vt 0.802931368 0.379183412
vt 0.799329698 0.374226153
vt 0.797422469 0.371600986
vt 0.821890056 0.390359402
vt 0.817264736 0.381281614
vt 0.813039482 0.372989118
vt 0.810257733 0.367529511
vt 0.808784544 0.364638269
vt 0.830016553 0.386993349
vt 0.826868117 0.37730372
vt 0.823992193 0.368452311
vt 0.822098672 0.362624764
vt 0.821096003 0.359538674
vt 0.838569462 0.384940028
vt 0.836975634 0.374877155
vt 0.835519493 0.365684807
vt 0.834561169 0.35963285
vt 0.834053457 0.356427848
vt 0.8473382 0.384249926
vt 0.8473382 0.374061584
vt 0.8473382 0.364754677
vt 0.8473382 0.35862726
vt 0.8473382 0.355382323
vt 0.856106997 0.384940028
vt 0.857700825 0.374877155
vt 0.859156847 0.365684807
vt 0.860115409 0.35963285
vt 0.860622883 0.356427848
vt 0.864660025 0.386993349
vt 0.867808342 0.37730372
vt 0.870684266 0.368452311
vt 0.872577786 0.362624764
vt 0.873580575 0.359538674
vt 0.872786403 0.390359402
vt 0.877411842 0.381281614
vt 0.881637096 0.372989118
vt 0.884418726 0.367529511
vt 0.885892034 0.364638269
vt 0.87250948 0.405658901
vt 0.877619386 0.410023093
vt 0.881983519 0.415132999
vt 0.885494709 0.420862556
vt 0.888066173 0.427070916
vt 0.889634967 0.433605134
vt 0.880286098 0.394955277
vt 0.886274576 0.38671279
vt 0.89174509 0.379183412
vt 0.895346761 0.374226153
vt 0.897254109 0.371600986
vt 0.886974692 0.400667787
vt 0.894178867 0.393463612
vt 0.900759816 0.386882663
vt 0.905092597 0.382549882
vt 0.907387376 0.380255401
vt 0.892687082 0.407356262
vt 0.900929689 0.401367784
vt 0.908459425 0.395897388
vt 0.913416386 0.392295718
vt 0.916041613 0.39038837
vt 0.897282958 0.414856076
vt 0.906360745 0.410230696
vt 0.91465342 0.406005502
vt 0.920112848 0.403223693
vt 0.923004389 0.401750505
vt 0.90064919 0.422982574
vt 0.910338759 0.419834137
vt 0.919190049 0.416958153
vt 0.925017715 0.415064692
vt 0.928103805 0.414061904
vt 0.90270257 0.431535363
vt 0.912765622 0.429941654
vt 0.921957493 0.428485751
vt 0.928009629 0.427527189
vt 0.931214571 0.427019536
vt 0.931684494 0.42694509
vt 0.928556204 0.413914979
vt 0.923427939 0.401534557
vt 0.916426539 0.390108824
vt 0.932735801 0.440304279
vt 0.931684494 0.453663349
vt 0.928556204 0.46669358
vt 0.923427939 0.479073942
vt 0.916426539 0.490499794
vt 0.907723308 0.500689566
vt 0.897533774 0.50939244
vt 0.886107922 0.516394138
vt 0.87372756 0.521522343
vt 0.860697389 0.524650514
vt 0.847338319 0.52570194
vt 0.83397907 0.524650514
vt 0.820949018 0.521522343
vt 0.808568537 0.516394138
vt 0.797142804 0.50939244
vt 0.786953151 0.500689566
vt 0.778250158 0.490499794
vt 0.771248519 0.479074061
vt 0.766120255 0.46669358
vt 0.762992203 0.453663468
vt 0.761940658 0.440304279
vt 0.762992203 0.42694515
vt 0.766120255 0.413914979
vt 0.771248519 0.401534557
vt 0.778250158 0.390108824
vt 0.786953151 0.379919052
vt 0.797142804 0.371216178
vt 0.808568537 0.36421442
vt 0.820948899 0.359086275
vt 0.83397907 0.355958104
vt 0.8473382 0.354906678
vt 0.860697269 0.355958104
vt 0.87372756 0.359086275
vt 0.886107922 0.36421442
vt 0.897533774 0.371216118
vt 0.907723308 0.379919052
vt 0.308385253 0.90065825
vt 0.308385253 0.967741072
vt 0.317788184 0.90065825
vt 0.317788184 0.967741072
vt 0.327191055 0.90065825
vt 0.327191055 0.967741072
vt 0.336593986 0.90065825
vt 0.336593986 0.967741072
vt 0.345996857 0.90065825
vt 0.345996857 0.967741072
vt 0.355399787 0.90065825
vt 0.355399787 0.967741072
vt 0.364802659 0.90065825
vt 0.364802659 0.967741072
vt 0.37420553 0.90065825
vt 0.37420553 0.967741072
vt 0.38360846 0.90065825
vt 0.38360846 0.967741072
vt 0.393011391 0.90065825
vt 0.393011391 0.967741072
vt 0.327191055 0.900189877
vt 0.336593986 0.900189877
vt 0.327191055 0.899846792
vt 0.317788184 0.899846792
vt 0.317788184 0.899721384
vt 0.308385253 0.899721384
vt 0.317788184 0.894179642
vt 0.308385253 0.894179642
vt 0.327191055 0.894179642
vt 0.327191055 0.899721384
vt 0.336593986 0.894179642
vt 0.336593986 0.899721384
vt 0.345996857 0.894179642
vt 0.345996857 0.899721384
vt 0.355399787 0.894179642
vt 0.355399787 0.899721384
vt 0.364802659 0.894179642
vt 0.364802659 0.899721384
vt 0.37420553 0.894179642
vt 0.37420553 0.899721384
vt 0.38360846 0.894179642
vt 0.38360846 0.899721384
vt 0.393011391 0.894179642
vt 0.393011391 0.899721384
vt 0.336593986 0.899846792
vt 0.345996857 0.900189877
vt 0.345996857 0.899846792
vt 0.355399787 0.899846792
vt 0.355399787 0.900189877
vt 0.364802659 0.899846792
vt 0.364802659 0.900189877
vt 0.37420553 0.899846792
vt 0.37420553 0.900189877
vt 0.38360846 0.899846792
vt 0.38360846 0.900189877
vt 0.393011391 0.899846792
vt 0.393011391 0.900189877
vt 0.0168953538 0.90065825
vt 0.0168953538 0.967741072
vt 0.0262982547 0.90065825
vt 0.0262982547 0.967741072
vt 0.0357011706 0.90065825
vt 0.0357011706 0.967741072
vt 0.0451040715 0.90065825
vt 0.0451040715 0.967741072
vt 0.0545070022 0.90065825
vt 0.0545070022 0.967741072
vt 0.0639098734 0.90065825
vt 0.0639098734 0.967741072
vt 0.0733128041 0.90065825
vt 0.0733128041 0.967741072
vt 0.0827156603 0.90065825
vt 0.0827156603 0.967741072
vt 0.092118606 0.90065825
vt 0.092118606 0.967741072
vt 0.101521462 0.90065825
vt 0.101521462 0.967741072
vt 0.110924393 0.90065825
vt 0.110924393 0.967741072
vt 0.120327279 0.90065825
vt 0.120327279 0.967741072
vt 0.12973021 0.90065825
vt 0.12973021 0.967741072
vt 0.139133081 0.90065825
vt 0.139133081 0.967741072
vt 0.148535982 0.90065825
vt 0.148535982 0.967741072
vt 0.157938913 0.90065825
vt 0.157938913 0.967741072
vt 0.167341784 0.90065825
vt 0.167341784 0.967741072
vt 0.176744655 0.90065825
vt 0.176744655 0.967741072
vt 0.1861476 0.90065825
vt 0.1861476 0.967741072
vt 0.195550501 0.90065825
vt 0.195550501 0.967741072
vt 0.204953313 0.90065825
vt 0.204953313 0.967741072
vt 0.214356363 0.90065825
vt 0.214356363 0.967741072
vt 0.223759174 0.90065825
vt 0.223759174 0.967741072
vt 0.233162105 0.90065825
vt 0.233162105 0.967741072
vt 0.242564976 0.90065825
vt 0.242564976 0.967741072
vt 0.251967907 0.90065825
vt 0.251967907 0.967741072
vt 0.261370778 0.90065825
vt 0.261370778 0.967741072
vt 0.270773709 0.90065825
vt 0.270773709 0.967741072
vt 0.28017658 0.90065825
vt 0.28017658 0.967741072
vt 0.289579511 0.90065825
vt 0.289579511 0.967741072
vt 0.298982382 0.90065825
vt 0.298982382 0.967741072
vt 0.242564976 0.900189877
vt 0.251967907 0.900189877
vt 0.242564976 0.899846792
vt 0.233162105 0.899846792
vt 0.233162105 0.899721384
vt 0.223759174 0.899721384
vt 0.233162105 0.894179642
vt 0.223759174 0.894179642
vt 0.214356363 0.899721384
vt 0.214356363 0.894179642
vt 0.204953313 0.899721384
vt 0.204953313 0.894179642
vt 0.195550501 0.899721384
vt 0.195550501 0.894179642
vt 0.1861476 0.899721384
vt 0.1861476 0.894179642
vt 0.176744655 0.899721384
vt 0.176744655 0.894179642
vt 0.167341784 0.899721384
vt 0.167341784 0.894179642
vt 0.157938913 0.899721384
vt 0.157938913 0.894179642
vt 0.148535982 0.899721384
vt 0.148535982 0.894179642
vt 0.139133081 0.899721384
vt 0.139133081 0.894179642
vt 0.12973021 0.899721384
vt 0.12973021 0.894179642
vt 0.120327279 0.899721384
vt 0.120327279 0.894179642
vt 0.110924393 0.899721384
vt 0.110924393 0.894179642
vt 0.101521462 0.899721384
vt 0.101521462 0.894179642
vt 0.092118606 0.899721384
vt 0.092118606 0.894179642
vt 0.0827156603 0.899721384
vt 0.0827156603 0.894179642
vt 0.0733128041 0.899721384
vt 0.0733128041 0.894179642
vt 0.0639098734 0.899721384
vt 0.0639098734 0.894179642
vt 0.0545070022 0.899721384
vt 0.0545070022 0.894179642
vt 0.0451040715 0.899721384
vt 0.0451040715 0.894179642
vt 0.0357011706 0.899721384
vt 0.0357011706 0.894179642
vt 0.0262982547 0.899721384
vt 0.0262982547 0.894179642
vt 0.0168953538 0.899721384
vt 0.0168953538 0.894179642
vt 0.0262982547 0.899846792
vt 0.0168953538 0.899846792
vt 0.0262982547 0.900189877
vt 0.0168953538 0.900189877
vt 0.0357011706 0.899846792
vt 0.0357011706 0.900189877
vt 0.0451040715 0.899846792
vt 0.0451040715 0.900189877
vt 0.0545070022 0.899846792
vt 0.0545070022 0.900189877
vt 0.0639098734 0.899846792
vt 0.0639098734 0.900189877
vt 0.0733128041 0.899846792
vt 0.0733128041 0.900189877
vt 0.0827156603 0.899846792
vt 0.0827156603 0.900189877
vt 0.092118606 0.899846792
vt 0.092118606 0.900189877
vt 0.101521462 0.899846792
vt 0.101521462 0.900189877
vt 0.110924393 0.899846792
vt 0.110924393 0.900189877
vt 0.120327279 0.899846792
vt 0.120327279 0.900189877
vt 0.12973021 0.899846792
vt 0.12973021 0.900189877
vt 0.139133081 0.899846792
vt 0.139133081 0.900189877
vt 0.148535982 0.899846792
vt 0.148535982 0.900189877
vt 0.157938913 0.899846792
vt 0.157938913 0.900189877
vt 0.167341784 0.899846792
vt 0.167341784 0.900189877
vt 0.176744655 0.899846792
vt 0.176744655 0.900189877
vt 0.1861476 0.899846792
vt 0.1861476 0.900189877
vt 0.195550501 0.899846792
vt 0.195550501 0.900189877
vt 0.204953313 0.899846792
vt 0.204953313 0.900189877
vt 0.214356363 0.899846792
vt 0.214356363 0.900189877
vt 0.223759174 0.899846792
vt 0.223759174 0.900189877
vt 0.233162105 0.900189877
vt 0.242564976 0.899721384
vt 0.242564976 0.894179642
vt 0.251967907 0.894179642
vt 0.251967907 0.899721384
vt 0.261370778 0.894179642
vt 0.261370778 0.899721384
vt 0.270773709 0.894179642
vt 0.270773709 0.899721384
vt 0.28017658 0.894179642
vt 0.28017658 0.899721384
vt 0.289579511 0.894179642
vt 0.289579511 0.899721384
vt 0.298982382 0.894179642
vt 0.298982382 0.899721384
vt 0.261370778 0.899846792
vt 0.251967907 0.899846792
vt 0.261370778 0.900189877
vt 0.270773709 0.900189877
vt 0.270773709 0.899846792
vt 0.28017658 0.899846792
vt 0.28017658 0.900189877
vt 0.289579511 0.899846792
vt 0.289579511 0.900189877
vt 0.298982382 0.899846792
vt 0.298982382 0.900189877
vt 0.308385253 0.899846792
vt 0.317788184 0.900189877
vt 0.308385253 0.900189877
vt 0.317788184 0.893153906
vt 0.317788184 0.875357866
vt 0.308385313 0.893153906
vt 0.308385313 0.875357866
vt 0.327191055 0.875357866
vt 0.327191055 0.893153906
vt 0.336593986 0.875357866
vt 0.336593986 0.893153906
vt 0.345996857 0.875357866
vt 0.345996857 0.893153906
vt 0.355399787 0.875357866
vt 0.355399787 0.893153906
vt 0.364802659 0.875357866
vt 0.364802659 0.893153906
vt 0.37420553 0.875357866
vt 0.37420553 0.893153906
vt 0.38360846 0.875357866
vt 0.38360846 0.893153906
vt 0.393011391 0.875357866
vt 0.393011391 0.893153906
vt 0.336593986 0.893653989
vt 0.327191055 0.893653989
vt 0.317788184 0.893653989
vt 0.308385313 0.893653989
vt 0.317788184 0.894058704
vt 0.308385253 0.894058704
vt 0.327191055 0.894058704
vt 0.336593986 0.894058704
vt 0.345996857 0.894058704
vt 0.345996857 0.893653989
vt 0.355399787 0.893653989
vt 0.355399787 0.894058704
vt 0.364802659 0.893653989
vt 0.364802659 0.894058704
vt 0.37420553 0.893653989
vt 0.37420553 0.894058704
vt 0.38360846 0.893653989
vt 0.38360846 0.894058704
vt 0.393011391 0.893653989
vt 0.393011391 0.894058704
vt 0.0262982547 0.893153906
vt 0.0262982547 0.875357866
vt 0.0168953538 0.893153906
vt 0.0168953538 0.875357866
vt 0.0357011706 0.875357866
vt 0.0357011706 0.893153906
vt 0.0451040715 0.875357866
vt 0.0451040715 0.893153906
vt 0.0545070022 0.875357866
vt 0.0545070022 0.893153906
vt 0.0639098734 0.875357866
vt 0.0639098734 0.893153906
vt 0.0733128041 0.875357866
vt 0.0733128041 0.893153906
vt 0.0827156603 0.875357866
vt 0.0827156603 0.893153906
vt 0.092118606 0.875357866
vt 0.092118606 0.893153906
vt 0.101521462 0.875357866
vt 0.101521462 0.893153906
vt 0.110924393 0.875357866
vt 0.110924393 0.893153906
vt 0.120327279 0.875357866
vt 0.120327279 0.893153906
vt 0.12973021 0.875357866
vt 0.12973021 0.893153906
vt 0.139133081 0.875357866
vt 0.139133081 0.893153906
vt 0.148535982 0.875357866
vt 0.148535982 0.893153906
vt 0.157938913 0.875357866
vt 0.157938913 0.893153906
vt 0.167341784 0.875357866
vt 0.167341843 0.893153906
vt 0.176744655 0.875357866
vt 0.176744655 0.893153906
vt 0.1861476 0.875357866
vt 0.1861476 0.893153906
vt 0.195550501 0.875357866
vt 0.195550501 0.893153906
vt 0.204953313 0.875357866
vt 0.204953313 0.893153906
vt 0.214356244 0.875357866
vt 0.214356363 0.893153906
vt 0.223759174 0.875357866
vt 0.223759174 0.893153906
vt 0.233162105 0.875357866
vt 0.233162105 0.893153906
vt 0.242564976 0.875357866
vt 0.242564976 0.893153906
vt 0.251967907 0.875357866
vt 0.251967907 0.893153906
vt 0.261370778 0.875357866
vt 0.261370778 0.893153906
vt 0.270773709 0.875357866
vt 0.270773709 0.893153906
vt 0.28017658 0.875357866
vt 0.28017658 0.893153906
vt 0.289579511 0.875357866
vt 0.289579511 0.893153906
vt 0.298982382 0.875357866
vt 0.298982382 0.893153906
vt 0.251967907 0.893653989
vt 0.242564976 0.893653989
vt 0.233162105 0.893653989
vt 0.223759174 0.893653989
vt 0.214356363 0.893653989
vt 0.204953313 0.893653989
vt 0.195550501 0.893653989
vt 0.1861476 0.893653989
vt 0.176744655 0.893653989
vt 0.167341843 0.893653989
vt 0.157938913 0.893653989
vt 0.148535982 0.893653989
vt 0.139133081 0.893653989
vt 0.12973021 0.893653989
vt 0.120327279 0.893653989
vt 0.110924393 0.893653989
vt 0.101521462 0.893653989
vt 0.092118606 0.893653989
vt 0.0827156603 0.893653989
vt 0.0733128041 0.893653989
vt 0.0639098734 0.893653989
vt 0.0545070022 0.893653989
vt 0.0451040715 0.893653989
vt 0.0357011706 0.893653989
vt 0.0262982547 0.893653989
vt 0.0168953538 0.893653989
vt 0.0262982547 0.894058704
vt 0.0168953538 0.894058704
vt 0.0357011706 0.894058704
vt 0.0451040715 0.894058704
vt 0.0545070022 0.894058704
vt 0.0639098734 0.894058704
vt 0.0733128041 0.894058704
vt 0.0827156603 0.894058704
vt 0.092118606 0.894058704
vt 0.101521462 0.894058704
vt 0.110924393 0.894058704
vt 0.120327279 0.894058704
vt 0.12973021 0.894058704
vt 0.139133081 0.894058704
vt 0.148535982 0.894058704
vt 0.157938913 0.894058704
vt 0.167341843 0.894058704
vt 0.176744655 0.894058704
vt 0.1861476 0.894058704
vt 0.195550501 0.894058704
vt 0.204953313 0.894058704
vt 0.214356363 0.894058704
vt 0.223759174 0.894058704
vt 0.233162105 0.894058704
vt 0.242564976 0.894058704
vt 0.251967907 0.894058704
vt 0.261370778 0.894058704
vt 0.261370778 0.893653989
vt 0.270773709 0.893653989
vt 0.270773709 0.894058704
vt 0.28017658 0.893653989
vt 0.28017658 0.894058704
vt 0.289579511 0.893653989
vt 0.289579511 0.894058704
vt 0.298982382 0.893653989
vt 0.298982382 0.894058704
vt 0.251967907 0.968668759
vt 0.261370778 0.968668759
vt 0.242564976 0.968668759
vt 0.233162105 0.968668759
vt 0.223759174 0.968668759
vt 0.214356363 0.968668759
vt 0.204953313 0.968668759
vt 0.195550501 0.968668759
vt 0.1861476 0.968668759
vt 0.176744655 0.968668759
vt 0.167341784 0.968668759
vt 0.157938913 0.968668759
vt 0.148535982 0.968668759
vt 0.139133081 0.968668759
vt 0.12973021 0.968668759
vt 0.120327279 0.968668759
vt 0.110924393 0.968668759
vt 0.101521462 0.968668759
vt 0.092118606 0.968668759
vt 0.0827156603 0.968668759
vt 0.0733128041 0.968668759
vt 0.0639098734 0.968668759
vt 0.0545070022 0.968668759
vt 0.0451040715 0.968668759
vt 0.0357011706 0.968668759
vt 0.0262982547 0.968668759
vt 0.0168953538 0.968668759
vt 0.38360846 0.968668759
vt 0.393011391 0.968668759
vt 0.37420553 0.968668759
vt 0.364802659 0.968668759
vt 0.355399787 0.968668759
vt 0.345996857 0.968668759
vt 0.336593986 0.968668759
vt 0.327191055 0.968668759
vt 0.317788184 0.968668759
vt 0.308385253 0.968668759
vt 0.298982382 0.968668759
vt 0.289579511 0.968668759
vt 0.28017658 0.968668759
vt 0.270773709 0.968668759
vt 0.425461709 0.0860000253
vt 0.425461709 0.222000003
vt 0.442535639 0.0860000253
vt 0.442535639 0.222000003
vt 0.459609509 0.0860000253
vt 0.459609509 0.222000003
vt 0.471530914 0.0860000253
vt 0.475679249 0.0904675722
vt 0.475680709 0.216736615
vt 0.471668988 0.222000003
vt 0.459609509 0.263595462
vt 0.475793391 0.226727486
vt 0.476683348 0.263595462
vt 0.476683378 0.265785336
vt 0.459609509 0.265785336
vt 0.442535639 0.263595462
vt 0.442535639 0.265785336
vt 0.425461709 0.263595462
vt 0.425461709 0.265785336
vt 0.408387899 0.263595462
vt 0.408387899 0.265785336
vt 0.39131403 0.263595462
vt 0.39131403 0.265785336
vt 0.37424016 0.263595462
vt 0.37424016 0.265785336
vt 0.35716635 0.263595462
vt 0.35716635 0.265785336
vt 0.340092421 0.263595462
vt 0.340092421 0.265785336
vt 0.32301861 0.263595462
vt 0.32301861 0.265785336
vt 0.305944741 0.263595462
vt 0.305944741 0.265785336
vt 0.288870871 0.263595462
vt 0.288870871 0.265785336
vt 0.271797061 0.263595462
vt 0.271797061 0.265785336
vt 0.254723132 0.263595462
vt 0.254723132 0.265785336
vt 0.237649262 0.263595462
vt 0.237649262 0.265785336
vt 0.220575407 0.263595462
vt 0.220575407 0.265785336
vt 0.203501552 0.263595462
vt 0.203501552 0.265785336
vt 0.186427668 0.263595462
vt 0.186427668 0.265785336
vt 0.169353858 0.263595462
vt 0.169353858 0.265785336
vt 0.152280033 0.263595462
vt 0.152280033 0.265785336
vt 0.135206029 0.263595462
vt 0.135206014 0.265785336
vt 0.118132293 0.263595462
vt 0.118132278 0.265785336
vt 0.101058379 0.263595462
vt 0.101058379 0.265785336
vt 0.0839844793 0.263595462
vt 0.0839844793 0.265785336
vt 0.0669106171 0.263595462
vt 0.0669106096 0.265785336
vt 0.0498367399 0.263595462
vt 0.0498367399 0.265785336
vt 0.0327628925 0.263595462
vt 0.0327628925 0.265785336
vt 0.0156890266 0.263595462
vt 0.0156890266 0.265785336
vt 0.134312809 0.226594388
vt 0.130041078 0.222000003
vt 0.118132278 0.222000003
vt 0.134202167 0.0904712677
vt 0.130053535 0.0860000253
vt 0.118132278 0.0860000253
vt 0.134203345 0.21700865
vt 0.101058379 0.222000003
vt 0.101058379 0.0860000253
vt 0.0839844793 0.222000003
vt 0.0839844793 0.0860000253
vt 0.101058379 0.0514351726
vt 0.0839844793 0.0514351726
vt 0.0720611438 0.0860000253
vt 0.0677792579 0.0808774233
vt 0.0669106096 0.0514351726
vt 0.118132278 0.0514351726
vt 0.134336054 0.080876112
vt 0.135206014 0.0514351726
vt 0.0498367399 0.0514351726
vt 0.0633874461 0.0839999914
vt 0.0498259217 0.0839999914
vt 0.0327521041 0.0839999914
vt 0.0498259515 0.086512804
vt 0.0327520967 0.0865127444
vt 0.0156782083 0.0839999914
vt 0.0156782083 0.0865127444
vt 0.0156782083 0.0883054733
vt 0.0327521078 0.0883054733
vt 0.0327521078 0.0900000334
vt 0.0156782083 0.0900000334
vt 0.0498259217 0.0900000334
vt 0.0498259254 0.0883054733
vt 0.0327628925 0.0514351726
vt 0.0156890266 0.0514351726
vt 0.0156890266 0.0477076173
vt 0.0327628925 0.0477076173
vt 0.0156890266 0.0445474982
vt 0.0327628925 0.0445474982
vt 0.0156890266 0.0424360037
vt 0.0327628925 0.0424360037
vt 0.0498367399 0.0445474982
vt 0.0498367399 0.0424360037
vt 0.0498367399 0.0477076173
vt 0.0669106096 0.0445474982
vt 0.0669106096 0.0424360037
vt 0.0669106096 0.0477076173
vt 0.0839844793 0.0445474982
vt 0.0839844793 0.0424360037
vt 0.0839844793 0.0477076173
vt 0.101058379 0.0445474982
vt 0.101058349 0.0424360037
vt 0.101058379 0.0477076173
vt 0.118132278 0.0445474982
vt 0.118132278 0.0424360037
vt 0.118132278 0.0477076173
vt 0.135206014 0.0445474982
vt 0.135206014 0.0424360037
vt 0.135206014 0.0477076173
vt 0.152280033 0.0445474982
vt 0.152280033 0.0424360037
vt 0.152280033 0.0514351726
vt 0.138724208 0.0839999914
vt 0.152269065 0.0839999914
vt 0.169353858 0.0514351726
vt 0.16934295 0.0839999914
vt 0.16934295 0.086512804
vt 0.186416879 0.086512804
vt 0.186416879 0.0839999914
vt 0.203490704 0.086512804
vt 0.203490704 0.0839999914
vt 0.220564499 0.086512804
vt 0.220564499 0.0839999914
vt 0.152269065 0.086512804
vt 0.152269065 0.0883054733
vt 0.16934295 0.0883054733
vt 0.16934295 0.0900000334
vt 0.152269065 0.0900000334
vt 0.186416879 0.0900000334
vt 0.186416879 0.0883054733
vt 0.203490704 0.0900000334
vt 0.203490704 0.0883054733
vt 0.220564499 0.0900000334
vt 0.220564499 0.0883054733
vt 0.203501552 0.0514351726
vt 0.220575407 0.0514351726
vt 0.234126106 0.0839999914
vt 0.238517925 0.0808774233
vt 0.237649262 0.0514351726
vt 0.254723132 0.0514351726
vt 0.242799789 0.0860000253
vt 0.254723132 0.0860000253
vt 0.271797061 0.0514351726
vt 0.271797061 0.0860000253
vt 0.254723132 0.222000003
vt 0.271797061 0.222000003
vt 0.288870871 0.0860000253
vt 0.288870871 0.222000003
vt 0.300792217 0.0860000253
vt 0.304940879 0.0904712677
vt 0.30077979 0.222000003
vt 0.304942101 0.21700865
vt 0.305051565 0.226594388
vt 0.288870871 0.0514351726
vt 0.305074751 0.080876112
vt 0.305944741 0.0514351726
vt 0.32301861 0.0514351726
vt 0.309462905 0.0839999914
vt 0.323007673 0.0839999914
vt 0.340092421 0.0514351726
vt 0.340081602 0.0839999914
vt 0.340081602 0.086512804
vt 0.357155502 0.086512804
vt 0.357155502 0.0839999914
vt 0.374229252 0.086512804
vt 0.374229252 0.0839999914
vt 0.391303182 0.086512804
vt 0.391303182 0.0839999914
vt 0.323007673 0.086512804
vt 0.323007673 0.0883054733
vt 0.340081602 0.0883054733
vt 0.340081602 0.0900000334
vt 0.323007673 0.0900000334
vt 0.357155502 0.0900000334
vt 0.357155502 0.0883054733
vt 0.374229252 0.0900000334
vt 0.374229252 0.0883054733
vt 0.391303182 0.0900000334
vt 0.391303182 0.0883054733
vt 0.37424016 0.0514351726
vt 0.39131403 0.0514351726
vt 0.404864699 0.0839999914
vt 0.409256488 0.0808774233
vt 0.408387899 0.0514351726
vt 0.425461709 0.0514351726
vt 0.413538367 0.0860000253
vt 0.442535639 0.0514351726
vt 0.459609509 0.0514351726
vt 0.475813359 0.080876112
vt 0.476683378 0.0514351726
vt 0.493757308 0.0514351726
vt 0.480210006 0.0839999914
vt 0.49374634 0.0839999914
vt 0.510830998 0.0514351726
vt 0.51082015 0.0839999914
vt 0.51082015 0.086512804
vt 0.527894139 0.086512804
vt 0.527894139 0.0839999914
vt 0.54496789 0.086512804
vt 0.54496789 0.0839999914
vt 0.562041759 0.086512804
vt 0.562041759 0.0839999914
vt 0.49374634 0.086512804
vt 0.49374634 0.0883054733
vt 0.51082015 0.0883054733
vt 0.51082015 0.0900000334
vt 0.49374634 0.0900000334
vt 0.527894139 0.0900000334
vt 0.527894139 0.0883054733
vt 0.54496789 0.0900000334
vt 0.54496789 0.0883054733
vt 0.562041759 0.0900000334
vt 0.562041759 0.0883054733
vt 0.562052608 0.0514351726
vt 0.544978857 0.0514351726
vt 0.575603306 0.0839999914
vt 0.579995155 0.0808774233
vt 0.579126596 0.0514351726
vt 0.596200287 0.0514351726
vt 0.584277034 0.0860000253
vt 0.596200287 0.0860000253
vt 0.613274217 0.0514351726
vt 0.613274217 0.0860000253
vt 0.596200287 0.222000003
vt 0.613274217 0.222000003
vt 0.630348027 0.0860000253
vt 0.630348027 0.222000003
vt 0.642269492 0.0860000253
vt 0.646417975 0.0904712677
vt 0.642256916 0.222000003
vt 0.646419227 0.216928184
vt 0.630348027 0.263595462
vt 0.646528661 0.226594388
vt 0.647421837 0.263595462
vt 0.647421837 0.265785336
vt 0.630348027 0.265785336
vt 0.613274217 0.263595462
vt 0.613274217 0.265785336
vt 0.596200287 0.263595462
vt 0.596200287 0.265785336
vt 0.579126596 0.263595462
vt 0.579126596 0.265785336
vt 0.562052608 0.263595462
vt 0.562052608 0.265785336
vt 0.544978857 0.263595462
vt 0.544978857 0.265785336
vt 0.527904868 0.263595462
vt 0.527904987 0.265785336
vt 0.664495766 0.265785336
vt 0.664495766 0.263595462
vt 0.681569695 0.265785336
vt 0.681569695 0.263595462
vt 0.698643506 0.265785336
vt 0.698643506 0.263595462
vt 0.510830998 0.263595462
vt 0.510830998 0.265785336
vt 0.493757308 0.263595462
vt 0.493757308 0.265785336
vt 0.698632658 0.22299999
vt 0.681558847 0.22299999
vt 0.681558847 0.220967174
vt 0.698632658 0.220967174
vt 0.664484918 0.220967174
vt 0.664484918 0.22299999
vt 0.51082015 0.22299999
vt 0.527894139 0.22299999
vt 0.51082015 0.220967174
vt 0.527894139 0.220967174
vt 0.54496789 0.22299999
vt 0.54496789 0.220967174
vt 0.562041759 0.22299999
vt 0.562041759 0.220967174
vt 0.49374634 0.220967174
vt 0.49374634 0.22299999
vt 0.576415062 0.22299999
vt 0.580021203 0.226595759
vt 0.562041759 0.218053997
vt 0.54496789 0.218053997
vt 0.54496789 0.217000008
vt 0.527894139 0.217000008
vt 0.527894139 0.218053997
vt 0.51082015 0.217000008
vt 0.51082015 0.218053997
vt 0.49374634 0.217000008
vt 0.49374634 0.218053997
vt 0.562041819 0.217000008
vt 0.485255778 0.218053997
vt 0.48676005 0.217000008
vt 0.484192044 0.216657043
vt 0.486002237 0.216071188
vt 0.485182524 0.214258671
vt 0.482986122 0.21478498
vt 0.484305203 0.212318838
vt 0.481672764 0.2129426
vt 0.481520593 0.0933781862
vt 0.476936042 0.0917705894
vt 0.478700429 0.0896052122
vt 0.482811898 0.0917257667
vt 0.480423152 0.0877104402
vt 0.484071165 0.0898972154
vt 0.482820183 0.086512804
vt 0.485112131 0.0883054733
vt 0.476984054 0.215660214
vt 0.483823955 0.0941105485
vt 0.486470312 0.0900000334
vt 0.47627604 0.0878867507
vt 0.477905273 0.0858679414
vt 0.485577881 0.0908318758
vt 0.478279084 0.2174896
vt 0.476188749 0.21946764
vt 0.479915261 0.21949029
vt 0.477958262 0.221453726
vt 0.479956299 0.22299999
vt 0.481683105 0.220967174
vt 0.475766748 0.223649561
vt 0.473973364 0.221951425
vt 0.544978857 0.265785336
vt 0.527904868 0.265785336
vt 0.544978857 0.263595462
vt 0.527904868 0.263595462
vt 0.562052608 0.263595462
vt 0.562052608 0.265785336
vt 0.579126596 0.263595462
vt 0.579126596 0.265785336
vt 0.596200287 0.263595462
vt 0.596200287 0.265785336
vt 0.613274217 0.263595462
vt 0.613274217 0.265785336
vt 0.630348027 0.263595462
vt 0.630348027 0.265785336
vt 0.647421837 0.263595462
vt 0.647421837 0.265785336
vt 0.664495766 0.263595462
vt 0.664495766 0.265785336
vt 0.681569695 0.263595462
vt 0.681569695 0.265785336
vt 0.698643506 0.263595462
vt 0.698643506 0.265785336
vt 0.698643506 0.265785336
vt 0.681569695 0.265785336
vt 0.664495766 0.265785336
vt 0.647421837 0.265785336
vt 0.630348027 0.265785336
vt 0.613274217 0.265785336
vt 0.596200287 0.265785336
vt 0.579126596 0.265785336
vt 0.562052608 0.265785336
vt 0.544978857 0.265785336
vt 0.527904987 0.265785336
vt 0.510830998 0.265785336
vt 0.510830998 0.263595462
vt 0.493757308 0.265785336
vt 0.493757308 0.263595462
vt 0.476683378 0.265785336
vt 0.476683378 0.263595462
vt 0.459609509 0.265785336
vt 0.459609509 0.263595462
vt 0.442535639 0.265785336
vt 0.442535639 0.263595462
vt 0.425461709 0.265785336
vt 0.425461709 0.263595462
vt 0.408387899 0.265785336
vt 0.408387899 0.263595462
vt 0.39131403 0.265785336
vt 0.39131403 0.263595462
vt 0.37424016 0.265785336
vt 0.37424016 0.263595462
vt 0.35716635 0.265785336
vt 0.35716635 0.263595462
vt 0.340092421 0.265785336
vt 0.340092421 0.263595462
vt 0.32301861 0.265785336
vt 0.32301861 0.263595462
vt 0.305944741 0.265785336
vt 0.305944741 0.263595462
vt 0.288870871 0.265785336
vt 0.288870871 0.263595462
vt 0.271797061 0.265785336
vt 0.271797061 0.263595462
vt 0.254723132 0.265785336
vt 0.254723132 0.263595462
vt 0.237649292 0.265785336
vt 0.237649292 0.263595462
vt 0.220575407 0.265785336
vt 0.220575407 0.263595462
vt 0.203501552 0.265785336
vt 0.203501552 0.263595462
vt 0.186427668 0.265785336
vt 0.186427668 0.263595462
vt 0.169353858 0.265785336
vt 0.169353858 0.263595462
vt 0.152280033 0.265785336
vt 0.152280033 0.263595462
vt 0.135206014 0.265785336
vt 0.135206014 0.263595462
vt 0.118132278 0.265785336
vt 0.118132278 0.263595462
vt 0.101058379 0.265785336
vt 0.101058379 0.263595462
vt 0.0839844793 0.265785336
vt 0.0839844793 0.263595462
vt 0.0669106096 0.265785336
vt 0.0669106096 0.263595462
vt 0.0498367399 0.265785336
vt 0.0498367399 0.263595462
vt 0.0327628925 0.265785336
vt 0.0327628925 0.263595462
vt 0.0156890266 0.265785336
vt 0.0156890266 0.263595462
vt 0.135206014 0.265785336
vt 0.118132278 0.265785336
vt 0.101058379 0.265785336
vt 0.0839844793 0.265785336
vt 0.0669106096 0.265785336
vt 0.0498367399 0.265785336
vt 0.0327628925 0.265785336
vt 0.0156890266 0.265785336
vt 0.152280033 0.265785336
vt 0.169353858 0.265785336
vt 0.186427668 0.265785336
vt 0.203501552 0.265785336
vt 0.220575407 0.265785336
vt 0.237649262 0.265785336
vt 0.254723132 0.265785336
vt 0.271797061 0.265785336
vt 0.288870871 0.265785336
vt 0.305944741 0.265785336
vt 0.32301861 0.265785336
vt 0.340092421 0.265785336
vt 0.35716635 0.265785336
vt 0.37424016 0.265785336
vt 0.39131403 0.265785336
vt 0.408387899 0.265785336
vt 0.425461709 0.265785336
vt 0.442535639 0.265785336
vt 0.459609509 0.265785336
vt 0.476683378 0.265785336
vt 0.493757308 0.265785336
vt 0.510830998 0.265785336
vt 0.698632658 0.0839999914
vt 0.681558847 0.0839999914
vt 0.698632658 0.086512804
vt 0.681558847 0.086512804
vt 0.664484918 0.0839999914
vt 0.664484918 0.086512804
vt 0.664484918 0.0883054733
vt 0.681558847 0.0883054733
vt 0.681558847 0.0900000334
vt 0.698632658 0.0900000334
vt 0.698632658 0.0883054733
vt 0.664484918 0.0900000334
vt 0.681569695 0.0514351726
vt 0.664495766 0.0514351726
vt 0.650940061 0.0839999914
vt 0.646551907 0.080876112
vt 0.647421837 0.0514351726
vt 0.630348027 0.0514351726
vt 0.613274217 0.0477076173
vt 0.596200287 0.0477076173
vt 0.579126596 0.0477076173
vt 0.562052608 0.0477076173
vt 0.544978857 0.0477076173
vt 0.544978857 0.0445474982
vt 0.562052608 0.0445474982
vt 0.544978857 0.0424360037
vt 0.562052608 0.0424360037
vt 0.579126596 0.0445474982
vt 0.579126596 0.0424360037
vt 0.596200287 0.0445474982
vt 0.596200287 0.0424360037
vt 0.613274217 0.0445474982
vt 0.613274217 0.0424360037
vt 0.630348027 0.0445474982
vt 0.630348027 0.0424360037
vt 0.630348027 0.0477076173
vt 0.647421837 0.0445474982
vt 0.647421837 0.0424360037
vt 0.647421837 0.0477076173
vt 0.664495766 0.0445474982
vt 0.664495766 0.0424360037
vt 0.664495766 0.0477076173
vt 0.681569695 0.0445474982
vt 0.681569695 0.0424360037
vt 0.681569695 0.0477076173
vt 0.698643506 0.0445474982
vt 0.698643506 0.0424360037
vt 0.698643506 0.0514351726
vt 0.698643506 0.0477076173
vt 0.391303182 0.220967174
vt 0.374229252 0.220967174
vt 0.391303182 0.22299999
vt 0.374229252 0.22299999
vt 0.357155502 0.220967174
vt 0.357155502 0.22299999
vt 0.340081602 0.220967174
vt 0.340081602 0.22299999
vt 0.323007673 0.220967174
vt 0.323007673 0.22299999
vt 0.404864252 0.22299999
vt 0.409282446 0.226595759
vt 0.357155502 0.218053937
vt 0.374229252 0.218053997
vt 0.357155502 0.217000008
vt 0.340081602 0.217000008
vt 0.340081602 0.218053997
vt 0.323007673 0.217000008
vt 0.323007673 0.218053997
vt 0.374229252 0.217000008
vt 0.391303182 0.218053997
vt 0.391303182 0.217000008
vt 0.314498305 0.218053997
vt 0.315755755 0.217000008
vt 0.31336689 0.21672076
vt 0.314967722 0.216051042
vt 0.314133078 0.214304745
vt 0.312141746 0.214846373
vt 0.313254297 0.212466061
vt 0.310934156 0.212969422
vt 0.313073695 0.0944436789
vt 0.310781986 0.0933872461
vt 0.306197345 0.0917705894
vt 0.307962596 0.089535594
vt 0.31207484 0.0918230414
vt 0.309683293 0.0876395702
vt 0.313309163 0.0899651647
vt 0.312487572 0.086512804
vt 0.314379901 0.0883054733
vt 0.306245387 0.215709507
vt 0.315635949 0.0900000334
vt 0.305535018 0.0878878832
vt 0.307160437 0.0858700275
vt 0.314820141 0.0908484459
vt 0.313965499 0.0926077962
vt 0.304875374 0.0838665366
vt 0.30374226 0.085446775
vt 0.220564499 0.220967174
vt 0.203490704 0.220967174
vt 0.220564499 0.22299999
vt 0.203490704 0.22299999
vt 0.186416879 0.220967174
vt 0.186416879 0.22299999
vt 0.16934295 0.220967174
vt 0.16934295 0.22299999
vt 0.152269065 0.220967174
vt 0.152280018 0.22299999
vt 0.234125644 0.22299999
vt 0.238543838 0.226595759
vt 0.186416879 0.218053997
vt 0.203490704 0.218053997
vt 0.186416879 0.217000008
vt 0.16934295 0.217000008
vt 0.16934295 0.218053997
vt 0.152269065 0.217000008
vt 0.152269065 0.218053997
vt 0.203490704 0.217000008
vt 0.220564499 0.218053997
vt 0.220564499 0.217000008
vt 0.143676177 0.218052387
vt 0.145177737 0.217000008
vt 0.142547041 0.216673672
vt 0.144375503 0.215937495
vt 0.143536285 0.214186013
vt 0.141308233 0.214821637
vt 0.142661646 0.212360561
vt 0.140079141 0.212963343
vt 0.142364681 0.0947602987
vt 0.14005743 0.0934782028
vt 0.135472015 0.215709567
vt 0.135463223 0.0917705894
vt 0.137136489 0.0894666314
vt 0.141257674 0.0919418335
vt 0.13885726 0.0875712633
vt 0.142489851 0.09008497
vt 0.141672194 0.086512804
vt 0.143630639 0.0883054733
vt 0.14497903 0.0900000334
vt 0.13478747 0.0878944993
vt 0.136424795 0.0858712196
vt 0.144150898 0.0910769701
vt 0.143278748 0.092875421
vt 0.134130418 0.0838664174
vt 0.131847173 0.0855462551
vt 0.0498259217 0.220967174
vt 0.0327521041 0.220967174
vt 0.0498259217 0.22299999
vt 0.0327521041 0.22299999
vt 0.0156782083 0.220967174
vt 0.0156782083 0.22299999
vt 0.0633870214 0.22299999
vt 0.0678051934 0.226595759
vt 0.0498259217 0.218053997
vt 0.0327521041 0.218054056
vt 0.0156782158 0.218054056
vt 0.0327521041 0.217000008
vt 0.0156782083 0.217000008
vt 0.0498259217 0.217000008
vt 0.0720774978 0.222000003
vt 0.0679132789 0.0904707313
vt 0.0679147094 0.217012823
vt 0.0668997914 0.215705812
vt 0.065456003 0.217676282
vt 0.0675833747 0.219804764
vt 0.0657055676 0.221584916
vt 0.0637071654 0.219566822
vt 0.0611822866 0.220967174
vt 0.0668999776 0.0917710066
vt 0.0621186681 0.212825298
vt 0.0621191114 0.0933785439
vt 0.0647437721 0.0895627141
vt 0.0609208196 0.0917402506
vt 0.0630902573 0.0876042247
vt 0.0596601442 0.089897275
vt 0.0603726059 0.086512804
vt 0.0585027747 0.0883054733
vt 0.0597287193 0.21235323
vt 0.0609323718 0.214747131
vt 0.0588215329 0.214225054
vt 0.0596907176 0.216601849
vt 0.0579626039 0.215997279
vt 0.0571547784 0.217000008
vt 0.0585257635 0.218054056
vt 0.0597287118 0.0943049192
vt 0.0571335144 0.0900000334
vt 0.0656625628 0.0859106183
vt 0.0674021095 0.0878447294
vt 0.0702817887 0.0855358839
vt 0.0679799989 0.0838730931
vt 0.413554728 0.222000003
vt 0.409390509 0.0904707313
vt 0.40939191 0.217012823
vt 0.408116668 0.215705812
vt 0.406762451 0.217683852
vt 0.409043849 0.219725609
vt 0.407159299 0.221586585
vt 0.405039281 0.219575346
vt 0.403121948 0.220967174
vt 0.408093482 0.0917710066
vt 0.403417975 0.0933787823
vt 0.403489649 0.212974548
vt 0.401169777 0.212517738
vt 0.400792122 0.0943079591
vt 0.402125388 0.0917577744
vt 0.399946868 0.0925582051
vt 0.400881469 0.0899008512
vt 0.399119049 0.0908446312
vt 0.398309112 0.0900000334
vt 0.39985171 0.0883054733
vt 0.40164414 0.086512804
vt 0.404638082 0.0875239968
vt 0.407115102 0.0859109163
vt 0.406275243 0.0894833207
vt 0.408849984 0.0878450871
vt 0.411751986 0.0855359435
vt 0.409447551 0.0838732123
vt 0.698632658 0.218053997
vt 0.681558847 0.218053997
vt 0.664484918 0.218053997
vt 0.681558847 0.217000008
vt 0.664484918 0.217000008
vt 0.698632658 0.217000008
vt 0.655879378 0.218053997
vt 0.652151585 0.220967174
vt 0.654774547 0.216577053
vt 0.650589228 0.219596744
vt 0.65355444 0.21467334
vt 0.648940086 0.217632473
vt 0.652191818 0.212877154
vt 0.647411108 0.215709507
vt 0.647411108 0.0917705894
vt 0.652191818 0.0933639407
vt 0.649133682 0.0893753767
vt 0.653638065 0.0918242335
vt 0.650882125 0.0874817967
vt 0.654868186 0.090007484
vt 0.653857172 0.086512804
vt 0.65585649 0.0883054733
vt 0.655053377 0.0944693685
vt 0.654929042 0.21188581
vt 0.657565653 0.0900000334
vt 0.647003353 0.0878884792
vt 0.64861989 0.0858708024
vt 0.656767666 0.0908498168
vt 0.646347046 0.0838668346
vt 0.645214856 0.085447073
vt 0.655929625 0.0926191807
vt 0.728711843 0.205884159
vt 0.765835762 0.193821788
vt 0.724140406 0.18684274
vt 0.76269424 0.180736482
vt 0.770985842 0.206254721
vt 0.736205816 0.223976016
vt 0.778016806 0.217728913
vt 0.746437669 0.240672946
vt 0.786756754 0.227961898
vt 0.759155273 0.255563557
vt 0.796989799 0.236701727
vt 0.774045944 0.268281341
vt 0.80846405 0.243733108
vt 0.790742517 0.278513193
vt 0.820896864 0.248882949
vt 0.808834434 0.286007047
vt 0.833982348 0.252024531
vt 0.827875972 0.290578544
vt 0.847398162 0.253080428
vt 0.847398162 0.292115092
vt 0.860813975 0.252024531
vt 0.866920233 0.290578544
vt 0.87389946 0.248882949
vt 0.885961652 0.286007047
vt 0.886332154 0.243733108
vt 0.904053688 0.278513193
vt 0.897806406 0.236701727
vt 0.920750499 0.268281341
vt 0.90803957 0.227961957
vt 0.93564105 0.255563557
vt 0.916779399 0.217728972
vt 0.948359013 0.240672946
vt 0.92381072 0.206254721
vt 0.958590746 0.223976016
vt 0.928960562 0.193821847
vt 0.966084719 0.205884218
vt 0.932102203 0.180736423
vt 0.970656157 0.18684274
vt 0.933157921 0.167320609
vt 0.972192764 0.167320609
vt 0.932102203 0.153904796
vt 0.970656157 0.147798538
vt 0.928960562 0.14081943
vt 0.966084719 0.12875706
vt 0.92381072 0.128386497
vt 0.958590746 0.110665143
vt 0.916779399 0.116912305
vt 0.948359013 0.0939683318
vt 0.90803957 0.10667932
vt 0.93564105 0.079077661
vt 0.897806406 0.0979395509
vt 0.920750499 0.0663598776
vt 0.886332154 0.0909081101
vt 0.904053688 0.0561280251
vt 0.87389946 0.0857582688
vt 0.885961652 0.0486341119
vt 0.860813975 0.0826166868
vt 0.866920233 0.044062674
vt 0.847398162 0.0815607905
vt 0.847398162 0.0425262451
vt 0.833982348 0.0826166868
vt 0.827875972 0.044062674
vt 0.820896864 0.0857582688
vt 0.808834672 0.0486341119
vt 0.80846405 0.0909081101
vt 0.790742755 0.0561280251
vt 0.796989799 0.0979395509
vt 0.774046183 0.0663598776
vt 0.786756992 0.10667932
vt 0.759155273 0.079077661
vt 0.778017044 0.116912246
vt 0.746437669 0.0939683318
vt 0.770985842 0.128386497
vt 0.736205816 0.110665143
vt 0.765836 0.140819371
vt 0.728712082 0.128757
vt 0.76269424 0.153904796
vt 0.724140406 0.147798419
vt 0.761638522 0.167320728
vt 0.722603798 0.167320609
vt 0.807381153 0.127303421
vt 0.814133644 0.121536076
vt 0.82170558 0.116896093
vt 0.82991004 0.113497615
vt 0.838545084 0.111424565
vt 0.847398162 0.110727787
vt 0.85625124 0.111424565
vt 0.864886403 0.113497615
vt 0.873090863 0.116896033
vt 0.88066268 0.121536076
vt 0.887415409 0.127303481
vt 0.893182755 0.134056211
vt 0.897822738 0.141628027
vt 0.901221156 0.149832487
vt 0.903294325 0.158467591
vt 0.903990984 0.167320609
vt 0.903294325 0.176173687
vt 0.901221156 0.184808731
vt 0.897822738 0.193013191
vt 0.893182755 0.200585067
vt 0.887415409 0.207337797
vt 0.88066268 0.213105142
vt 0.873090863 0.217745185
vt 0.864886403 0.221143603
vt 0.85625124 0.223216712
vt 0.847398162 0.223913491
vt 0.838545084 0.223216712
vt 0.82991004 0.221143603
vt 0.82170558 0.217745185
vt 0.814133644 0.213105142
vt 0.807380915 0.207337797
vt 0.801613569 0.200585067
vt 0.796973467 0.193013191
vt 0.793575168 0.184808671
vt 0.791501999 0.176173806
vt 0.790805459 0.167320848
vt 0.791502237 0.158467531
vt 0.793575168 0.149832428
vt 0.796973467 0.141628027
vt 0.801613569 0.134056151
vt 0.814858913 0.177893162
vt 0.813605547 0.172673047
vt 0.819718599 0.147210181
vt 0.823205352 0.143127799
vt 0.827287912 0.139641047
vt 0.831865311 0.136835933
vt 0.836825609 0.134781361
vt 0.842046022 0.133528054
vt 0.847398162 0.133106768
vt 0.852750182 0.133528054
vt 0.857970953 0.134781361
vt 0.862931013 0.136835873
vt 0.86750865 0.139641047
vt 0.871591091 0.143127799
vt 0.875077844 0.14721024
vt 0.877882957 0.151787877
vt 0.87993741 0.156747937
vt 0.881190777 0.16196841
vt 0.881611943 0.167320609
vt 0.881190777 0.172672868
vt 0.87993741 0.177893281
vt 0.877882957 0.182853341
vt 0.875077844 0.187430978
vt 0.871591091 0.191513419
vt 0.86750865 0.195000172
vt 0.862931013 0.197805345
vt 0.857970953 0.199859858
vt 0.852750182 0.201113224
vt 0.847398162 0.20153451
vt 0.842046022 0.201113224
vt 0.836825609 0.199859858
vt 0.831865311 0.197805345
vt 0.827287912 0.195000172
vt 0.823205352 0.191513419
vt 0.819718361 0.187430978
vt 0.816913486 0.18285346
vt 0.835626841 0.173318505
vt 0.834833384 0.171402812
vt 0.834349513 0.169387639
vt 0.836709976 0.175086021
vt 0.838056445 0.176662326
vt 0.83963275 0.178008795
vt 0.841400385 0.179091871
vt 0.843315482 0.179885268
vt 0.845331669 0.180369318
vt 0.847397923 0.180531919
vt 0.849464893 0.180369258
vt 0.851480722 0.179885268
vt 0.853395939 0.179091871
vt 0.855163574 0.178008735
vt 0.856739879 0.176662326
vt 0.858086228 0.175085962
vt 0.859169364 0.173318386
vt 0.859962702 0.17140311
vt 0.860446811 0.169387341
vt 0.860609651 0.167320609
vt 0.860446811 0.165253937
vt 0.859962702 0.163238168
vt 0.859169364 0.161322832
vt 0.858086228 0.159555316
vt 0.856739879 0.157978892
vt 0.855163574 0.156632423
vt 0.853395939 0.155549288
vt 0.851480722 0.154756069
vt 0.849464893 0.15427202
vt 0.847398162 0.154109359
vt 0.845331669 0.15427202
vt 0.843315482 0.15475595
vt 0.841400385 0.155549347
vt 0.83963275 0.156632483
vt 0.838056445 0.157978892
vt 0.836710215 0.159555137
vt 0.835627079 0.161322832
vt 0.816913486 0.151787877
vt 0.814858913 0.156747937
vt 0.813605547 0.16196835
vt 0.8131845 0.167320967
vt 0.834833622 0.163238168
vt 0.834349751 0.165253758
vt 0.834186912 0.167321086
vt 0.186427668 0.0514351726
vt 0.169353858 0.0477076173
vt 0.152280033 0.0477076173
vt 0.169353858 0.0445474982
vt 0.169353858 0.0424360037
vt 0.186427668 0.0445474982
vt 0.186427668 0.0424360037
vt 0.186427668 0.0477076173
vt 0.203501552 0.0445474982
vt 0.203501552 0.0424360037
vt 0.203501552 0.0477076173
vt 0.220575407 0.0445474982
vt 0.220575407 0.0424360037
vt 0.220575407 0.0477076173
vt 0.237649262 0.0445474982
vt 0.237649262 0.0424360037
vt 0.237649262 0.0477076173
vt 0.254723132 0.0445474982
vt 0.254723132 0.0424360037
vt 0.254723132 0.0477076173
vt 0.271797061 0.0445474982
vt 0.271797061 0.0424360037
vt 0.271797061 0.0477076173
vt 0.288870871 0.0445474982
vt 0.288870871 0.0424360037
vt 0.288870871 0.0477076173
vt 0.305944741 0.0445474982
vt 0.305944741 0.0424360037
vt 0.305944741 0.0477076173
vt 0.32301861 0.0445474982
vt 0.32301861 0.0424360037
vt 0.32301861 0.0477076173
vt 0.340092421 0.0445474982
vt 0.340092421 0.0424360037
vt 0.340092421 0.0477076173
vt 0.35716635 0.0445474982
vt 0.35716635 0.0424360037
vt 0.35716635 0.0514351726
vt 0.35716635 0.0477076173
vt 0.37424016 0.0445474982
vt 0.37424016 0.0424360037
vt 0.37424016 0.0477076173
vt 0.39131403 0.0445474982
vt 0.39131403 0.0424360037
vt 0.39131403 0.0477076173
vt 0.408387899 0.0445474982
vt 0.408387899 0.0424360037
vt 0.408387899 0.0477076173
vt 0.425461709 0.0445474982
vt 0.425461709 0.0424360037
vt 0.425461709 0.0477076173
vt 0.442535639 0.0445474982
vt 0.442535639 0.0424360037
vt 0.442535639 0.0477076173
vt 0.459609509 0.0445474982
vt 0.459609509 0.0424360037
vt 0.459609509 0.0477076173
vt 0.476683378 0.0445474982
vt 0.476683378 0.0424360037
vt 0.476683378 0.0477076173
vt 0.493757308 0.0445474982
vt 0.493757308 0.0424360037
vt 0.493757308 0.0477076173
vt 0.510830998 0.0445474982
vt 0.510830998 0.0424360037
vt 0.510830998 0.0477076173
vt 0.527904987 0.0445474982
vt 0.527904987 0.0424360037
vt 0.527904868 0.0514351726
vt 0.527904868 0.0477076173
vt 0.717527151 0.209518135
vt 0.712525368 0.188682318
vt 0.725727558 0.229314864
vt 0.736923695 0.247585118
vt 0.750839829 0.263879001
vt 0.767133594 0.277795255
vt 0.785403728 0.288991272
vt 0.805200577 0.297191322
vt 0.826036334 0.302193582
vt 0.847398162 0.30387485
vt 0.868759871 0.302193582
vt 0.889595747 0.297191381
vt 0.909392357 0.288991332
vt 0.927662849 0.277795315
vt 0.943956614 0.263879001
vt 0.957872868 0.247585177
vt 0.969068766 0.229314923
vt 0.977268934 0.209518194
vt 0.982271194 0.188682377
vt 0.983952522 0.167320609
vt 0.982271194 0.145958841
vt 0.977268934 0.125123084
vt 0.969068766 0.105326295
vt 0.957872868 0.0870561004
vt 0.943956614 0.070762217
vt 0.927662849 0.056845963
vt 0.909392357 0.0456499457
vt 0.889595747 0.0374498963
vt 0.868759871 0.0324476361
vt 0.847398162 0.0307664275
vt 0.826036334 0.0324476361
vt 0.805200577 0.0374498963
vt 0.785403728 0.0456499457
vt 0.767133594 0.0568459034
vt 0.750839829 0.070762217
vt 0.736923695 0.0870561004
vt 0.725727558 0.105326295
vt 0.71752739 0.125123084
vt 0.712525368 0.145958781
vt 0.71084404 0.167320609
vt 0.747658491 0.0675806403
vt 0.764488935 0.0532058477
vt 0.783361316 0.0416409373
vt 0.80381012 0.0331707001
vt 0.825332522 0.028003633
vt 0.847398162 0.0262669921
vt 0.869463921 0.028003633
vt 0.890986204 0.0331707001
vt 0.911435366 0.0416409373
vt 0.930307388 0.0532059073
vt 0.947138071 0.0675806999
vt 0.961512804 0.0844114423
vt 0.973077536 0.103283644
vt 0.981548071 0.123732686
vt 0.986715078 0.14525497
vt 0.988451719 0.167320609
vt 0.986715078 0.189386249
vt 0.981548071 0.210908592
vt 0.973077536 0.231357574
vt 0.961512804 0.250229836
vt 0.947138071 0.267060578
vt 0.930307388 0.28143543
vt 0.911435127 0.293000281
vt 0.890986204 0.301470518
vt 0.869463921 0.306637645
vt 0.847398162 0.308374226
vt 0.825332522 0.306637645
vt 0.80381012 0.301470518
vt 0.783361316 0.293000281
vt 0.764488935 0.281435311
vt 0.747658253 0.267060518
vt 0.733283758 0.250229836
vt 0.721718431 0.231357574
vt 0.713248134 0.210908532
vt 0.708081365 0.189386189
vt 0.706344724 0.167320609
vt 0.708081365 0.14525497
vt 0.713248372 0.123732686
vt 0.721718669 0.103283644
vt 0.733283758 0.0844113827
vt 0.309462488 0.22299999
vt 0.311388135 0.220967174
vt 0.309278309 0.219614863
vt 0.307215512 0.221538424
vt 0.307644993 0.217648447
vt 0.30515787 0.219692945
vt 0.303225338 0.221934557
vt 0.304878652 0.223590851
vt 0.24281615 0.222000003
vt 0.238651931 0.0904707313
vt 0.238653332 0.217012823
vt 0.237379521 0.21568197
vt 0.236026049 0.217679501
vt 0.238461018 0.219730496
vt 0.236425966 0.221585631
vt 0.234303772 0.21957171
vt 0.232059553 0.220949292
vt 0.237354547 0.0917700529
vt 0.232679009 0.0933849812
vt 0.232755452 0.213052869
vt 0.230439246 0.212686419
vt 0.230053321 0.0943151712
vt 0.231434539 0.0917443037
vt 0.229203418 0.0925555229
vt 0.230193377 0.0898992419
vt 0.22837247 0.0908352137
vt 0.227560923 0.0900000334
vt 0.229110822 0.0883054733
vt 0.231230065 0.086512804
vt 0.233905837 0.0876042843
vt 0.23637788 0.0859100819
vt 0.235542595 0.0895626545
vt 0.238112733 0.087844789
vt 0.239858925 0.0854352117
vt 0.238707706 0.0838708282
vt 0.138726518 0.22299999
vt 0.140541986 0.220967233
vt 0.138512343 0.219609678
vt 0.136473969 0.22153759
vt 0.136876017 0.21764487
vt 0.134576917 0.219692051
vt 0.132671088 0.222029209
vt 0.13414067 0.223592639
vt 0.650371075 0.22299999
vt 0.648672223 0.221533656
vt 0.646770298 0.219446242
vt 0.644777358 0.221933663
vt 0.646347463 0.223589242
vt 0.584293485 0.222000003
vt 0.580129206 0.0904710889
vt 0.580130696 0.217012823
vt 0.578855217 0.215705812
vt 0.577498674 0.217688441
vt 0.579863191 0.219889283
vt 0.57789737 0.221587718
vt 0.575774491 0.219580948
vt 0.574185371 0.220967174
vt 0.578832209 0.0917710066
vt 0.574156702 0.0933769941
vt 0.574228227 0.212961793
vt 0.571908832 0.212721825
vt 0.571530342 0.0941889286
vt 0.572880268 0.0917313695
vt 0.570693612 0.0925130844
vt 0.569857776 0.0908389091
vt 0.571621001 0.0898752809
vt 0.569022775 0.0900000334
vt 0.570591092 0.0883054733
vt 0.572545171 0.086512804
vt 0.575458467 0.0876017213
vt 0.577853501 0.0859094858
vt 0.577096701 0.089561224
vt 0.579589009 0.0878445506
vt 0.581335723 0.0854350924
vt 0.58018446 0.0838706493
vt 0.229169577 0.218100786
vt 0.227845967 0.217000008
vt 0.230289787 0.216744602
vt 0.231532693 0.214954019
vt 0.228692576 0.216056108
vt 0.229557127 0.214388251
vt 0.399898201 0.218053997
vt 0.398629367 0.217000008
vt 0.401008934 0.216694474
vt 0.402246237 0.214868605
vt 0.39943698 0.216061592
vt 0.40028438 0.214328527
vt 0.570646822 0.218053997
vt 0.569363892 0.217000008
vt 0.57171917 0.216742933
vt 0.572968125 0.214912057
vt 0.570193529 0.216108799
vt 0.571042001 0.214433432
vt 0.657419562 0.217000008
vt 0.65668112 0.216009259
vt 0.655847728 0.214047849
vt 0.0588467047 0.0925587416
vt 0.0579815283 0.0908459425
vt 0.484695733 0.0924808979
vt 0.409465998 0.223600686
vt 0.411262333 0.221925557
vt 0.238721713 0.223599195
vt 0.240010992 0.222018898
vt 0.0679967701 0.22360003
vt 0.0696265996 0.221925139
vt 0.580204546 0.223601103
vt 0.582000911 0.221925855
vt 0.475609988 0.0838627219
vt 0.474474221 0.0854406953
vn 0.98768872 0.156432167 0
vn 0.987688601 0.156429902 0.000944578671
vn 0.9510566 0.309016824 0
vn 0.951056838 0.309014708 0.000944640487
vn 0.891006589 0.453990459 0
vn 0.891007185 0.453988254 0.000944679254
vn 0.809017181 0.587785006 0
vn 0.809017897 0.587783337 0.000944703235
vn 0.707106829 0.707106769 1.00627538e-07
vn 0.707108378 0.707104623 0.000944684318
vn 0.587785184 0.809017062 1.12814206e-07
vn 0.587786794 0.809015334 0.000944706087
vn 0.453991055 0.891006231 1.27607592e-07
vn 0.453992009 0.891005278 0.000944757019
vn 0.30901739 0.951056361 1.44979083e-07
vn 0.309019357 0.951055288 0.000944769359
vn 0.156434178 0.987688422 1.5998549e-07
vn 0.156436324 0.987687647 0.000944763888
vn -6.34165474e-07 1 1.70635175e-07
vn 2.24360838e-06 0.999999642 0.000944769941
vn 0.806317449 0.585603952 0.0831881464
vn 0.888000429 0.452255428 0.0831882879
vn 0.947815537 0.30777511 0.0831877366
vn 0.984292984 0.155714244 0.0831894428
vn 0.999999642 -4.45783098e-06 0.000944542582
vn 1 -2.11967745e-06 0
vn 0.987687647 -0.156436011 0.000944501779
vn 0.987688422 -0.156434238 0
vn 0.951055586 -0.309018552 0.000944492524
vn 0.9510566 -0.309016883 -1.13416284e-07
vn 0.891005158 -0.453992218 0.000944465923
vn 0.891006649 -0.45399031 -1.37289774e-07
vn 0.809015274 -0.587786853 0.000944446132
vn 0.809017181 -0.587785006 -1.36105044e-07
vn 0.707105279 -0.707107663 0.000944447645
vn 0.707107246 -0.707106411 -1.59455666e-07
vn 0.587783694 -0.809017599 0.000944448228
vn 0.587785363 -0.809017003 -1.72857483e-07
vn 0.453988045 -0.891007304 0.000944447936
vn 0.453990191 -0.891006708 -1.76863665e-07
vn 0.309014261 -0.951056957 0.00094443257
vn 0.309017509 -0.951056361 -1.79899089e-07
vn 0.156431526 -0.987688363 0.00094443385
vn 0.156434745 -0.987688363 -1.77194167e-07
vn -2.22748804e-06 -0.999999642 0.000944435014
vn -0 -1 -1.70772395e-07
vn -0.156436384 -0.987687588 0.000944448868
vn -0.156433657 -0.987688482 -1.60160795e-07
vn -0.309019864 -0.951055169 0.000944489555
vn -0.309016496 -0.951056719 -1.44978316e-07
vn -0.45399195 -0.891005278 0.000944496947
vn -0.453991175 -0.891006231 -1.2760664e-07
vn -0.587786436 -0.809015572 0.000944522966
vn -0.587785542 -0.809016824 -1.13084141e-07
vn -0.7071082 -0.707104802 0.000944523723
vn -0.707106352 -0.707107306 0
vn -0.809018016 -0.587783158 0.000944523839
vn -0.809016824 -0.587785542 0
vn -0.891007245 -0.453988194 0.0009445654
vn -0.891006589 -0.4539904 0
vn -0.951056719 -0.309015065 0.000944601838
vn -0.95105654 -0.309017092 0
vn -0.987688243 -0.156432316 0.000944675179
vn -0.987688363 -0.156434551 0
vn -0.999999642 2.11980591e-06 0.000944611966
vn -1 -0 1.25352244e-07
vn -0.987687588 0.156436414 0.000944654748
vn -0.987688363 0.156434506 0
vn -0.951055467 0.30901894 0.000944737636
vn -0.95105654 0.309017062 0
vn -0.891005218 0.453992128 0.00094478298
vn -0.891006529 0.453990489 1.20179251e-07
vn -0.809015393 0.587786734 0.000944815285
vn -0.809016824 0.587785482 1.35562985e-07
vn -0.707104981 0.707107961 0.000944795785
vn -0.707106292 0.707107365 1.69095202e-07
vn -0.587783694 0.809017599 0.00094480667
vn -0.587784648 0.809017479 1.72586823e-07
vn -0.453988731 0.891006947 0.00094479695
vn -0.453990191 0.891006708 1.85961298e-07
vn -0.309014916 0.951056719 0.000944810279
vn -0.309016943 0.95105654 1.79899615e-07
vn -0.15643172 0.987688363 0.000944783853
vn -0.1564347 0.987688363 1.77194835e-07
vn 2.24360838e-06 0.999999642 0.000944769941
vn -6.34165474e-07 1 1.70635175e-07
vn -0.155716226 0.984292746 0.0831883401
vn 0.000178711445 0.99653393 0.0831873268
vn -0.153919324 0.974073529 0.165800005
vn 0.000354849413 0.986159682 0.165798068
vn -0.151059642 0.957105875 0.247243583
vn 0.000525578507 0.968953788 0.247241482
vn -0.147160351 0.933515251 0.326945215
vn 0.000687668507 0.945044518 0.326941103
vn -0.142249718 0.903475523 0.404347688
vn 0.0008385572 0.914606392 0.404344618
vn -0.136367679 0.867202342 0.478919595
vn 0.000974212773 0.877859414 0.47891745
vn -0.129557297 0.824949324 0.550157845
vn 0.00109404314 0.835062206 0.550154507
vn -0.12186709 0.77700448 0.617586076
vn 0.00119318836 0.786506593 0.617580771
vn -0.116193771 0.728174031 0.675471425
vn -0.000836003281 0.737388074 0.675468922
vn -0.228653029 0.701034784 0.675476134
vn -0.241900459 0.74837935 0.617586136
vn -0.257001102 0.794526696 0.5501616
vn -0.270341992 0.835193813 0.478922248
vn -0.281828493 0.870100498 0.404348761
vn -0.291378289 0.899002314 0.326945901
vn -0.298921376 0.921691895 0.247244909
vn -0.304402024 0.938003063 0.165800035
vn -0.307775855 0.947815299 0.0831884071
vn -0.335492164 0.656641364 0.675475538
vn -0.355988711 0.70132792 0.617585063
vn -0.378123492 0.74454689 0.550156832
vn -0.397661299 0.782624602 0.478919834
vn -0.414469242 0.815302134 0.404348433
vn -0.428424954 0.842353404 0.326944649
vn -0.439424664 0.863583803 0.247242883
vn -0.447388172 0.878837228 0.165798202
vn -0.452254474 0.888001025 0.0831873938
vn -0.43409726 0.596067667 0.675472438
vn -0.461329669 0.636997104 0.617583692
vn -0.489949524 0.676222265 0.550157249
vn -0.515202403 0.710776985 0.478918135
vn -0.536911488 0.740426779 0.404344261
vn -0.55492425 0.764962614 0.326942563
vn -0.569109321 0.784210384 0.247242078
vn -0.57936269 0.798028648 0.165798694
vn -0.585604012 0.806317389 0.083188355
vn -0.522007108 0.52081269 0.67547226
vn -0.555301666 0.556981802 0.617585182
vn -0.589703798 0.591248333 0.550158918
vn -0.620051146 0.621426702 0.478921086
vn -0.646133006 0.64731282 0.404349208
vn -0.667761087 0.66873157 0.326945335
vn -0.684781849 0.685525119 0.247243315
vn -0.697068274 0.697571874 0.165799275
vn -0.704528451 0.704783261 0.083188355
vn -0.5970397 0.43275395 0.675475836
vn -0.635586023 0.463266134 0.617587984
vn -0.674928665 0.491725087 0.550161541
vn -0.709624708 0.516784787 0.47892195
vn -0.73943454 0.538273513 0.404349208
vn -0.764149308 0.55604136 0.326946408
vn -0.783590019 0.569962084 0.24724485
vn -0.797611356 0.579936683 0.165800124
vn -0.806108057 0.585892022 0.0831886232
vn -0.657385468 0.334031522 0.675475597
vn -0.700233698 0.358136266 0.617585063
vn -0.743544936 0.380089104 0.550157487
vn -0.78173244 0.399412096 0.478920072
vn -0.814535975 0.415973604 0.404347807
vn -0.841725707 0.429657251 0.326944411
vn -0.863104105 0.44036597 0.247243166
vn -0.878513217 0.448023707 0.165798977
vn -0.887836635 0.452576995 0.0831882134
vn -0.701548994 0.227077395 0.675473809
vn -0.747638285 0.244184151 0.617584884
vn -0.793849051 0.259092927 0.550158739
vn -0.834589839 0.272203356 0.478920907
vn -0.869580567 0.283428937 0.404348493
vn -0.898575962 0.292690814 0.326945513
vn -0.921366453 0.299924463 0.247243166
vn -0.93778336 0.305079043 0.165798828
vn -0.947704256 0.308117509 0.0831883848
vn -0.728433073 0.114547729 0.675473332
vn -0.776632667 0.124230765 0.617582798
vn -0.824605823 0.131725445 0.550157905
vn -0.866896331 0.138298944 0.478919864
vn -0.903213143 0.143910587 0.404346168
vn -0.933300376 0.148520693 0.326943427
vn -0.956941366 0.152099192 0.247242868
vn -0.973962545 0.154621154 0.165798828
vn -0.984236896 0.156069651 0.0831868425
vn -0.737386584 -0.000835709157 0.675470531
vn -0.786506891 0.00119267963 0.617580354
vn -0.835062623 0.00109388784 0.550153792
vn -0.877860069 0.000975750212 0.478916228
vn -0.914606154 0.000838363019 0.404345065
vn -0.9450441 0.000687626016 0.326942265
vn -0.968953729 0.000526000047 0.247241527
vn -0.986159623 0.000354798423 0.165798709
vn -0.99653393 0.000178554707 0.0831876248
vn -0.728175402 -0.116181508 0.675472081
vn -0.777007222 -0.121859476 0.617584109
vn -0.824950099 -0.129551485 0.550158024
vn -0.867202878 -0.136363402 0.478919894
vn -0.903475821 -0.142248809 0.40434739
vn -0.933516145 -0.147157013 0.326944143
vn -0.957106352 -0.151057243 0.247243166
vn -0.974073648 -0.153918684 0.165799826
vn -0.984292746 -0.15571557 0.0831893757
vn -0.701041996 -0.228638366 0.67547375
vn -0.748384535 -0.241893023 0.617582679
vn -0.794531822 -0.256993413 0.550157845
vn -0.83519721 -0.27033636 0.478919536
vn -0.870102346 -0.281823665 0.404347926
vn -0.899003625 -0.291376054 0.326944292
vn -0.92169255 -0.298921525 0.247242525
vn -0.9380036 -0.30440104 0.165799007
vn -0.947815418 -0.307775527 0.0831875429
vn -0.656645715 -0.335494578 0.675470114
vn -0.701332808 -0.355988801 0.617579341
vn -0.744548976 -0.378125191 0.550152957
vn -0.782625675 -0.397664875 0.478915244
vn -0.815303683 -0.414471298 0.404343247
vn -0.842354655 -0.428425729 0.326940626
vn -0.863583982 -0.439425468 0.247240797
vn -0.878836751 -0.447389394 0.165797368
vn -0.888000667 -0.452255189 0.0831872746
vn -0.596073329 -0.434097111 0.675467551
vn -0.637003839 -0.461329609 0.617576838
vn -0.676227272 -0.489949465 0.550151169
vn -0.710780263 -0.515201211 0.478914618
vn -0.740427613 -0.536911488 0.40434286
vn -0.764963746 -0.554924071 0.326940179
vn -0.784210324 -0.569110632 0.247239456
vn -0.798029721 -0.579361558 0.165797442
vn -0.806318223 -0.585603058 0.083186999
vn -0.520816684 -0.522010028 0.675466895
vn -0.556985378 -0.555305243 0.617578745
vn -0.591251194 -0.589706242 0.550153315
vn -0.621429086 -0.620052993 0.478915721
vn -0.647316456 -0.646132827 0.404343665
vn -0.668733001 -0.66776216 0.326940358
vn -0.68552506 -0.68478322 0.247239634
vn -0.697572052 -0.697068512 0.165797412
vn -0.704781234 -0.704530716 0.0831865892
vn -0.432735384 -0.597060621 0.675469339
vn -0.463252962 -0.635600269 0.617583275
vn -0.491715193 -0.674938917 0.550157905
vn -0.51677686 -0.709631801 0.478920072
vn -0.538267016 -0.73944068 0.404346675
vn -0.556037962 -0.764152586 0.32694453
vn -0.569961369 -0.783591032 0.247243211
vn -0.579936743 -0.797611535 0.165798739
vn -0.585892975 -0.806107461 0.0831877962
vn -0.334019154 -0.657392859 0.675474584
vn -0.358130395 -0.700235188 0.617586732
vn -0.380084813 -0.743545234 0.550159991
vn -0.399408251 -0.78173393 0.478920877
vn -0.415969998 -0.814537466 0.404348582
vn -0.429653406 -0.841727316 0.326945245
vn -0.440363914 -0.863105118 0.24724333
vn -0.448024094 -0.878512919 0.165799618
vn -0.452575713 -0.887837291 0.0831880271
vn -0.227076262 -0.701547325 0.675476015
vn -0.244184718 -0.747636855 0.617586374
vn -0.259092867 -0.793848932 0.550158918
vn -0.272203475 -0.834590316 0.478919983
vn -0.283429176 -0.869580388 0.404348701
vn -0.292691857 -0.898575485 0.326945961
vn -0.299924731 -0.921366394 0.24724324
vn -0.30507946 -0.937783062 0.165799588
vn -0.308117896 -0.947704077 0.083188951
vn -0.114545494 -0.728431642 0.67547518
vn -0.124231048 -0.776631176 0.617584586
vn -0.131725267 -0.824606597 0.550156713
vn -0.138299242 -0.866896272 0.478919834
vn -0.143910825 -0.903211534 0.404349685
vn -0.148521036 -0.93329972 0.326945245
vn -0.15209946 -0.956941307 0.247243002
vn -0.154621407 -0.973962426 0.16579926
vn -0.156068951 -0.984236896 0.0831877142
vn 0.000815418665 -0.737385094 0.675472081
vn -0.00120825961 -0.786506534 0.617580831
vn -0.00110564358 -0.835062087 0.550154626
vn -0.000982714235 -0.877860367 0.478915721
vn -0.000844065333 -0.91460681 0.404343605
vn -0.00069099653 -0.945044756 0.326940328
vn -0.000527892436 -0.968953967 0.247240692
vn -0.000356471573 -0.986159682 0.165798098
vn -0.00017914403 -0.99653393 0.0831873491
vn 0.116174102 -0.728180051 0.675468266
vn 0.121853076 -0.777013063 0.61757803
vn 0.129547685 -0.824954391 0.550152481
vn 0.136361182 -0.86720556 0.478915572
vn 0.142245457 -0.90347749 0.404344767
vn 0.147156462 -0.933517396 0.326940775
vn 0.151057273 -0.957107067 0.247240245
vn 0.153918087 -0.974074185 0.165797308
vn 0.15571557 -0.984292924 0.0831871927
vn 0.228665233 -0.701038003 0.675468743
vn 0.241912201 -0.748380423 0.617580175
vn 0.257009089 -0.794530272 0.550152659
vn 0.270346582 -0.835196316 0.478915364
vn 0.281832367 -0.870101035 0.404344916
vn 0.291381836 -0.899002552 0.326942176
vn 0.298924327 -0.921691895 0.247241452
vn 0.30440256 -0.938003302 0.165797934
vn 0.30777505 -0.947815597 0.0831873193
vn 0.335521042 -0.656632662 0.675469697
vn 0.356008172 -0.701320052 0.617582738
vn 0.378139079 -0.744537473 0.550158978
vn 0.397673309 -0.782618701 0.478919536
vn 0.414475203 -0.815300822 0.404344976
vn 0.428429067 -0.842351735 0.326943606
vn 0.43942827 -0.863581777 0.247243464
vn 0.447390705 -0.878835797 0.165798917
vn 0.452258706 -0.88799876 0.0831880495
vn 0.434091687 -0.596070588 0.675473392
vn 0.46132049 -0.637003899 0.617583573
vn 0.489943922 -0.676225722 0.550157964
vn 0.515198588 -0.710777879 0.478920877
vn 0.536909997 -0.740425885 0.404347837
vn 0.554925084 -0.764960647 0.326945722
vn 0.569109619 -0.784209788 0.247243464
vn 0.579361022 -0.798029959 0.165798217
vn 0.585600853 -0.806319773 0.0831875876
vn 0.521989942 -0.520829022 0.675472975
vn 0.555291772 -0.556996882 0.617580354
vn 0.589697599 -0.591258049 0.550155103
vn 0.620046675 -0.621433675 0.478917956
vn 0.646127999 -0.647320867 0.40434432
vn 0.667759299 -0.668734431 0.326943278
vn 0.684780359 -0.685526967 0.247242048
vn 0.697068155 -0.697572291 0.165797994
vn 0.704529881 -0.70478189 0.083187744
vn 0.597051263 -0.432746857 0.675470293
vn 0.635596395 -0.46326229 0.617580295
vn 0.674935699 -0.491722345 0.550155461
vn 0.709630132 -0.516781509 0.478917599
vn 0.739439011 -0.538270891 0.40434438
vn 0.764151931 -0.55603981 0.32694295
vn 0.783590853 -0.569961905 0.247242495
vn 0.797611773 -0.579936683 0.165798038
vn 0.806107938 -0.585892379 0.0831878111
vn 0.65739572 -0.334019303 0.675471663
vn 0.700239182 -0.358129889 0.6175825
vn 0.74354744 -0.380084455 0.550157249
vn 0.78173542 -0.399407983 0.478918642
vn 0.81453836 -0.415971488 0.404345155
vn 0.841727078 -0.429654866 0.326943934
vn 0.863105178 -0.440363705 0.247243345
vn 0.878513098 -0.448024064 0.165798604
vn 0.887836397 -0.452577472 0.0831877887
vn 0.701549292 -0.227080047 0.675472617
vn 0.747638404 -0.244190261 0.61758244
vn 0.793848455 -0.259097487 0.550157368
vn 0.834589601 -0.272206515 0.478919476
vn 0.869580925 -0.283430755 0.404346406
vn 0.898576319 -0.292691678 0.326943666
vn 0.921366692 -0.299924731 0.247242078
vn 0.93778342 -0.305078894 0.165798739
vn 0.947704554 -0.308116764 0.0831875205
vn 0.72843349 -0.114561439 0.675470531
vn 0.776634634 -0.124243081 0.617577791
vn 0.824608326 -0.131734356 0.550152004
vn 0.866897583 -0.13830547 0.478915662
vn 0.903213084 -0.143915221 0.404344559
vn 0.933300436 -0.148524031 0.326941788
vn 0.956941903 -0.152100742 0.247239962
vn 0.973962903 -0.154621989 0.165796369
vn 0.984236896 -0.156069219 0.0831872225
vn 0.737393022 0.000858269748 0.675463378
vn 0.786511362 -0.00117009215 0.617574692
vn 0.728172183 0.116205141 0.675471485
vn 0.777001023 0.121871643 0.617589474
vn 0.835065901 -0.00107771019 0.550148904
vn 0.824944675 0.129560143 0.550164044
vn 0.877862632 -0.000964998326 0.478911608
vn 0.867198944 0.136370316 0.47892496
vn 0.914608419 -0.000830732693 0.40433988
vn 0.903473675 0.14225091 0.404351383
vn 0.945045769 -0.000683085411 0.326937437
vn 0.933514357 0.147158012 0.326948792
vn 0.968954563 -0.000523683324 0.247238427
vn 0.957105756 0.151057661 0.247245118
vn 0.9861601 -0.000354874734 0.165795892
vn 0.974073648 0.153917894 0.165800542
vn 0.99653393 -0.000179949682 0.0831874311
vn 0.748383105 0.241890341 0.61758548
vn 0.794530809 0.256992668 0.550159693
vn 0.835196555 0.270334989 0.478921473
vn 0.87010175 0.28182289 0.404349893
vn 0.899003744 0.291374266 0.326945513
vn 0.921693206 0.29891929 0.247242659
vn 0.93800354 0.304401338 0.165798604
vn 0.701323569 0.356001139 0.617582858
vn 0.656636 0.335506052 0.675473869
vn 0.701039553 0.22862941 0.675479174
vn 0.74454242 0.37812981 0.55015862
vn 0.782620728 0.397668004 0.478920639
vn 0.815300226 0.4144741 0.40434736
vn 0.842352271 0.428427845 0.326943934
vn 0.86358279 0.43942678 0.247242749
vn 0.878836393 0.447389483 0.165798917
vn 0.596061766 0.434102029 0.675474584
vn 0.636994481 0.461330742 0.617585659
vn 0.676218629 0.489952534 0.550158978
vn 0.710773885 0.515203953 0.478921145
vn 0.740424693 0.536910832 0.40434891
vn 0.764960527 0.554924786 0.326946408
vn 0.784208238 0.569111586 0.247243762
vn 0.798028171 0.579363346 0.165798545
vn 0.520824015 0.521990955 0.675476015
vn 0.556991518 0.555291593 0.617585421
vn 0.591255188 0.589694858 0.550161242
vn 0.621431708 0.62004602 0.478921324
vn 0.647318423 0.646128178 0.404347956
vn 0.668734133 0.667758644 0.326945126
vn 0.685526371 0.6847803 0.247243896
vn 0.697571397 0.697068572 0.165799797
vn 0.704781711 0.704530001 0.0831885412
vn 0.43276152 0.597036362 0.675473928
vn 0.463273674 0.635584772 0.617583692
vn 0.491730362 0.674928308 0.550157368
vn 0.516786933 0.709625423 0.478918612
vn 0.53827554 0.739434302 0.404346973
vn 0.556042612 0.764149368 0.326944143
vn 0.569964349 0.783588767 0.247243524
vn 0.579939604 0.797609389 0.165799335
vn 0.585893333 0.806107223 0.0831877291
vn 0.33401823 0.657396853 0.675471127
vn 0.358127177 0.700241446 0.617581546
vn 0.38008374 0.743548155 0.550156891
vn 0.399407715 0.781735539 0.478918701
vn 0.415968657 0.814539969 0.404344827
vn 0.429652542 0.841728628 0.326942921
vn 0.440363556 0.863105536 0.247242287
vn 0.448023707 0.878513396 0.165798098
vn 0.452577353 0.887836456 0.0831875578
vn 0.22706522 0.701553524 0.675473213
vn 0.244177461 0.747641742 0.617583454
vn 0.259089381 0.793848217 0.5501616
vn 0.27220127 0.834589958 0.478921831
vn 0.28342706 0.869581401 0.404348075
vn 0.292689145 0.898576558 0.326945364
vn 0.299923033 0.921366632 0.247244403
vn 0.305078179 0.93778348 0.165799484
vn 0.308117509 0.947704256 0.0831883475
vn 0.114550255 0.728431463 0.675474524
vn 0.124234013 0.776631773 0.617583275
vn 0.131727964 0.824605644 0.550157607
vn 0.138300702 0.866896868 0.478918314
vn 0.143911839 0.903212547 0.404347062
vn 0.148522466 0.933299899 0.326944113
vn 0.152100384 0.956941068 0.247243449
vn 0.154622152 0.973962307 0.16579935
vn 0.156070054 0.984236777 0.0831876025
vn -0.000836003281 0.737388074 0.675468922
vn 0.00119318836 0.786506593 0.617580771
vn 0.00109404314 0.835062206 0.550154507
vn 0.000974212773 0.877859414 0.47891745
vn 0.0008385572 0.914606392 0.404344618
vn 0.000687668507 0.945044518 0.326941103
vn 0.000525578507 0.968953788 0.247241482
vn 0.000354849413 0.986159682 0.165798068
vn 0.000178711445 0.99653393 0.0831873268
vn 0.114052981 0.73247087 0.671176851
vn 0.227171168 0.705626965 0.671181023
vn 0.334756613 0.661402166 0.671182036
vn 0.434144527 0.600865424 0.671177566
vn 0.522780061 0.525564492 0.671180308
vn 0.598539889 0.437338054 0.671182096
vn 0.659594297 0.338306516 0.671181083
vn 0.704411805 0.230913445 0.671180367
vn 0.731840074 0.118003428 0.671182096
vn 0.74128902 0.0020534161 0.671182811
vn 0.732474923 -0.114073835 0.671168923
vn 0.705619931 -0.227206796 0.671176374
vn 0.661401093 -0.334764302 0.671179235
vn 0.600890994 -0.434107214 0.671178818
vn 0.525556266 -0.522792518 0.67117703
vn 0.437315464 -0.598560393 0.671178639
vn 0.338333458 -0.659580946 0.671180725
vn 0.230974331 -0.7043944 0.671177685
vn 0.117919959 -0.731859922 0.671175122
vn 0.00194441259 -0.741296053 0.67117542
vn -0.114040166 -0.732473612 0.671176076
vn -0.22719413 -0.705619156 0.67118144
vn -0.334763348 -0.661399364 0.671181381
vn -0.434078693 -0.600907087 0.671182811
vn -0.522757888 -0.525591671 0.671176255
vn -0.598562837 -0.437322468 0.671171844
vn -0.659614325 -0.338280082 0.671174824
vn -0.704413474 -0.230921462 0.671175778
vn -0.731852055 -0.117945328 0.671179235
vn -0.74129194 -0.00199139817 0.671179831
vn -0.732473254 0.114039533 0.671176612
vn -0.70562166 0.22719045 0.671180069
vn -0.661386251 0.334788948 0.6711815
vn -0.60087651 0.434123755 0.671181142
vn -0.525594294 0.522746801 0.671182871
vn -0.437323362 0.598552942 0.671180129
vn -0.338274598 0.659614503 0.671177447
vn -0.230952069 0.704398453 0.671181083
vn -0.117964536 0.731844783 0.671183765
vn -0.00198980002 0.741291523 0.671180367
vn -0.135942623 0.864162803 0.484502196
vn 0.000962243008 0.874789238 0.484502792
vn -0.150959209 0.956292391 0.250432163
vn 0.000552655314 0.968133748 0.250433058
vn -0.156483129 0.987637877 0.00919706188
vn 2.71830118e-06 0.99995774 0.00919720437
vn -1.9830557e-05 1 0
vn -0.156512529 0.987676024 0
vn -0.308976114 0.951025367 0.00919712055
vn -0.309010267 0.951058745 0
vn -0.453901559 0.891004443 0.00919713266
vn -0.453939825 0.891032398 0
vn -0.587745607 0.808993578 0.00919718482
vn -0.587788224 0.809014916 0
vn -0.707100213 0.707053602 0.00919707771
vn -0.707145631 0.707067966 0
vn -0.808958411 0.587793946 0.00919708889
vn -0.809005678 0.58780092 0
vn -0.890945613 0.454016954 0.00919711124
vn -0.890993357 0.454016417 0
vn -0.951007307 0.309031844 0.00919704139
vn -0.951054335 0.309023798 0
vn -0.987634063 0.156507269 0.00919701811
vn -0.987679243 0.156492189 0
vn -0.99995774 2.50697713e-06 0.00919718388
vn -1 -1.95550983e-05 0
vn -0.987644136 -0.156443417 0.00919700786
vn -0.987682402 -0.156472072 0
vn -0.951043189 -0.308921099 0.0091970982
vn -0.951076567 -0.308955342 0
vn -0.890974522 -0.45396021 0.00919803139
vn -0.890998542 -0.454006225 0
vn -0.808965206 -0.587784648 0.00919604488
vn -0.808981419 -0.587834299 0
vn -0.707104564 -0.707049191 0.00919613242
vn -0.707123697 -0.707089901 0
vn -0.587765455 -0.808979154 0.00919793919
vn -0.587778389 -0.809022009 0
vn -0.453972667 -0.890968144 0.00919709634
vn -0.453972727 -0.891015589 0
vn -0.309035271 -0.951006114 0.00919715967
vn -0.30902788 -0.951053023 0
vn -0.156508595 -0.987633824 0.0091971131
vn -0.156493202 -0.987679064 0
vn -8.07141842e-05 -0.99995774 0.00919713825
vn -5.86980968e-05 -1 0
vn 0.156405747 -0.987650096 0.00919704698
vn 0.15643464 -0.987688363 0
vn 0.309015065 -0.951012671 0.00919701718
vn 0.309049726 -0.951045871 0
vn 0.454002589 -0.890952945 0.00919707678
vn 0.454041421 -0.890980601 0
vn 0.587727726 -0.809006572 0.00919704698
vn 0.587769628 -0.809028387 0
vn 0.707032621 -0.707121193 0.00919718016
vn 0.707077444 -0.707136214 0
vn 0.80898428 -0.587758362 0.00919699855
vn 0.809031248 -0.587765634 0
vn 0.890968263 -0.453972459 0.00919709913
vn 0.891016066 -0.453971803 0
vn 0.950998425 -0.309058964 0.00919708982
vn 0.951045513 -0.309050918 0
vn 0.987624526 -0.15656729 0.00919691753
vn 0.987669766 -0.156552181 0
vn 0.99995774 0.000110832734 0.00919722393
vn 1 0.000132836227 0
vn 0.98763001 0.156532556 0.00919674989
vn 0.987668276 0.156561285 0
vn 0.951047063 0.308909178 0.00919724908
vn 0.951080501 0.308943152 0
vn 0.890977263 0.453954846 0.00919709355
vn 0.891004741 0.453994036 0
vn 0.808975399 0.5877707 0.0091971131
vn 0.80899632 0.587813795 0
vn 0.707107723 0.707046032 0.00919705164
vn 0.707122087 0.70709151 0
vn 0.587819636 0.808939815 0.00919707399
vn 0.587826669 0.808986962 0
vn 0.453957587 0.890975833 0.00919713825
vn 0.45395723 0.891023517 0
vn 0.308999449 0.951017737 0.00919703953
vn 0.308991551 0.951064825 0
vn 0.15652822 0.987630665 0.00919707119
vn 0.156513065 0.987675905 0
vn 2.71830118e-06 0.99995774 0.00919720437
vn -1.9830557e-05 1 0
vn 0.862870932 0.439018726 0.250432432
vn 0.783553421 0.568619132 0.250432402
vn 0.779883742 0.396280706 0.484502882
vn 0.832293451 0.269337535 0.484504789
vn 0.864161193 0.135978758 0.484494895
vn 0.920948744 0.298555911 0.250435323
vn 0.956287026 0.151002973 0.250426084
vn 0.708280623 0.513414562 0.484504044
vn 0.61927408 0.617865801 0.484501272
vn 0.684992611 0.684155643 0.250432193
vn 0.515013158 0.707120717 0.48450163
vn 0.569556832 0.782872081 0.250432432
vn 0.397990853 0.779011369 0.484504431
vn 0.43999967 0.862371027 0.250432789
vn 0.271238506 0.83167702 0.484502912
vn 0.299692065 0.920580506 0.250432193
vn 0.137876406 0.863857031 0.484500945
vn 0.152087793 0.956113696 0.250431389
vn 0.000962243008 0.874789238 0.484502792
vn -0.00198980002 0.741291523 0.671180367
vn 0.000552655314 0.968133748 0.250433058
vn -0.269387305 0.832279384 0.484501272
vn -0.298619658 0.920928836 0.250432342
vn -0.39623341 0.779909313 0.484500378
vn -0.438964844 0.862898469 0.250431865
vn -0.513398647 0.708291709 0.48450467
vn -0.568593562 0.783571899 0.2504327
vn -0.617910266 0.619227886 0.484503657
vn -0.684208214 0.684939921 0.25043276
vn -0.707135201 0.514994442 0.484500349
vn -0.782889128 0.569533587 0.250431925
vn -0.778988063 0.398037493 0.484503657
vn -0.862341583 0.440057576 0.250432402
vn -0.831670105 0.271261781 0.484501809
vn -0.920571148 0.299720824 0.250431955
vn -0.86386013 0.137859181 0.484500349
vn -0.956116974 0.152067855 0.250431299
vn -0.874789 0.000962595106 0.48450312
vn -0.968133569 0.00055298605 0.250433981
vn -0.864169478 -0.135910764 0.484499216
vn -0.956298888 -0.150920019 0.250430822
vn -0.832293332 -0.269346982 0.484499842
vn -0.920945585 -0.298569441 0.250430882
vn -0.779895604 -0.396250993 0.484508067
vn -0.862874508 -0.439007521 0.250439674
vn -0.708292186 -0.513413966 0.484487653
vn -0.783553421 -0.568624496 0.250420034
vn -0.619252384 -0.617896438 0.484489918
vn -0.684981287 -0.684170306 0.250422984
vn -0.514943659 -0.707168519 0.484505743
vn -0.569492757 -0.782916784 0.250438243
vn -0.398004115 -0.77900672 0.484501123
vn -0.440016389 -0.862362504 0.25043267
vn -0.271265686 -0.831666112 0.484506458
vn -0.299725443 -0.920568645 0.250435621
vn -0.137860075 -0.863862514 0.484495878
vn -0.152070269 -0.956116438 0.250431806
vn -0.00102562224 -0.874788165 0.484504491
vn -0.000626345747 -0.968133688 0.250433326
vn 0.135880038 -0.864175081 0.484497696
vn 0.150883436 -0.956305265 0.250428587
vn 0.269420981 -0.832269609 0.484499395
vn 0.298657119 -0.920917392 0.250430018
vn 0.3963162 -0.779867113 0.484500587
vn 0.439062625 -0.862849236 0.250430018
vn 0.513385594 -0.708303571 0.484501123
vn 0.568576753 -0.783584774 0.250430375
vn 0.617853642 -0.619285822 0.484501809
vn 0.684141278 -0.685006797 0.250432551
vn 0.707157016 -0.514964461 0.484500289
vn 0.782914758 -0.569499016 0.250430644
vn 0.779007316 -0.398004472 0.484499812
vn 0.86236316 -0.44001615 0.250430793
vn 0.831664503 -0.271283478 0.484499186
vn 0.9205634 -0.299745589 0.250430912
vn 0.863855541 -0.137909099 0.484494328
vn 0.956108868 -0.152125761 0.250426829
vn 0.874787033 -0.000869012321 0.484506905
vn 0.968133509 -0.000443803205 0.250434428
vn 0.0610946082 0.00954878889 0.998086333
vn -0 1.85951905e-07 1
vn 0.0588485152 0.0189909246 0.998086274
vn 0.0551534109 0.0279622134 0.998086333
vn 0.0501002334 0.0362435766 0.998086393
vn 0.0438134521 0.0436364189 0.998086333
vn 0.0364477821 0.0499548353 0.998086214
vn 0.0281847119 0.0550375283 0.998086452
vn 0.0192276109 0.0587710626 0.998086333
vn 0.00979708042 0.0610550605 0.998086333
vn 0.000125292383 0.0618368797 0.998086274
vn -0.00954955816 0.0610948764 0.998086333
vn -0.0189893041 0.0588518716 0.998086095
vn -0.0279614571 0.055154372 0.998086274
vn -0.0362450592 0.0501025692 0.998086214
vn -0.0436362289 0.0438184366 0.998086095
vn -0.0499529541 0.0364460386 0.998086393
vn -0.055039648 0.0281790011 0.998086452
vn 0.157578424 0.0506331846 0.986207545
vn 0.147716954 0.0746615529 0.986207604
vn 0.28088221 0.0903632492 0.955478787
vn 0.291560173 0.045311626 0.955478728
vn 0.16355975 0.025361238 0.986207426
vn 0.295058548 -0.000856476661 0.955478787
vn 0.16551353 -0.000537164742 0.986207366
vn 0.0618362762 -0.000133493144 0.998086333
vn -0.0587710962 0.0192285739 0.998086333
vn -0.0610553883 0.0097971065 0.998086333
vn -0.0618362911 0.000124874889 0.998086333
vn -0.0610945895 -0.00954864826 0.998086333
vn -0.0588485263 -0.0189923327 0.998086274
vn -0.0551534295 -0.027961133 0.998086333
vn -0.0501002558 -0.0362487473 0.998086214
vn -0.0438134558 -0.0436328202 0.998086452
vn -0.0364478379 -0.0499517322 0.998086393
vn -0.0281847157 -0.0550430045 0.998086154
vn -0.0192275867 -0.0587724485 0.998086214
vn -0.00979704782 -0.0610557459 0.998086333
vn -0.000125268736 -0.0618356541 0.998086333
vn 0.00954959355 -0.0610963218 0.998086214
vn 0.0189892855 -0.0588483252 0.998086333
vn 0.0279614516 -0.0551533625 0.998086333
vn -0.157247379 0.051656764 0.986207306
vn -0.163392127 0.0264232829 0.986207306
vn -0.280352563 0.0919935554 0.955478787
vn -0.262510151 0.134717375 0.955478787
vn -0.147230655 0.0756184012 0.986207366
vn -0.238203943 0.174124375 0.955478787
vn -0.133588582 0.0977205783 0.986207306
vn -0.208031923 0.209244341 0.955478728
vn -0.116657108 0.117414854 0.986207306
vn -0.172737807 0.239210606 0.955478907
vn -0.096853219 0.134214893 0.986207843
vn -0.133190289 0.263290077 0.955478251
vn -0.0746644214 0.147716329 0.986207426
vn -0.0903632939 0.280878812 0.955479801
vn -0.0506371967 0.157574832 0.986207962
vn -0.0453111082 0.2915591 0.955479026
vn -0.0253630653 0.163555205 0.986208141
vn 0.000856722763 0.295060068 0.95547837
vn 0.000535525673 0.16550979 0.986208022
vn 0.0470036417 0.291293651 0.955478251
vn 0.0264210589 0.163388789 0.986207902
vn 0.0919928998 0.280355871 0.955477834
vn 0.0516559221 0.157244831 0.986207783
vn 0.134717196 0.262511164 0.955478549
vn 0.0756188855 0.147228628 0.986207664
vn 0.174124256 0.238204822 0.955478489
vn 0.0977197886 0.13358669 0.986207604
vn 0.209243879 0.208033681 0.95547843
vn 0.117414638 0.1166531 0.986207843
vn 0.239210904 0.17274031 0.95547837
vn 0.134218171 0.0968514457 0.986207545
vn 0.263287991 0.133192435 0.955478609
vn 0.413801759 0.133394495 0.900540948
vn 0.429574639 0.0670187697 0.900541067
vn 0.434769839 -0.00100547762 0.900541067
vn 0.62360388 -0.000979107921 0.781739831
vn 0.616079569 0.096583657 0.781740069
vn 0.773020625 -0.000711055123 0.634380519
vn 0.76374495 0.12024498 0.634219825
vn 0.593385696 0.191770345 0.781740129
vn 0.735458553 0.238249093 0.634301245
vn 0.387839973 0.196482256 0.900541484
vn 0.556080163 0.282238245 0.781739414
vn 0.68912822 0.350380212 0.634299636
vn 0.352328092 0.254735887 0.900541306
vn 0.50508219 0.365754217 0.781738997
vn 0.62583822 0.45386225 0.634299397
vn 0.308140427 0.306717217 0.900540948
vn 0.441647738 0.440258652 0.78174144
vn 0.547131538 0.546177387 0.634300768
vn 0.256365627 0.35114488 0.900540948
vn 0.367338449 0.503927708 0.781741261
vn 0.454957813 0.625037611 0.634303927
vn 0.198277652 0.386930525 0.90053916
vn 0.283982843 0.555192947 0.781738222
vn 0.351576269 0.688516617 0.63430208
vn 0.135308102 0.413183212 0.900539517
vn 0.193636596 0.59277761 0.781741381
vn 0.239539072 0.735039771 0.634300947
vn 0.0690071583 0.429257452 0.90054208
vn 0.0985206738 0.615775764 0.781737745
vn 0.121602096 0.763470054 0.634292066
vn 0.0010061349 0.434769481 0.900541246
vn 0.000979977543 0.623601794 0.7817415
vn 0.000675352698 0.773076773 0.634312153
vn -0.067018874 0.429575354 0.900540709
vn -0.0965848491 0.616080284 0.781739414
vn -0.120268866 0.763680518 0.63429296
vn -0.133394495 0.413797766 0.900542855
vn -0.191773146 0.593383193 0.781741381
vn -0.238253534 0.73546195 0.634295642
vn -0.196485102 0.387839258 0.900541127
vn -0.282237172 0.556081176 0.781739056
vn -0.350373358 0.689128399 0.634303212
vn -0.25473699 0.352328569 0.900540829
vn -0.365752488 0.505080462 0.781740963
vn -0.453863144 0.625835478 0.634301364
vn -0.306717306 0.308139414 0.900541306
vn -0.440262616 0.441645056 0.781740725
vn -0.546177804 0.547131479 0.63430047
vn -0.351144999 0.256365538 0.900540948
vn -0.50393033 0.367336929 0.781740308
vn -0.625042081 0.454957545 0.634299636
vn -0.386925936 0.198277056 0.900541306
vn -0.555190206 0.283982515 0.781740308
vn -0.688520849 0.35157001 0.634300947
vn -0.413179874 0.135307297 0.900541186
vn -0.592779934 0.193634555 0.781740129
vn -0.735040069 0.23954019 0.634300172
vn -0.291291893 0.0470078476 0.955478609
vn -0.429259956 0.0690112486 0.90054065
vn -0.615773737 0.0985204726 0.781739414
vn -0.763463438 0.12160185 0.634300053
vn -0.16551353 0.00053600315 0.986207366
vn -0.295058519 0.000858522486 0.955478847
vn -0.434770256 0.0010065682 0.900540888
vn -0.623603761 0.000977885211 0.78174001
vn -0.77308625 0.000673984177 0.63430059
vn -0.163559631 -0.0253658164 0.986207306
vn -0.291559905 -0.0453137234 0.955478668
vn -0.429574817 -0.067017898 0.900541008
vn -0.616079986 -0.0965841413 0.781739712
vn -0.763674378 -0.120270289 0.634299994
vn -0.157578349 -0.0506366976 0.986207366
vn -0.28088215 -0.090362519 0.955478847
vn -0.413801998 -0.133392632 0.900541127
vn -0.5933851 -0.191773787 0.781739712
vn -0.735457122 -0.238256991 0.634299934
vn -0.147716939 -0.0746578947 0.986207843
vn -0.26328817 -0.133186817 0.955479264
vn -0.387840271 -0.196481198 0.900541604
vn -0.556079805 -0.282241583 0.7817384
vn -0.689128518 -0.350380629 0.634299099
vn -0.134218067 -0.0968552381 0.986207187
vn -0.239210725 -0.172741413 0.955478251
vn -0.352327526 -0.25473994 0.900540352
vn -0.505080998 -0.365757495 0.781738222
vn -0.625836551 -0.453864038 0.634299755
vn -0.117414519 -0.11665412 0.986207724
vn -0.209243774 -0.20803155 0.955478907
vn -0.308140337 -0.306717306 0.900540948
vn -0.441647798 -0.440259665 0.781740844
vn -0.547135353 -0.546170652 0.634303212
vn -0.0977198929 -0.133584559 0.986207902
vn -0.174124122 -0.238207281 0.955477953
vn -0.25636515 -0.351147085 0.900540233
vn -0.367338598 -0.503926516 0.781741977
vn -0.454953849 -0.625046313 0.634298146
vn -0.0756189898 -0.147223115 0.986208498
vn -0.134717271 -0.262512624 0.955478132
vn -0.198278308 -0.386927634 0.900540233
vn -0.28398332 -0.555192709 0.781738222
vn -0.351576358 -0.688516796 0.634301722
vn -0.0516559221 -0.157242849 0.986208081
vn -0.0919928849 -0.280355543 0.955477953
vn -0.13530834 -0.413181096 0.900540471
vn -0.19363603 -0.59278059 0.781739295
vn -0.23954013 -0.735036969 0.634303689
vn -0.0264210422 -0.163392588 0.986207306
vn -0.0470035002 -0.291292995 0.955478489
vn -0.0690067559 -0.429261476 0.900540233
vn -0.0985209122 -0.615774035 0.781739116
vn -0.121604845 -0.763460517 0.634303093
vn -0.000535561412 -0.165513545 0.986207366
vn -0.000856720901 -0.295059234 0.955478609
vn -0.00100611639 -0.434771419 0.900540352
vn -0.000979779521 -0.623606265 0.781738043
vn -0.000674794952 -0.773086369 0.63430047
vn 0.0253630597 -0.163557246 0.986207783
vn 0.0453111418 -0.291559726 0.955478847
vn 0.0670191497 -0.429573923 0.900541365
vn 0.0965849534 -0.616081476 0.78173846
vn 0.120270297 -0.763675213 0.634299099
vn 0.0506371558 -0.157577008 0.986207604
vn 0.0903630555 -0.28088364 0.95547837
vn 0.133394316 -0.413799763 0.900541902
vn 0.191772878 -0.593382537 0.781741917
vn 0.238256738 -0.735455155 0.634302318
vn 0.0746644288 -0.147715256 0.986207604
vn 0.133190185 -0.263290554 0.955478132
vn 0.19648461 -0.387843162 0.900539577
vn 0.2822375 -0.556078017 0.781741142
vn 0.350372046 -0.689130545 0.634301603
vn 0.0362451226 -0.0500992723 0.998086333
vn 0.0436363034 -0.0438102633 0.998086452
vn 0.0499529801 -0.0364501774 0.998086214
vn 0.055039715 -0.0281823985 0.998086393
vn 0.0587711297 -0.0192197971 0.998086452
vn 0.0610554218 -0.00979488716 0.998086333
vn 0.0968532488 -0.134217039 0.986207545
vn 0.172737822 -0.239214286 0.955478013
vn 0.254737079 -0.352330387 0.900540054
vn 0.365752339 -0.505082309 0.781739771
vn 0.45386225 -0.625836194 0.634301305
vn 0.11665725 -0.117410131 0.986207902
vn 0.208032057 -0.209243298 0.955478907
vn 0.306717217 -0.308140814 0.900540829
vn 0.440261662 -0.441646785 0.781740248
vn 0.546179116 -0.547128797 0.634301603
vn 0.133588627 -0.0977203026 0.986207306
vn 0.238203689 -0.174126506 0.95547843
vn 0.35114485 -0.256366611 0.90054065
vn 0.503930628 -0.367337108 0.78174001
vn 0.624970257 -0.454944581 0.634379685
vn 0.147230595 -0.0756197646 0.986207306
vn 0.262510031 -0.134717852 0.955478787
vn 0.386926353 -0.198276281 0.900541246
vn 0.555190742 -0.283982992 0.781739652
vn 0.688564241 -0.351629317 0.634220958
vn 0.157247275 -0.0516608022 0.986207128
vn 0.280352384 -0.091996938 0.955478489
vn 0.413180023 -0.135306403 0.900541186
vn 0.592779994 -0.193634987 0.78173995
vn 0.735040903 -0.239535734 0.634300828
vn 0.163392141 -0.0264223684 0.986207306
vn 0.291291833 -0.0470051058 0.955478787
vn 0.429259509 -0.0690070987 0.900541127
vn 0.615773439 -0.0985199735 0.781739712
vn 0.763464272 -0.121600986 0.634299278
vn 0.942422271 -0.149122223 0.299337476
vn 0.907489598 -0.294716328 0.299340844
vn 0.850130081 -0.433086514 0.299524665
vn 0.771996617 -0.560831368 0.299147874
vn 0.954206288 6.06079957e-05 0.299149454
vn 0.942332804 0.149306953 0.299526781
vn 0.907407105 0.294972748 0.29933846
vn 0.850082457 0.433308572 0.29933843
vn 0.771842122 0.560939491 0.299343854
vn 0.674576044 0.674792111 0.299337387
vn 0.560741186 0.771985114 0.299346507
vn 0.433053076 0.850210071 0.299345881
vn 0.294712901 0.907494009 0.29933098
vn 0.149121568 0.94242233 0.299337626
vn -0.000138661111 0.954142809 0.299351722
vn -0.149395868 0.942381561 0.299329013
vn -0.294975013 0.907408357 0.299332559
vn -0.433317602 0.850073755 0.299350053
vn -0.560938001 0.771846175 0.299336016
vn -0.674778461 0.674589872 0.299336851
vn -0.771990478 0.560739458 0.299336076
vn -0.850222468 0.433034569 0.299337357
vn -0.907488227 0.294724792 0.299336612
vn -0.942421019 0.149121955 0.2993415
vn -0.954148591 -0.000140002157 0.299333394
vn -0.942379296 -0.14939788 0.29933539
vn -0.907401919 -0.294986308 0.299340844
vn -0.850087821 -0.433298618 0.299337745
vn -0.771841764 -0.56093967 0.299344361
vn -0.674588263 -0.67477864 0.299340099
vn -0.560711443 -0.772012949 0.299330533
vn -0.433053464 -0.850209832 0.299345821
vn -0.294715166 -0.907490492 0.299339235
vn -0.149129331 -0.942416191 0.299352974
vn 0.000138560674 -0.954147458 0.299337
vn 0.149395332 -0.942382395 0.299326688
vn 0.294984341 -0.907400668 0.299346358
vn 0.433280528 -0.850101888 0.299324006
vn 0.560947597 -0.771837831 0.299339592
vn 0.674782276 -0.6745857 0.299337596
vn 0.987686932 0.156432554 -0.00183808152
vn 0.987685561 0.156433344 0.002414922
vn 0.951054871 0.309016675 -0.00183797185
vn 0.951053441 0.309017062 0.00241480023
vn 0.89100492 0.453989983 -0.0018379559
vn 0.89100343 0.453990161 0.00241474807
vn 0.809015572 0.58778435 -0.00183794252
vn 0.809013903 0.587784529 0.00241494062
vn 0.707105458 0.707105696 -0.00183801109
vn 0.70710367 0.707105756 0.00241483562
vn 0.587783992 0.80901587 -0.00183796696
vn 0.587782979 0.809015036 0.00241490826
vn 0.453989446 0.891005158 -0.00183797069
vn 0.453988403 0.891004324 0.00241474272
vn 0.309015691 0.951055169 -0.0018379048
vn 0.309014887 0.951054215 0.00241480768
vn 0.15643388 0.987686753 -0.00183794706
vn 0.156432241 0.98768574 0.00241479184
vn -0 0.999998331 -0.00183799502
vn -2.01219223e-06 0.999997139 0.00241477857
vn 0.774126053 0.394570678 -0.495018125
vn 0.702874422 0.510802031 -0.495024085
vn 0.453791767 0.231349081 -0.860552549
vn 0.48439467 0.157525823 -0.860550642
vn 0.0275801271 0.00897106621 -0.99957937
vn 0.0286438279 0.00454490865 -0.99957937
vn -0.0218057502 -0.00709173037 -0.999737084
vn -0.0226467662 -0.00359463971 -0.999737084
vn -0.0204276014 -0.0104126409 -0.999737144
vn 0.0258371215 0.0131735383 -0.99957937
vn -0.0185465869 -0.0134826358 -0.999737084
vn 0.023458017 0.0170521233 -0.99957937
vn -0.0162089188 -0.0162190106 -0.999737084
vn 0.0205012467 0.0205177758 -0.99957931
vn -0.0134718781 -0.0185608771 -0.999736965
vn 0.0170399304 0.0234613121 -0.999579549
vn -0.0104033537 -0.0204242803 -0.999737263
vn 0.0131589128 0.0258539449 -0.999579132
vn -0.00707855867 -0.0218049958 -0.999737203
vn 0.00895377528 0.0275868271 -0.99957937
vn -0.00357956439 -0.0226522405 -0.999737024
vn 0.00452815415 0.0286423434 -0.999579489
vn 7.61100046e-06 -0.0229234546 -0.999737263
vn -8.88790055e-06 0.0289990082 -0.999579489
vn 0.412014544 0.299489766 -0.860552073
vn 0.614302814 0.61448127 -0.495020151
vn 0.360079795 0.360287964 -0.860543549
vn 0.299293429 0.41218558 -0.860538542
vn 0.510601282 0.703030884 -0.495009124
vn 0.231140122 0.453885943 -0.860559046
vn 0.3943685 0.77421397 -0.495041698
vn 0.157284021 0.484458268 -0.860559106
vn 0.268375158 0.826404512 -0.495005488
vn 0.0795602575 0.503068924 -0.86057651
vn 0.135802343 0.858204186 -0.495018512
vn -0.000124170168 0.509372652 -0.860546052
vn -0.000121072742 0.868877411 -0.495027333
vn -0 0.999998331 -0.00183799502
vn -2.01219223e-06 0.999997139 0.00241477857
vn -0.156434387 0.987686634 -0.00183802191
vn -0.156435639 0.987685204 0.00241490477
vn -0.309016824 0.951054811 -0.00183802878
vn -0.30901742 0.951053321 0.00241484563
vn -0.453990012 0.89100492 -0.00183804578
vn -0.453990489 0.891003311 0.00241482002
vn -0.587784588 0.809015453 -0.00183795905
vn -0.58778429 0.809014142 0.0024147646
vn -0.707105815 0.707105339 -0.00183795008
vn -0.707105756 0.70710367 0.00241483515
vn -0.80901587 0.587783992 -0.00183798198
vn -0.809015334 0.587782621 0.00241480023
vn -0.891005278 0.453989208 -0.0018380261
vn -0.891004503 0.453988075 0.00241476763
vn -0.95105511 0.309015989 -0.00183803379
vn -0.951054096 0.309015036 0.0024147993
vn -0.987686813 0.156433299 -0.00183810841
vn -0.98768574 0.156432241 0.00241492293
vn -0.999998331 -5.2155508e-07 -0.00183792983
vn -0.999997139 -1.45589877e-06 0.00241484097
vn -0.987686694 -0.156434327 -0.00183789514
vn -0.987685323 -0.156435043 0.00241475133
vn -0.951054752 -0.309017032 -0.0018380445
vn -0.951053321 -0.309017569 0.00241494155
vn -0.891004801 -0.453990132 -0.00183787954
vn -0.891003311 -0.453990489 0.00241467357
vn -0.809015453 -0.587784588 -0.00183794624
vn -0.809013903 -0.587784648 0.00241493853
vn -0.707105339 -0.707105875 -0.00183797639
vn -0.70710361 -0.707105815 0.00241479441
vn -0.587784231 -0.809015632 -0.00183800561
vn -0.5877828 -0.809015214 0.00241484703
vn -0.453989446 -0.891005158 -0.00183793134
vn -0.453988105 -0.891004503 0.00241474179
vn -0.309016347 -0.95105499 -0.00183792145
vn -0.30901444 -0.951054275 0.00241482025
vn -0.156433865 -0.987686753 -0.0018379495
vn -0.156432435 -0.98768574 0.00241479115
vn -0 -0.999998331 -0.00183799467
vn 2.01318562e-06 -0.999997139 0.0024147972
vn 0.156434581 -0.987686634 -0.00183802401
vn 0.156435639 -0.987685204 0.00241486332
vn 0.309016883 -0.951054811 -0.00183800841
vn 0.309017241 -0.951053441 0.00241482188
vn 0.453990012 -0.89100492 -0.00183802703
vn 0.453990221 -0.89100343 0.00241480651
vn 0.587785184 -0.809015036 -0.00183797698
vn 0.587785244 -0.809013486 0.00241474528
vn 0.707106173 -0.707105041 -0.00183791062
vn 0.707105696 -0.707103729 0.00241483469
vn 0.809016049 -0.587783754 -0.00183802063
vn 0.809015334 -0.587782562 0.00241476391
vn 0.891005516 -0.45398885 -0.00183798803
vn 0.891004682 -0.453987777 0.0024148412
vn 0.95105505 -0.309016049 -0.00183803274
vn 0.951054215 -0.309014797 0.0024148745
vn 0.987686753 -0.156433687 -0.0018380289
vn 0.98768568 -0.156432584 0.00241485029
vn 0.999998331 -1.3425373e-06 -0.00183800526
vn 0.999997139 -3.84586684e-07 0.00241476111
vn 0.510831296 -0.702842951 -0.495038629
vn 0.6144768 -0.614309609 -0.49501726
vn 0.299496531 -0.41201064 -0.860551596
vn 0.231353834 -0.453813463 -0.860539794
vn 0.0131745879 -0.0258288607 -0.999579608
vn 0.00897061452 -0.02759289 -0.999579012
vn -0.010417005 0.0204252508 -0.999737144
vn -0.0070931348 0.0217978898 -0.999737263
vn 0.0045457622 -0.0286386572 -0.999579489
vn -0.00359463994 0.0226525627 -0.999736965
vn 8.88832619e-06 -0.0290080663 -0.999579191
vn -7.61243473e-06 0.0229300819 -0.999737084
vn -0.00452810945 -0.028654281 -0.999579132
vn 0.00357958535 0.0226379856 -0.999737322
vn -0.00895376969 -0.0275786463 -0.999579549
vn 0.00707854377 0.0218203869 -0.999736845
vn -0.0131589025 -0.0258586202 -0.999579012
vn 0.0104033835 0.020428149 -0.999737203
vn -0.0170398112 -0.0234633312 -0.999579489
vn 0.0134719973 0.0185596235 -0.999737024
vn -0.0205013286 -0.0205144435 -0.99957937
vn 0.0162089001 0.0162173286 -0.999737144
vn -0.0234580897 -0.017055029 -0.99957937
vn 0.0185466409 0.0134853944 -0.999737084
vn -0.0258370657 -0.0131742992 -0.99957937
vn 0.0204275958 0.0104180695 -0.999737084
vn -0.027580129 -0.00896677841 -0.99957937
vn 0.0218056943 0.00709263841 -0.999737084
vn -0.0286437403 -0.00454488862 -0.99957937
vn 0.0226468369 0.00359320524 -0.999737084
vn -0.0290022343 -8.65669335e-06 -0.99957937
vn 0.0229303483 8.81752021e-06 -0.999737084
vn -0.0286466535 0.0045274687 -0.99957937
vn 0.0226492211 -0.00357875368 -0.999737084
vn -0.027585458 0.00895170961 -0.99957937
vn 0.0218105093 -0.00707880734 -0.999737084
vn -0.0258452464 0.0131575912 -0.99957937
vn 0.0204346199 -0.010403988 -0.999737084
vn -0.0234685522 0.0170393903 -0.99957937
vn 0.0185554046 -0.0134794684 -0.999736965
vn -0.0205138288 0.0204952322 -0.999579489
vn 0.016219534 -0.0162072163 -0.999737084
vn -0.0170543697 0.0234632976 -0.999579251
vn 0.0134843234 -0.0185412541 -0.999737203
vn -0.0131745962 0.0258318055 -0.999579489
vn 0.0104170535 -0.0204259362 -0.999737084
vn -0.00897061545 0.0275872406 -0.999579191
vn 0.00709314179 -0.0217988044 -0.999737203
vn -0.00454574171 0.0286415424 -0.99957943
vn 0.00359463948 -0.0226522163 -0.999736965
vn -8.88790055e-06 0.0289990082 -0.999579489
vn 7.61100046e-06 -0.0229234546 -0.999737263
vn -0.0798043609 0.503091037 -0.860540926
vn -0.000124170168 0.509372652 -0.860546052
vn -0.136036918 0.858181 -0.494994342
vn -0.000121072742 0.868877411 -0.495027333
vn -0.157519698 0.484403461 -0.860546827
vn -0.268622756 0.826301813 -0.495042622
vn -0.231359407 0.453775525 -0.860558331
vn -0.394560009 0.774142087 -0.495001465
vn -0.299492776 0.412033498 -0.860541999
vn -0.510816276 0.702856541 -0.495034844
vn -0.360268444 0.360060126 -0.86055994
vn -0.614484489 0.614294291 -0.495026737
vn -0.412153125 0.299324214 -0.860543311
vn -0.703000128 0.510644019 -0.495008677
vn -0.453908205 0.231114939 -0.86055398
vn -0.774245858 0.394332647 -0.49502036
vn -0.484469295 0.157278135 -0.86055398
vn -0.826386213 0.268386066 -0.495030105
vn -0.503115654 0.0795611292 -0.860549152
vn -0.858198881 0.135813162 -0.49502486
vn -0.509364665 -0.000130048196 -0.860550821
vn -0.868880033 -0.000121856508 -0.495022714
vn -0.50307411 -0.079797931 -0.860551476
vn -0.8581689 -0.136043042 -0.495013565
vn -0.484398574 -0.157514468 -0.860550523
vn -0.8263129 -0.268616766 -0.495027393
vn -0.453790277 -0.231358856 -0.860550702
vn -0.77412796 -0.3945719 -0.495014131
vn -0.412017196 -0.299491733 -0.860550165
vn -0.702875435 -0.510803044 -0.495021731
vn -0.360083252 -0.360268921 -0.860550106
vn -0.614305019 -0.614483893 -0.495014161
vn -0.299299598 -0.412146449 -0.860555112
vn -0.510629058 -0.702992857 -0.495034337
vn -0.2311358 -0.453921735 -0.860541344
vn -0.39434132 -0.774251461 -0.495004743
vn -0.157283336 -0.484458655 -0.860558987
vn -0.268384784 -0.826386392 -0.495030463
vn -0.079558216 -0.503113925 -0.860550404
vn -0.13579689 -0.858216286 -0.494999081
vn 0.000124192462 -0.509370208 -0.860547543
vn 0.000121095327 -0.868878067 -0.495026201
vn 0.0798053816 -0.503062844 -0.860557377
vn 0.136044279 -0.858157396 -0.495033145
vn 0.157519981 -0.484406322 -0.860545158
vn 0.268624157 -0.82630229 -0.495041102
vn 0.39456135 -0.774141252 -0.495001733
vn 0.017054338 -0.0234624445 -0.999579251
vn -0.0134842498 0.0185452104 -0.999737084
vn -0.0162196271 0.0162111428 -0.999737024
vn 0.0205140077 -0.0204931125 -0.999579549
vn -0.0185554177 0.0134794861 -0.999736965
vn 0.0234686248 -0.0170391537 -0.99957937
vn -0.0204346068 0.0104039907 -0.999737084
vn 0.0258451719 -0.0131550916 -0.99957943
vn -0.0218102988 0.00708061317 -0.999737084
vn 0.0275854468 -0.00895139854 -0.99957937
vn -0.0226491895 0.00357874297 -0.999737084
vn 0.0286466517 -0.00452747056 -0.99957937
vn -0.022930393 -7.55145265e-06 -0.999737084
vn 0.0290021412 9.23376774e-06 -0.99957937
vn 0.412152946 -0.299322456 -0.860544086
vn 0.360267162 -0.360058755 -0.860561073
vn 0.702997804 -0.51064229 -0.495013714
vn 0.774237871 -0.39435184 -0.495017529
vn 0.453905493 -0.231126204 -0.86055249
vn 0.484473199 -0.157265425 -0.860554099
vn 0.826393008 -0.268378228 -0.495023042
vn 0.503113389 -0.0795607939 -0.860550463
vn 0.858201206 -0.135813609 -0.495020568
vn 0.509366751 0.000127164763 -0.860549569
vn 0.86888206 0.000121053868 -0.495019197
vn 0.503074408 0.0797994286 -0.860551178
vn 0.826315701 0.268617839 -0.495022029
vn 0.858161211 0.136041731 -0.495027423
vn -0.951016903 -0.309005976 -0.00906281453
vn -0.95105648 -0.309017122 -1.20907984e-07
vn -0.987647772 -0.156428322 -0.00906295795
vn -0.98768872 -0.156432331 -1.13594155e-07
vn -0.891005874 -0.45399183 -2.5349371e-07
vn -0.8909688 -0.453974128 -0.00906332117
vn -0.809016943 -0.587785363 -1.5755179e-06
vn -0.808983862 -0.587761045 -0.00906430557
vn -0.7071082 -0.707105398 -1.61929074e-06
vn -0.707077742 -0.707077742 -0.00906242616
vn -0.587786376 -0.809016228 7.93292259e-07
vn -0.587759614 -0.808984995 -0.00906042103
vn -0.453987479 -0.891008079 1.66330221e-06
vn -0.453969479 -0.890971184 -0.00906179566
vn -0.309014648 -0.951057315 -7.26182691e-07
vn -0.309003323 -0.951017797 -0.0090640178
vn -0.156434923 -0.987688303 -1.84769499e-06
vn -0.156426325 -0.98764801 -0.00906393211
vn -1.35163612e-06 -1 -1.56681142e-06
vn 2.9381381e-06 -0.999958992 -0.00906310976
vn -0.697179556 -0.506633639 -0.507211089
vn -0.767836809 -0.391374558 -0.507200837
vn -0.819607615 -0.266443759 -0.507199287
vn -0.85119307 -0.134960443 -0.507204175
vn -0.46438852 -0.151023552 -0.872659862
vn -0.482295722 -0.076528728 -0.872659266
vn -0.435044587 -0.221808568 -0.872660995
vn -0.394971222 -0.287083685 -0.872685909
vn -0.34520337 -0.345434576 -0.872645199
vn -0.609304905 -0.609513938 -0.507188618
vn -0.506451011 -0.697335482 -0.507179141
vn -0.2869232 -0.395155042 -0.872655511
vn -0.391133696 -0.767969728 -0.5071854
vn -0.221575677 -0.435197443 -0.872644007
vn -0.266202301 -0.819678783 -0.507211089
vn -0.150778428 -0.46446687 -0.872660577
vn -0.134696975 -0.851216793 -0.507234335
vn -0.0762579441 -0.482291996 -0.872685015
vn 0.000135971131 -0.861853004 -0.50715822
vn 0.000131560053 -0.488367051 -0.872638345
vn 0.156431347 -0.987647295 -0.00906098634
vn 0.15643023 -0.987689018 -6.85855127e-07
vn 2.9381381e-06 -0.999958992 -0.00906310976
vn -1.35163612e-06 -1 -1.56681142e-06
vn 0.309013873 -0.951057553 2.2309755e-06
vn 0.309006572 -0.951016784 -0.00905837305
vn 0.453992188 -0.891005695 3.13275154e-06
vn 0.453977376 -0.89096719 -0.009059567
vn 0.587787151 -0.809015632 1.55648138e-06
vn 0.587764144 -0.808981657 -0.00906174909
vn 0.707107425 -0.707106173 -6.2520661e-07
vn 0.707080126 -0.707075417 -0.00906367507
vn 0.809016287 -0.587786257 -1.95143343e-06
vn 0.808985531 -0.58775866 -0.009063554
vn 0.891005695 -0.453992218 -6.9625429e-07
vn 0.890971959 -0.453967988 -0.00906237867
vn 0.9510566 -0.309016883 2.57978996e-07
vn 0.95101881 -0.309000313 -0.00906158332
vn 0.987688422 -0.156434193 -4.05696539e-07
vn 0.987648368 -0.156424835 -0.00906285737
vn 1 1.60062513e-07 -2.9158133e-07
vn 0.999958992 3.21650509e-06 -0.00906240847
vn 0.987688363 0.156434298 -5.60573255e-07
vn 0.987647474 0.156430185 -0.00906193256
vn 0.951056242 0.309017867 -5.58280362e-07
vn 0.951016903 0.309006155 -0.00906241592
vn 0.891005635 0.453992248 -6.90866443e-07
vn 0.89096868 0.453974277 -0.00906306598
vn 0.809016824 0.587785542 -1.86710008e-06
vn 0.808983564 0.587761343 -0.00906431954
vn 0.707107246 0.707106411 -1.61929415e-06
vn 0.707075953 0.70707953 -0.00906368159
vn 0.587785125 0.809017122 -1.51744416e-06
vn 0.587760448 0.80898428 -0.00906375237
vn 0.453992188 0.891005695 -1.64628307e-06
vn 0.453969628 0.890971065 -0.00906352419
vn 0.309018701 0.951056004 -8.20240473e-07
vn 0.309002697 0.951017976 -0.00906256493
vn 0.156433746 0.987688482 -1.38425349e-07
vn 0.156425357 0.987648249 -0.00906263012
vn -3.43245028e-06 1 -7.2928907e-07
vn -3.87273531e-06 0.999958992 -0.00906405598
vn -0.156432733 0.987688601 -3.06367974e-06
vn -0.156431049 0.987647295 -0.00906486437
vn -0.309012651 0.951057971 -1.40596364e-06
vn -0.309006929 0.951016665 -0.00906143524
vn -0.453991115 0.891006231 6.04712682e-07
vn -0.453975081 0.890968382 -0.00906218123
vn -0.587786794 0.80901593 -1.64992707e-06
vn -0.587765634 0.808980525 -0.00906487275
vn -0.707107365 0.707106292 -2.48003039e-06
vn -0.707081676 0.707073867 -0.00906438194
vn -0.809016049 0.587786615 -2.54420388e-06
vn -0.808985293 0.587759018 -0.00906373467
vn -0.891005635 0.453992367 -9.19743911e-07
vn -0.890972078 0.45396778 -0.00906174723
vn -0.951056421 0.30901742 0
vn -0.951018691 0.309000641 -0.00906168111
vn -0.987688482 0.156434074 0
vn -0.987648487 0.156423733 -0.00906199217
vn -1 1.63619507e-06 0
vn -0.999958992 -1.03267473e-06 -0.00906204246
vn -0.609500408 0.609313726 -0.50719434
vn -0.506684244 0.697152555 -0.507197559
vn -0.391364932 0.767857134 -0.507177413
vn -0.266446561 0.819613993 -0.507187545
vn -0.134948015 0.851219654 -0.507162869
vn -0.000137062569 0.861827135 -0.507202268
vn 0.134692356 0.851230562 -0.50721246
vn 0.266201347 0.819679737 -0.507210016
vn 0.391141295 0.767961502 -0.507191896
vn 0.506481707 0.697291434 -0.507209003
vn 0.609294772 0.609528601 -0.507183313
vn 0.697168231 0.506650627 -0.507209599
vn 0.767832816 0.391396731 -0.50718981
vn 0.819610715 0.266438067 -0.50719732
vn 0.851203263 0.134963483 -0.507186294
vn 0.861831605 0.000132795802 -0.507194579
vn 0.851238906 -0.134697005 -0.50719732
vn 0.819697559 -0.266182959 -0.507190943
vn 0.767959177 -0.391134381 -0.507200718
vn 0.697319984 -0.506453156 -0.507198215
vn 0.609500825 -0.609314024 -0.507193506
vn 0.506693602 -0.697138667 -0.507207394
vn 0.391375422 -0.767848253 -0.507182837
vn 0.266429931 -0.819637299 -0.507158577
vn 0.134955749 -0.851195037 -0.507202089
vn 0.000135971131 -0.861853004 -0.50715822
vn 0.0765206069 -0.482322991 -0.872644901
vn 0.000131560053 -0.488367051 -0.872638345
vn 0.151030615 -0.464355677 -0.872676134
vn 0.221810997 -0.435068727 -0.872648358
vn 0.287147343 -0.394939363 -0.872679412
vn 0.345394492 -0.345208287 -0.872659147
vn 0.395116091 -0.286927789 -0.872671604
vn 0.435162932 -0.2215911 -0.872657239
vn 0.464468181 -0.150780216 -0.872659504
vn 0.482334584 -0.0762673244 -0.872660697
vn 0.488331199 0.000126255138 -0.872658372
vn 0.482297182 0.0765178725 -0.872659445
vn 0.464385122 0.15100874 -0.872664213
vn 0.435041398 0.221830115 -0.87265718
vn 0.394968003 0.287106544 -0.87267983
vn 0.345206738 0.345413566 -0.872652173
vn 0.286930919 0.395115912 -0.87267071
vn 0.221576616 0.435189158 -0.872647822
vn 0.150770843 0.464541972 -0.872621894
vn 0.0762635097 0.482316256 -0.872671127
vn -0.000132261557 0.488335043 -0.872656226
vn -0.0765147656 0.482340991 -0.872635484
vn -0.151023567 0.464405268 -0.872650981
vn -0.221810296 0.435082942 -0.872641444
vn -0.287124634 0.394963056 -0.872676194
vn -0.345370352 0.345199436 -0.872672141
vn -0.395119637 0.286930889 -0.872668982
vn -0.697319329 0.506454408 -0.507197857
vn -0.767960131 0.391135097 -0.50719887
vn -0.435159475 0.221589863 -0.872659266
vn -0.819689572 0.2662054 -0.507192016
vn -0.464468181 0.150804326 -0.872655392
vn -0.851243258 0.134672776 -0.507196426
vn -0.482338071 0.0762564912 -0.872659683
vn -0.86183691 -0.000131934838 -0.507185578
vn -0.488333851 -0.00013083365 -0.872656882
vn 0.674782276 -0.6745857 0.299337596
vn 0.771996617 -0.560831368 0.299147874
vn 0.560947597 -0.771837831 0.299339592
vn 0.433280528 -0.850101888 0.299324006
vn 0.294984341 -0.907400668 0.299346358
vn 0.149395332 -0.942382395 0.299326688
vn 0.000138560674 -0.954147458 0.299337
vn -0.149129331 -0.942416191 0.299352974
vn -0.294715166 -0.907490492 0.299339235
vn -0.433053464 -0.850209832 0.299345821
vn -0.560711443 -0.772012949 0.299330533
vn -0.674588263 -0.67477864 0.299340099
vn -0.771841764 -0.56093967 0.299344361
vn -0.850087821 -0.433298618 0.299337745
vn -0.907401919 -0.294986308 0.299340844
vn -0.942379296 -0.14939788 0.29933539
vn -0.954148591 -0.000140002157 0.299333394
vn -0.942421019 0.149121955 0.2993415
vn -0.907488227 0.294724792 0.299336612
vn -0.850222468 0.433034569 0.299337357
vn -0.771990478 0.560739458 0.299336076
vn -0.674778461 0.674589872 0.299336851
vn -0.560938001 0.771846175 0.299336016
vn -0.433317602 0.850073755 0.299350053
vn -0.294975013 0.907408357 0.299332559
vn -0.149395868 0.942381561 0.299329013
vn -0.000138661111 0.954142809 0.299351722
vn 0.149121568 0.94242233 0.299337626
vn -0.000138661111 0.954142809 0.299351722
vn 0.294712901 0.907494009 0.29933098
vn 0.433053076 0.850210071 0.299345881
vn 0.560741186 0.771985114 0.299346507
vn 0.674576044 0.674792111 0.299337387
vn 0.771842122 0.560939491 0.299343854
vn 0.850082457 0.433308572 0.29933843
vn 0.907407105 0.294972748 0.29933846
vn 0.942332804 0.149306953 0.299526781
vn 0.954206288 6.06079957e-05 0.299149454
vn 0.942422271 -0.149122223 0.299337476
vn 0.907489598 -0.294716328 0.299340844
vn 0.850130081 -0.433086514 0.299524665
vn 0.600998759 -0.799249947 0
vn 0.602176547 -0.79836297 0
vn 0.707107067 -0.70710659 0
vn 0.707106829 -0.707106769 0
vn 0.799244046 -0.601006627 0
vn 0.800049603 -0.599933863 0
vn 0.852545083 -0.522653639 6.76575974e-06
vn 0.911796093 -0.41064328 0.000324200548
vn 0.884626806 -0.466299355 -0.000551747391
vn 0.852650046 -0.522482455 -4.69345723e-05
vn 0.80283308 -0.593696952 0.0546167456
vn 0.890228987 -0.45551157 -0.0012619904
vn 0.890331686 -0.452200621 0.0531421378
vn 0.228204519 -0.116458751 0.966623068
vn 0.207176089 -0.150724545 0.966623127
vn 0.706223249 -0.706266046 0.0493668579
vn 0.181047231 -0.181276694 0.966623366
vn 0.593838036 -0.802718103 0.0547732785
vn 0.150459602 -0.207369432 0.966622949
vn 0.451012909 -0.89107275 0.0507612377
vn 0.116168328 -0.228353217 0.966622889
vn 0.303664625 -0.95140779 0.0510990694
vn 0.0790148228 -0.243712232 0.966623545
vn 0.156213269 -0.986489236 0.049360428
vn 0.0399173871 -0.253075242 0.96662277
vn -3.05333597e-05 -0.998781025 0.0493603647
vn -0.000163629418 -0.256201386 0.966623425
vn -0.156274036 -0.98647958 0.0493603908
vn -0.0402404144 -0.253022134 0.966623247
vn -0.303725243 -0.95138818 0.0511034653
vn -0.0793263391 -0.243610948 0.966623545
vn -0.451077998 -0.891039431 0.0507685281
vn -0.116459668 -0.228204563 0.966622949
vn -0.59389323 -0.802677333 0.0547728501
vn -0.15072453 -0.207175866 0.966623127
vn -0.706267118 -0.706222177 0.0493670441
vn -0.181278124 -0.181047007 0.966623127
vn -0.802718341 -0.593837678 0.0547732599
vn -0.207368135 -0.150460556 0.966623068
vn -0.891072989 -0.451012552 0.0507611409
vn -0.228352368 -0.116168208 0.966623068
vn -0.951407909 -0.303664386 0.0510988608
vn -0.243712351 -0.0790155903 0.966623425
vn -0.986489296 -0.156212837 0.0493602976
vn -0.253073692 -0.0399171412 0.966623187
vn -0.998781085 3.1042433e-05 0.0493599959
vn -0.256202519 0.00016288599 0.966623127
vn -0.986479521 0.156274334 0.0493605658
vn -0.253021359 0.0402405374 0.966623485
vn -0.951387942 0.303725988 0.0511038117
vn -0.2436115 0.0793258324 0.966623485
vn -0.891038954 0.451078773 0.0507690534
vn -0.228204176 0.116460279 0.966622949
vn -0.802677929 0.593892395 0.0547726192
vn -0.207175955 0.150723249 0.966623366
vn -0.706222892 0.706266403 0.0493668988
vn -0.181047037 0.181279257 0.966622949
vn -0.593837738 0.802718341 0.0547734387
vn -0.150459513 0.207367748 0.966623306
vn -0.451012075 0.891073167 0.0507616885
vn -0.116167963 0.228353664 0.966622829
vn -0.303664088 0.951407909 0.0510992706
vn -0.0790149122 0.243709981 0.966624081
vn -0.156212717 0.986489356 0.0493600778
vn -0.0399169885 0.253075123 0.966622829
vn 3.19718165e-05 0.998781085 0.049360007
vn 0.000163635588 0.256202042 0.966623247
vn -0.889743447 0.456455141 -0.00231975829
vn -0.852547407 0.522649884 -6.03724584e-06
vn -0.798368394 0.602169394 0
vn -0.915991604 0.401195407 0.0013299305
vn -0.85258013 0.522596598 5.56623563e-05
vn -0.799244106 0.601006567 0
vn -0.925480187 0.378792048 -0.00173728273
vn -0.70710665 0.707106948 0
vn -0.707106709 0.707106888 0
vn -0.602176726 0.798362851 0
vn -0.60099864 0.799250126 0
vn -0.706978738 0.706949532 -0.0200858992
vn -0.595489681 0.803045988 -0.0225649029
vn -0.52259624 0.852580309 5.55882252e-05
vn -0.456717998 0.889605582 0.00326021179
vn -0.451220661 0.892234683 -0.0178117789
vn -0.803073049 0.595453262 -0.022565715
vn -0.889603436 0.4567222 0.00326484791
vn -0.892258286 0.451174229 -0.0178043172
vn -0.303699106 0.952573419 -0.0192542933
vn -0.393072248 0.918518364 0.0426413417
vn -0.308415294 0.949569166 0.0565549843
vn -0.156115472 0.985916078 0.0599792004
vn -0.0764790028 0.245632008 0.966341496
vn -0.0399169773 0.253071547 0.966623724
vn 3.80658785e-05 0.998199642 0.0599790588
vn 0.000163629637 0.256199926 0.966623843
vn -0.000146742997 -0.217027172 0.976165593
vn 0.0338054374 -0.214378208 0.976165533
vn 0.109967165 -0.697392702 0.708202481
vn -0.000482467731 -0.706010044 0.708201647
vn 0.210487619 -0.672755957 0.709291458
vn 0.0647538155 -0.208163351 0.975948274
vn -0.156423688 0.987485826 -0.0200829636
vn -2.12033756e-05 0.999798357 -0.0200823452
vn -0.000354096206 0.925291419 -0.379256785
vn -0.145096973 0.913843811 -0.379257619
vn -0.000512299768 0.712256491 -0.701919198
vn -0.111927405 0.703409791 -0.701916695
vn -0.000378297409 0.392338872 -0.919820726
vn -0.0617490001 0.387449771 -0.919820487
vn -0.220586538 0.67723757 -0.701919436
vn -0.121598922 0.373019546 -0.919820726
vn -0.286267072 0.879894376 -0.379258573
vn -0.323814392 0.634394407 -0.70191735
vn -0.178454861 0.349405229 -0.919820607
vn -0.420389593 0.824281216 -0.379253268
vn -0.419069827 0.575929463 -0.701915801
vn -0.230917186 0.317186832 -0.919820547
vn -0.544159234 0.7483688 -0.379255652
vn -0.50400579 0.503281653 -0.701915801
vn -0.277693063 0.277158439 -0.919820547
vn -0.654530346 0.654030025 -0.379255712
vn -0.576530159 0.418241113 -0.701916993
vn -0.317631096 0.230305225 -0.919820666
vn -0.748784423 0.543586552 -0.379256725
vn -0.634860039 0.322902739 -0.701916337
vn -0.34974882 0.177781418 -0.919820428
vn -0.824602902 0.419760048 -0.379251271
vn -0.677554667 0.219612002 -0.70191896
vn -0.373253077 0.12087971 -0.919820786
vn -0.952586293 0.303659111 -0.0192501806
vn -0.918511808 0.393095702 0.0425666235
vn -0.949580848 0.308470905 0.0560534038
vn -0.987492442 0.156382054 -0.0200829431
vn -0.985904217 0.156190142 0.0599794686
vn -0.253019601 0.0402399749 0.966623962
vn -0.256200105 0.000163613004 0.966623843
vn -0.998199642 3.77098186e-05 0.0599788167
vn -0.253072321 -0.0399170704 0.966623545
vn -0.985916138 -0.156115249 0.0599787645
vn -0.245631948 -0.0764790028 0.966341496
vn -0.949568987 -0.3084158 0.0565549918
vn -0.239768267 0.0747983903 0.967944443
vn 0.202662289 -0.0631928891 0.977207601
vn 0.214331955 -0.034095645 0.976165652
vn 0.697241902 -0.110921346 0.708202183
vn 0.666650414 -0.210648566 0.714985669
vn 0.70601052 -0.000482516014 0.70820117
vn 0.217027307 -0.000146749648 0.976165533
vn 0.697394431 0.109967656 0.708200634
vn 0.214378491 0.0338055156 0.976165533
vn 0.672391474 0.210470796 0.709641993
vn 0.208152205 0.0647482499 0.975951016
vn -0.987485945 -0.156423464 -0.0200830661
vn -0.952573419 -0.303699285 -0.0192539729
vn -0.918518305 -0.393072456 0.0426413082
vn -0.889606714 -0.456716835 0.00311839301
vn -0.892234623 -0.451220691 -0.0178118143
vn -0.803045869 -0.59548986 -0.022565037
vn -0.8525455 -0.522653103 6.0567113e-06
vn -0.799250126 -0.60099864 0
vn -0.706949294 -0.706979036 -0.0200857259
vn -0.707106709 -0.707106948 0
vn -0.798362672 -0.602176964 0
vn -0.707106888 -0.707106709 0
vn -0.601006448 -0.799244285 0
vn -0.602169573 -0.798368275 0
vn -0.522653162 -0.85254544 6.11095538e-06
vn -0.401410997 -0.915896952 0.00142407708
vn -0.522595346 -0.852580905 -5.40379915e-05
vn -0.378510177 -0.925595701 -0.00162213878
vn -0.456457078 -0.889742136 -0.00244468427
vn -0.595453441 -0.80307287 -0.0225656535
vn -0.456721008 -0.889604509 0.00312304427
vn -0.451174468 -0.892258167 -0.0178045668
vn -0.303658932 -0.952586353 -0.0192503501
vn -0.393095136 -0.918512046 0.0425661504
vn -0.308470309 -0.949581027 0.056053374
vn -0.156382233 -0.987492442 -0.0200830325
vn -0.156190217 -0.985904217 0.0599792376
vn -0.0402400531 -0.253020525 0.966623724
vn -0.000163628909 -0.256199926 0.966623843
vn -3.80622878e-05 -0.998199642 0.0599790402
vn 0.0399170071 -0.253071457 0.966623724
vn 0.156115502 -0.985916078 0.0599790998
vn 0.0764790475 -0.245632201 0.966341436
vn 0.308415353 -0.949569166 0.0565546155
vn -0.0747980848 -0.2397677 0.967944622
vn 0.0631299689 0.202538669 0.977237284
vn 0.0340955369 0.21433197 0.976165652
vn 0.110920981 0.697242022 0.708202004
vn 0.210204214 0.673597574 0.7085765
vn 0.000482812611 0.706010103 0.708201587
vn 0.00014678952 0.217027277 0.976165533
vn -0.109966747 0.697392762 0.708202422
vn -0.033805456 0.214378461 0.976165533
vn -0.210019901 0.676074624 0.706268251
vn -0.0647532567 0.208161667 0.975948632
vn 0.156423703 -0.987485826 -0.0200829487
vn 0.303699166 -0.952573419 -0.0192544013
vn 0.393072069 -0.918518424 0.0426412076
vn 0.45671761 -0.889605761 0.00326057523
vn 0.451221019 -0.892234445 -0.0178118907
vn 0.595490277 -0.803045571 -0.0225650296
vn 0.522596359 -0.852580249 5.5696295e-05
vn 0.706979096 -0.706949174 -0.0200855564
vn 0.803073168 -0.595453024 -0.0225657877
vn 0.889610469 -0.456709445 0.00312212459
vn 0.892258406 -0.451174021 -0.0178048853
vn 0.952589095 -0.303650349 -0.0192517191
vn 0.918516576 -0.3930839 0.0425723232
vn 0.949588299 -0.308445573 0.0560665354
vn 0.987492442 -0.156382069 -0.0200836193
vn 0.985904217 -0.156190082 0.05997945
vn 0.253019959 -0.0402400792 0.966623843
vn 0.256200343 -0.000164029872 0.966623724
vn 0.998199642 -4.00188401e-05 0.059979178
vn 0.25307107 0.0399161763 0.966623902
vn 0.985916436 0.156113297 0.0599790886
vn 0.245632768 0.0764791593 0.966341317
vn 0.949569285 0.308414996 0.0565538406
vn 0.239768207 -0.074798286 0.967944443
vn -0.202571273 0.0631463677 0.977229476
vn -0.214332208 0.0340956636 0.976165593
vn -0.697242856 0.110921495 0.70820111
vn -0.674383342 0.209959745 0.70790118
vn -0.706013381 0.000483727723 0.708198428
vn -0.217028275 0.000147082916 0.976165354
vn -0.697392166 -0.109965198 0.708203256
vn -0.214377329 -0.0338048376 0.976165771
vn -0.677575052 -0.210136786 0.704794049
vn -0.20816581 -0.0647551045 0.975947678
vn 0.952573419 0.303699076 -0.0192546584
vn 0.987486184 0.156421721 -0.0200828798
vn 0.918518066 0.393072903 0.0426408574
vn 0.889606833 0.456716537 0.00311808358
vn 0.892234802 0.451220304 -0.0178120863
vn 0.803045928 0.5954898 -0.0225650445
vn 0.852545679 0.522652805 6.02926639e-06
vn 0.799250424 0.600998223 0
vn 0.706949294 0.706979036 -0.0200861879
vn 0.707106948 0.70710665 0
vn 0.798363209 0.602176249 0
vn 0.707106948 0.707106709 0
vn 0.601006925 0.799243867 0
vn 0.602168679 0.798368871 0
vn 0.522654116 0.852544844 6.04951492e-06
vn 0.401410371 0.91589725 0.00142447557
vn 0.522594035 0.85258168 -5.40278561e-05
vn 0.37850967 0.925595999 -0.00162205414
vn 0.593892395 0.80267787 0.0547726527
vn 0.456456482 0.889742434 -0.00244492455
vn 0.451077908 0.891039431 0.0507683456
vn 0.116459452 0.228202567 0.966623425
vn 0.15072386 0.207176372 0.966623127
vn 0.706266999 0.706222296 0.0493671149
vn 0.181278408 0.181046769 0.966623127
vn 0.802718401 0.593837619 0.0547736101
vn 0.207367733 0.150459349 0.966623306
vn 0.891073167 0.451012015 0.0507619902
vn 0.228352562 0.116167046 0.966623187
vn 0.951407909 0.303664297 0.0510991588
vn 0.243713021 0.0790160075 0.966623247
vn 0.986489594 0.156211063 0.0493602306
vn 0.253073514 0.0399168096 0.966623247
vn 0.998781085 -3.33570279e-05 0.0493600778
vn 0.256201982 -0.00016399083 0.966623247
vn 0.0793263167 0.24361144 0.966623425
vn 0.303726077 0.951387942 0.0511034541
vn 0.040240474 0.253020465 0.966623724
vn 0.156275019 0.986479461 0.049360279
vn 0.000163635588 0.256202042 0.966623247
vn 3.19718165e-05 0.998781085 0.049360007
vn 0.986479521 -0.156274423 0.0493605174
vn 0.253021896 -0.0402399041 0.966623366
vn 0.95172435 -0.302402377 0.052665513
vn 0.243611932 -0.0793272108 0.966623247
vn -3.19348401e-05 0.998781025 -0.0493603796
vn 0.156213179 0.986489236 -0.0493603274
vn 0.0398964621 0.252941489 -0.966658652
vn -0.000161041593 0.252377242 -0.967628956
vn 0.0778466389 0.250024468 -0.965105057
vn 0.308684766 0.950026512 -0.0465122983
vn 0.986489236 -0.15621306 -0.0493608266
vn 0.998781085 2.89069831e-05 -0.0493600965
vn 0.253068298 -0.0399172381 -0.966624618
vn 0.25619781 0.000162900455 -0.966624379
vn 0.986479878 0.15627256 -0.0493599884
vn 0.25301829 0.0402388312 -0.96662432
vn 0.950032353 0.308729827 -0.046092011
vn 0.239766091 0.0747957528 -0.967945158
vn 0.245649457 -0.0764466822 -0.966339648
vn 0.951469719 -0.304087967 -0.0472860113
vn 0.91841352 0.394115478 -0.034490224
vn 0.889741361 0.456458479 -0.00244786544
vn -0.202582106 -0.0631508008 -0.977226973
vn -0.214329824 -0.0340949558 -0.976166129
vn -0.697239459 -0.110919364 -0.708204806
vn -0.706008434 -0.000480093353 -0.708203256
vn -0.217025787 -0.000145944141 -0.976165891
vn -0.697390139 0.109964713 -0.708205402
vn -0.214375928 0.0338045135 -0.97616607
vn -0.672568142 0.209810361 -0.709670186
vn -0.208203793 0.06473919 -0.975940645
vn -0.677087903 -0.210613772 -0.705119789
vn -0.233934313 0.140526637 -0.962043226
vn -0.622602165 0.320661098 -0.713822901
vn -0.043792922 0.540067077 -0.840481937
vn -0.534533143 0.639694214 -0.552327573
vn -0.393121183 0.841688037 -0.370158136
vn 0.165705144 0.859425128 -0.48366341
vn -0.132355303 0.991161406 -0.00901153684
vn 0.276768386 0.960924029 -0.00493050879
vn 0.153229013 0.988187909 0.00236385898
vn 0.707371771 0.706839263 0.00186218612
vn 0.686998069 0.571612656 0.448656619
vn 0.0625788718 0.874676824 0.480650038
vn 0.531302512 0.274563313 0.80145663
vn -0.0940597579 0.539440393 0.836753786
vn 0.328436762 -0.101198345 0.93908906
vn -0.248389319 0.14122802 0.95830971
vn 0.592469275 0.805579305 -0.00471799448
vn -0.42215398 0.906522512 0.00173761591
vn -0.661501288 0.32577002 0.675492406
vn 0.971211135 -0.196078271 0.13528575
vn 0.939677 -0.257286519 0.225412592
vn -0.644707501 0.591317058 0.48445484
vn 0.592826128 0.660283566 -0.46106711
vn 0.958879471 -0.260321558 -0.113061532
vn 0.487037033 0.320105672 -0.812605262
vn 0.94683975 -0.222156122 -0.232682452
vn 0.921133041 -0.387242019 -0.0394660607
vn 0.311431646 -0.0893589929 -0.946057796
vn 0.890900373 -0.454187065 -0.00326314429
vn 0.847903192 -0.529805124 -0.0191516094
vn -0.214379206 -0.0338047594 0.976165414
vn -0.217029974 0.000147145183 0.976164937
vn -0.697395205 -0.109963946 0.708200455
vn -0.7060166 0.000483415381 0.70819521
vn -0.671611786 -0.217712864 0.708194077
vn -0.206452802 -0.0669271722 0.976164937
vn -0.629284203 -0.320095539 0.70819509
vn -0.193440646 -0.0983978435 0.976165295
vn -0.571465075 -0.41459462 0.708194256
vn -0.175666541 -0.12744759 0.976165175
vn -0.499567568 -0.49888891 0.708196461
vn -0.153566226 -0.153358996 0.976165175
vn -0.415376991 -0.570895016 0.708195567
vn -0.127685353 -0.175493494 0.976165235
vn -0.320955157 -0.628840804 0.708199859
vn -0.0986597985 -0.193307146 0.976165295
vn -0.218631312 -0.671314061 0.708193421
vn -0.0672054663 -0.206361428 0.976165175
vn -0.110921405 -0.697246909 0.708197236
vn -0.0340958051 -0.214337111 0.97616446
vn -0.000482475618 -0.706009865 0.708201885
vn -0.000146745879 -0.21702683 0.976165652
vn 0.000163635588 0.256202042 0.966623247
vn 0.040240474 0.253020465 0.966623724
vn 0.0793263167 0.24361144 0.966623425
vn 0.116459452 0.228202567 0.966623425
vn 0.15072386 0.207176372 0.966623127
vn 0.181278408 0.181046769 0.966623127
vn 0.207367733 0.150459349 0.966623306
vn 0.228352562 0.116167046 0.966623187
vn 0.243713021 0.0790160075 0.966623247
vn 0.253073514 0.0399168096 0.966623247
vn 0.256201982 -0.00016399083 0.966623247
vn -0.214334011 0.0340967849 0.976165175
vn -0.697245955 0.110922031 0.708198071
vn -0.206362441 0.0672042146 0.976165056
vn -0.671315968 0.218629643 0.70819205
vn -0.193307325 0.0986596197 0.976165295
vn -0.628844559 0.320952624 0.708197653
vn -0.175494269 0.127686158 0.976164937
vn -0.570896268 0.415378749 0.708193421
vn -0.153359041 0.153565437 0.976165295
vn -0.498887777 0.499564856 0.708199143
vn -0.127447858 0.175666511 0.976165175
vn -0.414596409 0.57146287 0.708194911
vn -0.098397851 0.193440393 0.976165295
vn -0.320092618 0.629282773 0.708197653
vn -0.066926688 0.206452936 0.976164937
vn -0.217713982 0.671614289 0.708191276
vn -0.0338057727 0.214379624 0.976165295
vn -0.10996715 0.697396696 0.708198488
vn 0.000146775914 0.217029497 0.976165056
vn 0.000482844946 0.706013739 0.708198011
vn 0.0340957828 0.214332595 0.976165533
vn 0.110921651 0.697243392 0.708200574
vn 0.0672055036 0.206360981 0.976165295
vn 0.218631357 0.67131424 0.708193123
vn 0.0986598954 0.19330807 0.976165056
vn 0.320954412 0.628842294 0.708198905
vn 0.127685487 0.175494179 0.976165056
vn 0.415377021 0.570896685 0.708194196
vn 0.153566584 0.153359354 0.976165056
vn 0.499568194 0.498889506 0.708195567
vn 0.175666377 0.127447024 0.976165295
vn 0.571461499 0.414596379 0.708196104
vn 0.193440095 0.0983976349 0.976165414
vn 0.6292817 0.320094466 0.708197773
vn 0.206452012 0.0669267848 0.976165175
vn 0.671611607 0.217713073 0.708194077
vn 0.214380383 0.0338055715 0.976165056
vn 0.69739759 0.109967008 0.708197653
vn 0.217029333 -0.000146957158 0.976165116
vn 0.70601362 -0.000482222327 0.70819819
vn 0.214333832 -0.0340954363 0.976165175
vn 0.697244763 -0.110921815 0.708199263
vn 0.206362501 -0.0672052801 0.976164937
vn 0.671317577 -0.218630165 0.708190441
vn 0.193306908 -0.0986593142 0.976165414
vn 0.628843009 -0.320950478 0.708200097
vn 0.175494269 -0.12768653 0.976164937
vn 0.570896566 -0.415379792 0.708192587
vn 0.153358921 -0.153563142 0.976165652
vn 0.498886645 -0.49956432 0.708200336
vn 0.127447724 -0.175668314 0.976164818
vn 0.414595127 -0.571465909 0.708193243
vn 0.0983979255 -0.193438917 0.976165593
vn 0.320094198 -0.629281521 0.708198071
vn 0.0669264272 -0.206454784 0.976164579
vn 0.217713699 -0.671613932 0.708191693
vn 0.0338056609 -0.214382172 0.976164699
vn 0.109967291 -0.69739747 0.708197713
vn -0.000146745879 -0.21702683 0.976165652
vn -0.000482475618 -0.706009865 0.708201885
vn -0.228204176 0.116460279 0.966622949
vn -0.207175955 0.150723249 0.966623366
vn -0.181047037 0.181279257 0.966622949
vn -0.150459513 0.207367748 0.966623306
vn -0.116167963 0.228353664 0.966622829
vn -0.0790149122 0.243709981 0.966624081
vn -0.0399169885 0.253075123 0.966622829
vn 0.000163635588 0.256202042 0.966623247
vn -0.2436115 0.0793258324 0.966623485
vn -0.253021359 0.0402405374 0.966623485
vn -0.256202519 0.00016288599 0.966623127
vn -0.253073692 -0.0399171412 0.966623187
vn -0.243712351 -0.0790155903 0.966623425
vn -0.228352368 -0.116168208 0.966623068
vn -0.207368135 -0.150460556 0.966623068
vn -0.181278124 -0.181047007 0.966623127
vn -0.15072453 -0.207175866 0.966623127
vn -0.116459668 -0.228204563 0.966622949
vn -0.0793263391 -0.243610948 0.966623545
vn -0.0402404144 -0.253022134 0.966623247
vn -0.000163629418 -0.256201386 0.966623425
vn 0.0399173871 -0.253075242 0.96662277
vn 0.0790148228 -0.243712232 0.966623545
vn 0.116168328 -0.228353217 0.966622889
vn 0.150459602 -0.207369432 0.966622949
vn 0.181047231 -0.181276694 0.966623366
vn 0.207176089 -0.150724545 0.966623127
vn 0.228204519 -0.116458751 0.966623068
vn 0.243611932 -0.0793272108 0.966623247
vn 0.253021896 -0.0402399041 0.966623366
vn 3.80658785e-05 0.998199642 0.0599790588
vn 0.15619047 0.985904157 0.0599792078
vn 0.000163629637 0.256199926 0.966623843
vn 0.0402400233 0.253020138 0.966623843
vn 0.308470905 0.949580789 0.0560535751
vn 0.076040633 0.243749261 0.966852725
vn -0.0642348006 -0.206220746 0.976394892
vn -0.0340956561 -0.214331791 0.976165652
vn -0.110921368 -0.697242022 0.708201945
vn -0.000482467731 -0.706010044 0.708201647
vn -0.000146742997 -0.217027172 0.976165593
vn -0.209808022 -0.667500079 0.714439809
vn 0.156382278 0.987492442 -0.0200829282
vn 0.30365935 0.952586234 -0.01925008
vn 0.393094927 0.918512106 0.0425666869
vn 0.456720322 0.889604926 0.00312283682
vn 0.451174408 0.892258167 -0.0178046394
vn 0.595453084 0.803073108 -0.0225655735
vn 0.654029608 0.65452987 -0.379257053
vn 0.748369277 0.544159532 -0.379254401
vn 0.824281156 0.420388997 -0.379254192
vn 0.879894793 0.28626731 -0.37925753
vn 0.913843989 0.145095214 -0.379258007
vn 0.703409433 0.111925788 -0.701917291
vn 0.677237928 0.220586613 -0.701919079
vn 0.387450635 0.0617482401 -0.919820189
vn 0.373019487 0.121598884 -0.919820786
vn 0.634393275 0.323813587 -0.70191884
vn 0.349404424 0.178454489 -0.919820964
vn 0.575930059 0.419070303 -0.701915085
vn 0.317187279 0.230917603 -0.919820249
vn 0.503281176 0.504005134 -0.701916635
vn 0.27715829 0.277692914 -0.919820607
vn 0.418241501 0.576530337 -0.701916635
vn 0.230305389 0.317630976 -0.919820666
vn 0.543587089 0.748785138 -0.37925458
vn 0.322902322 0.634859324 -0.701917291
vn 0.17778115 0.349748522 -0.919820547
vn 0.419759989 0.824602008 -0.379253328
vn 0.219611898 0.67755425 -0.701919496
vn 0.120879769 0.373253286 -0.919820726
vn 0.285593599 0.880113006 -0.379259109
vn 0.110917017 0.703570187 -0.701916337
vn 0.0610021502 0.387567937 -0.919820547
vn 0.144398287 0.913954496 -0.379257679
vn -0.000512299768 0.712256491 -0.701919198
vn -0.000378297409 0.392338872 -0.919820726
vn -2.12033756e-05 0.999798357 -0.0200823452
vn -0.000354096206 0.925291419 -0.379256785
vn 0.0747958496 -0.239765763 -0.967945218
vn 0.0402397476 -0.253017038 -0.966624618
vn 0.308730155 -0.950032234 -0.0460923836
vn 0.156274304 -0.98647958 -0.0493602827
vn 0.000163647303 -0.256198138 -0.96662426
vn 3.08574818e-05 -0.998781025 -0.0493602492
vn -0.0399166569 -0.253069073 -0.966624439
vn -0.15621382 -0.986489117 -0.049360387
vn -0.0764784664 -0.245630071 -0.966342032
vn -0.308684319 -0.950026631 -0.046512261
vn 0.394116461 -0.918413222 -0.034489613
vn 0.456457913 -0.889741659 -0.00244762283
vn -0.000146790757 0.21702452 -0.976166189
vn -0.0340951011 0.214331537 -0.976165712
vn -0.000482825941 0.70600754 -0.70820421
vn 0.109966323 0.697388291 -0.708206892
vn 0.0338051207 0.214375123 -0.976166248
vn 0.21020481 0.676005185 -0.706279695
vn 0.0647328123 0.208120987 -0.975958705
vn -0.110920057 0.697239518 -0.708204687
vn -0.0631253496 0.202530205 -0.97723937
vn -0.210701957 0.672289252 -0.709670305
vn 0.146922618 0.269055218 -0.951852441
vn 0.327222139 0.682061613 -0.654001296
vn 0.547488809 0.0996128842 -0.830862999
vn 0.609057963 0.635049164 -0.475143135
vn 0.780643463 0.541983545 -0.311206847
vn 0.873599827 -0.0900948197 -0.478232503
vn 0.944002211 0.32986635 -0.00693023438
vn 0.980878949 -0.194571525 -0.00429788418
vn 0.96212256 0.272485375 0.00848528184
vn 0.974613667 -0.223841339 0.00482471613
vn 0.698949158 -0.715158105 0.00435421383
vn 0.568402231 -0.689744413 0.448521644
vn 0.867977917 -0.118405148 0.482280642
vn 0.27378723 -0.532257438 0.801088393
vn 0.54063797 0.0704132766 0.838303447
vn -0.101371653 -0.328903109 0.938907087
vn 0.141759112 0.244949028 0.959116459
vn 0.704709888 -0.709481835 -0.00441408344
vn 0.324077874 0.644971907 0.692087293
vn -0.197512195 -0.970670044 0.137071833
vn -0.257683933 -0.939303875 0.226510927
vn 0.620284796 0.591513395 0.515129864
vn 0.803608 0.490644425 0.336871386
vn -0.412410766 -0.910882831 0.0144889215
vn -0.517934561 -0.855420172 0.000481016381
vn -0.239765927 -0.0747957006 -0.967945218
vn -0.253017694 -0.0402399637 -0.966624439
vn -0.950032294 -0.308729917 -0.0460924208
vn -0.986479521 -0.156274393 -0.0493604876
vn -0.256198108 -0.000163459583 -0.96662432
vn -0.998781085 -3.10661489e-05 -0.049359791
vn -0.253069103 0.0399169661 -0.966624379
vn -0.986489296 0.156212926 -0.0493605211
vn -0.245629653 0.0764777958 -0.966342211
vn -0.950026751 0.308683902 -0.0465127081
vn -0.918413341 -0.394116074 -0.0344894975
vn -0.889741898 -0.456458122 -0.00232230243
vn 0.217024907 0.000146594466 -0.97616607
vn 0.214330226 0.0340950862 -0.97616601
vn 0.706005812 0.000481736235 -0.708205938
vn 0.697390556 -0.109964825 -0.708204865
vn 0.214376017 -0.0338041373 -0.97616607
vn 0.670461059 -0.210723922 -0.711391151
vn 0.208108604 -0.064726606 -0.975961745
vn 0.697238922 0.110920839 -0.708205163
vn 0.202562794 0.0631407946 -0.977231622
vn 0.668111026 0.210444584 -0.713681161
vn 0.243733123 -0.14612028 -0.958771706
vn 0.60405612 -0.322093338 -0.728952825
vn 0.0697398409 -0.545302272 -0.835333407
vn 0.526293218 -0.641210973 -0.558447778
vn 0.401917338 -0.839755237 -0.365066677
vn -0.125061572 -0.868531048 -0.479597211
vn 0.152308658 -0.988321722 -0.00471906271
vn -0.234893426 -0.972016037 -0.00314606237
vn -0.0100419614 -0.999907732 0.00915142149
vn -0.30336684 -0.952862322 0.00468515791
vn -0.709661007 -0.704529464 -0.00441856729
vn -0.716424227 -0.697650969 0.00440827059
vn -0.691210866 -0.567070544 0.44794929
vn -0.195308506 -0.857627034 0.475741982
vn -0.533667564 -0.273680359 0.800186217
vn 0.0116759846 -0.542988837 0.839658737
vn -0.32828638 0.101150662 0.939146757
vn 0.206029668 -0.138589501 0.968681991
vn 0.541654825 -0.311426193 0.78078407
vn -0.960617781 0.250793666 0.119649798
vn -0.940730333 0.258108914 0.220014274
vn 0.422871858 -0.650995851 0.630383909
vn 0.259084046 -0.873094916 0.413014174
vn -0.890327811 0.455279976 0.00604400598
vn -0.848716795 0.528842628 -0.00231399736
vn -0.0748654306 0.23998788 -0.967884839
vn -0.0408522338 0.256870002 -0.965582192
vn -0.308729947 0.950032294 -0.0460924245
vn -0.156275049 0.986479461 -0.0493604243
vn -0.000161041593 0.252377242 -0.967628956
vn -3.19348401e-05 0.998781025 -0.0493603796
vn -0.394115657 0.91841352 -0.0344900191
vn -0.456459492 0.889740825 -0.00244790269
vn 0.0707809404 -0.225037873 -0.971775711
vn 0.033996664 -0.232129067 -0.972090721
vn -0 -0.225068524 -0.974342942
vn 0.103831924 -0.719366908 -0.686826169
vn -0 -0.727787971 -0.685802281
vn 0.2339174 -0.74379617 -0.626138926
vn -0.522594333 0.852581501 -5.41924746e-05
vn -0.404588372 0.914497972 0.00133944093
vn -0.374573022 0.927196026 -0.0016101955
vn 0.698219478 0.715870142 -0.00443070522
vn 0.567713201 0.690592349 -0.448089302
vn -0.251101613 0.960576057 -0.11933852
vn -0.258671552 0.940791667 -0.21908927
vn 0.274425685 0.533107162 -0.800304592
vn -0.100760065 0.327650934 -0.939410627
vn 0.704794168 0.70939827 0.00440975232
vn 0.956112206 0.292963982 -0.00464394689
vn 0.982891917 0.184175491 0.0016953731
vn 0.568970799 0.689199388 0.448638469
vn 0.874894381 0.0806815475 0.477546275
vn 0.274004728 0.531776607 0.801333368
vn 0.545779824 -0.0950544477 0.83251977
vn -0.101269767 0.328514129 0.939054251
vn 0.146860927 -0.255488455 0.955592752
vn 0.999930263 -0.00670204125 -0.00972669199
vn 0.864160419 0.17974928 -0.470018208
vn 0.871486306 -0.286752433 -0.397850245
vn 0.555804491 -0.0336745605 -0.83063072
vn 0.663613081 -0.451568544 -0.596408904
vn 0.34192279 -0.57905215 -0.74012661
vn 0.155856863 -0.232540399 -0.960017502
vn 0.957918286 -0.287039757 0.000941175735
vn 0.325670034 -0.636116683 0.699495971
vn -0.25778085 0.940730512 0.220397726
vn -0.250326127 0.960710526 0.1198842
vn -0.52884537 0.848715067 -0.00231232378
vn -0.455277294 0.890329301 0.00603191694
vn 0.522593439 -0.852582037 -5.41909758e-05
vn 0.404591024 -0.914496839 0.00133947155
vn 0.374575287 -0.927195132 -0.00161013007
vn -0.698901534 -0.715204656 -0.00435615098
vn -0.568342566 -0.689810276 -0.448495954
vn 0.251098037 -0.96057719 -0.119336821
vn 0.258673608 -0.940790892 -0.219090164
vn -0.273738325 -0.5323506 -0.801043212
vn 0.101390295 -0.328999102 -0.938871503
vn -0.704865098 -0.709327698 0.00440754322
vn -0.987381101 -0.158332914 0.00306736212
vn -0.974288881 -0.225252032 -0.00476629334
vn -0.973630667 0.227960318 -0.00880387519
vn -0.914198935 0.405249476 0.0036402049
vn -0.876717508 -0.061097689 0.477109611
vn -0.754815459 0.585088491 0.296521813
vn -0.545570612 0.109949313 0.830821276
vn -0.593489587 0.657201529 0.464603305
vn -0.327688783 0.686232626 0.649388075
vn -0.14606078 0.268225402 0.952219188
vn 0.101272784 -0.328524202 0.939050436
vn -0.273986369 -0.531798661 0.801325023
vn 0.257780403 -0.940730512 0.220398173
vn -0.568928421 -0.689236879 0.448634684
vn 0.250327051 -0.960710049 0.119885631
vn 0.528845549 -0.848715007 -0.00231173332
vn 0.455278546 -0.890328646 0.00603075931
vn -0 -0.225068524 -0.974342942
vn -0.0362300873 -0.228820175 -0.972794294
vn -0.069666855 -0.223075971 -0.972308397
vn -0.113365702 -0.717799425 -0.68695879
vn -0.217176393 -0.690488577 -0.68997097
vn -0 -0.727787971 -0.685802281
vn -0.142445251 -0.237691715 -0.960839272
vn 0.0983424187 0.320785791 -0.942032516
vn -0.547402382 -0.0354567282 -0.836118102
vn -0.273857176 0.533852756 -0.800002217
vn -0.854235828 0.203754932 -0.478294015
vn -0.567642748 0.690422475 -0.448440105
vn -0.947549403 0.31957227 -0.00487627462
vn -0.704288065 0.70990026 -0.00447532674
vn -0.699268222 0.714846253 0.00434157904
vn -0.947925389 0.318454385 0.00493180286
vn -0.568510175 0.689523399 0.448724627
vn -0.844163299 0.211211249 0.492725283
vn -0.273555219 0.532390773 0.801079035
vn -0.523278952 0.00334087014 0.85215497
vn 0.0987903923 0.320914954 0.941941679
vn -0.127811939 -0.187433198 0.973926604
vn -0.999657393 0.0247661714 0.00847262982
vn -0.999811828 0.017303329 -0.00877637696
vn -0.310290962 -0.535084367 0.785750747
vn 0.197512895 0.970669925 0.137071386
vn 0.257681608 0.939305127 0.226508811
vn -0.650946498 -0.417326123 0.63411963
vn 0.412407547 0.910884261 0.014489837
vn 0.517929018 0.85542351 0.00048103201
vn -0.873257399 -0.249925479 0.418280721
vn -0.0668463707 -0.0215170253 -0.997531235
vn -0.0751227289 -0.0240511484 -0.996884227
vn -0.0693893209 -0.0107948985 -0.997531235
vn -0.077960372 -0.0120029859 -0.996884227
vn -0.0704354793 -0.035506621 -0.996884227
vn -0.0626573563 -0.0317090861 -0.997531235
vn -0.0640138015 -0.0460880622 -0.996884227
vn -0.0569255278 -0.0411205404 -0.997531235
vn -0.0560159013 -0.0555346198 -0.996884227
vn -0.0497920439 -0.0495194346 -0.997531235
vn -0.0466387644 -0.0636136532 -0.996884227
vn -0.0414324775 -0.0566988848 -0.997531235
vn -0.0361131392 -0.0701264516 -0.996884227
vn -0.0320526361 -0.0624823347 -0.997531235
vn -0.0246989392 -0.0749122202 -0.996884227
vn -0.021883741 -0.0667273477 -0.997531235
vn -0.012676009 -0.0778538287 -0.996884227
vn -0.0111758504 -0.0693293065 -0.997531235
vn -0.000340235478 -0.0788784176 -0.996884227
vn -0.000192667881 -0.0702240393 -0.997531235
vn 0.0120031936 -0.0779604837 -0.996884227
vn 0.0107951416 -0.0693895966 -0.997531235
vn 0.0240514837 -0.0751228184 -0.996884227
vn 0.0215171184 -0.0668465048 -0.997531235
vn 0.0355070569 -0.0704353973 -0.996884227
vn 0.0317091234 -0.0626573563 -0.997531235
vn 0.0460880734 -0.0640138164 -0.996884227
vn 0.0411205441 -0.0569255129 -0.997531235
vn 0.0555346273 -0.0560159422 -0.996884227
vn 0.0495194159 -0.0497920178 -0.997531235
vn 0.0636136457 -0.0466388315 -0.996884227
vn 0.0566988885 -0.0414324775 -0.997531235
vn 0.0701264516 -0.0361131653 -0.996884227
vn 0.0624823496 -0.032052625 -0.997531235
vn 0.0749124363 -0.0246983338 -0.996884227
vn 0.0667272508 -0.0218836404 -0.997531235
vn 0.0778538138 -0.0126754511 -0.996884227
vn 0.069329083 -0.0111758141 -0.997531235
vn 0.0788781866 -0.00034033187 -0.996884227
vn 0.0702238008 -0.000192746942 -0.997531235
vn 0.0779602677 0.0120031526 -0.996884227
vn 0.0693893731 0.0107950503 -0.997531235
vn 0.0751227513 0.0240509734 -0.996884227
vn 0.0668464005 0.0215170104 -0.997531235
vn 0.0704355016 0.0355066694 -0.996884227
vn 0.0626573339 0.0317091122 -0.997531235
vn 0.0640138015 0.0460881181 -0.996884227
vn 0.0569254756 0.0411205515 -0.997531235
vn 0.0560159124 0.0555346347 -0.996884227
vn 0.0497919731 0.0495194308 -0.997531235
vn 0.0466388278 0.0636136681 -0.996884227
vn 0.041432444 0.0566988774 -0.997531235
vn 0.0361132063 0.0701264516 -0.996884227
vn 0.0320526436 0.0624823049 -0.997531235
vn 0.0246983301 0.0749124363 -0.996884227
vn 0.0218836181 0.0667272434 -0.997531235
vn 0.0126755247 0.077853784 -0.996884227
vn 0.0111758159 0.069329083 -0.997531235
vn 0.00033988402 0.0788781792 -0.996884227
vn 0.000192728956 0.0702236742 -0.997531295
vn -0.0120035745 0.0779601038 -0.996884227
vn -0.0107949711 0.0693891421 -0.997531295
vn -0.0240505505 0.075122714 -0.996884227
vn -0.0215169042 0.0668462738 -0.997531295
vn -0.0355063416 0.0704355687 -0.996884227
vn -0.0317091197 0.0626573488 -0.997531235
vn -0.0460881405 0.0640137941 -0.996884227
vn -0.0411205068 0.0569254979 -0.997531235
vn -0.0555346124 0.0560159273 -0.996884227
vn -0.0495194122 0.0497920066 -0.997531235
vn -0.0636136979 0.0466387607 -0.996884227
vn -0.056698896 0.0414324403 -0.997531235
vn -0.0701263994 0.0361131728 -0.996884227
vn -0.062482357 0.0320526771 -0.997531235
vn -0.0749124214 0.0246983301 -0.996884227
vn -0.0667272508 0.0218836125 -0.997531235
vn -0.0778537914 0.0126753133 -0.996884227
vn -0.0693291202 0.0111757554 -0.997531235
vn -0.0788781121 0.000340667058 -0.996884227
vn -0.0702238679 0.000192951629 -0.997531235
vn -0.0444700047 0.0448110141 -0.998005211
vn -0.0369124934 0.0512157939 -0.998005211
vn -0.0284454357 0.0563599505 -0.998005211
vn -0.0192787088 0.0601160228 -0.998005211
vn -0.00963859912 0.0623916835 -0.998005211
vn 0.000240359572 0.0631311983 -0.998005211
vn 0.0101140719 0.062316332 -0.998005211
vn 0.0197378192 0.0599669442 -0.998005211
vn 0.0288758203 0.0561410449 -0.998005211
vn 0.0373028144 0.0509327091 -0.998005211
vn 0.04481107 0.0444701575 -0.998005211
vn 0.0512159355 0.0369126201 -0.998005211
vn 0.056359861 0.0284461491 -0.998005211
vn 0.0601158068 0.0192792825 -0.998005211
vn 0.0623915121 0.00963779818 -0.998005211
vn 0.0631310716 -0.000241065834 -0.998005211
vn 0.0623162389 -0.0101139583 -0.998005211
vn 0.0599670336 -0.0197378956 -0.998005211
vn 0.0561411045 -0.0288758483 -0.998005211
vn 0.0509325676 -0.037302766 -0.998005211
vn 0.0444699973 -0.0448109508 -0.998005211
vn 0.036912486 -0.0512157679 -0.998005211
vn 0.0284468606 -0.0563594736 -0.998005211
vn 0.0192799903 -0.0601156205 -0.998005211
vn 0.00963781029 -0.0623916984 -0.998005211
vn -0.000240915091 -0.0631313324 -0.998005211
vn -0.0101148803 -0.0623161495 -0.998005211
vn -0.0197386593 -0.0599666201 -0.998005211
vn -0.0288756229 -0.0561407544 -0.998005211
vn -0.0373025686 -0.0509323776 -0.998005211
vn -0.0448109098 -0.0444701165 -0.998005211
vn -0.0512159728 -0.036912594 -0.998005211
vn -0.0563599505 -0.0284462031 -0.998005211
vn -0.0601160266 -0.0192797109 -0.998005211
vn -0.0623918697 -0.009637665 -0.998005211
vn -0.0631314367 0.000241477697 -0.998005211
vn -0.0623163432 0.0101138158 -0.998005211
vn -0.059967 0.0197379328 -0.998005211
vn -0.0561411381 0.0288759023 -0.998005211
vn -0.0509326272 0.0373027213 -0.998005211
vn -0.0471791103 -0.0150562841 -0.998772979
vn -0.0489541329 -0.0074888845 -0.998772979
vn -0.0399102829 0.0293206386 -0.998772979
vn -0.034832377 0.0352020934 -0.998773038
vn -0.028897645 0.0402170606 -0.998773038
vn -0.0222503562 0.0442425497 -0.998773038
vn -0.0150557151 0.0471787713 -0.998772979
vn -0.00749110291 0.0489530452 -0.998772979
vn 0.000259176479 0.0495222136 -0.998772979
vn 0.0080042053 0.0488717407 -0.998772979
vn 0.0155498534 0.0470184833 -0.998772979
vn 0.0227138735 0.0440075174 -0.998772979
vn 0.0293200165 0.0399108157 -0.998772979
vn 0.0352022648 0.0348326564 -0.998772979
vn 0.0402172022 0.0288978294 -0.998772979
vn 0.0442429334 0.0222496632 -0.998773038
vn 0.0471785776 0.0150544047 -0.998773038
vn 0.0489526056 0.00748984888 -0.998773038
vn 0.049521625 -0.000259243941 -0.998773038
vn 0.0488719158 -0.00800180808 -0.998773038
vn 0.0470183231 -0.0155496839 -0.998772979
vn 0.0440062918 -0.0227154326 -0.998772979
vn 0.0399100967 -0.029320715 -0.998772979
vn 0.0348323546 -0.0352019966 -0.998773038
vn 0.0288984329 -0.0402165055 -0.998773038
vn 0.0222524963 -0.0442415439 -0.998773038
vn 0.0150564946 -0.0471781082 -0.998773038
vn 0.00749098649 -0.048953142 -0.998772979
vn -0.000259961322 -0.0495224744 -0.998772979
vn -0.00800735224 -0.0488712303 -0.998772979
vn -0.01555268 -0.0470168181 -0.998773038
vn -0.0227141604 -0.0440059714 -0.998773038
vn -0.0293179993 -0.0399114527 -0.998773038
vn -0.0352003984 -0.0348340906 -0.998773038
vn -0.0402167812 -0.0288986415 -0.998772979
vn -0.0442426316 -0.0222517289 -0.998772979
vn -0.00492997887 -0.00246394542 -0.99998486
vn -0.00495530013 -0.00156313612 -0.999986529
vn -0.00494633289 -0.000736539485 -0.999987483
vn -0.00484520383 -0.00346775982 -0.999982238
vn -0.00465851184 -0.00458677812 -0.999978662
vn -0.00430841278 -0.0058300891 -0.999973774
vn -0.00371696195 -0.0071427715 -0.999967575
vn -0.00281850132 -0.00840183813 -0.99996078
vn -0.00158427469 -0.00939395186 -0.9999547
vn -8.61149238e-05 -0.00975458045 -0.999952435
vn 0.00137195655 -0.00911880005 -0.999957561
vn 0.00255234889 -0.00806780905 -0.999964237
vn 0.00341231353 -0.00683661178 -0.999970794
vn 0.00399613008 -0.00559377857 -0.999976397
vn 0.00436463207 -0.0044476781 -0.999980628
vn 0.00459097978 -0.0034106439 -0.999983668
vn 0.00473413523 -0.00246508606 -0.999985814
vn 0.00482369866 -0.00160396891 -0.999987125
vn 0.00488058617 -0.000807310746 -0.999987841
vn 0.00491994107 -3.89569977e-05 -0.99998796
vn 0.00494688516 0.000740099233 -0.999987483
vn 0.00495612109 0.00156020606 -0.999986529
vn 0.00493260473 0.0024531004 -0.99998486
vn 0.00484805321 0.00345521513 -0.999982357
vn 0.0046622674 0.00458000135 -0.999978662
vn 0.00431404822 0.00581945619 -0.999973774
vn 0.00371567439 0.00713860756 -0.999967694
vn 0.00280459435 0.00841005426 -0.99996078
vn 0.00157226471 0.00940095913 -0.999954581
vn 8.06010212e-05 0.00975447893 -0.999952435
vn -0.00136980182 0.00912462175 -0.999957442
vn -0.00254689716 0.00807372387 -0.999964237
vn -0.00341115217 0.00683930703 -0.999970794
vn -0.00399431307 0.00559796998 -0.999976397
vn -0.00436487701 0.00444552395 -0.999980628
vn -0.00459168665 0.00340806786 -0.999983668
vn -0.00473237084 0.00246773218 -0.999985814
vn -0.0440062732 0.0227154531 -0.998772979
vn -0.0470187068 0.0155499745 -0.998772979
vn -0.048872482 0.00800272077 -0.998772979
vn -0.0495221056 0.000261888024 -0.998772979
vn -0.00482152915 0.00160928816 -0.999987125
vn -0.00487894099 0.000812973303 -0.999987841
vn -0.00491866795 4.53279827e-05 -0.99998796
vn -0.999798357 -2.09785121e-05 -0.020082064
vn -0.913954556 0.144397825 -0.379257679
vn -0.880113125 0.285593688 -0.379258811
vn -0.703570485 0.110916741 -0.701915979
vn -0.387566954 0.0610017702 -0.919821024
vn -0.712255716 -0.000512396509 -0.701919913
vn -0.392338753 -0.000378215482 -0.919820726
vn -0.925291061 -0.000353770563 -0.379257649
vn -0.703409672 -0.111927263 -0.701916814
vn -0.387448043 -0.0617486276 -0.919821262
vn -0.91384387 -0.145096987 -0.37925756
vn -0.677236736 -0.220586196 -0.701920331
vn -0.373019814 -0.121598996 -0.919820607
vn -0.879894257 -0.286267251 -0.379258871
vn -0.634394765 -0.323814631 -0.701916993
vn -0.349405378 -0.178455129 -0.919820428
vn -0.824280739 -0.420389265 -0.379254818
vn -0.575929582 -0.419070244 -0.701915443
vn -0.317186832 -0.230917305 -0.919820487
vn -0.748368561 -0.544159532 -0.379255801
vn -0.503281355 -0.504005373 -0.701916337
vn -0.277158171 -0.277692854 -0.919820666
vn -0.654030144 -0.654530227 -0.379255563
vn -0.418241709 -0.576530814 -0.701916099
vn -0.230305344 -0.317631125 -0.919820607
vn -0.543587029 -0.748784482 -0.37925595
vn -0.322902173 -0.634859443 -0.701917231
vn -0.177781194 -0.349748433 -0.919820607
vn -0.419759423 -0.824602664 -0.379252583
vn -0.219612107 -0.677554369 -0.701919317
vn -0.120879836 -0.373253256 -0.919820726
vn -0.28559351 -0.880112946 -0.379259259
vn -0.110916823 -0.703570127 -0.701916397
vn -0.0610018149 -0.387567133 -0.919820964
vn -0.144398302 -0.913954437 -0.379257798
vn 0.000512496685 -0.712256432 -0.701919258
vn 0.000378237863 -0.392339259 -0.919820547
vn 2.12059676e-05 -0.999798357 -0.0200823471
vn 0.000354299438 -0.925291359 -0.379256845
vn 0.111927323 -0.703409851 -0.701916575
vn 0.0617489666 -0.387448907 -0.919820905
vn 0.145097107 -0.91384387 -0.37925747
vn 0.220586538 -0.67723757 -0.701919436
vn 0.121598899 -0.373019457 -0.919820786
vn 0.286267102 -0.879894316 -0.379258662
vn 0.323814213 -0.634394586 -0.701917291
vn 0.178454757 -0.349405169 -0.919820666
vn 0.420389473 -0.824281335 -0.379253298
vn 0.419069916 -0.575929463 -0.701915801
vn 0.230917379 -0.317187011 -0.919820428
vn 0.544159532 -0.748368561 -0.379255801
vn 0.50400579 -0.503281534 -0.70191592
vn 0.277692884 -0.277157843 -0.919820726
vn 0.654530942 -0.654030383 -0.379253924
vn 0.576531768 -0.418241858 -0.701915145
vn 0.317632347 -0.230306029 -0.919820011
vn 0.74878484 -0.543586433 -0.37925604
vn 0.634859204 -0.322901875 -0.701917589
vn 0.349747509 -0.177780449 -0.919821084
vn 0.824602544 -0.419759303 -0.379252911
vn 0.67755425 -0.219611615 -0.701919615
vn 0.373253196 -0.120879561 -0.919820786
vn 0.880113065 -0.285593122 -0.379259288
vn 0.703572154 -0.110916935 -0.70191437
vn 0.387567848 -0.0610018931 -0.919820666
vn 0.913953841 -0.14439778 -0.379259467
vn 0.712256193 0.000510858023 -0.701919436
vn 0.39233923 0.000377311109 -0.919820547
vn 0.999798357 1.86666348e-05 -0.0200821813
vn 0.925291538 0.000351736206 -0.379256546
vn 0.0575859398 0.018781973 -0.998163879
vn 0.059815485 0.0095423013 -0.998163879
vn 0.0539390184 0.027559204 -0.998163879
vn 0.0489636399 0.0356578566 -0.998163879
vn 0.0427826159 0.0428783447 -0.998163879
vn 0.035548307 0.0490431264 -0.998163879
vn 0.0274385773 0.0540004447 -0.998163879
vn 0.0186532084 0.0576277748 -0.998163879
vn 0.00940860994 0.0598364025 -0.998163879
vn -6.76526106e-05 0.0605715849 -0.998163879
vn -0.00954237022 0.0598151647 -0.998163879
vn -0.0187819805 0.0575859621 -0.998163879
vn -0.0275591463 0.0539389066 -0.998163879
vn -0.0356578529 0.0489636213 -0.998163879
vn -0.0428783745 0.0427825935 -0.998163879
vn -0.0490431823 0.035548348 -0.998163879
vn -0.0540004112 0.0274385642 -0.998163879
vn -0.057627786 0.0186532103 -0.998163879
vn -0.0598362722 0.00940855965 -0.998163879
vn -0.0605716333 -6.76332129e-05 -0.998163879
vn -0.0598151125 -0.00954238325 -0.998163879
vn -0.0575859919 -0.0187819656 -0.998163879
vn -0.0539390072 -0.0275592078 -0.998163879
vn -0.0489636362 -0.0356578566 -0.998163879
vn -0.042782627 -0.0428783782 -0.998163879
vn -0.0355482809 -0.0490431413 -0.998163879
vn -0.0274386108 -0.0540004596 -0.998163879
vn -0.0186532494 -0.0576278567 -0.998163879
vn -0.00940858759 -0.0598362572 -0.998163879
vn 6.76315467e-05 -0.0605717115 -0.998163879
vn 0.00954242516 -0.0598150715 -0.998163879
vn 0.018781973 -0.0575860403 -0.998163879
vn 0.0275591724 -0.0539389029 -0.998163879
vn 0.0356578343 -0.0489636287 -0.998163879
vn 0.0428783707 -0.0427825786 -0.998163879
vn 0.0490432046 -0.0355483107 -0.998163879
vn 0.0540004075 -0.0274385456 -0.998163879
vn 0.0576279089 -0.0186532307 -0.998163879
vn 0.0598361678 -0.00940853357 -0.998163879
vn 0.0605715849 6.74610856e-05 -0.998163879
vn 0.277692884 -0.277157843 -0.919820726
vn 0.230917379 -0.317187011 -0.919820428
vn 0.178454757 -0.349405169 -0.919820666
vn 0.121598899 -0.373019457 -0.919820786
vn 0.0617489666 -0.387448907 -0.919820905
vn 0.000378237863 -0.392339259 -0.919820547
vn -0.0610018149 -0.387567133 -0.919820964
vn -0.120879836 -0.373253256 -0.919820726
vn -0.177781194 -0.349748433 -0.919820607
vn -0.230305344 -0.317631125 -0.919820607
vn -0.277158171 -0.277692854 -0.919820666
vn -0.317186832 -0.230917305 -0.919820487
vn -0.349405378 -0.178455129 -0.919820428
vn -0.373019814 -0.121598996 -0.919820607
vn -0.387448043 -0.0617486276 -0.919821262
vn -0.392338753 -0.000378215482 -0.919820726
vn -0.387566954 0.0610017702 -0.919821024
vn -0.373253077 0.12087971 -0.919820786
vn -0.34974882 0.177781418 -0.919820428
vn -0.317631096 0.230305225 -0.919820666
vn -0.277693063 0.277158439 -0.919820547
vn -0.230917186 0.317186832 -0.919820547
vn -0.178454861 0.349405229 -0.919820607
vn -0.121598922 0.373019546 -0.919820726
vn -0.0617490001 0.387449771 -0.919820487
vn -0.000378297409 0.392338872 -0.919820726
vn 0.0610021502 0.387567937 -0.919820547
vn 0.120879769 0.373253286 -0.919820726
vn 0.17778115 0.349748522 -0.919820547
vn 0.230305389 0.317630976 -0.919820666
vn 0.27715829 0.277692914 -0.919820607
vn 0.317187279 0.230917603 -0.919820249
vn 0.349404424 0.178454489 -0.919820964
vn 0.373019487 0.121598884 -0.919820786
vn 0.387450635 0.0617482401 -0.919820189
vn 0.39233923 0.000377311109 -0.919820547
vn 0.387567848 -0.0610018931 -0.919820666
vn 0.373253196 -0.120879561 -0.919820786
vn 0.349747509 -0.177780449 -0.919821084
vn 0.317632347 -0.230306029 -0.919820011
vn -0.394094586 -0.918419838 -0.0345609598
vn -0.101314783 -0.328799367 -0.938949585
vn 0.27389279 -0.532117844 -0.801145077
vn -0.258349895 -0.940784335 -0.219500035
vn 0.568689167 -0.689467728 -0.448583215
vn -0.250613362 -0.960673511 -0.119580187
vn -0.528850138 -0.848712206 0.00227193441
vn -0.455119729 -0.890414953 -0.00522905122
vn -0.852547169 -0.522650301 -6.0982411e-06
vn -0.914402425 -0.404803813 0.00143430417
vn -0.927078247 -0.374864012 -0.00172465981
vn -0.715075493 0.699033678 -0.00435088435
vn -0.6896227 0.568536818 -0.448538154
vn -0.970642745 -0.197731867 -0.136948198
vn -0.939393699 -0.258006513 -0.225770071
vn -0.532094717 0.273815483 -0.80118686
vn -0.328776628 -0.101354651 -0.938953221
vn -0.709365129 0.704827487 0.00440926198
vn -0.18890667 0.981988788 0.00350367674
vn -0.241015613 0.970509529 -0.00477447547
vn 0.159282297 0.987195849 -0.00857748464
vn 0.276281595 0.961061954 0.0053438819
vn -0.0867680535 0.873824179 0.478437722
vn 0.486659974 0.805484831 0.338166058
vn 0.0905224979 0.545052767 0.833500624
vn 0.580821335 0.622565031 0.524461091
vn 0.630605638 0.325065106 0.704747617
vn 0.252756804 0.146434397 0.956384361
vn -0.328588575 -0.101281404 0.939027011
vn -0.53187561 0.273964852 0.801281214
vn -0.939298987 -0.257352889 0.226907432
vn -0.689293742 0.568870604 0.448620588
vn -0.970747411 -0.196933568 0.13735579
vn -0.855418921 -0.517936587 0.000478210684
vn -0.910890996 -0.412393212 0.0144711956
vn -0.918420017 0.39409411 -0.0345614888
vn -0.328886122 0.101327658 -0.938917816
vn -0.532220662 -0.273864567 -0.801086426
vn -0.939382255 0.257679969 -0.226190209
vn -0.689541578 -0.568612456 -0.448567003
vn -0.970725715 0.197120383 -0.137241423
vn -0.855459988 0.517868698 -0.000569779542
vn -0.910944521 0.412326992 -0.0129041262
vn 0.394093931 0.918420136 -0.034560997
vn 0.258350492 0.940784633 -0.219497904
vn 0.250614405 0.960673571 -0.119577408
vn 0.528846741 0.848714352 0.00227052183
vn 0.455117822 0.890415907 -0.0052306056
vn 0.852581739 0.522593915 -5.41226109e-05
vn 0.914403021 0.404802591 0.00143413758
vn 0.92719537 0.374574691 -0.00161011831
vn 0.714987278 -0.699124038 -0.0043472955
vn 0.689505219 -0.568660855 -0.448561579
vn 0.960577548 0.251095921 -0.119338609
vn 0.940791249 0.258673698 -0.219088674
vn 0.531932116 -0.273864388 -0.801278055
vn 0.328635752 0.101333074 -0.939004898
vn 0.709313929 -0.704878986 0.00440703798
vn 0.10837955 -0.994100809 0.00417985255
vn 0.142038867 -0.989849806 -0.00473557226
vn -0.451928169 -0.892020166 -0.00781041849
vn -0.498188823 -0.867046952 0.00612838706
vn 0.0188178401 -0.880325735 0.473996401
vn -0.645537019 -0.713253856 0.273040295
vn -0.697965026 -0.571562588 0.431463957
vn -0.135960281 -0.548973203 0.824708045
vn -0.711144567 -0.328664988 0.621492386
vn -0.282666087 -0.148561448 0.947644114
vn 0.328497171 0.101267919 0.93906045
vn 0.531769335 -0.273996919 0.801340878
vn 0.939300418 0.257352591 0.226901859
vn 0.689215362 -0.568952143 0.448637635
vn 0.970747471 0.196932569 0.13735719
vn 0.855419517 0.517935634 0.000478434988
vn 0.910891771 0.412391633 0.0144687379
vn 0.217767522 0.13965784 -0.965957105
vn 0.563358784 0.317327648 -0.76284349
vn 0.0444462411 0.535684168 -0.84324789
vn -0.137553051 0.86394608 -0.484434038
vn 0.492523342 0.63951844 -0.59028554
vn 0.379241347 0.843120694 -0.381213248
vn -0.144600704 0.247147083 -0.958127916
vn -0.323399544 0.627987504 -0.707844973
vn -0.543596864 0.0740796924 -0.836071014
vn -0.86903578 -0.116638787 -0.480803698
vn -0.629239976 0.56421864 -0.534522712
vn -0.818779409 0.454248875 -0.35108152
vn -0.28016758 -0.148477316 -0.948399007
vn -0.703301966 -0.328302234 -0.630542696
vn -0.126549169 -0.548239231 -0.826691628
vn 0.0404878035 -0.879124165 -0.474869967
vn -0.678850174 -0.583018482 -0.446376503
vn -0.613786936 -0.736251295 -0.28495568
vn -0.32729581 -0.636611342 -0.698286176
vn -0.65629214 -0.506959677 -0.558813572
vn -0.868972898 -0.314031392 -0.382453233
vn 0.801504374 -0.497326702 0.332049668
vn 0.620536685 -0.589062572 0.517628849
vn -0.586190999 0.750914335 0.304151088
vn 0.455113858 -0.890417874 -0.00523619913
vn 0.52884388 -0.84871608 0.00227323896
vn -0.910936236 -0.412344992 -0.0129179815
vn -0.855464756 -0.51786083 -0.000570464588
vn -0.455116689 0.890416384 -0.00524033466
vn -0.528841853 0.848717391 0.00227372139
vn 0.890415907 0.455117673 -0.00523708249
vn 0.848713934 0.528847337 0.00226940424
vn 0.910878479 -0.412421852 0.0144439274
vn 0.855399013 -0.51796937 0.00049332832
f 3/3/3 2/2/2 1/1/1
f 3/3/3 4/4/4 2/2/2
f 5/5/5 4/4/4 3/3/3
f 5/5/5 6/6/6 4/4/4
f 7/7/7 6/6/6 5/5/5
f 7/7/7 8/8/8 6/6/6
f 9/9/9 8/8/8 7/7/7
f 9/9/9 10/10/10 8/8/8
f 11/11/11 10/10/10 9/9/9
f 11/11/11 12/12/12 10/10/10
f 13/13/13 12/12/12 11/11/11
f 13/13/13 14/14/14 12/12/12
f 15/15/15 14/14/14 13/13/13
f 15/15/15 16/16/16 14/14/14
f 17/17/17 16/16/16 15/15/15
f 17/17/17 18/18/18 16/16/16
f 19/19/19 18/18/18 17/17/17
f 19/19/19 20/20/20 18/18/18
f 6/6/6 8/8/8 21/21/21
f 6/6/6 21/21/21 22/22/22
f 4/4/4 6/6/6 22/22/22
f 4/4/4 22/22/22 23/23/23
f 2/2/2 4/4/4 23/23/23
f 2/2/2 23/23/23 24/24/24
f 24/24/24 25/25/25 2/2/2
f 1/1/1 2/2/2 25/25/25
f 1/1/1 25/25/25 26/26/26
f 26/26/26 25/25/25 27/27/27
f 26/26/26 27/27/27 28/28/28
f 28/28/28 27/27/27 29/29/29
f 28/28/28 29/29/29 30/30/30
f 30/30/30 29/29/29 31/31/31
f 30/30/30 31/31/31 32/32/32
f 32/32/32 31/31/31 33/33/33
f 32/32/32 33/33/33 34/34/34
f 34/34/34 33/33/33 35/35/35
f 34/34/34 35/35/35 36/36/36
f 36/36/36 35/35/35 37/37/37
f 36/36/36 37/37/37 38/38/38
f 38/38/38 37/37/37 39/39/39
f 38/38/38 39/39/39 40/40/40
f 40/40/40 39/39/39 41/41/41
f 40/40/40 41/41/41 42/42/42
f 42/42/42 41/41/41 43/43/43
f 42/42/42 43/43/43 44/44/44
f 44/44/44 43/43/43 45/45/45
f 44/44/44 45/45/45 46/46/46
f 46/46/46 45/45/45 47/47/47
f 46/46/46 47/47/47 48/48/48
f 48/48/48 47/47/47 49/49/49
f 48/48/48 49/49/49 50/50/50
f 50/50/50 49/49/49 51/51/51
f 50/50/50 51/51/51 52/52/52
f 52/52/52 51/51/51 53/53/53
f 52/52/52 53/53/53 54/54/54
f 54/54/54 53/53/53 55/55/55
f 54/54/54 55/55/55 56/56/56
f 56/56/56 55/55/55 57/57/57
f 56/56/56 57/57/57 58/58/58
f 58/58/58 57/57/57 59/59/59
f 58/58/58 59/59/59 60/60/60
f 60/60/60 59/59/59 61/61/61
f 60/60/60 61/61/61 62/62/62
f 62/62/62 61/61/61 63/63/63
f 62/62/62 63/63/63 64/64/64
f 64/64/64 63/63/63 65/65/65
f 64/64/64 65/65/65 66/66/66
f 66/66/66 65/65/65 67/67/67
f 66/66/66 67/67/67 68/68/68
f 68/68/68 67/67/67 69/69/69
f 68/68/68 69/69/69 70/70/70
f 70/70/70 69/69/69 71/71/71
f 70/70/70 71/71/71 72/72/72
f 72/72/72 71/71/71 73/73/73
f 72/72/72 73/73/73 74/74/74
f 74/74/74 73/73/73 75/75/75
f 74/74/74 75/75/75 76/76/76
f 76/76/76 75/75/75 77/77/77
f 76/76/76 77/77/77 78/78/78
f 78/78/78 77/77/77 79/79/79
f 78/78/78 79/79/79 80/80/80
f 80/80/80 79/79/79 81/81/81
f 80/80/80 81/81/81 82/82/82
f 82/82/82 81/81/81 83/83/83
f 82/82/82 83/83/83 84/84/84
f 84/84/84 83/83/83 85/85/85
f 84/84/84 85/85/85 86/86/86
f 85/85/85 83/83/83 87/87/87
f 85/85/85 87/87/87 88/88/88
f 88/88/88 87/87/87 89/89/89
f 88/88/88 89/89/89 90/90/90
f 90/90/90 89/89/89 91/91/91
f 90/90/90 91/91/91 92/92/92
f 92/92/92 91/91/91 93/93/93
f 92/92/92 93/93/93 94/94/94
f 94/94/94 93/93/93 95/95/95
f 94/94/94 95/95/95 96/96/96
f 96/96/96 95/95/95 97/97/97
f 96/96/96 97/97/97 98/98/98
f 98/98/98 97/97/97 99/99/99
f 98/98/98 99/99/99 100/100/100
f 100/100/100 99/99/99 101/101/101
f 100/100/100 101/101/101 102/102/102
f 102/102/102 101/101/101 103/103/103
f 102/102/102 103/103/103 104/104/104
f 101/101/101 105/105/105 103/103/103
f 101/101/101 106/106/106 105/105/105
f 99/99/99 106/106/106 101/101/101
f 99/99/99 107/107/107 106/106/106
f 97/97/97 107/107/107 99/99/99
f 97/97/97 108/108/108 107/107/107
f 95/95/95 108/108/108 97/97/97
f 95/95/95 109/109/109 108/108/108
f 93/93/93 109/109/109 95/95/95
f 93/93/93 110/110/110 109/109/109
f 91/91/91 110/110/110 93/93/93
f 91/91/91 111/111/111 110/110/110
f 89/89/89 111/111/111 91/91/91
f 89/89/89 112/112/112 111/111/111
f 87/87/87 112/112/112 89/89/89
f 87/87/87 113/113/113 112/112/112
f 83/83/83 113/113/113 87/87/87
f 83/83/83 81/81/81 113/113/113
f 106/106/106 114/114/114 105/105/105
f 106/106/106 115/115/115 114/114/114
f 107/107/107 115/115/115 106/106/106
f 107/107/107 116/116/116 115/115/115
f 108/108/108 116/116/116 107/107/107
f 108/108/108 117/117/117 116/116/116
f 109/109/109 117/117/117 108/108/108
f 109/109/109 118/118/118 117/117/117
f 110/110/110 118/118/118 109/109/109
f 110/110/110 119/119/119 118/118/118
f 111/111/111 119/119/119 110/110/110
f 111/111/111 120/120/120 119/119/119
f 112/112/112 120/120/120 111/111/111
f 112/112/112 121/121/121 120/120/120
f 113/113/113 121/121/121 112/112/112
f 113/113/113 122/122/122 121/121/121
f 81/81/81 122/122/122 113/113/113
f 81/81/81 79/79/79 122/122/122
f 115/115/115 123/123/123 114/114/114
f 115/115/115 124/124/124 123/123/123
f 116/116/116 124/124/124 115/115/115
f 116/116/116 125/125/125 124/124/124
f 117/117/117 125/125/125 116/116/116
f 117/117/117 126/126/126 125/125/125
f 118/118/118 126/126/126 117/117/117
f 118/118/118 127/127/127 126/126/126
f 119/119/119 127/127/127 118/118/118
f 119/119/119 128/128/128 127/127/127
f 120/120/120 128/128/128 119/119/119
f 120/120/120 129/129/129 128/128/128
f 121/121/121 129/129/129 120/120/120
f 121/121/121 130/130/130 129/129/129
f 122/122/122 130/130/130 121/121/121
f 122/122/122 131/131/131 130/130/130
f 79/79/79 131/131/131 122/122/122
f 79/79/79 77/77/77 131/131/131
f 124/124/124 132/132/132 123/123/123
f 124/124/124 133/133/133 132/132/132
f 125/125/125 133/133/133 124/124/124
f 125/125/125 134/134/134 133/133/133
f 126/126/126 134/134/134 125/125/125
f 126/126/126 135/135/135 134/134/134
f 127/127/127 135/135/135 126/126/126
f 127/127/127 136/136/136 135/135/135
f 128/128/128 136/136/136 127/127/127
f 128/128/128 137/137/137 136/136/136
f 129/129/129 137/137/137 128/128/128
f 129/129/129 138/138/138 137/137/137
f 130/130/130 138/138/138 129/129/129
f 130/130/130 139/139/139 138/138/138
f 131/131/131 139/139/139 130/130/130
f 131/131/131 140/140/140 139/139/139
f 77/77/77 140/140/140 131/131/131
f 77/77/77 75/75/75 140/140/140
f 133/133/133 141/141/141 132/132/132
f 133/133/133 142/142/142 141/141/141
f 134/134/134 142/142/142 133/133/133
f 134/134/134 143/143/143 142/142/142
f 135/135/135 143/143/143 134/134/134
f 135/135/135 144/144/144 143/143/143
f 136/136/136 144/144/144 135/135/135
f 136/136/136 145/145/145 144/144/144
f 137/137/137 145/145/145 136/136/136
f 137/137/137 146/146/146 145/145/145
f 138/138/138 146/146/146 137/137/137
f 138/138/138 147/147/147 146/146/146
f 139/139/139 147/147/147 138/138/138
f 139/139/139 148/148/148 147/147/147
f 140/140/140 148/148/148 139/139/139
f 140/140/140 149/149/149 148/148/148
f 75/75/75 149/149/149 140/140/140
f 75/75/75 73/73/73 149/149/149
f 142/142/142 150/150/150 141/141/141
f 142/142/142 151/151/151 150/150/150
f 143/143/143 151/151/151 142/142/142
f 143/143/143 152/152/152 151/151/151
f 144/144/144 152/152/152 143/143/143
f 144/144/144 153/153/153 152/152/152
f 145/145/145 153/153/153 144/144/144
f 145/145/145 154/154/154 153/153/153
f 146/146/146 154/154/154 145/145/145
f 146/146/146 155/155/155 154/154/154
f 147/147/147 155/155/155 146/146/146
f 147/147/147 156/156/156 155/155/155
f 148/148/148 156/156/156 147/147/147
f 148/148/148 157/157/157 156/156/156
f 149/149/149 157/157/157 148/148/148
f 149/149/149 158/158/158 157/157/157
f 73/73/73 158/158/158 149/149/149
f 73/73/73 71/71/71 158/158/158
f 151/151/151 159/159/159 150/150/150
f 151/151/151 160/160/160 159/159/159
f 152/152/152 160/160/160 151/151/151
f 152/152/152 161/161/161 160/160/160
f 153/153/153 161/161/161 152/152/152
f 153/153/153 162/162/162 161/161/161
f 154/154/154 162/162/162 153/153/153
f 154/154/154 163/163/163 162/162/162
f 155/155/155 163/163/163 154/154/154
f 155/155/155 164/164/164 163/163/163
f 156/156/156 164/164/164 155/155/155
f 156/156/156 165/165/165 164/164/164
f 157/157/157 165/165/165 156/156/156
f 157/157/157 166/166/166 165/165/165
f 158/158/158 166/166/166 157/157/157
f 158/158/158 167/167/167 166/166/166
f 71/71/71 167/167/167 158/158/158
f 71/71/71 69/69/69 167/167/167
f 160/160/160 168/168/168 159/159/159
f 160/160/160 169/169/169 168/168/168
f 161/161/161 169/169/169 160/160/160
f 161/161/161 170/170/170 169/169/169
f 162/162/162 170/170/170 161/161/161
f 162/162/162 171/171/171 170/170/170
f 163/163/163 171/171/171 162/162/162
f 163/163/163 172/172/172 171/171/171
f 164/164/164 172/172/172 163/163/163
f 164/164/164 173/173/173 172/172/172
f 165/165/165 173/173/173 164/164/164
f 165/165/165 174/174/174 173/173/173
f 166/166/166 174/174/174 165/165/165
f 166/166/166 175/175/175 174/174/174
f 167/167/167 175/175/175 166/166/166
f 167/167/167 176/176/176 175/175/175
f 69/69/69 176/176/176 167/167/167
f 69/69/69 67/67/67 176/176/176
f 169/169/169 177/177/177 168/168/168
f 169/169/169 178/178/178 177/177/177
f 170/170/170 178/178/178 169/169/169
f 170/170/170 179/179/179 178/178/178
f 171/171/171 179/179/179 170/170/170
f 171/171/171 180/180/180 179/179/179
f 172/172/172 180/180/180 171/171/171
f 172/172/172 181/181/181 180/180/180
f 173/173/173 181/181/181 172/172/172
f 173/173/173 182/182/182 181/181/181
f 174/174/174 182/182/182 173/173/173
f 174/174/174 183/183/183 182/182/182
f 175/175/175 183/183/183 174/174/174
f 175/175/175 184/184/184 183/183/183
f 176/176/176 184/184/184 175/175/175
f 176/176/176 185/185/185 184/184/184
f 67/67/67 185/185/185 176/176/176
f 67/67/67 65/65/65 185/185/185
f 178/178/178 186/186/186 177/177/177
f 178/178/178 187/187/187 186/186/186
f 179/179/179 187/187/187 178/178/178
f 179/179/179 188/188/188 187/187/187
f 180/180/180 188/188/188 179/179/179
f 180/180/180 189/189/189 188/188/188
f 181/181/181 189/189/189 180/180/180
f 181/181/181 190/190/190 189/189/189
f 182/182/182 190/190/190 181/181/181
f 182/182/182 191/191/191 190/190/190
f 183/183/183 191/191/191 182/182/182
f 183/183/183 192/192/192 191/191/191
f 184/184/184 192/192/192 183/183/183
f 184/184/184 193/193/193 192/192/192
f 185/185/185 193/193/193 184/184/184
f 185/185/185 194/194/194 193/193/193
f 65/65/65 194/194/194 185/185/185
f 65/65/65 63/63/63 194/194/194
f 187/187/187 195/195/195 186/186/186
f 187/187/187 196/196/196 195/195/195
f 188/188/188 196/196/196 187/187/187
f 188/188/188 197/197/197 196/196/196
f 189/189/189 197/197/197 188/188/188
f 189/189/189 198/198/198 197/197/197
f 190/190/190 198/198/198 189/189/189
f 190/190/190 199/199/199 198/198/198
f 191/191/191 199/199/199 190/190/190
f 191/191/191 200/200/200 199/199/199
f 192/192/192 200/200/200 191/191/191
f 192/192/192 201/201/201 200/200/200
f 193/193/193 201/201/201 192/192/192
f 193/193/193 202/202/202 201/201/201
f 194/194/194 202/202/202 193/193/193
f 194/194/194 203/203/203 202/202/202
f 63/63/63 203/203/203 194/194/194
f 63/63/63 61/61/61 203/203/203
f 196/196/196 204/204/204 195/195/195
f 196/196/196 205/205/205 204/204/204
f 197/197/197 205/205/205 196/196/196
f 197/197/197 206/206/206 205/205/205
f 198/198/198 206/206/206 197/197/197
f 198/198/198 207/207/207 206/206/206
f 199/199/199 207/207/207 198/198/198
f 199/199/199 208/208/208 207/207/207
f 200/200/200 208/208/208 199/199/199
f 200/200/200 209/209/209 208/208/208
f 201/201/201 209/209/209 200/200/200
f 201/201/201 210/210/210 209/209/209
f 202/202/202 210/210/210 201/201/201
f 202/202/202 211/211/211 210/210/210
f 203/203/203 211/211/211 202/202/202
f 203/203/203 212/212/212 211/211/211
f 61/61/61 212/212/212 203/203/203
f 61/61/61 59/59/59 212/212/212
f 205/205/205 213/213/213 204/204/204
f 205/205/205 214/214/214 213/213/213
f 206/206/206 214/214/214 205/205/205
f 206/206/206 215/215/215 214/214/214
f 207/207/207 215/215/215 206/206/206
f 207/207/207 216/216/216 215/215/215
f 208/208/208 216/216/216 207/207/207
f 208/208/208 217/217/217 216/216/216
f 209/209/209 217/217/217 208/208/208
f 209/209/209 218/218/218 217/217/217
f 210/210/210 218/218/218 209/209/209
f 210/210/210 219/219/219 218/218/218
f 211/211/211 219/219/219 210/210/210
f 211/211/211 220/220/220 219/219/219
f 212/212/212 220/220/220 211/211/211
f 212/212/212 221/221/221 220/220/220
f 59/59/59 221/221/221 212/212/212
f 59/59/59 57/57/57 221/221/221
f 214/214/214 222/222/222 213/213/213
f 214/214/214 223/223/223 222/222/222
f 215/215/215 223/223/223 214/214/214
f 215/215/215 224/224/224 223/223/223
f 216/216/216 224/224/224 215/215/215
f 216/216/216 225/225/225 224/224/224
f 217/217/217 225/225/225 216/216/216
f 217/217/217 226/226/226 225/225/225
f 218/218/218 226/226/226 217/217/217
f 218/218/218 227/227/227 226/226/226
f 219/219/219 227/227/227 218/218/218
f 219/219/219 228/228/228 227/227/227
f 220/220/220 228/228/228 219/219/219
f 220/220/220 229/229/229 228/228/228
f 221/221/221 229/229/229 220/220/220
f 221/221/221 230/230/230 229/229/229
f 57/57/57 230/230/230 221/221/221
f 57/57/57 55/55/55 230/230/230
f 223/223/223 231/231/231 222/222/222
f 223/223/223 232/232/232 231/231/231
f 224/224/224 232/232/232 223/223/223
f 224/224/224 233/233/233 232/232/232
f 225/225/225 233/233/233 224/224/224
f 225/225/225 234/234/234 233/233/233
f 226/226/226 234/234/234 225/225/225
f 226/226/226 235/235/235 234/234/234
f 227/227/227 235/235/235 226/226/226
f 227/227/227 236/236/236 235/235/235
f 228/228/228 236/236/236 227/227/227
f 228/228/228 237/237/237 236/236/236
f 229/229/229 237/237/237 228/228/228
f 229/229/229 238/238/238 237/237/237
f 230/230/230 238/238/238 229/229/229
f 230/230/230 239/239/239 238/238/238
f 55/55/55 239/239/239 230/230/230
f 55/55/55 53/53/53 239/239/239
f 232/232/232 240/240/240 231/231/231
f 232/232/232 241/241/241 240/240/240
f 233/233/233 241/241/241 232/232/232
f 233/233/233 242/242/242 241/241/241
f 234/234/234 242/242/242 233/233/233
f 234/234/234 243/243/243 242/242/242
f 235/235/235 243/243/243 234/234/234
f 235/235/235 244/244/244 243/243/243
f 236/236/236 244/244/244 235/235/235
f 236/236/236 245/245/245 244/244/244
f 237/237/237 245/245/245 236/236/236
f 237/237/237 246/246/246 245/245/245
f 238/238/238 246/246/246 237/237/237
f 238/238/238 247/247/247 246/246/246
f 239/239/239 247/247/247 238/238/238
f 239/239/239 248/248/248 247/247/247
f 53/53/53 248/248/248 239/239/239
f 53/53/53 51/51/51 248/248/248
f 241/241/241 249/249/249 240/240/240
f 241/241/241 250/250/250 249/249/249
f 242/242/242 250/250/250 241/241/241
f 242/242/242 251/251/251 250/250/250
f 243/243/243 251/251/251 242/242/242
f 243/243/243 252/252/252 251/251/251
f 244/244/244 252/252/252 243/243/243
f 244/244/244 253/253/253 252/252/252
f 245/245/245 253/253/253 244/244/244
f 245/245/245 254/254/254 253/253/253
f 246/246/246 254/254/254 245/245/245
f 246/246/246 255/255/255 254/254/254
f 247/247/247 255/255/255 246/246/246
f 247/247/247 256/256/256 255/255/255
f 248/248/248 256/256/256 247/247/247
f 248/248/248 257/257/257 256/256/256
f 51/51/51 257/257/257 248/248/248
f 51/51/51 49/49/49 257/257/257
f 250/250/250 258/258/258 249/249/249
f 250/250/250 259/259/259 258/258/258
f 251/251/251 259/259/259 250/250/250
f 251/251/251 260/260/260 259/259/259
f 252/252/252 260/260/260 251/251/251
f 252/252/252 261/261/261 260/260/260
f 253/253/253 261/261/261 252/252/252
f 253/253/253 262/262/262 261/261/261
f 254/254/254 262/262/262 253/253/253
f 254/254/254 263/263/263 262/262/262
f 255/255/255 263/263/263 254/254/254
f 255/255/255 264/264/264 263/263/263
f 256/256/256 264/264/264 255/255/255
f 256/256/256 265/265/265 264/264/264
f 257/257/257 265/265/265 256/256/256
f 257/257/257 266/266/266 265/265/265
f 49/49/49 266/266/266 257/257/257
f 49/49/49 47/47/47 266/266/266
f 259/259/259 267/267/267 258/258/258
f 259/259/259 268/268/268 267/267/267
f 260/260/260 268/268/268 259/259/259
f 260/260/260 269/269/269 268/268/268
f 261/261/261 269/269/269 260/260/260
f 261/261/261 270/270/270 269/269/269
f 262/262/262 270/270/270 261/261/261
f 262/262/262 271/271/271 270/270/270
f 263/263/263 271/271/271 262/262/262
f 263/263/263 272/272/272 271/271/271
f 264/264/264 272/272/272 263/263/263
f 264/264/264 273/273/273 272/272/272
f 265/265/265 273/273/273 264/264/264
f 265/265/265 274/274/274 273/273/273
f 266/266/266 274/274/274 265/265/265
f 266/266/266 275/275/275 274/274/274
f 47/47/47 275/275/275 266/266/266
f 47/47/47 45/45/45 275/275/275
f 268/268/268 276/276/276 267/267/267
f 268/268/268 277/277/277 276/276/276
f 269/269/269 277/277/277 268/268/268
f 269/269/269 278/278/278 277/277/277
f 270/270/270 278/278/278 269/269/269
f 270/270/270 279/279/279 278/278/278
f 271/271/271 279/279/279 270/270/270
f 271/271/271 280/280/280 279/279/279
f 272/272/272 280/280/280 271/271/271
f 272/272/272 281/281/281 280/280/280
f 273/273/273 281/281/281 272/272/272
f 273/273/273 282/282/282 281/281/281
f 274/274/274 282/282/282 273/273/273
f 274/274/274 283/283/283 282/282/282
f 275/275/275 283/283/283 274/274/274
f 275/275/275 284/284/284 283/283/283
f 45/45/45 284/284/284 275/275/275
f 45/45/45 43/43/43 284/284/284
f 277/277/277 285/285/285 276/276/276
f 277/277/277 286/286/286 285/285/285
f 278/278/278 286/286/286 277/277/277
f 278/278/278 287/287/287 286/286/286
f 279/279/279 287/287/287 278/278/278
f 279/279/279 288/288/288 287/287/287
f 280/280/280 288/288/288 279/279/279
f 280/280/280 289/289/289 288/288/288
f 281/281/281 289/289/289 280/280/280
f 281/281/281 290/290/290 289/289/289
f 282/282/282 290/290/290 281/281/281
f 282/282/282 291/291/291 290/290/290
f 283/283/283 291/291/291 282/282/282
f 283/283/283 292/292/292 291/291/291
f 284/284/284 292/292/292 283/283/283
f 284/284/284 293/293/293 292/292/292
f 43/43/43 293/293/293 284/284/284
f 43/43/43 41/41/41 293/293/293
f 286/286/286 294/294/294 285/285/285
f 286/286/286 295/295/295 294/294/294
f 287/287/287 295/295/295 286/286/286
f 287/287/287 296/296/296 295/295/295
f 288/288/288 296/296/296 287/287/287
f 288/288/288 297/297/297 296/296/296
f 289/289/289 297/297/297 288/288/288
f 289/289/289 298/298/298 297/297/297
f 290/290/290 298/298/298 289/289/289
f 290/290/290 299/299/299 298/298/298
f 291/291/291 299/299/299 290/290/290
f 291/291/291 300/300/300 299/299/299
f 292/292/292 300/300/300 291/291/291
f 292/292/292 301/301/301 300/300/300
f 293/293/293 301/301/301 292/292/292
f 293/293/293 302/302/302 301/301/301
f 41/41/41 302/302/302 293/293/293
f 41/41/41 39/39/39 302/302/302
f 295/295/295 303/303/303 294/294/294
f 295/295/295 304/304/304 303/303/303
f 296/296/296 304/304/304 295/295/295
f 296/296/296 305/305/305 304/304/304
f 297/297/297 305/305/305 296/296/296
f 297/297/297 306/306/306 305/305/305
f 298/298/298 306/306/306 297/297/297
f 298/298/298 307/307/307 306/306/306
f 299/299/299 307/307/307 298/298/298
f 299/299/299 308/308/308 307/307/307
f 300/300/300 308/308/308 299/299/299
f 300/300/300 309/309/309 308/308/308
f 301/301/301 309/309/309 300/300/300
f 301/301/301 310/310/310 309/309/309
f 302/302/302 310/310/310 301/301/301
f 302/302/302 311/311/311 310/310/310
f 39/39/39 311/311/311 302/302/302
f 39/39/39 37/37/37 311/311/311
f 304/304/304 312/312/312 303/303/303
f 304/304/304 313/313/313 312/312/312
f 305/305/305 313/313/313 304/304/304
f 305/305/305 314/314/314 313/313/313
f 306/306/306 314/314/314 305/305/305
f 306/306/306 315/315/315 314/314/314
f 307/307/307 315/315/315 306/306/306
f 307/307/307 316/316/316 315/315/315
f 308/308/308 316/316/316 307/307/307
f 308/308/308 317/317/317 316/316/316
f 309/309/309 317/317/317 308/308/308
f 309/309/309 318/318/318 317/317/317
f 310/310/310 318/318/318 309/309/309
f 310/310/310 319/319/319 318/318/318
f 311/311/311 319/319/319 310/310/310
f 311/311/311 320/320/320 319/319/319
f 37/37/37 320/320/320 311/311/311
f 37/37/37 35/35/35 320/320/320
f 313/313/313 321/321/321 312/312/312
f 313/313/313 322/322/322 321/321/321
f 314/314/314 322/322/322 313/313/313
f 314/314/314 323/323/323 322/322/322
f 315/315/315 323/323/323 314/314/314
f 315/315/315 324/324/324 323/323/323
f 316/316/316 324/324/324 315/315/315
f 316/316/316 325/325/325 324/324/324
f 317/317/317 325/325/325 316/316/316
f 317/317/317 326/326/326 325/325/325
f 318/318/318 326/326/326 317/317/317
f 318/318/318 327/327/327 326/326/326
f 319/319/319 327/327/327 318/318/318
f 319/319/319 328/328/328 327/327/327
f 320/320/320 328/328/328 319/319/319
f 320/320/320 329/329/329 328/328/328
f 35/35/35 329/329/329 320/320/320
f 35/35/35 33/33/33 329/329/329
f 322/322/322 330/330/330 321/321/321
f 322/322/322 331/331/331 330/330/330
f 323/323/323 331/331/331 322/322/322
f 323/323/323 332/332/332 331/331/331
f 324/324/324 332/332/332 323/323/323
f 324/324/324 333/333/333 332/332/332
f 325/325/325 333/333/333 324/324/324
f 325/325/325 334/334/334 333/333/333
f 326/326/326 334/334/334 325/325/325
f 326/326/326 335/335/335 334/334/334
f 327/327/327 335/335/335 326/326/326
f 327/327/327 336/336/336 335/335/335
f 328/328/328 336/336/336 327/327/327
f 328/328/328 337/337/337 336/336/336
f 329/329/329 337/337/337 328/328/328
f 329/329/329 338/338/338 337/337/337
f 33/33/33 338/338/338 329/329/329
f 33/33/33 31/31/31 338/338/338
f 331/331/331 339/339/339 330/330/330
f 331/331/331 340/340/340 339/339/339
f 332/332/332 340/340/340 331/331/331
f 332/332/332 341/341/341 340/340/340
f 333/333/333 341/341/341 332/332/332
f 333/333/333 342/342/342 341/341/341
f 334/334/334 342/342/342 333/333/333
f 334/334/334 343/343/343 342/342/342
f 335/335/335 343/343/343 334/334/334
f 335/335/335 344/344/344 343/343/343
f 336/336/336 344/344/344 335/335/335
f 336/336/336 345/345/345 344/344/344
f 337/337/337 345/345/345 336/336/336
f 337/337/337 346/346/346 345/345/345
f 338/338/338 346/346/346 337/337/337
f 338/338/338 347/347/347 346/346/346
f 31/31/31 347/347/347 338/338/338
f 31/31/31 29/29/29 347/347/347
f 340/340/340 348/348/348 339/339/339
f 340/340/340 349/349/349 348/348/348
f 341/341/341 349/349/349 340/340/340
f 341/341/341 350/350/350 349/349/349
f 342/342/342 350/350/350 341/341/341
f 342/342/342 351/351/351 350/350/350
f 343/343/343 351/351/351 342/342/342
f 343/343/343 352/352/352 351/351/351
f 344/344/344 352/352/352 343/343/343
f 344/344/344 353/353/353 352/352/352
f 345/345/345 353/353/353 344/344/344
f 345/345/345 354/354/354 353/353/353
f 346/346/346 354/354/354 345/345/345
f 346/346/346 355/355/355 354/354/354
f 347/347/347 355/355/355 346/346/346
f 347/347/347 356/356/356 355/355/355
f 29/29/29 356/356/356 347/347/347
f 29/29/29 27/27/27 356/356/356
f 349/349/349 357/357/357 348/348/348
f 349/349/349 358/358/358 357/357/357
f 350/350/350 358/358/358 349/349/349
f 359/359/359 357/357/357 358/358/358
f 359/359/359 358/358/358 360/360/360
f 360/360/360 358/358/358 361/361/361
f 350/350/350 361/361/361 358/358/358
f 351/351/351 361/361/361 350/350/350
f 360/360/360 361/361/361 362/362/362
f 362/362/362 361/361/361 363/363/363
f 351/351/351 363/363/363 361/361/361
f 352/352/352 363/363/363 351/351/351
f 362/362/362 363/363/363 364/364/364
f 364/364/364 363/363/363 365/365/365
f 352/352/352 365/365/365 363/363/363
f 353/353/353 365/365/365 352/352/352
f 364/364/364 365/365/365 366/366/366
f 366/366/366 365/365/365 367/367/367
f 353/353/353 367/367/367 365/365/365
f 354/354/354 367/367/367 353/353/353
f 366/366/366 367/367/367 368/368/368
f 368/368/368 367/367/367 369/369/369
f 368/368/368 369/369/369 370/370/370
f 370/370/370 369/369/369 371/371/371
f 370/370/370 371/371/371 372/372/372
f 372/372/372 371/371/371 373/373/373
f 372/372/372 373/373/373 24/24/24
f 24/24/24 373/373/373 25/25/25
f 362/362/362 374/374/374 360/360/360
f 362/362/362 375/375/375 374/374/374
f 364/364/364 375/375/375 362/362/362
f 364/364/364 376/376/376 375/375/375
f 366/366/366 376/376/376 364/364/364
f 366/366/366 377/377/377 376/376/376
f 368/368/368 377/377/377 366/366/366
f 368/368/368 378/378/378 377/377/377
f 370/370/370 378/378/378 368/368/368
f 370/370/370 379/379/379 378/378/378
f 372/372/372 379/379/379 370/370/370
f 372/372/372 380/380/380 379/379/379
f 24/24/24 380/380/380 372/372/372
f 24/24/24 23/23/23 380/380/380
f 375/375/375 381/381/381 374/374/374
f 374/374/374 381/381/381 382/382/382
f 374/374/374 382/382/382 383/383/383
f 360/360/360 374/374/374 383/383/383
f 360/360/360 383/383/383 359/359/359
f 375/375/375 384/384/384 381/381/381
f 376/376/376 384/384/384 375/375/375
f 376/376/376 385/385/385 384/384/384
f 377/377/377 385/385/385 376/376/376
f 377/377/377 386/386/386 385/385/385
f 378/378/378 386/386/386 377/377/377
f 378/378/378 387/387/387 386/386/386
f 379/379/379 387/387/387 378/378/378
f 379/379/379 388/388/388 387/387/387
f 380/380/380 388/388/388 379/379/379
f 380/380/380 389/389/389 388/388/388
f 23/23/23 389/389/389 380/380/380
f 23/23/23 22/22/22 389/389/389
f 381/381/381 390/390/390 382/382/382
f 381/381/381 391/391/391 390/390/390
f 384/384/384 391/391/391 381/381/381
f 384/384/384 392/392/392 391/391/391
f 385/385/385 392/392/392 384/384/384
f 385/385/385 393/393/393 392/392/392
f 386/386/386 393/393/393 385/385/385
f 386/386/386 394/394/394 393/393/393
f 387/387/387 394/394/394 386/386/386
f 387/387/387 395/395/395 394/394/394
f 388/388/388 395/395/395 387/387/387
f 388/388/388 396/396/396 395/395/395
f 389/389/389 396/396/396 388/388/388
f 389/389/389 397/397/397 396/396/396
f 22/22/22 397/397/397 389/389/389
f 22/22/22 21/21/21 397/397/397
f 391/391/391 398/398/398 390/390/390
f 391/391/391 399/399/399 398/398/398
f 392/392/392 399/399/399 391/391/391
f 392/392/392 400/400/400 399/399/399
f 393/393/393 400/400/400 392/392/392
f 393/393/393 401/401/401 400/400/400
f 394/394/394 401/401/401 393/393/393
f 394/394/394 402/402/402 401/401/401
f 395/395/395 402/402/402 394/394/394
f 395/395/395 403/403/403 402/402/402
f 396/396/396 403/403/403 395/395/395
f 396/396/396 404/404/404 403/403/403
f 397/397/397 404/404/404 396/396/396
f 397/397/397 405/405/405 404/404/404
f 21/21/21 405/405/405 397/397/397
f 21/21/21 406/406/406 405/405/405
f 8/8/8 406/406/406 21/21/21
f 8/8/8 10/10/10 406/406/406
f 399/399/399 407/407/407 398/398/398
f 399/399/399 408/408/408 407/407/407
f 400/400/400 408/408/408 399/399/399
f 400/400/400 409/409/409 408/408/408
f 401/401/401 409/409/409 400/400/400
f 401/401/401 410/410/410 409/409/409
f 402/402/402 410/410/410 401/401/401
f 402/402/402 411/411/411 410/410/410
f 403/403/403 411/411/411 402/402/402
f 403/403/403 412/412/412 411/411/411
f 404/404/404 412/412/412 403/403/403
f 404/404/404 413/413/413 412/412/412
f 405/405/405 413/413/413 404/404/404
f 405/405/405 414/414/414 413/413/413
f 406/406/406 414/414/414 405/405/405
f 406/406/406 415/415/415 414/414/414
f 10/10/10 415/415/415 406/406/406
f 10/10/10 12/12/12 415/415/415
f 408/408/408 416/416/416 407/407/407
f 408/408/408 417/417/417 416/416/416
f 409/409/409 417/417/417 408/408/408
f 409/409/409 418/418/418 417/417/417
f 410/410/410 418/418/418 409/409/409
f 410/410/410 419/419/419 418/418/418
f 411/411/411 419/419/419 410/410/410
f 411/411/411 420/420/420 419/419/419
f 412/412/412 420/420/420 411/411/411
f 412/412/412 421/421/421 420/420/420
f 413/413/413 421/421/421 412/412/412
f 413/413/413 422/422/422 421/421/421
f 414/414/414 422/422/422 413/413/413
f 414/414/414 423/423/423 422/422/422
f 415/415/415 423/423/423 414/414/414
f 415/415/415 424/424/424 423/423/423
f 12/12/12 424/424/424 415/415/415
f 12/12/12 14/14/14 424/424/424
f 417/417/417 425/425/425 416/416/416
f 417/417/417 426/426/426 425/425/425
f 418/418/418 426/426/426 417/417/417
f 418/418/418 427/427/427 426/426/426
f 419/419/419 427/427/427 418/418/418
f 419/419/419 428/428/428 427/427/427
f 420/420/420 428/428/428 419/419/419
f 420/420/420 429/429/429 428/428/428
f 421/421/421 429/429/429 420/420/420
f 421/421/421 430/430/430 429/429/429
f 422/422/422 430/430/430 421/421/421
f 422/422/422 431/431/431 430/430/430
f 423/423/423 431/431/431 422/422/422
f 423/423/423 432/432/432 431/431/431
f 424/424/424 432/432/432 423/423/423
f 424/424/424 433/433/433 432/432/432
f 14/14/14 433/433/433 424/424/424
f 14/14/14 16/16/16 433/433/433
f 426/426/426 434/434/434 425/425/425
f 426/426/426 435/435/435 434/434/434
f 427/427/427 435/435/435 426/426/426
f 427/427/427 436/436/436 435/435/435
f 428/428/428 436/436/436 427/427/427
f 428/428/428 437/437/437 436/436/436
f 429/429/429 437/437/437 428/428/428
f 429/429/429 438/438/438 437/437/437
f 430/430/430 438/438/438 429/429/429
f 430/430/430 439/439/439 438/438/438
f 431/431/431 439/439/439 430/430/430
f 431/431/431 440/440/440 439/439/439
f 432/432/432 440/440/440 431/431/431
f 432/432/432 441/441/441 440/440/440
f 433/433/433 441/441/441 432/432/432
f 433/433/433 442/442/442 441/441/441
f 16/16/16 442/442/442 433/433/433
f 16/16/16 18/18/18 442/442/442
f 435/435/435 443/443/443 434/434/434
f 435/435/435 444/444/444 443/443/443
f 436/436/436 444/444/444 435/435/435
f 436/436/436 445/445/445 444/444/444
f 437/437/437 445/445/445 436/436/436
f 437/437/437 446/446/446 445/445/445
f 438/438/438 446/446/446 437/437/437
f 438/438/438 447/447/447 446/446/446
f 439/439/439 447/447/447 438/438/438
f 439/439/439 448/448/448 447/447/447
f 440/440/440 448/448/448 439/439/439
f 440/440/440 449/449/449 448/448/448
f 441/441/441 449/449/449 440/440/440
f 441/441/441 450/450/450 449/449/449
f 442/442/442 450/450/450 441/441/441
f 442/442/442 451/451/451 450/450/450
f 18/18/18 451/451/451 442/442/442
f 18/18/18 20/20/20 451/451/451
f 443/443/443 452/452/452 434/434/434
f 434/434/434 452/452/452 453/453/453
f 434/434/434 453/453/453 425/425/425
f 425/425/425 453/453/453 454/454/454
f 425/425/425 454/454/454 416/416/416
f 416/416/416 454/454/454 455/455/455
f 416/416/416 455/455/455 407/407/407
f 407/407/407 455/455/455 456/456/456
f 407/407/407 456/456/456 398/398/398
f 398/398/398 456/456/456 457/457/457
f 398/398/398 457/457/457 390/390/390
f 390/390/390 457/457/457 458/458/458
f 390/390/390 458/458/458 382/382/382
f 382/382/382 458/458/458 459/459/459
f 382/382/382 459/459/459 383/383/383
f 383/383/383 459/459/459 460/460/460
f 383/383/383 460/460/460 359/359/359
f 359/359/359 460/460/460 461/461/461
f 359/359/359 461/461/461 357/357/357
f 357/357/357 461/461/461 462/462/462
f 357/357/357 462/462/462 348/348/348
f 348/348/348 462/462/462 463/463/463
f 348/348/348 463/463/463 339/339/339
f 339/339/339 463/463/463 464/464/464
f 339/339/339 464/464/464 330/330/330
f 330/330/330 464/464/464 465/465/465
f 330/330/330 465/465/465 321/321/321
f 321/321/321 465/465/465 466/466/466
f 321/321/321 466/466/466 312/312/312
f 312/312/312 466/466/466 467/467/467
f 312/312/312 467/467/467 303/303/303
f 303/303/303 467/467/467 468/468/468
f 303/303/303 468/468/468 294/294/294
f 294/294/294 468/468/468 469/469/469
f 294/294/294 469/469/469 285/285/285
f 285/285/285 469/469/469 470/470/470
f 285/285/285 470/470/470 276/276/276
f 276/276/276 470/470/470 471/471/471
f 276/276/276 471/471/471 267/267/267
f 267/267/267 471/471/471 472/472/472
f 267/267/267 472/472/472 258/258/258
f 258/258/258 472/472/472 473/473/473
f 258/258/258 473/473/473 249/249/249
f 249/249/249 473/473/473 474/474/474
f 249/249/249 474/474/474 240/240/240
f 240/240/240 474/474/474 475/475/475
f 240/240/240 475/475/475 231/231/231
f 231/231/231 475/475/475 476/476/476
f 231/231/231 476/476/476 222/222/222
f 222/222/222 476/476/476 477/477/477
f 222/222/222 477/477/477 213/213/213
f 213/213/213 477/477/477 478/478/478
f 213/213/213 478/478/478 204/204/204
f 204/204/204 478/478/478 479/479/479
f 204/204/204 479/479/479 195/195/195
f 195/195/195 479/479/479 480/480/480
f 195/195/195 480/480/480 186/186/186
f 186/186/186 480/480/480 481/481/481
f 186/186/186 481/481/481 177/177/177
f 177/177/177 481/481/481 482/482/482
f 177/177/177 482/482/482 168/168/168
f 168/168/168 482/482/482 483/483/483
f 168/168/168 483/483/483 159/159/159
f 159/159/159 483/483/483 484/484/484
f 159/159/159 484/484/484 150/150/150
f 150/150/150 484/484/484 485/485/485
f 150/150/150 485/485/485 141/141/141
f 141/141/141 485/485/485 486/486/486
f 141/141/141 486/486/486 132/132/132
f 132/132/132 486/486/486 487/487/487
f 132/132/132 487/487/487 123/123/123
f 123/123/123 487/487/487 488/488/488
f 123/123/123 488/488/488 114/114/114
f 114/114/114 488/488/488 489/489/489
f 114/114/114 489/489/489 105/105/105
f 105/105/105 489/489/489 490/490/490
f 105/105/105 490/490/490 103/103/103
f 103/103/103 490/490/490 491/491/491
f 103/103/103 491/491/491 104/104/104
f 491/491/491 490/490/490 492/492/492
f 491/491/491 492/492/492 493/493/493
f 493/493/493 492/492/492 494/494/494
f 493/493/493 494/494/494 495/495/495
f 495/495/495 494/494/494 496/496/496
f 495/495/495 496/496/496 497/497/497
f 496/496/496 498/498/498 497/497/497
f 496/496/496 499/499/499 498/498/498
f 500/500/500 499/499/499 496/496/496
f 494/494/494 500/500/500 496/496/496
f 500/500/500 501/501/501 499/499/499
f 502/502/502 501/501/501 500/500/500
f 502/502/502 503/503/503 501/501/501
f 504/504/504 503/503/503 502/502/502
f 504/504/504 505/505/505 503/503/503
f 506/506/506 505/505/505 504/504/504
f 506/506/506 507/507/507 505/505/505
f 508/508/508 507/507/507 506/506/506
f 508/508/508 509/509/509 507/507/507
f 510/510/510 509/509/509 508/508/508
f 510/510/510 511/511/511 509/509/509
f 512/512/512 511/511/511 510/510/510
f 512/512/512 513/513/513 511/511/511
f 514/514/514 513/513/513 512/512/512
f 514/514/514 515/515/515 513/513/513
f 516/516/516 515/515/515 514/514/514
f 516/516/516 517/517/517 515/515/515
f 518/518/518 517/517/517 516/516/516
f 518/518/518 519/519/519 517/517/517
f 520/520/520 519/519/519 518/518/518
f 520/520/520 521/521/521 519/519/519
f 522/522/522 521/521/521 520/520/520
f 522/522/522 523/523/523 521/521/521
f 524/524/524 523/523/523 522/522/522
f 524/524/524 525/525/525 523/523/523
f 526/526/526 525/525/525 524/524/524
f 526/526/526 527/527/527 525/525/525
f 528/528/528 527/527/527 526/526/526
f 528/528/528 529/529/529 527/527/527
f 530/530/530 529/529/529 528/528/528
f 530/530/530 531/531/531 529/529/529
f 532/532/532 531/531/531 530/530/530
f 532/532/532 533/533/533 531/531/531
f 534/534/534 533/533/533 532/532/532
f 534/534/534 535/535/535 533/533/533
f 536/536/536 535/535/535 534/534/534
f 536/536/536 537/537/537 535/535/535
f 538/538/538 537/537/537 536/536/536
f 538/538/538 539/539/539 537/537/537
f 540/540/540 539/539/539 538/538/538
f 540/540/540 541/541/541 539/539/539
f 542/542/542 541/541/541 540/540/540
f 542/542/542 543/543/543 541/541/541
f 544/544/544 543/543/543 542/542/542
f 544/544/544 545/545/545 543/543/543
f 546/546/546 545/545/545 544/544/544
f 546/546/546 547/547/547 545/545/545
f 548/548/548 547/547/547 546/546/546
f 548/548/548 549/549/549 547/547/547
f 550/550/550 549/549/549 548/548/548
f 550/550/550 551/551/551 549/549/549
f 552/552/552 551/551/551 550/550/550
f 552/552/552 553/553/553 551/551/551
f 554/554/554 553/553/553 552/552/552
f 554/554/554 555/555/555 553/553/553
f 556/556/556 555/555/555 554/554/554
f 556/556/556 557/557/557 555/555/555
f 558/558/558 557/557/557 556/556/556
f 558/558/558 559/559/559 557/557/557
f 560/560/560 559/559/559 558/558/558
f 560/560/560 561/561/561 559/559/559
f 562/562/562 561/561/561 560/560/560
f 562/562/562 563/563/563 561/561/561
f 564/564/564 563/563/563 562/562/562
f 564/564/564 565/565/565 563/563/563
f 566/566/566 565/565/565 564/564/564
f 566/566/566 567/567/567 565/565/565
f 568/568/568 567/567/567 566/566/566
f 568/568/568 569/569/569 567/567/567
f 570/570/570 569/569/569 568/568/568
f 570/570/570 571/571/571 569/569/569
f 572/572/572 571/571/571 570/570/570
f 572/572/572 573/573/573 571/571/571
f 574/574/574 573/573/573 572/572/572
f 574/574/574 575/575/575 573/573/573
f 576/576/576 575/575/575 574/574/574
f 576/576/576 577/577/577 575/575/575
f 578/578/578 564/564/564 562/562/562
f 578/578/578 579/579/579 564/564/564
f 579/579/579 566/566/566 564/564/564
f 580/580/580 579/579/579 578/578/578
f 581/581/581 580/580/580 578/578/578
f 459/459/459 580/580/580 581/581/581
f 460/460/460 459/459/459 581/581/581
f 460/460/460 581/581/581 582/582/582
f 582/582/582 581/581/581 583/583/583
f 581/581/581 578/578/578 583/583/583
f 582/582/582 583/583/583 584/584/584
f 584/584/584 583/583/583 560/560/560
f 584/584/584 560/560/560 558/558/558
f 459/459/459 458/458/458 580/580/580
f 583/583/583 562/562/562 560/560/560
f 583/583/583 578/578/578 562/562/562
f 458/458/458 585/585/585 580/580/580
f 580/580/580 585/585/585 579/579/579
f 458/458/458 457/457/457 585/585/585
f 457/457/457 586/586/586 585/585/585
f 457/457/457 456/456/456 586/586/586
f 585/585/585 587/587/587 579/579/579
f 585/585/585 586/586/586 587/587/587
f 456/456/456 588/588/588 586/586/586
f 456/456/456 455/455/455 588/588/588
f 586/586/586 589/589/589 587/587/587
f 586/586/586 588/588/588 589/589/589
f 587/587/587 589/589/589 568/568/568
f 587/587/587 568/568/568 566/566/566
f 579/579/579 587/587/587 566/566/566
f 455/455/455 590/590/590 588/588/588
f 455/455/455 454/454/454 590/590/590
f 589/589/589 570/570/570 568/568/568
f 589/589/589 591/591/591 570/570/570
f 588/588/588 591/591/591 589/589/589
f 588/588/588 590/590/590 591/591/591
f 454/454/454 592/592/592 590/590/590
f 454/454/454 453/453/453 592/592/592
f 591/591/591 572/572/572 570/570/570
f 591/591/591 593/593/593 572/572/572
f 590/590/590 593/593/593 591/591/591
f 590/590/590 592/592/592 593/593/593
f 453/453/453 594/594/594 592/592/592
f 453/453/453 452/452/452 594/594/594
f 593/593/593 574/574/574 572/572/572
f 593/593/593 595/595/595 574/574/574
f 592/592/592 595/595/595 593/593/593
f 592/592/592 594/594/594 595/595/595
f 452/452/452 596/596/596 594/594/594
f 452/452/452 597/597/597 596/596/596
f 443/443/443 597/597/597 452/452/452
f 595/595/595 576/576/576 574/574/574
f 595/595/595 598/598/598 576/576/576
f 594/594/594 598/598/598 595/595/595
f 594/594/594 596/596/596 598/598/598
f 354/354/354 369/369/369 367/367/367
f 355/355/355 369/369/369 354/354/354
f 355/355/355 371/371/371 369/369/369
f 356/356/356 371/371/371 355/355/355
f 356/356/356 373/373/373 371/371/371
f 27/27/27 373/373/373 356/356/356
f 27/27/27 25/25/25 373/373/373
f 490/490/490 599/599/599 492/492/492
f 490/490/490 489/489/489 599/599/599
f 492/492/492 599/599/599 600/600/600
f 492/492/492 600/600/600 494/494/494
f 494/494/494 600/600/600 500/500/500
f 489/489/489 601/601/601 599/599/599
f 489/489/489 488/488/488 601/601/601
f 600/600/600 502/502/502 500/500/500
f 600/600/600 602/602/602 502/502/502
f 599/599/599 602/602/602 600/600/600
f 599/599/599 601/601/601 602/602/602
f 488/488/488 603/603/603 601/601/601
f 488/488/488 487/487/487 603/603/603
f 602/602/602 504/504/504 502/502/502
f 602/602/602 604/604/604 504/504/504
f 601/601/601 604/604/604 602/602/602
f 601/601/601 603/603/603 604/604/604
f 487/487/487 605/605/605 603/603/603
f 487/487/487 486/486/486 605/605/605
f 604/604/604 506/506/506 504/504/504
f 604/604/604 606/606/606 506/506/506
f 603/603/603 606/606/606 604/604/604
f 603/603/603 605/605/605 606/606/606
f 486/486/486 607/607/607 605/605/605
f 486/486/486 485/485/485 607/607/607
f 606/606/606 508/508/508 506/506/506
f 606/606/606 608/608/608 508/508/508
f 605/605/605 608/608/608 606/606/606
f 605/605/605 607/607/607 608/608/608
f 485/485/485 609/609/609 607/607/607
f 485/485/485 484/484/484 609/609/609
f 608/608/608 510/510/510 508/508/508
f 608/608/608 610/610/610 510/510/510
f 607/607/607 610/610/610 608/608/608
f 607/607/607 609/609/609 610/610/610
f 484/484/484 611/611/611 609/609/609
f 484/484/484 483/483/483 611/611/611
f 610/610/610 512/512/512 510/510/510
f 610/610/610 612/612/612 512/512/512
f 609/609/609 612/612/612 610/610/610
f 609/609/609 611/611/611 612/612/612
f 483/483/483 613/613/613 611/611/611
f 483/483/483 482/482/482 613/613/613
f 612/612/612 514/514/514 512/512/512
f 612/612/612 614/614/614 514/514/514
f 611/611/611 614/614/614 612/612/612
f 611/611/611 613/613/613 614/614/614
f 482/482/482 615/615/615 613/613/613
f 482/482/482 481/481/481 615/615/615
f 614/614/614 516/516/516 514/514/514
f 614/614/614 616/616/616 516/516/516
f 613/613/613 616/616/616 614/614/614
f 613/613/613 615/615/615 616/616/616
f 481/481/481 617/617/617 615/615/615
f 481/481/481 480/480/480 617/617/617
f 616/616/616 518/518/518 516/516/516
f 616/616/616 618/618/618 518/518/518
f 615/615/615 618/618/618 616/616/616
f 615/615/615 617/617/617 618/618/618
f 480/480/480 619/619/619 617/617/617
f 480/480/480 479/479/479 619/619/619
f 618/618/618 520/520/520 518/518/518
f 618/618/618 620/620/620 520/520/520
f 617/617/617 620/620/620 618/618/618
f 617/617/617 619/619/619 620/620/620
f 479/479/479 621/621/621 619/619/619
f 479/479/479 478/478/478 621/621/621
f 620/620/620 522/522/522 520/520/520
f 620/620/620 622/622/622 522/522/522
f 619/619/619 622/622/622 620/620/620
f 619/619/619 621/621/621 622/622/622
f 478/478/478 623/623/623 621/621/621
f 478/478/478 477/477/477 623/623/623
f 622/622/622 524/524/524 522/522/522
f 622/622/622 624/624/624 524/524/524
f 621/621/621 624/624/624 622/622/622
f 621/621/621 623/623/623 624/624/624
f 477/477/477 625/625/625 623/623/623
f 477/477/477 476/476/476 625/625/625
f 624/624/624 526/526/526 524/524/524
f 624/624/624 626/626/626 526/526/526
f 623/623/623 626/626/626 624/624/624
f 623/623/623 625/625/625 626/626/626
f 476/476/476 627/627/627 625/625/625
f 476/476/476 475/475/475 627/627/627
f 626/626/626 528/528/528 526/526/526
f 626/626/626 628/628/628 528/528/528
f 625/625/625 628/628/628 626/626/626
f 625/625/625 627/627/627 628/628/628
f 475/475/475 629/629/629 627/627/627
f 475/475/475 474/474/474 629/629/629
f 628/628/628 530/530/530 528/528/528
f 628/628/628 630/630/630 530/530/530
f 627/627/627 630/630/630 628/628/628
f 627/627/627 629/629/629 630/630/630
f 474/474/474 631/631/631 629/629/629
f 474/474/474 473/473/473 631/631/631
f 630/630/630 532/532/532 530/530/530
f 630/630/630 632/632/632 532/532/532
f 629/629/629 632/632/632 630/630/630
f 629/629/629 631/631/631 632/632/632
f 473/473/473 633/633/633 631/631/631
f 473/473/473 472/472/472 633/633/633
f 632/632/632 534/534/534 532/532/532
f 632/632/632 634/634/634 534/534/534
f 631/631/631 634/634/634 632/632/632
f 631/631/631 633/633/633 634/634/634
f 472/472/472 635/635/635 633/633/633
f 472/472/472 471/471/471 635/635/635
f 634/634/634 536/536/536 534/534/534
f 634/634/634 636/636/636 536/536/536
f 633/633/633 636/636/636 634/634/634
f 633/633/633 635/635/635 636/636/636
f 471/471/471 637/637/637 635/635/635
f 471/471/471 470/470/470 637/637/637
f 636/636/636 538/538/538 536/536/536
f 636/636/636 638/638/638 538/538/538
f 635/635/635 638/638/638 636/636/636
f 635/635/635 637/637/637 638/638/638
f 470/470/470 639/639/639 637/637/637
f 470/470/470 469/469/469 639/639/639
f 638/638/638 540/540/540 538/538/538
f 638/638/638 640/640/640 540/540/540
f 637/637/637 640/640/640 638/638/638
f 637/637/637 639/639/639 640/640/640
f 469/469/469 641/641/641 639/639/639
f 469/469/469 468/468/468 641/641/641
f 640/640/640 542/542/542 540/540/540
f 640/640/640 642/642/642 542/542/542
f 639/639/639 642/642/642 640/640/640
f 639/639/639 641/641/641 642/642/642
f 468/468/468 643/643/643 641/641/641
f 468/468/468 467/467/467 643/643/643
f 642/642/642 544/544/544 542/542/542
f 642/642/642 644/644/644 544/544/544
f 641/641/641 644/644/644 642/642/642
f 641/641/641 643/643/643 644/644/644
f 467/467/467 645/645/645 643/643/643
f 467/467/467 466/466/466 645/645/645
f 644/644/644 546/546/546 544/544/544
f 644/644/644 646/646/646 546/546/546
f 643/643/643 646/646/646 644/644/644
f 643/643/643 645/645/645 646/646/646
f 466/466/466 647/647/647 645/645/645
f 466/466/466 465/465/465 647/647/647
f 646/646/646 548/548/548 546/546/546
f 646/646/646 648/648/648 548/548/548
f 645/645/645 648/648/648 646/646/646
f 645/645/645 647/647/647 648/648/648
f 465/465/465 649/649/649 647/647/647
f 465/465/465 464/464/464 649/649/649
f 648/648/648 550/550/550 548/548/548
f 648/648/648 650/650/650 550/550/550
f 647/647/647 650/650/650 648/648/648
f 647/647/647 649/649/649 650/650/650
f 464/464/464 651/651/651 649/649/649
f 464/464/464 463/463/463 651/651/651
f 650/650/650 552/552/552 550/550/550
f 650/650/650 652/652/652 552/552/552
f 649/649/649 652/652/652 650/650/650
f 649/649/649 651/651/651 652/652/652
f 463/463/463 653/653/653 651/651/651
f 463/463/463 462/462/462 653/653/653
f 652/652/652 554/554/554 552/552/552
f 652/652/652 654/654/654 554/554/554
f 651/651/651 654/654/654 652/652/652
f 651/651/651 653/653/653 654/654/654
f 462/462/462 655/655/655 653/653/653
f 462/462/462 461/461/461 655/655/655
f 654/654/654 556/556/556 554/554/554
f 654/654/654 656/656/656 556/556/556
f 653/653/653 656/656/656 654/654/654
f 653/653/653 655/655/655 656/656/656
f 582/582/582 655/655/655 461/461/461
f 582/582/582 461/461/461 460/460/460
f 584/584/584 655/655/655 582/582/582
f 584/584/584 656/656/656 655/655/655
f 558/558/558 656/656/656 584/584/584
f 558/558/558 556/556/556 656/656/656
f 659/659/659 658/658/658 657/657/657
f 660/660/660 658/658/658 659/659/659
f 661/661/661 658/658/658 660/660/660
f 662/662/662 658/658/658 661/661/661
f 663/663/663 658/658/658 662/662/662
f 664/664/664 658/658/658 663/663/663
f 665/665/665 658/658/658 664/664/664
f 666/666/666 658/658/658 665/665/665
f 667/667/667 658/658/658 666/666/666
f 668/668/668 658/658/658 667/667/667
f 669/669/669 658/658/658 668/668/668
f 670/670/670 658/658/658 669/669/669
f 671/671/671 658/658/658 670/670/670
f 672/672/672 658/658/658 671/671/671
f 673/673/673 658/658/658 672/672/672
f 674/674/674 658/658/658 673/673/673
f 675/675/675 660/660/660 659/659/659
f 675/675/675 676/676/676 660/660/660
f 677/677/677 676/676/676 675/675/675
f 678/678/678 677/677/677 675/675/675
f 678/678/678 675/675/675 679/679/679
f 679/679/679 680/680/680 678/678/678
f 679/679/679 681/681/681 680/680/680
f 657/657/657 681/681/681 679/679/679
f 657/657/657 682/682/682 681/681/681
f 657/657/657 658/658/658 682/682/682
f 683/683/683 658/658/658 674/674/674
f 684/684/684 658/658/658 683/683/683
f 685/685/685 658/658/658 684/684/684
f 686/686/686 658/658/658 685/685/685
f 687/687/687 658/658/658 686/686/686
f 688/688/688 658/658/658 687/687/687
f 689/689/689 658/658/658 688/688/688
f 690/690/690 658/658/658 689/689/689
f 691/691/691 658/658/658 690/690/690
f 692/692/692 658/658/658 691/691/691
f 693/693/693 658/658/658 692/692/692
f 694/694/694 658/658/658 693/693/693
f 695/695/695 658/658/658 694/694/694
f 696/696/696 658/658/658 695/695/695
f 697/697/697 658/658/658 696/696/696
f 698/698/698 658/658/658 697/697/697
f 699/699/699 684/684/684 683/683/683
f 699/699/699 700/700/700 684/684/684
f 701/701/701 700/700/700 699/699/699
f 702/702/702 701/701/701 699/699/699
f 702/702/702 699/699/699 703/703/703
f 704/704/704 702/702/702 703/703/703
f 704/704/704 703/703/703 705/705/705
f 706/706/706 704/704/704 705/705/705
f 706/706/706 705/705/705 707/707/707
f 708/708/708 706/706/706 707/707/707
f 708/708/708 707/707/707 709/709/709
f 710/710/710 708/708/708 709/709/709
f 710/710/710 709/709/709 711/711/711
f 712/712/712 710/710/710 711/711/711
f 712/712/712 711/711/711 713/713/713
f 714/714/714 712/712/712 713/713/713
f 714/714/714 713/713/713 715/715/715
f 716/716/716 714/714/714 715/715/715
f 716/716/716 715/715/715 717/717/717
f 718/718/718 716/716/716 717/717/717
f 718/718/718 717/717/717 719/719/719
f 720/720/720 718/718/718 719/719/719
f 720/720/720 719/719/719 721/721/721
f 722/722/722 720/720/720 721/721/721
f 722/722/722 721/721/721 723/723/723
f 724/724/724 722/722/722 723/723/723
f 724/724/724 723/723/723 725/725/725
f 726/726/726 724/724/724 725/725/725
f 726/726/726 725/725/725 727/727/727
f 728/728/728 726/726/726 727/727/727
f 728/728/728 727/727/727 729/729/729
f 730/730/730 728/728/728 729/729/729
f 730/730/730 729/729/729 676/676/676
f 677/677/677 730/730/730 676/676/676
f 731/731/731 730/730/730 677/677/677
f 732/732/732 731/731/731 677/677/677
f 732/732/732 677/677/677 678/678/678
f 678/678/678 733/733/733 732/732/732
f 678/678/678 680/680/680 733/733/733
f 732/732/732 733/733/733 734/734/734
f 732/732/732 734/734/734 735/735/735
f 735/735/735 731/731/731 732/732/732
f 735/735/735 734/734/734 736/736/736
f 735/735/735 736/736/736 737/737/737
f 735/735/735 738/738/738 731/731/731
f 737/737/737 738/738/738 735/735/735
f 737/737/737 739/739/739 738/738/738
f 731/731/731 740/740/740 730/730/730
f 738/738/738 740/740/740 731/731/731
f 738/738/738 741/741/741 740/740/740
f 739/739/739 741/741/741 738/738/738
f 739/739/739 742/742/742 741/741/741
f 741/741/741 743/743/743 740/740/740
f 740/740/740 743/743/743 728/728/728
f 740/740/740 728/728/728 730/730/730
f 741/741/741 744/744/744 743/743/743
f 742/742/742 744/744/744 741/741/741
f 742/742/742 745/745/745 744/744/744
f 743/743/743 726/726/726 728/728/728
f 743/743/743 746/746/746 726/726/726
f 744/744/744 746/746/746 743/743/743
f 744/744/744 747/747/747 746/746/746
f 745/745/745 747/747/747 744/744/744
f 745/745/745 748/748/748 747/747/747
f 746/746/746 724/724/724 726/726/726
f 746/746/746 749/749/749 724/724/724
f 747/747/747 749/749/749 746/746/746
f 747/747/747 750/750/750 749/749/749
f 748/748/748 750/750/750 747/747/747
f 748/748/748 751/751/751 750/750/750
f 749/749/749 722/722/722 724/724/724
f 749/749/749 752/752/752 722/722/722
f 750/750/750 752/752/752 749/749/749
f 750/750/750 753/753/753 752/752/752
f 751/751/751 753/753/753 750/750/750
f 751/751/751 754/754/754 753/753/753
f 752/752/752 720/720/720 722/722/722
f 752/752/752 755/755/755 720/720/720
f 753/753/753 755/755/755 752/752/752
f 753/753/753 756/756/756 755/755/755
f 754/754/754 756/756/756 753/753/753
f 754/754/754 757/757/757 756/756/756
f 755/755/755 718/718/718 720/720/720
f 755/755/755 758/758/758 718/718/718
f 756/756/756 758/758/758 755/755/755
f 756/756/756 759/759/759 758/758/758
f 757/757/757 759/759/759 756/756/756
f 757/757/757 760/760/760 759/759/759
f 758/758/758 716/716/716 718/718/718
f 758/758/758 761/761/761 716/716/716
f 759/759/759 761/761/761 758/758/758
f 759/759/759 762/762/762 761/761/761
f 760/760/760 762/762/762 759/759/759
f 760/760/760 763/763/763 762/762/762
f 761/761/761 714/714/714 716/716/716
f 761/761/761 764/764/764 714/714/714
f 762/762/762 764/764/764 761/761/761
f 762/762/762 765/765/765 764/764/764
f 763/763/763 765/765/765 762/762/762
f 763/763/763 766/766/766 765/765/765
f 764/764/764 712/712/712 714/714/714
f 764/764/764 767/767/767 712/712/712
f 765/765/765 767/767/767 764/764/764
f 765/765/765 768/768/768 767/767/767
f 766/766/766 768/768/768 765/765/765
f 766/766/766 769/769/769 768/768/768
f 767/767/767 710/710/710 712/712/712
f 767/767/767 770/770/770 710/710/710
f 768/768/768 770/770/770 767/767/767
f 768/768/768 771/771/771 770/770/770
f 769/769/769 771/771/771 768/768/768
f 769/769/769 772/772/772 771/771/771
f 770/770/770 708/708/708 710/710/710
f 770/770/770 773/773/773 708/708/708
f 771/771/771 773/773/773 770/770/770
f 771/771/771 774/774/774 773/773/773
f 772/772/772 774/774/774 771/771/771
f 772/772/772 775/775/775 774/774/774
f 773/773/773 706/706/706 708/708/708
f 773/773/773 776/776/776 706/706/706
f 774/774/774 776/776/776 773/773/773
f 774/774/774 777/777/777 776/776/776
f 775/775/775 777/777/777 774/774/774
f 775/775/775 778/778/778 777/777/777
f 776/776/776 704/704/704 706/706/706
f 776/776/776 779/779/779 704/704/704
f 777/777/777 779/779/779 776/776/776
f 777/777/777 780/780/780 779/779/779
f 778/778/778 780/780/780 777/777/777
f 778/778/778 781/781/781 780/780/780
f 779/779/779 702/702/702 704/704/704
f 779/779/779 782/782/782 702/702/702
f 780/780/780 782/782/782 779/779/779
f 780/780/780 783/783/783 782/782/782
f 781/781/781 783/783/783 780/780/780
f 781/781/781 784/784/784 783/783/783
f 782/782/782 701/701/701 702/702/702
f 782/782/782 785/785/785 701/701/701
f 783/783/783 785/785/785 782/782/782
f 783/783/783 786/786/786 785/785/785
f 784/784/784 786/786/786 783/783/783
f 784/784/784 787/787/787 786/786/786
f 785/785/785 788/788/788 701/701/701
f 701/701/701 788/788/788 700/700/700
f 785/785/785 789/789/789 788/788/788
f 786/786/786 789/789/789 785/785/785
f 786/786/786 790/790/790 789/789/789
f 787/787/787 790/790/790 786/786/786
f 787/787/787 791/791/791 790/790/790
f 788/788/788 792/792/792 700/700/700
f 700/700/700 792/792/792 685/685/685
f 700/700/700 685/685/685 684/684/684
f 788/788/788 793/793/793 792/792/792
f 789/789/789 793/793/793 788/788/788
f 789/789/789 794/794/794 793/793/793
f 790/790/790 794/794/794 789/789/789
f 790/790/790 795/795/795 794/794/794
f 791/791/791 795/795/795 790/790/790
f 791/791/791 796/796/796 795/795/795
f 792/792/792 686/686/686 685/685/685
f 792/792/792 797/797/797 686/686/686
f 793/793/793 797/797/797 792/792/792
f 793/793/793 798/798/798 797/797/797
f 794/794/794 798/798/798 793/793/793
f 794/794/794 799/799/799 798/798/798
f 795/795/795 799/799/799 794/794/794
f 795/795/795 800/800/800 799/799/799
f 796/796/796 800/800/800 795/795/795
f 796/796/796 801/801/801 800/800/800
f 797/797/797 687/687/687 686/686/686
f 797/797/797 802/802/802 687/687/687
f 798/798/798 802/802/802 797/797/797
f 798/798/798 803/803/803 802/802/802
f 799/799/799 803/803/803 798/798/798
f 799/799/799 804/804/804 803/803/803
f 800/800/800 804/804/804 799/799/799
f 800/800/800 805/805/805 804/804/804
f 801/801/801 805/805/805 800/800/800
f 801/801/801 806/806/806 805/805/805
f 802/802/802 688/688/688 687/687/687
f 802/802/802 807/807/807 688/688/688
f 803/803/803 807/807/807 802/802/802
f 803/803/803 808/808/808 807/807/807
f 804/804/804 808/808/808 803/803/803
f 804/804/804 809/809/809 808/808/808
f 805/805/805 809/809/809 804/804/804
f 805/805/805 810/810/810 809/809/809
f 806/806/806 810/810/810 805/805/805
f 806/806/806 811/811/811 810/810/810
f 807/807/807 689/689/689 688/688/688
f 807/807/807 812/812/812 689/689/689
f 808/808/808 812/812/812 807/807/807
f 808/808/808 813/813/813 812/812/812
f 809/809/809 813/813/813 808/808/808
f 809/809/809 814/814/814 813/813/813
f 810/810/810 814/814/814 809/809/809
f 810/810/810 815/815/815 814/814/814
f 811/811/811 815/815/815 810/810/810
f 811/811/811 816/816/816 815/815/815
f 812/812/812 690/690/690 689/689/689
f 812/812/812 817/817/817 690/690/690
f 813/813/813 817/817/817 812/812/812
f 813/813/813 818/818/818 817/817/817
f 814/814/814 818/818/818 813/813/813
f 814/814/814 819/819/819 818/818/818
f 815/815/815 819/819/819 814/814/814
f 815/815/815 820/820/820 819/819/819
f 816/816/816 820/820/820 815/815/815
f 816/816/816 821/821/821 820/820/820
f 817/817/817 691/691/691 690/690/690
f 817/817/817 822/822/822 691/691/691
f 818/818/818 822/822/822 817/817/817
f 818/818/818 823/823/823 822/822/822
f 819/819/819 823/823/823 818/818/818
f 819/819/819 824/824/824 823/823/823
f 820/820/820 824/824/824 819/819/819
f 820/820/820 825/825/825 824/824/824
f 821/821/821 825/825/825 820/820/820
f 821/821/821 826/826/826 825/825/825
f 822/822/822 692/692/692 691/691/691
f 822/822/822 827/827/827 692/692/692
f 823/823/823 827/827/827 822/822/822
f 823/823/823 828/828/828 827/827/827
f 824/824/824 828/828/828 823/823/823
f 824/824/824 829/829/829 828/828/828
f 825/825/825 829/829/829 824/824/824
f 825/825/825 830/830/830 829/829/829
f 826/826/826 830/830/830 825/825/825
f 826/826/826 831/831/831 830/830/830
f 827/827/827 693/693/693 692/692/692
f 827/827/827 832/832/832 693/693/693
f 828/828/828 832/832/832 827/827/827
f 828/828/828 833/833/833 832/832/832
f 829/829/829 833/833/833 828/828/828
f 829/829/829 834/834/834 833/833/833
f 830/830/830 834/834/834 829/829/829
f 830/830/830 835/835/835 834/834/834
f 831/831/831 835/835/835 830/830/830
f 831/831/831 836/836/836 835/835/835
f 832/832/832 694/694/694 693/693/693
f 832/832/832 837/837/837 694/694/694
f 833/833/833 837/837/837 832/832/832
f 833/833/833 838/838/838 837/837/837
f 834/834/834 838/838/838 833/833/833
f 834/834/834 839/839/839 838/838/838
f 835/835/835 839/839/839 834/834/834
f 835/835/835 840/840/840 839/839/839
f 836/836/836 840/840/840 835/835/835
f 836/836/836 841/841/841 840/840/840
f 837/837/837 695/695/695 694/694/694
f 837/837/837 842/842/842 695/695/695
f 838/838/838 842/842/842 837/837/837
f 838/838/838 843/843/843 842/842/842
f 839/839/839 843/843/843 838/838/838
f 839/839/839 844/844/844 843/843/843
f 840/840/840 844/844/844 839/839/839
f 840/840/840 845/845/845 844/844/844
f 841/841/841 845/845/845 840/840/840
f 841/841/841 846/846/846 845/845/845
f 842/842/842 696/696/696 695/695/695
f 842/842/842 847/847/847 696/696/696
f 843/843/843 847/847/847 842/842/842
f 843/843/843 848/848/848 847/847/847
f 844/844/844 848/848/848 843/843/843
f 844/844/844 849/849/849 848/848/848
f 845/845/845 849/849/849 844/844/844
f 845/845/845 850/850/850 849/849/849
f 846/846/846 850/850/850 845/845/845
f 846/846/846 851/851/851 850/850/850
f 847/847/847 697/697/697 696/696/696
f 847/847/847 852/852/852 697/697/697
f 848/848/848 852/852/852 847/847/847
f 848/848/848 853/853/853 852/852/852
f 849/849/849 853/853/853 848/848/848
f 849/849/849 854/854/854 853/853/853
f 850/850/850 854/854/854 849/849/849
f 850/850/850 855/855/855 854/854/854
f 851/851/851 855/855/855 850/850/850
f 851/851/851 856/856/856 855/855/855
f 852/852/852 698/698/698 697/697/697
f 852/852/852 857/857/857 698/698/698
f 853/853/853 857/857/857 852/852/852
f 853/853/853 858/858/858 857/857/857
f 854/854/854 858/858/858 853/853/853
f 854/854/854 859/859/859 858/858/858
f 855/855/855 859/859/859 854/854/854
f 855/855/855 860/860/860 859/859/859
f 856/856/856 860/860/860 855/855/855
f 856/856/856 861/861/861 860/860/860
f 857/857/857 862/862/862 698/698/698
f 862/862/862 658/658/658 698/698/698
f 863/863/863 658/658/658 862/862/862
f 864/864/864 658/658/658 863/863/863
f 865/865/865 658/658/658 864/864/864
f 866/866/866 658/658/658 865/865/865
f 867/867/867 658/658/658 866/866/866
f 682/682/682 658/658/658 867/867/867
f 857/857/857 868/868/868 862/862/862
f 858/858/858 868/868/868 857/857/857
f 868/868/868 863/863/863 862/862/862
f 858/858/858 869/869/869 868/868/868
f 859/859/859 869/869/869 858/858/858
f 859/859/859 870/870/870 869/869/869
f 860/860/860 870/870/870 859/859/859
f 860/860/860 871/871/871 870/870/870
f 861/861/861 871/871/871 860/860/860
f 861/861/861 872/872/872 871/871/871
f 868/868/868 873/873/873 863/863/863
f 869/869/869 873/873/873 868/868/868
f 873/873/873 864/864/864 863/863/863
f 869/869/869 874/874/874 873/873/873
f 870/870/870 874/874/874 869/869/869
f 870/870/870 875/875/875 874/874/874
f 871/871/871 875/875/875 870/870/870
f 871/871/871 876/876/876 875/875/875
f 872/872/872 876/876/876 871/871/871
f 872/872/872 877/877/877 876/876/876
f 873/873/873 878/878/878 864/864/864
f 874/874/874 878/878/878 873/873/873
f 878/878/878 865/865/865 864/864/864
f 874/874/874 879/879/879 878/878/878
f 875/875/875 879/879/879 874/874/874
f 875/875/875 880/880/880 879/879/879
f 876/876/876 880/880/880 875/875/875
f 876/876/876 881/881/881 880/880/880
f 877/877/877 881/881/881 876/876/876
f 877/877/877 882/882/882 881/881/881
f 879/879/879 883/883/883 878/878/878
f 878/878/878 883/883/883 865/865/865
f 879/879/879 884/884/884 883/883/883
f 880/880/880 884/884/884 879/879/879
f 880/880/880 885/885/885 884/884/884
f 881/881/881 885/885/885 880/880/880
f 881/881/881 886/886/886 885/885/885
f 882/882/882 886/886/886 881/881/881
f 882/882/882 887/887/887 886/886/886
f 883/883/883 866/866/866 865/865/865
f 883/883/883 888/888/888 866/866/866
f 884/884/884 888/888/888 883/883/883
f 884/884/884 889/889/889 888/888/888
f 885/885/885 889/889/889 884/884/884
f 885/885/885 890/890/890 889/889/889
f 886/886/886 890/890/890 885/885/885
f 886/886/886 891/891/891 890/890/890
f 887/887/887 891/891/891 886/886/886
f 887/887/887 892/892/892 891/891/891
f 888/888/888 867/867/867 866/866/866
f 888/888/888 893/893/893 867/867/867
f 889/889/889 893/893/893 888/888/888
f 889/889/889 894/894/894 893/893/893
f 890/890/890 894/894/894 889/889/889
f 890/890/890 895/895/895 894/894/894
f 891/891/891 895/895/895 890/890/890
f 891/891/891 896/896/896 895/895/895
f 892/892/892 896/896/896 891/891/891
f 892/892/892 897/897/897 896/896/896
f 893/893/893 682/682/682 867/867/867
f 893/893/893 681/681/681 682/682/682
f 894/894/894 681/681/681 893/893/893
f 894/894/894 680/680/680 681/681/681
f 895/895/895 680/680/680 894/894/894
f 895/895/895 733/733/733 680/680/680
f 896/896/896 733/733/733 895/895/895
f 896/896/896 734/734/734 733/733/733
f 897/897/897 734/734/734 896/896/896
f 897/897/897 736/736/736 734/734/734
f 892/892/892 898/898/898 897/897/897
f 892/892/892 899/899/899 898/898/898
f 887/887/887 899/899/899 892/892/892
f 887/887/887 900/900/900 899/899/899
f 901/901/901 900/900/900 887/887/887
f 901/901/901 887/887/887 882/882/882
f 897/897/897 902/902/902 736/736/736
f 897/897/897 898/898/898 902/902/902
f 737/737/737 736/736/736 902/902/902
f 737/737/737 902/902/902 903/903/903
f 737/737/737 903/903/903 904/904/904
f 737/737/737 904/904/904 739/739/739
f 739/739/739 904/904/904 905/905/905
f 739/739/739 905/905/905 742/742/742
f 742/742/742 905/905/905 906/906/906
f 742/742/742 906/906/906 745/745/745
f 745/745/745 906/906/906 907/907/907
f 745/745/745 907/907/907 748/748/748
f 748/748/748 907/907/907 908/908/908
f 748/748/748 908/908/908 751/751/751
f 751/751/751 908/908/908 909/909/909
f 751/751/751 909/909/909 754/754/754
f 754/754/754 909/909/909 910/910/910
f 754/754/754 910/910/910 757/757/757
f 757/757/757 910/910/910 911/911/911
f 757/757/757 911/911/911 760/760/760
f 760/760/760 911/911/911 912/912/912
f 760/760/760 912/912/912 763/763/763
f 763/763/763 912/912/912 913/913/913
f 763/763/763 913/913/913 766/766/766
f 766/766/766 913/913/913 914/914/914
f 766/766/766 914/914/914 769/769/769
f 769/769/769 914/914/914 915/915/915
f 769/769/769 915/915/915 772/772/772
f 772/772/772 915/915/915 916/916/916
f 772/772/772 916/916/916 775/775/775
f 775/775/775 916/916/916 917/917/917
f 775/775/775 917/917/917 778/778/778
f 778/778/778 917/917/917 918/918/918
f 778/778/778 918/918/918 781/781/781
f 781/781/781 918/918/918 919/919/919
f 781/781/781 919/919/919 784/784/784
f 784/784/784 919/919/919 920/920/920
f 784/784/784 920/920/920 787/787/787
f 787/787/787 920/920/920 921/921/921
f 787/787/787 921/921/921 791/791/791
f 791/791/791 921/921/921 922/922/922
f 791/791/791 922/922/922 796/796/796
f 796/796/796 922/922/922 923/923/923
f 796/796/796 923/923/923 801/801/801
f 801/801/801 923/923/923 924/924/924
f 801/801/801 924/924/924 806/806/806
f 806/806/806 924/924/924 925/925/925
f 806/806/806 925/925/925 811/811/811
f 811/811/811 925/925/925 926/926/926
f 811/811/811 926/926/926 816/816/816
f 816/816/816 926/926/926 927/927/927
f 816/816/816 927/927/927 821/821/821
f 821/821/821 927/927/927 928/928/928
f 821/821/821 928/928/928 826/826/826
f 826/826/826 928/928/928 929/929/929
f 826/826/826 929/929/929 831/831/831
f 831/831/831 929/929/929 930/930/930
f 831/831/831 930/930/930 836/836/836
f 836/836/836 930/930/930 931/931/931
f 836/836/836 931/931/931 841/841/841
f 841/841/841 931/931/931 932/932/932
f 841/841/841 932/932/932 846/846/846
f 846/846/846 932/932/932 933/933/933
f 846/846/846 933/933/933 851/851/851
f 851/851/851 933/933/933 934/934/934
f 851/851/851 934/934/934 856/856/856
f 856/856/856 934/934/934 935/935/935
f 856/856/856 935/935/935 861/861/861
f 861/861/861 935/935/935 936/936/936
f 861/861/861 936/936/936 872/872/872
f 872/872/872 936/936/936 937/937/937
f 872/872/872 937/937/937 877/877/877
f 877/877/877 937/937/937 901/901/901
f 877/877/877 901/901/901 882/882/882
f 679/679/679 659/659/659 657/657/657
f 679/679/679 675/675/675 659/659/659
f 676/676/676 661/661/661 660/660/660
f 676/676/676 729/729/729 661/661/661
f 729/729/729 662/662/662 661/661/661
f 729/729/729 727/727/727 662/662/662
f 727/727/727 663/663/663 662/662/662
f 727/727/727 725/725/725 663/663/663
f 725/725/725 664/664/664 663/663/663
f 725/725/725 723/723/723 664/664/664
f 723/723/723 665/665/665 664/664/664
f 723/723/723 721/721/721 665/665/665
f 721/721/721 666/666/666 665/665/665
f 721/721/721 719/719/719 666/666/666
f 719/719/719 667/667/667 666/666/666
f 719/719/719 717/717/717 667/667/667
f 717/717/717 668/668/668 667/667/667
f 717/717/717 715/715/715 668/668/668
f 715/715/715 669/669/669 668/668/668
f 715/715/715 713/713/713 669/669/669
f 713/713/713 670/670/670 669/669/669
f 713/713/713 711/711/711 670/670/670
f 711/711/711 671/671/671 670/670/670
f 711/711/711 709/709/709 671/671/671
f 709/709/709 672/672/672 671/671/671
f 709/709/709 707/707/707 672/672/672
f 707/707/707 673/673/673 672/672/672
f 707/707/707 705/705/705 673/673/673
f 705/705/705 674/674/674 673/673/673
f 705/705/705 703/703/703 674/674/674
f 703/703/703 683/683/683 674/674/674
f 703/703/703 699/699/699 683/683/683
f 940/940/940 939/939/939 938/938/938
f 940/940/940 941/941/941 939/939/939
f 942/942/942 941/941/941 940/940/940
f 942/942/942 943/943/943 941/941/941
f 944/944/944 943/943/943 942/942/942
f 944/944/944 945/945/945 943/943/943
f 946/946/946 945/945/945 944/944/944
f 946/946/946 947/947/947 945/945/945
f 948/948/948 947/947/947 946/946/946
f 948/948/948 949/949/949 947/947/947
f 950/950/950 949/949/949 948/948/948
f 950/950/950 951/951/951 949/949/949
f 952/952/952 951/951/951 950/950/950
f 952/952/952 953/953/953 951/951/951
f 954/954/954 953/953/953 952/952/952
f 954/954/954 955/955/955 953/953/953
f 956/956/956 955/955/955 954/954/954
f 956/956/956 957/957/957 955/955/955
f 958/958/958 944/944/944 942/942/942
f 958/958/958 959/959/959 944/944/944
f 959/959/959 946/946/946 944/944/944
f 960/960/960 959/959/959 958/958/958
f 961/961/961 960/960/960 958/958/958
f 962/962/962 960/960/960 961/961/961
f 963/963/963 962/962/962 961/961/961
f 963/963/963 964/964/964 962/962/962
f 963/963/963 965/965/965 964/964/964
f 962/962/962 964/964/964 966/966/966
f 962/962/962 966/966/966 967/967/967
f 962/962/962 967/967/967 960/960/960
f 967/967/967 966/966/966 968/968/968
f 967/967/967 968/968/968 969/969/969
f 969/969/969 968/968/968 970/970/970
f 969/969/969 970/970/970 971/971/971
f 971/971/971 970/970/970 972/972/972
f 971/971/971 972/972/972 973/973/973
f 973/973/973 972/972/972 974/974/974
f 973/973/973 974/974/974 975/975/975
f 975/975/975 974/974/974 976/976/976
f 975/975/975 976/976/976 977/977/977
f 977/977/977 976/976/976 978/978/978
f 977/977/977 978/978/978 979/979/979
f 979/979/979 978/978/978 980/980/980
f 979/979/979 980/980/980 981/981/981
f 967/967/967 969/969/969 982/982/982
f 967/967/967 982/982/982 960/960/960
f 960/960/960 982/982/982 959/959/959
f 982/982/982 983/983/983 959/959/959
f 959/959/959 983/983/983 946/946/946
f 982/982/982 984/984/984 983/983/983
f 969/969/969 984/984/984 982/982/982
f 969/969/969 971/971/971 984/984/984
f 971/971/971 985/985/985 984/984/984
f 971/971/971 973/973/973 985/985/985
f 983/983/983 948/948/948 946/946/946
f 983/983/983 986/986/986 948/948/948
f 984/984/984 986/986/986 983/983/983
f 984/984/984 985/985/985 986/986/986
f 973/973/973 987/987/987 985/985/985
f 973/973/973 975/975/975 987/987/987
f 986/986/986 950/950/950 948/948/948
f 986/986/986 988/988/988 950/950/950
f 985/985/985 988/988/988 986/986/986
f 985/985/985 987/987/987 988/988/988
f 975/975/975 989/989/989 987/987/987
f 975/975/975 977/977/977 989/989/989
f 988/988/988 952/952/952 950/950/950
f 988/988/988 990/990/990 952/952/952
f 987/987/987 990/990/990 988/988/988
f 987/987/987 989/989/989 990/990/990
f 977/977/977 991/991/991 989/989/989
f 977/977/977 979/979/979 991/991/991
f 990/990/990 954/954/954 952/952/952
f 990/990/990 992/992/992 954/954/954
f 989/989/989 992/992/992 990/990/990
f 989/989/989 991/991/991 992/992/992
f 979/979/979 993/993/993 991/991/991
f 979/979/979 981/981/981 993/993/993
f 992/992/992 956/956/956 954/954/954
f 992/992/992 994/994/994 956/956/956
f 991/991/991 994/994/994 992/992/992
f 991/991/991 993/993/993 994/994/994
f 997/997/997 996/996/996 995/995/995
f 997/997/997 998/998/998 996/996/996
f 999/999/999 998/998/998 997/997/997
f 999/999/999 1000/1000/1000 998/998/998
f 1001/1001/1001 1000/1000/1000 999/999/999
f 1001/1001/1001 1002/1002/1002 1000/1000/1000
f 1003/1003/1003 1002/1002/1002 1001/1001/1001
f 1003/1003/1003 1004/1004/1004 1002/1002/1002
f 1005/1005/1005 1004/1004/1004 1003/1003/1003
f 1005/1005/1005 1006/1006/1006 1004/1004/1004
f 1007/1007/1007 1006/1006/1006 1005/1005/1005
f 1007/1007/1007 1008/1008/1008 1006/1006/1006
f 1009/1009/1009 1008/1008/1008 1007/1007/1007
f 1009/1009/1009 1010/1010/1010 1008/1008/1008
f 1011/1011/1011 1010/1010/1010 1009/1009/1009
f 1011/1011/1011 1012/1012/1012 1010/1010/1010
f 1013/1013/1013 1012/1012/1012 1011/1011/1011
f 1013/1013/1013 1014/1014/1014 1012/1012/1012
f 1015/1015/1015 1014/1014/1014 1013/1013/1013
f 1015/1015/1015 1016/1016/1016 1014/1014/1014
f 1017/1017/1017 1016/1016/1016 1015/1015/1015
f 1017/1017/1017 1018/1018/1018 1016/1016/1016
f 1019/1019/1019 1018/1018/1018 1017/1017/1017
f 1019/1019/1019 1020/1020/1020 1018/1018/1018
f 1021/1021/1021 1020/1020/1020 1019/1019/1019
f 1021/1021/1021 1022/1022/1022 1020/1020/1020
f 1023/1023/1023 1022/1022/1022 1021/1021/1021
f 1023/1023/1023 1024/1024/1024 1022/1022/1022
f 1025/1025/1025 1024/1024/1024 1023/1023/1023
f 1025/1025/1025 1026/1026/1026 1024/1024/1024
f 1027/1027/1027 1026/1026/1026 1025/1025/1025
f 1027/1027/1027 1028/1028/1028 1026/1026/1026
f 1029/1029/1029 1028/1028/1028 1027/1027/1027
f 1029/1029/1029 1030/1030/1030 1028/1028/1028
f 1031/1031/1031 1030/1030/1030 1029/1029/1029
f 1031/1031/1031 1032/1032/1032 1030/1030/1030
f 1033/1033/1033 1032/1032/1032 1031/1031/1031
f 1033/1033/1033 1034/1034/1034 1032/1032/1032
f 1035/1035/1035 1034/1034/1034 1033/1033/1033
f 1035/1035/1035 1036/1036/1036 1034/1034/1034
f 1037/1037/1037 1036/1036/1036 1035/1035/1035
f 1037/1037/1037 1038/1038/1038 1036/1036/1036
f 1039/1039/1039 1038/1038/1038 1037/1037/1037
f 1039/1039/1039 1040/1040/1040 1038/1038/1038
f 1041/1041/1041 1040/1040/1040 1039/1039/1039
f 1041/1041/1041 1042/1042/1042 1040/1040/1040
f 1043/1043/1043 1042/1042/1042 1041/1041/1041
f 1043/1043/1043 1044/1044/1044 1042/1042/1042
f 1045/1045/1045 1044/1044/1044 1043/1043/1043
f 1045/1045/1045 1046/1046/1046 1044/1044/1044
f 1047/1047/1047 1046/1046/1046 1045/1045/1045
f 1047/1047/1047 1048/1048/1048 1046/1046/1046
f 1049/1049/1049 1048/1048/1048 1047/1047/1047
f 1049/1049/1049 1050/1050/1050 1048/1048/1048
f 1051/1051/1051 1050/1050/1050 1049/1049/1049
f 1051/1051/1051 1052/1052/1052 1050/1050/1050
f 1053/1053/1053 1052/1052/1052 1051/1051/1051
f 1053/1053/1053 1054/1054/1054 1052/1052/1052
f 1055/1055/1055 1054/1054/1054 1053/1053/1053
f 1055/1055/1055 1056/1056/1056 1054/1054/1054
f 938/938/938 1056/1056/1056 1055/1055/1055
f 938/938/938 939/939/939 1056/1056/1056
f 1057/1057/1057 1045/1045/1045 1043/1043/1043
f 1057/1057/1057 1058/1058/1058 1045/1045/1045
f 1058/1058/1058 1047/1047/1047 1045/1045/1045
f 1059/1059/1059 1058/1058/1058 1057/1057/1057
f 1060/1060/1060 1059/1059/1059 1057/1057/1057
f 1061/1061/1061 1059/1059/1059 1060/1060/1060
f 1062/1062/1062 1061/1061/1061 1060/1060/1060
f 1062/1062/1062 1063/1063/1063 1061/1061/1061
f 1062/1062/1062 1064/1064/1064 1063/1063/1063
f 1065/1065/1065 1064/1064/1064 1062/1062/1062
f 1065/1065/1065 1066/1066/1066 1064/1064/1064
f 1067/1067/1067 1066/1066/1066 1065/1065/1065
f 1067/1067/1067 1068/1068/1068 1066/1066/1066
f 1069/1069/1069 1068/1068/1068 1067/1067/1067
f 1069/1069/1069 1070/1070/1070 1068/1068/1068
f 1071/1071/1071 1070/1070/1070 1069/1069/1069
f 1071/1071/1071 1072/1072/1072 1070/1070/1070
f 1073/1073/1073 1072/1072/1072 1071/1071/1071
f 1073/1073/1073 1074/1074/1074 1072/1072/1072
f 1075/1075/1075 1074/1074/1074 1073/1073/1073
f 1075/1075/1075 1076/1076/1076 1074/1074/1074
f 1077/1077/1077 1076/1076/1076 1075/1075/1075
f 1077/1077/1077 1078/1078/1078 1076/1076/1076
f 1079/1079/1079 1078/1078/1078 1077/1077/1077
f 1079/1079/1079 1080/1080/1080 1078/1078/1078
f 1081/1081/1081 1080/1080/1080 1079/1079/1079
f 1081/1081/1081 1082/1082/1082 1080/1080/1080
f 1083/1083/1083 1082/1082/1082 1081/1081/1081
f 1083/1083/1083 1084/1084/1084 1082/1082/1082
f 1085/1085/1085 1084/1084/1084 1083/1083/1083
f 1085/1085/1085 1086/1086/1086 1084/1084/1084
f 1087/1087/1087 1086/1086/1086 1085/1085/1085
f 1087/1087/1087 1088/1088/1088 1086/1086/1086
f 1089/1089/1089 1088/1088/1088 1087/1087/1087
f 1089/1089/1089 1090/1090/1090 1088/1088/1088
f 1091/1091/1091 1090/1090/1090 1089/1089/1089
f 1091/1091/1091 1092/1092/1092 1090/1090/1090
f 1093/1093/1093 1092/1092/1092 1091/1091/1091
f 1093/1093/1093 1094/1094/1094 1092/1092/1092
f 1095/1095/1095 1094/1094/1094 1093/1093/1093
f 1095/1095/1095 1096/1096/1096 1094/1094/1094
f 1097/1097/1097 1096/1096/1096 1095/1095/1095
f 1097/1097/1097 1098/1098/1098 1096/1096/1096
f 1099/1099/1099 1098/1098/1098 1097/1097/1097
f 1099/1099/1099 1100/1100/1100 1098/1098/1098
f 1101/1101/1101 1100/1100/1100 1099/1099/1099
f 1101/1101/1101 1102/1102/1102 1100/1100/1100
f 1103/1103/1103 1102/1102/1102 1101/1101/1101
f 1103/1103/1103 1104/1104/1104 1102/1102/1102
f 1105/1105/1105 1104/1104/1104 1103/1103/1103
f 1105/1105/1105 1106/1106/1106 1104/1104/1104
f 1107/1107/1107 1106/1106/1106 1105/1105/1105
f 1107/1107/1107 1108/1108/1108 1106/1106/1106
f 1107/1107/1107 1105/1105/1105 1109/1109/1109
f 1107/1107/1107 1109/1109/1109 1110/1110/1110
f 1110/1110/1110 1109/1109/1109 1111/1111/1111
f 1110/1110/1110 1111/1111/1111 1112/1112/1112
f 1112/1112/1112 1111/1111/1111 997/997/997
f 1112/1112/1112 997/997/997 995/995/995
f 1105/1105/1105 1113/1113/1113 1109/1109/1109
f 1105/1105/1105 1103/1103/1103 1113/1113/1113
f 1111/1111/1111 999/999/999 997/997/997
f 1111/1111/1111 1114/1114/1114 999/999/999
f 1109/1109/1109 1114/1114/1114 1111/1111/1111
f 1109/1109/1109 1113/1113/1113 1114/1114/1114
f 1103/1103/1103 1115/1115/1115 1113/1113/1113
f 1103/1103/1103 1101/1101/1101 1115/1115/1115
f 1114/1114/1114 1001/1001/1001 999/999/999
f 1114/1114/1114 1116/1116/1116 1001/1001/1001
f 1113/1113/1113 1116/1116/1116 1114/1114/1114
f 1113/1113/1113 1115/1115/1115 1116/1116/1116
f 1101/1101/1101 1117/1117/1117 1115/1115/1115
f 1101/1101/1101 1099/1099/1099 1117/1117/1117
f 1116/1116/1116 1003/1003/1003 1001/1001/1001
f 1116/1116/1116 1118/1118/1118 1003/1003/1003
f 1115/1115/1115 1118/1118/1118 1116/1116/1116
f 1115/1115/1115 1117/1117/1117 1118/1118/1118
f 1099/1099/1099 1119/1119/1119 1117/1117/1117
f 1099/1099/1099 1097/1097/1097 1119/1119/1119
f 1118/1118/1118 1005/1005/1005 1003/1003/1003
f 1118/1118/1118 1120/1120/1120 1005/1005/1005
f 1117/1117/1117 1120/1120/1120 1118/1118/1118
f 1117/1117/1117 1119/1119/1119 1120/1120/1120
f 1097/1097/1097 1121/1121/1121 1119/1119/1119
f 1097/1097/1097 1095/1095/1095 1121/1121/1121
f 1120/1120/1120 1007/1007/1007 1005/1005/1005
f 1120/1120/1120 1122/1122/1122 1007/1007/1007
f 1119/1119/1119 1122/1122/1122 1120/1120/1120
f 1119/1119/1119 1121/1121/1121 1122/1122/1122
f 1095/1095/1095 1123/1123/1123 1121/1121/1121
f 1095/1095/1095 1093/1093/1093 1123/1123/1123
f 1122/1122/1122 1009/1009/1009 1007/1007/1007
f 1122/1122/1122 1124/1124/1124 1009/1009/1009
f 1121/1121/1121 1124/1124/1124 1122/1122/1122
f 1121/1121/1121 1123/1123/1123 1124/1124/1124
f 1093/1093/1093 1125/1125/1125 1123/1123/1123
f 1093/1093/1093 1091/1091/1091 1125/1125/1125
f 1124/1124/1124 1011/1011/1011 1009/1009/1009
f 1124/1124/1124 1126/1126/1126 1011/1011/1011
f 1123/1123/1123 1126/1126/1126 1124/1124/1124
f 1123/1123/1123 1125/1125/1125 1126/1126/1126
f 1091/1091/1091 1127/1127/1127 1125/1125/1125
f 1091/1091/1091 1089/1089/1089 1127/1127/1127
f 1126/1126/1126 1013/1013/1013 1011/1011/1011
f 1126/1126/1126 1128/1128/1128 1013/1013/1013
f 1125/1125/1125 1128/1128/1128 1126/1126/1126
f 1125/1125/1125 1127/1127/1127 1128/1128/1128
f 1089/1089/1089 1129/1129/1129 1127/1127/1127
f 1089/1089/1089 1087/1087/1087 1129/1129/1129
f 1128/1128/1128 1015/1015/1015 1013/1013/1013
f 1128/1128/1128 1130/1130/1130 1015/1015/1015
f 1127/1127/1127 1130/1130/1130 1128/1128/1128
f 1127/1127/1127 1129/1129/1129 1130/1130/1130
f 1087/1087/1087 1131/1131/1131 1129/1129/1129
f 1087/1087/1087 1085/1085/1085 1131/1131/1131
f 1130/1130/1130 1017/1017/1017 1015/1015/1015
f 1130/1130/1130 1132/1132/1132 1017/1017/1017
f 1129/1129/1129 1132/1132/1132 1130/1130/1130
f 1129/1129/1129 1131/1131/1131 1132/1132/1132
f 1085/1085/1085 1133/1133/1133 1131/1131/1131
f 1085/1085/1085 1083/1083/1083 1133/1133/1133
f 1132/1132/1132 1019/1019/1019 1017/1017/1017
f 1132/1132/1132 1134/1134/1134 1019/1019/1019
f 1131/1131/1131 1134/1134/1134 1132/1132/1132
f 1131/1131/1131 1133/1133/1133 1134/1134/1134
f 1083/1083/1083 1135/1135/1135 1133/1133/1133
f 1083/1083/1083 1081/1081/1081 1135/1135/1135
f 1134/1134/1134 1021/1021/1021 1019/1019/1019
f 1134/1134/1134 1136/1136/1136 1021/1021/1021
f 1133/1133/1133 1136/1136/1136 1134/1134/1134
f 1133/1133/1133 1135/1135/1135 1136/1136/1136
f 1081/1081/1081 1137/1137/1137 1135/1135/1135
f 1081/1081/1081 1079/1079/1079 1137/1137/1137
f 1136/1136/1136 1023/1023/1023 1021/1021/1021
f 1136/1136/1136 1138/1138/1138 1023/1023/1023
f 1135/1135/1135 1138/1138/1138 1136/1136/1136
f 1135/1135/1135 1137/1137/1137 1138/1138/1138
f 1079/1079/1079 1139/1139/1139 1137/1137/1137
f 1079/1079/1079 1077/1077/1077 1139/1139/1139
f 1138/1138/1138 1025/1025/1025 1023/1023/1023
f 1138/1138/1138 1140/1140/1140 1025/1025/1025
f 1137/1137/1137 1140/1140/1140 1138/1138/1138
f 1137/1137/1137 1139/1139/1139 1140/1140/1140
f 1077/1077/1077 1141/1141/1141 1139/1139/1139
f 1077/1077/1077 1075/1075/1075 1141/1141/1141
f 1140/1140/1140 1027/1027/1027 1025/1025/1025
f 1140/1140/1140 1142/1142/1142 1027/1027/1027
f 1139/1139/1139 1142/1142/1142 1140/1140/1140
f 1139/1139/1139 1141/1141/1141 1142/1142/1142
f 1075/1075/1075 1143/1143/1143 1141/1141/1141
f 1075/1075/1075 1073/1073/1073 1143/1143/1143
f 1142/1142/1142 1029/1029/1029 1027/1027/1027
f 1142/1142/1142 1144/1144/1144 1029/1029/1029
f 1141/1141/1141 1144/1144/1144 1142/1142/1142
f 1141/1141/1141 1143/1143/1143 1144/1144/1144
f 1073/1073/1073 1145/1145/1145 1143/1143/1143
f 1073/1073/1073 1071/1071/1071 1145/1145/1145
f 1144/1144/1144 1031/1031/1031 1029/1029/1029
f 1144/1144/1144 1146/1146/1146 1031/1031/1031
f 1143/1143/1143 1146/1146/1146 1144/1144/1144
f 1143/1143/1143 1145/1145/1145 1146/1146/1146
f 1071/1071/1071 1147/1147/1147 1145/1145/1145
f 1071/1071/1071 1069/1069/1069 1147/1147/1147
f 1146/1146/1146 1033/1033/1033 1031/1031/1031
f 1146/1146/1146 1148/1148/1148 1033/1033/1033
f 1145/1145/1145 1148/1148/1148 1146/1146/1146
f 1145/1145/1145 1147/1147/1147 1148/1148/1148
f 1069/1069/1069 1149/1149/1149 1147/1147/1147
f 1069/1069/1069 1067/1067/1067 1149/1149/1149
f 1148/1148/1148 1035/1035/1035 1033/1033/1033
f 1148/1148/1148 1150/1150/1150 1035/1035/1035
f 1147/1147/1147 1150/1150/1150 1148/1148/1148
f 1147/1147/1147 1149/1149/1149 1150/1150/1150
f 1067/1067/1067 1151/1151/1151 1149/1149/1149
f 1067/1067/1067 1065/1065/1065 1151/1151/1151
f 1150/1150/1150 1037/1037/1037 1035/1035/1035
f 1150/1150/1150 1152/1152/1152 1037/1037/1037
f 1149/1149/1149 1152/1152/1152 1150/1150/1150
f 1149/1149/1149 1151/1151/1151 1152/1152/1152
f 1065/1065/1065 1153/1153/1153 1151/1151/1151
f 1065/1065/1065 1062/1062/1062 1153/1153/1153
f 1152/1152/1152 1039/1039/1039 1037/1037/1037
f 1152/1152/1152 1154/1154/1154 1039/1039/1039
f 1151/1151/1151 1154/1154/1154 1152/1152/1152
f 1151/1151/1151 1153/1153/1153 1154/1154/1154
f 1062/1062/1062 1060/1060/1060 1153/1153/1153
f 1154/1154/1154 1041/1041/1041 1039/1039/1039
f 1154/1154/1154 1155/1155/1155 1041/1041/1041
f 1153/1153/1153 1155/1155/1155 1154/1154/1154
f 1153/1153/1153 1060/1060/1060 1155/1155/1155
f 1155/1155/1155 1043/1043/1043 1041/1041/1041
f 1155/1155/1155 1057/1057/1057 1043/1043/1043
f 1060/1060/1060 1057/1057/1057 1155/1155/1155
f 1061/1061/1061 1157/1157/1157 1156/1156/1156
f 1061/1061/1061 1063/1063/1063 1157/1157/1157
f 1156/1156/1156 1157/1157/1157 1158/1158/1158
f 1156/1156/1156 1158/1158/1158 1159/1159/1159
f 1159/1159/1159 1158/1158/1158 1160/1160/1160
f 1159/1159/1159 1160/1160/1160 1161/1161/1161
f 1161/1161/1161 1160/1160/1160 1162/1162/1162
f 1161/1161/1161 1162/1162/1162 1163/1163/1163
f 1163/1163/1163 1162/1162/1162 1164/1164/1164
f 1163/1163/1163 1164/1164/1164 1165/1165/1165
f 1165/1165/1165 1164/1164/1164 1166/1166/1166
f 1165/1165/1165 1166/1166/1166 1167/1167/1167
f 1167/1167/1167 1166/1166/1166 1168/1168/1168
f 1167/1167/1167 1168/1168/1168 1169/1169/1169
f 1169/1169/1169 1168/1168/1168 965/965/965
f 1169/1169/1169 965/965/965 963/963/963
f 1159/1159/1159 1161/1161/1161 1170/1170/1170
f 1159/1159/1159 1170/1170/1170 1171/1171/1171
f 1156/1156/1156 1159/1159/1159 1171/1171/1171
f 1156/1156/1156 1171/1171/1171 1059/1059/1059
f 1061/1061/1061 1156/1156/1156 1059/1059/1059
f 1059/1059/1059 1171/1171/1171 1058/1058/1058
f 1171/1171/1171 1172/1172/1172 1058/1058/1058
f 1171/1171/1171 1170/1170/1170 1172/1172/1172
f 1058/1058/1058 1172/1172/1172 1047/1047/1047
f 1172/1172/1172 1049/1049/1049 1047/1047/1047
f 1172/1172/1172 1173/1173/1173 1049/1049/1049
f 1170/1170/1170 1173/1173/1173 1172/1172/1172
f 1170/1170/1170 1174/1174/1174 1173/1173/1173
f 1161/1161/1161 1174/1174/1174 1170/1170/1170
f 1161/1161/1161 1163/1163/1163 1174/1174/1174
f 1163/1163/1163 1175/1175/1175 1174/1174/1174
f 1163/1163/1163 1165/1165/1165 1175/1175/1175
f 1173/1173/1173 1051/1051/1051 1049/1049/1049
f 1173/1173/1173 1176/1176/1176 1051/1051/1051
f 1174/1174/1174 1176/1176/1176 1173/1173/1173
f 1174/1174/1174 1175/1175/1175 1176/1176/1176
f 1165/1165/1165 1177/1177/1177 1175/1175/1175
f 1165/1165/1165 1167/1167/1167 1177/1177/1177
f 1176/1176/1176 1053/1053/1053 1051/1051/1051
f 1176/1176/1176 1178/1178/1178 1053/1053/1053
f 1175/1175/1175 1178/1178/1178 1176/1176/1176
f 1175/1175/1175 1177/1177/1177 1178/1178/1178
f 1167/1167/1167 1179/1179/1179 1177/1177/1177
f 1167/1167/1167 1169/1169/1169 1179/1179/1179
f 1178/1178/1178 1055/1055/1055 1053/1053/1053
f 1178/1178/1178 1180/1180/1180 1055/1055/1055
f 1177/1177/1177 1180/1180/1180 1178/1178/1178
f 1177/1177/1177 1179/1179/1179 1180/1180/1180
f 1181/1181/1181 1179/1179/1179 1169/1169/1169
f 1181/1181/1181 1169/1169/1169 963/963/963
f 963/963/963 961/961/961 1181/1181/1181
f 1181/1181/1181 961/961/961 1182/1182/1182
f 1181/1181/1181 1182/1182/1182 1183/1183/1183
f 1183/1183/1183 1179/1179/1179 1181/1181/1181
f 1183/1183/1183 1180/1180/1180 1179/1179/1179
f 1183/1183/1183 1182/1182/1182 940/940/940
f 1183/1183/1183 940/940/940 938/938/938
f 938/938/938 1180/1180/1180 1183/1183/1183
f 938/938/938 1055/1055/1055 1180/1180/1180
f 1182/1182/1182 942/942/942 940/940/940
f 1182/1182/1182 958/958/958 942/942/942
f 961/961/961 958/958/958 1182/1182/1182
f 1186/1186/1186 1185/1185/1185 1184/1184/1184
f 1186/1186/1186 1187/1187/1187 1185/1185/1185
f 1184/1184/1184 1185/1185/1185 1188/1188/1188
f 1184/1184/1184 1188/1188/1188 1189/1189/1189
f 1189/1189/1189 1188/1188/1188 1190/1190/1190
f 1189/1189/1189 1190/1190/1190 1191/1191/1191
f 1191/1191/1191 1190/1190/1190 1192/1192/1192
f 1191/1191/1191 1192/1192/1192 1193/1193/1193
f 1193/1193/1193 1192/1192/1192 1194/1194/1194
f 1193/1193/1193 1194/1194/1194 1195/1195/1195
f 1195/1195/1195 1194/1194/1194 1196/1196/1196
f 1195/1195/1195 1196/1196/1196 1197/1197/1197
f 1197/1197/1197 1196/1196/1196 1198/1198/1198
f 1197/1197/1197 1198/1198/1198 1199/1199/1199
f 1199/1199/1199 1198/1198/1198 1200/1200/1200
f 1199/1199/1199 1200/1200/1200 1201/1201/1201
f 1201/1201/1201 1200/1200/1200 1202/1202/1202
f 1201/1201/1201 1202/1202/1202 1203/1203/1203
f 1189/1189/1189 1191/1191/1191 1204/1204/1204
f 1189/1189/1189 1204/1204/1204 1205/1205/1205
f 1184/1184/1184 1189/1189/1189 1205/1205/1205
f 1184/1184/1184 1205/1205/1205 1206/1206/1206
f 1186/1186/1186 1184/1184/1184 1206/1206/1206
f 1186/1186/1186 1206/1206/1206 1207/1207/1207
f 1207/1207/1207 1206/1206/1206 1208/1208/1208
f 1207/1207/1207 1208/1208/1208 1209/1209/1209
f 1209/1209/1209 1208/1208/1208 964/964/964
f 1209/1209/1209 964/964/964 965/965/965
f 1208/1208/1208 966/966/966 964/964/964
f 1208/1208/1208 1210/1210/1210 966/966/966
f 1206/1206/1206 1210/1210/1210 1208/1208/1208
f 1206/1206/1206 1205/1205/1205 1210/1210/1210
f 1210/1210/1210 968/968/968 966/966/966
f 1210/1210/1210 1211/1211/1211 968/968/968
f 1205/1205/1205 1211/1211/1211 1210/1210/1210
f 1205/1205/1205 1204/1204/1204 1211/1211/1211
f 1211/1211/1211 970/970/970 968/968/968
f 1211/1211/1211 1212/1212/1212 970/970/970
f 1204/1204/1204 1212/1212/1212 1211/1211/1211
f 1204/1204/1204 1213/1213/1213 1212/1212/1212
f 1191/1191/1191 1213/1213/1213 1204/1204/1204
f 1191/1191/1191 1193/1193/1193 1213/1213/1213
f 1193/1193/1193 1214/1214/1214 1213/1213/1213
f 1193/1193/1193 1195/1195/1195 1214/1214/1214
f 1212/1212/1212 972/972/972 970/970/970
f 1212/1212/1212 1215/1215/1215 972/972/972
f 1213/1213/1213 1215/1215/1215 1212/1212/1212
f 1213/1213/1213 1214/1214/1214 1215/1215/1215
f 1195/1195/1195 1216/1216/1216 1214/1214/1214
f 1195/1195/1195 1197/1197/1197 1216/1216/1216
f 1215/1215/1215 974/974/974 972/972/972
f 1215/1215/1215 1217/1217/1217 974/974/974
f 1214/1214/1214 1217/1217/1217 1215/1215/1215
f 1214/1214/1214 1216/1216/1216 1217/1217/1217
f 1197/1197/1197 1218/1218/1218 1216/1216/1216
f 1197/1197/1197 1199/1199/1199 1218/1218/1218
f 1217/1217/1217 976/976/976 974/974/974
f 1217/1217/1217 1219/1219/1219 976/976/976
f 1216/1216/1216 1219/1219/1219 1217/1217/1217
f 1216/1216/1216 1218/1218/1218 1219/1219/1219
f 1199/1199/1199 1220/1220/1220 1218/1218/1218
f 1199/1199/1199 1201/1201/1201 1220/1220/1220
f 1219/1219/1219 978/978/978 976/976/976
f 1219/1219/1219 1221/1221/1221 978/978/978
f 1218/1218/1218 1221/1221/1221 1219/1219/1219
f 1218/1218/1218 1220/1220/1220 1221/1221/1221
f 1201/1201/1201 1222/1222/1222 1220/1220/1220
f 1201/1201/1201 1203/1203/1203 1222/1222/1222
f 1221/1221/1221 980/980/980 978/978/978
f 1221/1221/1221 1223/1223/1223 980/980/980
f 1220/1220/1220 1223/1223/1223 1221/1221/1221
f 1220/1220/1220 1222/1222/1222 1223/1223/1223
f 1226/1226/1226 1225/1225/1225 1224/1224/1224
f 1226/1226/1226 1227/1227/1227 1225/1225/1225
f 1224/1224/1224 1225/1225/1225 1228/1228/1228
f 1224/1224/1224 1228/1228/1228 1229/1229/1229
f 1229/1229/1229 1228/1228/1228 1230/1230/1230
f 1229/1229/1229 1230/1230/1230 1231/1231/1231
f 1231/1231/1231 1230/1230/1230 1232/1232/1232
f 1231/1231/1231 1232/1232/1232 1233/1233/1233
f 1233/1233/1233 1232/1232/1232 1234/1234/1234
f 1233/1233/1233 1234/1234/1234 1235/1235/1235
f 1235/1235/1235 1234/1234/1234 1236/1236/1236
f 1235/1235/1235 1236/1236/1236 1237/1237/1237
f 1237/1237/1237 1236/1236/1236 1238/1238/1238
f 1237/1237/1237 1238/1238/1238 1239/1239/1239
f 1239/1239/1239 1238/1238/1238 1240/1240/1240
f 1239/1239/1239 1240/1240/1240 1241/1241/1241
f 1241/1241/1241 1240/1240/1240 1242/1242/1242
f 1241/1241/1241 1242/1242/1242 1243/1243/1243
f 1243/1243/1243 1242/1242/1242 1244/1244/1244
f 1243/1243/1243 1244/1244/1244 1245/1245/1245
f 1245/1245/1245 1244/1244/1244 1246/1246/1246
f 1245/1245/1245 1246/1246/1246 1247/1247/1247
f 1247/1247/1247 1246/1246/1246 1248/1248/1248
f 1247/1247/1247 1248/1248/1248 1249/1249/1249
f 1249/1249/1249 1248/1248/1248 1250/1250/1250
f 1249/1249/1249 1250/1250/1250 1251/1251/1251
f 1251/1251/1251 1250/1250/1250 1252/1252/1252
f 1251/1251/1251 1252/1252/1252 1253/1253/1253
f 1253/1253/1253 1252/1252/1252 1254/1254/1254
f 1253/1253/1253 1254/1254/1254 1255/1255/1255
f 1255/1255/1255 1254/1254/1254 1256/1256/1256
f 1255/1255/1255 1256/1256/1256 1257/1257/1257
f 1257/1257/1257 1256/1256/1256 1258/1258/1258
f 1257/1257/1257 1258/1258/1258 1259/1259/1259
f 1259/1259/1259 1258/1258/1258 1260/1260/1260
f 1259/1259/1259 1260/1260/1260 1261/1261/1261
f 1261/1261/1261 1260/1260/1260 1262/1262/1262
f 1261/1261/1261 1262/1262/1262 1263/1263/1263
f 1263/1263/1263 1262/1262/1262 1264/1264/1264
f 1263/1263/1263 1264/1264/1264 1265/1265/1265
f 1265/1265/1265 1264/1264/1264 1266/1266/1266
f 1265/1265/1265 1266/1266/1266 1267/1267/1267
f 1267/1267/1267 1266/1266/1266 1268/1268/1268
f 1267/1267/1267 1268/1268/1268 1269/1269/1269
f 1269/1269/1269 1268/1268/1268 1270/1270/1270
f 1269/1269/1269 1270/1270/1270 1271/1271/1271
f 1271/1271/1271 1270/1270/1270 1272/1272/1272
f 1271/1271/1271 1272/1272/1272 1273/1273/1273
f 1273/1273/1273 1272/1272/1272 1274/1274/1274
f 1273/1273/1273 1274/1274/1274 1275/1275/1275
f 1275/1275/1275 1274/1274/1274 1276/1276/1276
f 1275/1275/1275 1276/1276/1276 1277/1277/1277
f 1277/1277/1277 1276/1276/1276 1278/1278/1278
f 1277/1277/1277 1278/1278/1278 1279/1279/1279
f 1279/1279/1279 1278/1278/1278 1280/1280/1280
f 1279/1279/1279 1280/1280/1280 1281/1281/1281
f 1281/1281/1281 1280/1280/1280 1282/1282/1282
f 1281/1281/1281 1282/1282/1282 1283/1283/1283
f 1283/1283/1283 1282/1282/1282 1284/1284/1284
f 1283/1283/1283 1284/1284/1284 1285/1285/1285
f 1285/1285/1285 1284/1284/1284 1187/1187/1187
f 1285/1285/1285 1187/1187/1187 1186/1186/1186
f 1273/1273/1273 1275/1275/1275 1286/1286/1286
f 1273/1273/1273 1286/1286/1286 1287/1287/1287
f 1271/1271/1271 1273/1273/1273 1287/1287/1287
f 1271/1271/1271 1287/1287/1287 1288/1288/1288
f 1269/1269/1269 1271/1271/1271 1288/1288/1288
f 1269/1269/1269 1288/1288/1288 1289/1289/1289
f 1267/1267/1267 1269/1269/1269 1289/1289/1289
f 1267/1267/1267 1289/1289/1289 1290/1290/1290
f 1265/1265/1265 1267/1267/1267 1290/1290/1290
f 1265/1265/1265 1290/1290/1290 1291/1291/1291
f 1263/1263/1263 1265/1265/1265 1291/1291/1291
f 1263/1263/1263 1291/1291/1291 1292/1292/1292
f 1261/1261/1261 1263/1263/1263 1292/1292/1292
f 1261/1261/1261 1292/1292/1292 1293/1293/1293
f 1259/1259/1259 1261/1261/1261 1293/1293/1293
f 1259/1259/1259 1293/1293/1293 1294/1294/1294
f 1257/1257/1257 1259/1259/1259 1294/1294/1294
f 1257/1257/1257 1294/1294/1294 1295/1295/1295
f 1255/1255/1255 1257/1257/1257 1295/1295/1295
f 1255/1255/1255 1295/1295/1295 1296/1296/1296
f 1253/1253/1253 1255/1255/1255 1296/1296/1296
f 1253/1253/1253 1296/1296/1296 1297/1297/1297
f 1251/1251/1251 1253/1253/1253 1297/1297/1297
f 1251/1251/1251 1297/1297/1297 1298/1298/1298
f 1249/1249/1249 1251/1251/1251 1298/1298/1298
f 1249/1249/1249 1298/1298/1298 1299/1299/1299
f 1247/1247/1247 1249/1249/1249 1299/1299/1299
f 1247/1247/1247 1299/1299/1299 1300/1300/1300
f 1245/1245/1245 1247/1247/1247 1300/1300/1300
f 1245/1245/1245 1300/1300/1300 1301/1301/1301
f 1243/1243/1243 1245/1245/1245 1301/1301/1301
f 1243/1243/1243 1301/1301/1301 1302/1302/1302
f 1241/1241/1241 1243/1243/1243 1302/1302/1302
f 1241/1241/1241 1302/1302/1302 1303/1303/1303
f 1239/1239/1239 1241/1241/1241 1303/1303/1303
f 1239/1239/1239 1303/1303/1303 1304/1304/1304
f 1237/1237/1237 1239/1239/1239 1304/1304/1304
f 1237/1237/1237 1304/1304/1304 1305/1305/1305
f 1235/1235/1235 1237/1237/1237 1305/1305/1305
f 1235/1235/1235 1305/1305/1305 1306/1306/1306
f 1233/1233/1233 1235/1235/1235 1306/1306/1306
f 1233/1233/1233 1306/1306/1306 1307/1307/1307
f 1231/1231/1231 1233/1233/1233 1307/1307/1307
f 1231/1231/1231 1307/1307/1307 1308/1308/1308
f 1229/1229/1229 1231/1231/1231 1308/1308/1308
f 1229/1229/1229 1308/1308/1308 1309/1309/1309
f 1224/1224/1224 1229/1229/1229 1309/1309/1309
f 1224/1224/1224 1309/1309/1309 1310/1310/1310
f 1226/1226/1226 1224/1224/1224 1310/1310/1310
f 1226/1226/1226 1310/1310/1310 1311/1311/1311
f 1311/1311/1311 1310/1310/1310 1312/1312/1312
f 1311/1311/1311 1312/1312/1312 1313/1313/1313
f 1313/1313/1313 1312/1312/1312 1106/1106/1106
f 1313/1313/1313 1106/1106/1106 1108/1108/1108
f 1312/1312/1312 1104/1104/1104 1106/1106/1106
f 1312/1312/1312 1314/1314/1314 1104/1104/1104
f 1310/1310/1310 1314/1314/1314 1312/1312/1312
f 1310/1310/1310 1309/1309/1309 1314/1314/1314
f 1314/1314/1314 1102/1102/1102 1104/1104/1104
f 1314/1314/1314 1315/1315/1315 1102/1102/1102
f 1309/1309/1309 1315/1315/1315 1314/1314/1314
f 1309/1309/1309 1308/1308/1308 1315/1315/1315
f 1315/1315/1315 1100/1100/1100 1102/1102/1102
f 1315/1315/1315 1316/1316/1316 1100/1100/1100
f 1308/1308/1308 1316/1316/1316 1315/1315/1315
f 1308/1308/1308 1307/1307/1307 1316/1316/1316
f 1316/1316/1316 1098/1098/1098 1100/1100/1100
f 1316/1316/1316 1317/1317/1317 1098/1098/1098
f 1307/1307/1307 1317/1317/1317 1316/1316/1316
f 1307/1307/1307 1306/1306/1306 1317/1317/1317
f 1317/1317/1317 1096/1096/1096 1098/1098/1098
f 1317/1317/1317 1318/1318/1318 1096/1096/1096
f 1306/1306/1306 1318/1318/1318 1317/1317/1317
f 1306/1306/1306 1305/1305/1305 1318/1318/1318
f 1318/1318/1318 1094/1094/1094 1096/1096/1096
f 1318/1318/1318 1319/1319/1319 1094/1094/1094
f 1305/1305/1305 1319/1319/1319 1318/1318/1318
f 1305/1305/1305 1304/1304/1304 1319/1319/1319
f 1319/1319/1319 1092/1092/1092 1094/1094/1094
f 1319/1319/1319 1320/1320/1320 1092/1092/1092
f 1304/1304/1304 1320/1320/1320 1319/1319/1319
f 1304/1304/1304 1303/1303/1303 1320/1320/1320
f 1320/1320/1320 1090/1090/1090 1092/1092/1092
f 1320/1320/1320 1321/1321/1321 1090/1090/1090
f 1303/1303/1303 1321/1321/1321 1320/1320/1320
f 1303/1303/1303 1302/1302/1302 1321/1321/1321
f 1321/1321/1321 1088/1088/1088 1090/1090/1090
f 1321/1321/1321 1322/1322/1322 1088/1088/1088
f 1302/1302/1302 1322/1322/1322 1321/1321/1321
f 1302/1302/1302 1301/1301/1301 1322/1322/1322
f 1322/1322/1322 1086/1086/1086 1088/1088/1088
f 1322/1322/1322 1323/1323/1323 1086/1086/1086
f 1301/1301/1301 1323/1323/1323 1322/1322/1322
f 1301/1301/1301 1300/1300/1300 1323/1323/1323
f 1323/1323/1323 1084/1084/1084 1086/1086/1086
f 1323/1323/1323 1324/1324/1324 1084/1084/1084
f 1300/1300/1300 1324/1324/1324 1323/1323/1323
f 1300/1300/1300 1299/1299/1299 1324/1324/1324
f 1324/1324/1324 1082/1082/1082 1084/1084/1084
f 1324/1324/1324 1325/1325/1325 1082/1082/1082
f 1299/1299/1299 1325/1325/1325 1324/1324/1324
f 1299/1299/1299 1298/1298/1298 1325/1325/1325
f 1325/1325/1325 1080/1080/1080 1082/1082/1082
f 1325/1325/1325 1326/1326/1326 1080/1080/1080
f 1298/1298/1298 1326/1326/1326 1325/1325/1325
f 1298/1298/1298 1297/1297/1297 1326/1326/1326
f 1326/1326/1326 1078/1078/1078 1080/1080/1080
f 1326/1326/1326 1327/1327/1327 1078/1078/1078
f 1297/1297/1297 1327/1327/1327 1326/1326/1326
f 1297/1297/1297 1296/1296/1296 1327/1327/1327
f 1327/1327/1327 1076/1076/1076 1078/1078/1078
f 1327/1327/1327 1328/1328/1328 1076/1076/1076
f 1296/1296/1296 1328/1328/1328 1327/1327/1327
f 1296/1296/1296 1295/1295/1295 1328/1328/1328
f 1328/1328/1328 1074/1074/1074 1076/1076/1076
f 1328/1328/1328 1329/1329/1329 1074/1074/1074
f 1295/1295/1295 1329/1329/1329 1328/1328/1328
f 1295/1295/1295 1294/1294/1294 1329/1329/1329
f 1329/1329/1329 1072/1072/1072 1074/1074/1074
f 1329/1329/1329 1330/1330/1330 1072/1072/1072
f 1294/1294/1294 1330/1330/1330 1329/1329/1329
f 1294/1294/1294 1293/1293/1293 1330/1330/1330
f 1330/1330/1330 1070/1070/1070 1072/1072/1072
f 1330/1330/1330 1331/1331/1331 1070/1070/1070
f 1293/1293/1293 1331/1331/1331 1330/1330/1330
f 1293/1293/1293 1292/1292/1292 1331/1331/1331
f 1331/1331/1331 1068/1068/1068 1070/1070/1070
f 1331/1331/1331 1332/1332/1332 1068/1068/1068
f 1292/1292/1292 1332/1332/1332 1331/1331/1331
f 1292/1292/1292 1291/1291/1291 1332/1332/1332
f 1332/1332/1332 1066/1066/1066 1068/1068/1068
f 1332/1332/1332 1333/1333/1333 1066/1066/1066
f 1291/1291/1291 1333/1333/1333 1332/1332/1332
f 1291/1291/1291 1290/1290/1290 1333/1333/1333
f 1333/1333/1333 1064/1064/1064 1066/1066/1066
f 1333/1333/1333 1334/1334/1334 1064/1064/1064
f 1290/1290/1290 1334/1334/1334 1333/1333/1333
f 1290/1290/1290 1289/1289/1289 1334/1334/1334
f 1334/1334/1334 1063/1063/1063 1064/1064/1064
f 1334/1334/1334 1335/1335/1335 1063/1063/1063
f 1289/1289/1289 1335/1335/1335 1334/1334/1334
f 1289/1289/1289 1288/1288/1288 1335/1335/1335
f 1335/1335/1335 1157/1157/1157 1063/1063/1063
f 1335/1335/1335 1336/1336/1336 1157/1157/1157
f 1288/1288/1288 1336/1336/1336 1335/1335/1335
f 1288/1288/1288 1287/1287/1287 1336/1336/1336
f 1336/1336/1336 1158/1158/1158 1157/1157/1157
f 1336/1336/1336 1337/1337/1337 1158/1158/1158
f 1287/1287/1287 1337/1337/1337 1336/1336/1336
f 1287/1287/1287 1286/1286/1286 1337/1337/1337
f 1337/1337/1337 1160/1160/1160 1158/1158/1158
f 1337/1337/1337 1338/1338/1338 1160/1160/1160
f 1286/1286/1286 1338/1338/1338 1337/1337/1337
f 1286/1286/1286 1339/1339/1339 1338/1338/1338
f 1275/1275/1275 1339/1339/1339 1286/1286/1286
f 1275/1275/1275 1277/1277/1277 1339/1339/1339
f 1277/1277/1277 1340/1340/1340 1339/1339/1339
f 1277/1277/1277 1279/1279/1279 1340/1340/1340
f 1338/1338/1338 1162/1162/1162 1160/1160/1160
f 1338/1338/1338 1341/1341/1341 1162/1162/1162
f 1339/1339/1339 1341/1341/1341 1338/1338/1338
f 1339/1339/1339 1340/1340/1340 1341/1341/1341
f 1279/1279/1279 1342/1342/1342 1340/1340/1340
f 1279/1279/1279 1281/1281/1281 1342/1342/1342
f 1341/1341/1341 1164/1164/1164 1162/1162/1162
f 1341/1341/1341 1343/1343/1343 1164/1164/1164
f 1340/1340/1340 1343/1343/1343 1341/1341/1341
f 1340/1340/1340 1342/1342/1342 1343/1343/1343
f 1281/1281/1281 1344/1344/1344 1342/1342/1342
f 1281/1281/1281 1283/1283/1283 1344/1344/1344
f 1343/1343/1343 1166/1166/1166 1164/1164/1164
f 1343/1343/1343 1345/1345/1345 1166/1166/1166
f 1342/1342/1342 1345/1345/1345 1343/1343/1343
f 1342/1342/1342 1344/1344/1344 1345/1345/1345
f 1283/1283/1283 1346/1346/1346 1344/1344/1344
f 1283/1283/1283 1285/1285/1285 1346/1346/1346
f 1345/1345/1345 1168/1168/1168 1166/1166/1166
f 1345/1345/1345 1347/1347/1347 1168/1168/1168
f 1344/1344/1344 1347/1347/1347 1345/1345/1345
f 1344/1344/1344 1346/1346/1346 1347/1347/1347
f 1207/1207/1207 1346/1346/1346 1285/1285/1285
f 1207/1207/1207 1285/1285/1285 1186/1186/1186
f 1209/1209/1209 1346/1346/1346 1207/1207/1207
f 1209/1209/1209 1347/1347/1347 1346/1346/1346
f 965/965/965 1347/1347/1347 1209/1209/1209
f 965/965/965 1168/1168/1168 1347/1347/1347
f 1048/1048/1048 1348/1348/1348 1046/1046/1046
f 1048/1048/1048 1349/1349/1349 1348/1348/1348
f 1046/1046/1046 1348/1348/1348 1350/1350/1350
f 1046/1046/1046 1350/1350/1350 1044/1044/1044
f 1044/1044/1044 1350/1350/1350 1351/1351/1351
f 1044/1044/1044 1351/1351/1351 1042/1042/1042
f 1042/1042/1042 1351/1351/1351 1352/1352/1352
f 1042/1042/1042 1352/1352/1352 1040/1040/1040
f 1040/1040/1040 1352/1352/1352 1353/1353/1353
f 1040/1040/1040 1353/1353/1353 1038/1038/1038
f 1038/1038/1038 1353/1353/1353 1354/1354/1354
f 1038/1038/1038 1354/1354/1354 1036/1036/1036
f 1036/1036/1036 1354/1354/1354 1355/1355/1355
f 1036/1036/1036 1355/1355/1355 1034/1034/1034
f 1034/1034/1034 1355/1355/1355 1356/1356/1356
f 1034/1034/1034 1356/1356/1356 1032/1032/1032
f 1032/1032/1032 1356/1356/1356 1357/1357/1357
f 1032/1032/1032 1357/1357/1357 1030/1030/1030
f 1030/1030/1030 1357/1357/1357 1358/1358/1358
f 1030/1030/1030 1358/1358/1358 1028/1028/1028
f 1028/1028/1028 1358/1358/1358 1359/1359/1359
f 1028/1028/1028 1359/1359/1359 1026/1026/1026
f 1026/1026/1026 1359/1359/1359 1360/1360/1360
f 1026/1026/1026 1360/1360/1360 1024/1024/1024
f 1024/1024/1024 1360/1360/1360 1361/1361/1361
f 1024/1024/1024 1361/1361/1361 1022/1022/1022
f 1022/1022/1022 1361/1361/1361 1362/1362/1362
f 1022/1022/1022 1362/1362/1362 1020/1020/1020
f 1020/1020/1020 1362/1362/1362 1363/1363/1363
f 1020/1020/1020 1363/1363/1363 1018/1018/1018
f 1018/1018/1018 1363/1363/1363 1364/1364/1364
f 1018/1018/1018 1364/1364/1364 1016/1016/1016
f 1016/1016/1016 1364/1364/1364 1365/1365/1365
f 1016/1016/1016 1365/1365/1365 1014/1014/1014
f 1014/1014/1014 1365/1365/1365 1366/1366/1366
f 1014/1014/1014 1366/1366/1366 1012/1012/1012
f 1012/1012/1012 1366/1366/1366 1367/1367/1367
f 1012/1012/1012 1367/1367/1367 1010/1010/1010
f 1010/1010/1010 1367/1367/1367 1368/1368/1368
f 1010/1010/1010 1368/1368/1368 1008/1008/1008
f 1008/1008/1008 1368/1368/1368 1369/1369/1369
f 1008/1008/1008 1369/1369/1369 1006/1006/1006
f 1006/1006/1006 1369/1369/1369 1370/1370/1370
f 1006/1006/1006 1370/1370/1370 1004/1004/1004
f 1004/1004/1004 1370/1370/1370 1371/1371/1371
f 1004/1004/1004 1371/1371/1371 1002/1002/1002
f 1002/1002/1002 1371/1371/1371 1372/1372/1372
f 1002/1002/1002 1372/1372/1372 1000/1000/1000
f 1000/1000/1000 1372/1372/1372 1373/1373/1373
f 1000/1000/1000 1373/1373/1373 998/998/998
f 998/998/998 1373/1373/1373 1374/1374/1374
f 998/998/998 1374/1374/1374 996/996/996
f 957/957/957 1375/1375/1375 955/955/955
f 957/957/957 1376/1376/1376 1375/1375/1375
f 955/955/955 1375/1375/1375 1377/1377/1377
f 955/955/955 1377/1377/1377 953/953/953
f 953/953/953 1377/1377/1377 1378/1378/1378
f 953/953/953 1378/1378/1378 951/951/951
f 951/951/951 1378/1378/1378 1379/1379/1379
f 951/951/951 1379/1379/1379 949/949/949
f 949/949/949 1379/1379/1379 1380/1380/1380
f 949/949/949 1380/1380/1380 947/947/947
f 947/947/947 1380/1380/1380 1381/1381/1381
f 947/947/947 1381/1381/1381 945/945/945
f 945/945/945 1381/1381/1381 1382/1382/1382
f 945/945/945 1382/1382/1382 943/943/943
f 943/943/943 1382/1382/1382 1383/1383/1383
f 943/943/943 1383/1383/1383 941/941/941
f 941/941/941 1383/1383/1383 1384/1384/1384
f 941/941/941 1384/1384/1384 939/939/939
f 939/939/939 1384/1384/1384 1385/1385/1385
f 939/939/939 1385/1385/1385 1056/1056/1056
f 1056/1056/1056 1385/1385/1385 1386/1386/1386
f 1056/1056/1056 1386/1386/1386 1054/1054/1054
f 1054/1054/1054 1386/1386/1386 1387/1387/1387
f 1054/1054/1054 1387/1387/1387 1052/1052/1052
f 1052/1052/1052 1387/1387/1387 1388/1388/1388
f 1052/1052/1052 1388/1388/1388 1050/1050/1050
f 1050/1050/1050 1388/1388/1388 1349/1349/1349
f 1050/1050/1050 1349/1349/1349 1048/1048/1048
f 1391/1391/1391 1390/1390/1390 1389/1389/1389
f 1391/1391/1391 1392/1392/1392 1390/1390/1390
f 1393/1393/1393 1392/1392/1392 1391/1391/1391
f 1393/1393/1393 1394/1394/1394 1392/1392/1392
f 1395/1395/1395 1394/1394/1394 1393/1393/1393
f 1396/1396/1396 1394/1394/1394 1395/1395/1395
f 1397/1397/1397 1394/1394/1394 1396/1396/1396
f 1398/1398/1398 1394/1394/1394 1397/1397/1397
f 1398/1398/1398 1399/1399/1399 1394/1394/1394
f 1400/1400/1400 1399/1399/1399 1398/1398/1398
f 1401/1401/1401 1399/1399/1399 1400/1400/1400
f 1399/1399/1399 1401/1401/1401 1402/1402/1402
f 1399/1399/1399 1402/1402/1402 1403/1403/1403
f 1404/1404/1404 1399/1399/1399 1403/1403/1403
f 1394/1394/1394 1404/1404/1404 1392/1392/1392
f 1394/1394/1394 1399/1399/1399 1404/1404/1404
f 1404/1404/1404 1403/1403/1403 1405/1405/1405
f 1406/1406/1406 1404/1404/1404 1405/1405/1405
f 1392/1392/1392 1404/1404/1404 1406/1406/1406
f 1406/1406/1406 1405/1405/1405 1407/1407/1407
f 1408/1408/1408 1406/1406/1406 1407/1407/1407
f 1408/1408/1408 1407/1407/1407 1409/1409/1409
f 1410/1410/1410 1408/1408/1408 1409/1409/1409
f 1410/1410/1410 1409/1409/1409 1411/1411/1411
f 1412/1412/1412 1410/1410/1410 1411/1411/1411
f 1412/1412/1412 1411/1411/1411 1413/1413/1413
f 1414/1414/1414 1412/1412/1412 1413/1413/1413
f 1414/1414/1414 1413/1413/1413 1415/1415/1415
f 1416/1416/1416 1414/1414/1414 1415/1415/1415
f 1416/1416/1416 1415/1415/1415 1417/1417/1417
f 1418/1418/1418 1416/1416/1416 1417/1417/1417
f 1418/1418/1418 1417/1417/1417 1419/1419/1419
f 1420/1420/1420 1418/1418/1418 1419/1419/1419
f 1420/1420/1420 1419/1419/1419 1421/1421/1421
f 1422/1422/1422 1420/1420/1420 1421/1421/1421
f 1422/1422/1422 1421/1421/1421 1423/1423/1423
f 1424/1424/1424 1422/1422/1422 1423/1423/1423
f 1424/1424/1424 1423/1423/1423 1425/1425/1425
f 1426/1426/1426 1424/1424/1424 1425/1425/1425
f 1426/1426/1426 1425/1425/1425 1427/1427/1427
f 1428/1428/1428 1426/1426/1426 1427/1427/1427
f 1428/1428/1428 1427/1427/1427 1429/1429/1429
f 1430/1430/1430 1428/1428/1428 1429/1429/1429
f 1430/1430/1430 1429/1429/1429 1431/1431/1431
f 1432/1432/1432 1430/1430/1430 1431/1431/1431
f 1432/1432/1432 1431/1431/1431 1433/1433/1433
f 1434/1434/1434 1432/1432/1432 1433/1433/1433
f 1434/1434/1434 1433/1433/1433 1435/1435/1435
f 1436/1436/1436 1434/1434/1434 1435/1435/1435
f 1436/1436/1436 1435/1435/1435 1437/1437/1437
f 1438/1438/1438 1436/1436/1436 1437/1437/1437
f 1438/1438/1438 1437/1437/1437 1439/1439/1439
f 1440/1440/1440 1438/1438/1438 1439/1439/1439
f 1440/1440/1440 1439/1439/1439 1441/1441/1441
f 1442/1442/1442 1440/1440/1440 1441/1441/1441
f 1442/1442/1442 1441/1441/1441 1443/1443/1443
f 1444/1444/1444 1442/1442/1442 1443/1443/1443
f 1444/1444/1444 1443/1443/1443 1445/1445/1445
f 1446/1446/1446 1444/1444/1444 1445/1445/1445
f 1446/1446/1446 1445/1445/1445 1447/1447/1447
f 1448/1448/1448 1446/1446/1446 1447/1447/1447
f 1448/1448/1448 1447/1447/1447 1449/1449/1449
f 1450/1450/1450 1448/1448/1448 1449/1449/1449
f 1450/1450/1450 1449/1449/1449 1451/1451/1451
f 1452/1452/1452 1450/1450/1450 1451/1451/1451
f 1452/1452/1452 1451/1451/1451 1453/1453/1453
f 1454/1454/1454 1452/1452/1452 1453/1453/1453
f 1454/1454/1454 1453/1453/1453 1455/1455/1455
f 1442/1442/1442 1456/1456/1456 1440/1440/1440
f 1456/1456/1456 1442/1442/1442 1457/1457/1457
f 1457/1457/1457 1442/1442/1442 1458/1458/1458
f 1458/1458/1458 1442/1442/1442 1444/1444/1444
f 1459/1459/1459 1457/1457/1457 1458/1458/1458
f 1459/1459/1459 1458/1458/1458 1460/1460/1460
f 1460/1460/1460 1458/1458/1458 1461/1461/1461
f 1462/1462/1462 1457/1457/1457 1459/1459/1459
f 1461/1461/1461 1458/1458/1458 1463/1463/1463
f 1461/1461/1461 1463/1463/1463 1464/1464/1464
f 1464/1464/1464 1463/1463/1463 1465/1465/1465
f 1464/1464/1464 1465/1465/1465 1466/1466/1466
f 1458/1458/1458 1444/1444/1444 1463/1463/1463
f 1463/1463/1463 1446/1446/1446 1465/1465/1465
f 1463/1463/1463 1444/1444/1444 1446/1446/1446
f 1467/1467/1467 1464/1464/1464 1466/1466/1466
f 1467/1467/1467 1466/1466/1466 1468/1468/1468
f 1469/1469/1469 1468/1468/1468 1466/1466/1466
f 1465/1465/1465 1469/1469/1469 1466/1466/1466
f 1469/1469/1469 1470/1470/1470 1468/1468/1468
f 1468/1468/1468 1470/1470/1470 1471/1471/1471
f 1472/1472/1472 1464/1464/1464 1467/1467/1467
f 1472/1472/1472 1461/1461/1461 1464/1464/1464
f 1472/1472/1472 1460/1460/1460 1461/1461/1461
f 1473/1473/1473 1460/1460/1460 1472/1472/1472
f 1473/1473/1473 1472/1472/1472 1474/1474/1474
f 1471/1471/1471 1470/1470/1470 1475/1475/1475
f 1475/1475/1475 1470/1470/1470 1476/1476/1476
f 1475/1475/1475 1476/1476/1476 1477/1477/1477
f 1475/1475/1475 1477/1477/1477 1478/1478/1478
f 1479/1479/1479 1478/1478/1478 1477/1477/1477
f 1479/1479/1479 1480/1480/1480 1478/1478/1478
f 1480/1480/1480 1481/1481/1481 1478/1478/1478
f 1480/1480/1480 1482/1482/1482 1481/1481/1481
f 1480/1480/1480 1483/1483/1483 1482/1482/1482
f 1480/1480/1480 1484/1484/1484 1483/1483/1483
f 1479/1479/1479 1484/1484/1484 1480/1480/1480
f 1483/1483/1483 1484/1484/1484 1485/1485/1485
f 1483/1483/1483 1485/1485/1485 1486/1486/1486
f 1484/1484/1484 1487/1487/1487 1485/1485/1485
f 1484/1484/1484 1488/1488/1488 1487/1487/1487
f 1479/1479/1479 1488/1488/1488 1484/1484/1484
f 1489/1489/1489 1478/1478/1478 1481/1481/1481
f 1475/1475/1475 1478/1478/1478 1489/1489/1489
f 1489/1489/1489 1481/1481/1481 1490/1490/1490
f 1491/1491/1491 1489/1489/1489 1490/1490/1490
f 1491/1491/1491 1492/1492/1492 1489/1489/1489
f 1493/1493/1493 1492/1492/1492 1491/1491/1491
f 1493/1493/1493 1494/1494/1494 1492/1492/1492
f 1495/1495/1495 1494/1494/1494 1493/1493/1493
f 1495/1495/1495 1496/1496/1496 1494/1494/1494
f 1496/1496/1496 1497/1497/1497 1494/1494/1494
f 1496/1496/1496 1498/1498/1498 1497/1497/1497
f 1492/1492/1492 1475/1475/1475 1489/1489/1489
f 1492/1492/1492 1499/1499/1499 1475/1475/1475
f 1494/1494/1494 1499/1499/1499 1492/1492/1492
f 1494/1494/1494 1497/1497/1497 1499/1499/1499
f 1498/1498/1498 1500/1500/1500 1497/1497/1497
f 1498/1498/1498 1501/1501/1501 1500/1500/1500
f 1499/1499/1499 1471/1471/1471 1475/1475/1475
f 1499/1499/1499 1502/1502/1502 1471/1471/1471
f 1497/1497/1497 1502/1502/1502 1499/1499/1499
f 1497/1497/1497 1500/1500/1500 1502/1502/1502
f 1501/1501/1501 1503/1503/1503 1500/1500/1500
f 1501/1501/1501 1504/1504/1504 1503/1503/1503
f 1502/1502/1502 1468/1468/1468 1471/1471/1471
f 1502/1502/1502 1505/1505/1505 1468/1468/1468
f 1500/1500/1500 1505/1505/1505 1502/1502/1502
f 1500/1500/1500 1503/1503/1503 1505/1505/1505
f 1504/1504/1504 1506/1506/1506 1503/1503/1503
f 1504/1504/1504 1507/1507/1507 1506/1506/1506
f 1505/1505/1505 1467/1467/1467 1468/1468/1468
f 1505/1505/1505 1508/1508/1508 1467/1467/1467
f 1503/1503/1503 1508/1508/1508 1505/1505/1505
f 1503/1503/1503 1506/1506/1506 1508/1508/1508
f 1507/1507/1507 1509/1509/1509 1506/1506/1506
f 1507/1507/1507 1510/1510/1510 1509/1509/1509
f 1508/1508/1508 1472/1472/1472 1467/1467/1467
f 1508/1508/1508 1511/1511/1511 1472/1472/1472
f 1506/1506/1506 1511/1511/1511 1508/1508/1508
f 1506/1506/1506 1509/1509/1509 1511/1511/1511
f 1510/1510/1510 1512/1512/1512 1509/1509/1509
f 1510/1510/1510 1513/1513/1513 1512/1512/1512
f 1511/1511/1511 1474/1474/1474 1472/1472/1472
f 1511/1511/1511 1514/1514/1514 1474/1474/1474
f 1509/1509/1509 1514/1514/1514 1511/1511/1511
f 1509/1509/1509 1512/1512/1512 1514/1514/1514
f 1513/1513/1513 1515/1515/1515 1512/1512/1512
f 1513/1513/1513 1516/1516/1516 1515/1515/1515
f 1514/1514/1514 1517/1517/1517 1474/1474/1474
f 1517/1517/1517 1473/1473/1473 1474/1474/1474
f 1473/1473/1473 1517/1517/1517 1518/1518/1518
f 1518/1518/1518 1517/1517/1517 1519/1519/1519
f 1520/1520/1520 1519/1519/1519 1517/1517/1517
f 1520/1520/1520 1521/1521/1521 1519/1519/1519
f 1522/1522/1522 1519/1519/1519 1521/1521/1521
f 1523/1523/1523 1522/1522/1522 1521/1521/1521
f 1523/1523/1523 1521/1521/1521 1524/1524/1524
f 1525/1525/1525 1523/1523/1523 1524/1524/1524
f 1525/1525/1525 1524/1524/1524 1526/1526/1526
f 1527/1527/1527 1525/1525/1525 1526/1526/1526
f 1527/1527/1527 1526/1526/1526 1528/1528/1528
f 1522/1522/1522 1529/1529/1529 1519/1519/1519
f 1522/1522/1522 1530/1530/1530 1529/1529/1529
f 1522/1522/1522 1531/1531/1531 1530/1530/1530
f 1523/1523/1523 1531/1531/1531 1522/1522/1522
f 1530/1530/1530 1531/1531/1531 1532/1532/1532
f 1530/1530/1530 1532/1532/1532 1533/1533/1533
f 1531/1531/1531 1534/1534/1534 1532/1532/1532
f 1531/1531/1531 1535/1535/1535 1534/1534/1534
f 1523/1523/1523 1535/1535/1535 1531/1531/1531
f 1525/1525/1525 1535/1535/1535 1523/1523/1523
f 1535/1535/1535 1536/1536/1536 1534/1534/1534
f 1535/1535/1535 1537/1537/1537 1536/1536/1536
f 1525/1525/1525 1537/1537/1537 1535/1535/1535
f 1527/1527/1527 1537/1537/1537 1525/1525/1525
f 1537/1537/1537 1538/1538/1538 1536/1536/1536
f 1537/1537/1537 1539/1539/1539 1538/1538/1538
f 1527/1527/1527 1539/1539/1539 1537/1537/1537
f 1540/1540/1540 1526/1526/1526 1524/1524/1524
f 1541/1541/1541 1526/1526/1526 1540/1540/1540
f 1541/1541/1541 1528/1528/1528 1526/1526/1526
f 1541/1541/1541 1542/1542/1542 1528/1528/1528
f 1541/1541/1541 1543/1543/1543 1542/1542/1542
f 1544/1544/1544 1543/1543/1543 1541/1541/1541
f 1545/1545/1545 1543/1543/1543 1544/1544/1544
f 1546/1546/1546 1543/1543/1543 1545/1545/1545
f 1546/1546/1546 1545/1545/1545 1547/1547/1547
f 1548/1548/1548 1547/1547/1547 1545/1545/1545
f 1548/1548/1548 1549/1549/1549 1547/1547/1547
f 1549/1549/1549 1550/1550/1550 1547/1547/1547
f 1550/1550/1550 1546/1546/1546 1547/1547/1547
f 1549/1549/1549 1551/1551/1551 1550/1550/1550
f 1552/1552/1552 1551/1551/1551 1549/1549/1549
f 1552/1552/1552 1553/1553/1553 1551/1551/1551
f 1554/1554/1554 1553/1553/1553 1552/1552/1552
f 1555/1555/1555 1553/1553/1553 1554/1554/1554
f 1555/1555/1555 1556/1556/1556 1553/1553/1553
f 1557/1557/1557 1556/1556/1556 1555/1555/1555
f 1556/1556/1556 1422/1422/1422 1553/1553/1553
f 1558/1558/1558 1422/1422/1422 1556/1556/1556
f 1420/1420/1420 1422/1422/1422 1558/1558/1558
f 1553/1553/1553 1424/1424/1424 1551/1551/1551
f 1553/1553/1553 1422/1422/1422 1424/1424/1424
f 1551/1551/1551 1426/1426/1426 1550/1550/1550
f 1551/1551/1551 1424/1424/1424 1426/1426/1426
f 1559/1559/1559 1549/1549/1549 1548/1548/1548
f 1559/1559/1559 1552/1552/1552 1549/1549/1549
f 1559/1559/1559 1554/1554/1554 1552/1552/1552
f 1560/1560/1560 1554/1554/1554 1559/1559/1559
f 1560/1560/1560 1559/1559/1559 1561/1561/1561
f 1562/1562/1562 1560/1560/1560 1561/1561/1561
f 1560/1560/1560 1562/1562/1562 1563/1563/1563
f 1563/1563/1563 1562/1562/1562 1564/1564/1564
f 1565/1565/1565 1564/1564/1564 1562/1562/1562
f 1565/1565/1565 1566/1566/1566 1564/1564/1564
f 1567/1567/1567 1564/1564/1564 1566/1566/1566
f 1568/1568/1568 1567/1567/1567 1566/1566/1566
f 1568/1568/1568 1566/1566/1566 1569/1569/1569
f 1570/1570/1570 1568/1568/1568 1569/1569/1569
f 1570/1570/1570 1569/1569/1569 1571/1571/1571
f 1572/1572/1572 1570/1570/1570 1571/1571/1571
f 1572/1572/1572 1571/1571/1571 1573/1573/1573
f 1567/1567/1567 1574/1574/1574 1564/1564/1564
f 1567/1567/1567 1575/1575/1575 1574/1574/1574
f 1567/1567/1567 1576/1576/1576 1575/1575/1575
f 1568/1568/1568 1576/1576/1576 1567/1567/1567
f 1575/1575/1575 1576/1576/1576 1577/1577/1577
f 1575/1575/1575 1577/1577/1577 1578/1578/1578
f 1576/1576/1576 1579/1579/1579 1577/1577/1577
f 1576/1576/1576 1580/1580/1580 1579/1579/1579
f 1568/1568/1568 1580/1580/1580 1576/1576/1576
f 1570/1570/1570 1580/1580/1580 1568/1568/1568
f 1580/1580/1580 1581/1581/1581 1579/1579/1579
f 1580/1580/1580 1582/1582/1582 1581/1581/1581
f 1570/1570/1570 1582/1582/1582 1580/1580/1580
f 1572/1572/1572 1582/1582/1582 1570/1570/1570
f 1582/1582/1582 1583/1583/1583 1581/1581/1581
f 1582/1582/1582 1584/1584/1584 1583/1583/1583
f 1572/1572/1572 1584/1584/1584 1582/1582/1582
f 1585/1585/1585 1571/1571/1571 1569/1569/1569
f 1586/1586/1586 1571/1571/1571 1585/1585/1585
f 1586/1586/1586 1573/1573/1573 1571/1571/1571
f 1586/1586/1586 1587/1587/1587 1573/1573/1573
f 1586/1586/1586 1588/1588/1588 1587/1587/1587
f 1589/1589/1589 1588/1588/1588 1586/1586/1586
f 1590/1590/1590 1588/1588/1588 1589/1589/1589
f 1591/1591/1591 1588/1588/1588 1590/1590/1590
f 1591/1591/1591 1590/1590/1590 1389/1389/1389
f 1592/1592/1592 1389/1389/1389 1590/1590/1590
f 1592/1592/1592 1391/1391/1391 1389/1389/1389
f 1593/1593/1593 1391/1391/1391 1592/1592/1592
f 1593/1593/1593 1393/1393/1393 1391/1391/1391
f 1593/1593/1593 1395/1395/1395 1393/1393/1393
f 1594/1594/1594 1395/1395/1395 1593/1593/1593
f 1594/1594/1594 1593/1593/1593 1595/1595/1595
f 1596/1596/1596 1594/1594/1594 1595/1595/1595
f 1594/1594/1594 1596/1596/1596 1597/1597/1597
f 1597/1597/1597 1596/1596/1596 1598/1598/1598
f 1599/1599/1599 1598/1598/1598 1596/1596/1596
f 1599/1599/1599 1600/1600/1600 1598/1598/1598
f 1601/1601/1601 1598/1598/1598 1600/1600/1600
f 1602/1602/1602 1601/1601/1601 1600/1600/1600
f 1602/1602/1602 1600/1600/1600 1603/1603/1603
f 1604/1604/1604 1602/1602/1602 1603/1603/1603
f 1604/1604/1604 1603/1603/1603 1605/1605/1605
f 1606/1606/1606 1604/1604/1604 1605/1605/1605
f 1606/1606/1606 1605/1605/1605 1607/1607/1607
f 1601/1601/1601 1608/1608/1608 1598/1598/1598
f 1601/1601/1601 1609/1609/1609 1608/1608/1608
f 1601/1601/1601 1610/1610/1610 1609/1609/1609
f 1602/1602/1602 1610/1610/1610 1601/1601/1601
f 1609/1609/1609 1610/1610/1610 1611/1611/1611
f 1609/1609/1609 1611/1611/1611 1612/1612/1612
f 1610/1610/1610 1613/1613/1613 1611/1611/1611
f 1610/1610/1610 1614/1614/1614 1613/1613/1613
f 1602/1602/1602 1614/1614/1614 1610/1610/1610
f 1604/1604/1604 1614/1614/1614 1602/1602/1602
f 1614/1614/1614 1615/1615/1615 1613/1613/1613
f 1614/1614/1614 1616/1616/1616 1615/1615/1615
f 1604/1604/1604 1616/1616/1616 1614/1614/1614
f 1606/1606/1606 1616/1616/1616 1604/1604/1604
f 1616/1616/1616 1617/1617/1617 1615/1615/1615
f 1616/1616/1616 1618/1618/1618 1617/1617/1617
f 1606/1606/1606 1618/1618/1618 1616/1616/1616
f 1619/1619/1619 1607/1607/1607 1605/1605/1605
f 1619/1619/1619 1605/1605/1605 1620/1620/1620
f 1619/1619/1619 1621/1621/1621 1607/1607/1607
f 1619/1619/1619 1622/1622/1622 1621/1621/1621
f 1623/1623/1623 1622/1622/1622 1619/1619/1619
f 1624/1624/1624 1622/1622/1622 1623/1623/1623
f 1625/1625/1625 1622/1622/1622 1624/1624/1624
f 1625/1625/1625 1624/1624/1624 1626/1626/1626
f 1627/1627/1627 1626/1626/1626 1624/1624/1624
f 1627/1627/1627 1628/1628/1628 1626/1626/1626
f 1628/1628/1628 1629/1629/1629 1626/1626/1626
f 1629/1629/1629 1625/1625/1625 1626/1626/1626
f 1628/1628/1628 1630/1630/1630 1629/1629/1629
f 1631/1631/1631 1630/1630/1630 1628/1628/1628
f 1631/1631/1631 1632/1632/1632 1630/1630/1630
f 1633/1633/1633 1632/1632/1632 1631/1631/1631
f 1634/1634/1634 1632/1632/1632 1633/1633/1633
f 1634/1634/1634 1635/1635/1635 1632/1632/1632
f 1636/1636/1636 1635/1635/1635 1634/1634/1634
f 1635/1635/1635 1637/1637/1637 1632/1632/1632
f 1638/1638/1638 1637/1637/1637 1635/1635/1635
f 1639/1639/1639 1637/1637/1637 1638/1638/1638
f 1637/1637/1637 1639/1639/1639 1640/1640/1640
f 1637/1637/1637 1640/1640/1640 1641/1641/1641
f 1642/1642/1642 1637/1637/1637 1641/1641/1641
f 1632/1632/1632 1642/1642/1642 1630/1630/1630
f 1632/1632/1632 1637/1637/1637 1642/1642/1642
f 1642/1642/1642 1641/1641/1641 1643/1643/1643
f 1644/1644/1644 1642/1642/1642 1643/1643/1643
f 1630/1630/1630 1644/1644/1644 1629/1629/1629
f 1630/1630/1630 1642/1642/1642 1644/1644/1644
f 1644/1644/1644 1643/1643/1643 1645/1645/1645
f 1646/1646/1646 1644/1644/1644 1645/1645/1645
f 1646/1646/1646 1645/1645/1645 1647/1647/1647
f 1648/1648/1648 1646/1646/1646 1647/1647/1647
f 1648/1648/1648 1647/1647/1647 1649/1649/1649
f 1650/1650/1650 1648/1648/1648 1649/1649/1649
f 1650/1650/1650 1649/1649/1649 1651/1651/1651
f 1651/1651/1651 1652/1652/1652 1650/1650/1650
f 1651/1651/1651 1653/1653/1653 1652/1652/1652
f 1639/1639/1639 1654/1654/1654 1640/1640/1640
f 1639/1639/1639 1655/1655/1655 1654/1654/1654
f 1655/1655/1655 1656/1656/1656 1654/1654/1654
f 1655/1655/1655 1657/1657/1657 1656/1656/1656
f 1657/1657/1657 1658/1658/1658 1656/1656/1656
f 1657/1657/1657 1659/1659/1659 1658/1658/1658
f 1660/1660/1660 1652/1652/1652 1653/1653/1653
f 1660/1660/1660 1653/1653/1653 1661/1661/1661
f 1662/1662/1662 1660/1660/1660 1661/1661/1661
f 1662/1662/1662 1661/1661/1661 1663/1663/1663
f 1401/1401/1401 1662/1662/1662 1663/1663/1663
f 1401/1401/1401 1663/1663/1663 1402/1402/1402
f 1664/1664/1664 1659/1659/1659 1657/1657/1657
f 1664/1664/1664 1657/1657/1657 1665/1665/1665
f 1665/1665/1665 1657/1657/1657 1655/1655/1655
f 1664/1664/1664 1665/1665/1665 1666/1666/1666
f 1664/1664/1664 1666/1666/1666 1667/1667/1667
f 1665/1665/1665 1668/1668/1668 1666/1666/1666
f 1665/1665/1665 1669/1669/1669 1668/1668/1668
f 1665/1665/1665 1655/1655/1655 1669/1669/1669
f 1670/1670/1670 1660/1660/1660 1662/1662/1662
f 1671/1671/1671 1660/1660/1660 1670/1670/1670
f 1671/1671/1671 1670/1670/1670 1672/1672/1672
f 1671/1671/1671 1672/1672/1672 1673/1673/1673
f 1674/1674/1674 1671/1671/1671 1673/1673/1673
f 1674/1674/1674 1673/1673/1673 1675/1675/1675
f 1676/1676/1676 1674/1674/1674 1675/1675/1675
f 1676/1676/1676 1675/1675/1675 1677/1677/1677
f 1670/1670/1670 1678/1678/1678 1672/1672/1672
f 1670/1670/1670 1679/1679/1679 1678/1678/1678
f 1676/1676/1676 1650/1650/1650 1674/1674/1674
f 1676/1676/1676 1648/1648/1648 1650/1650/1650
f 1680/1680/1680 1648/1648/1648 1676/1676/1676
f 1681/1681/1681 1648/1648/1648 1680/1680/1680
f 1646/1646/1646 1648/1648/1648 1681/1681/1681
f 1674/1674/1674 1652/1652/1652 1671/1671/1671
f 1674/1674/1674 1650/1650/1650 1652/1652/1652
f 1671/1671/1671 1652/1652/1652 1660/1660/1660
f 1675/1675/1675 1682/1682/1682 1677/1677/1677
f 1675/1675/1675 1683/1683/1683 1682/1682/1682
f 1673/1673/1673 1683/1683/1683 1675/1675/1675
f 1684/1684/1684 1682/1682/1682 1683/1683/1683
f 1685/1685/1685 1684/1684/1684 1683/1683/1683
f 1685/1685/1685 1683/1683/1683 1686/1686/1686
f 1687/1687/1687 1685/1685/1685 1686/1686/1686
f 1687/1687/1687 1686/1686/1686 1688/1688/1688
f 1689/1689/1689 1687/1687/1687 1688/1688/1688
f 1689/1689/1689 1688/1688/1688 1690/1690/1690
f 1684/1684/1684 1691/1691/1691 1682/1682/1682
f 1673/1673/1673 1686/1686/1686 1683/1683/1683
f 1672/1672/1672 1686/1686/1686 1673/1673/1673
f 1672/1672/1672 1688/1688/1688 1686/1686/1686
f 1678/1678/1678 1688/1688/1688 1672/1672/1672
f 1678/1678/1678 1690/1690/1690 1688/1688/1688
f 1689/1689/1689 1690/1690/1690 1692/1692/1692
f 1689/1689/1689 1692/1692/1692 1693/1693/1693
f 1694/1694/1694 1693/1693/1693 1692/1692/1692
f 1694/1694/1694 1695/1695/1695 1693/1693/1693
f 1696/1696/1696 1695/1695/1695 1694/1694/1694
f 1696/1696/1696 1694/1694/1694 1697/1697/1697
f 1698/1698/1698 1696/1696/1696 1697/1697/1697
f 1698/1698/1698 1697/1697/1697 1699/1699/1699
f 1700/1700/1700 1698/1698/1698 1699/1699/1699
f 1701/1701/1701 1700/1700/1700 1699/1699/1699
f 1702/1702/1702 1700/1700/1700 1701/1701/1701
f 1702/1702/1702 1703/1703/1703 1700/1700/1700
f 1704/1704/1704 1703/1703/1703 1702/1702/1702
f 1704/1704/1704 1705/1705/1705 1703/1703/1703
f 1706/1706/1706 1705/1705/1705 1704/1704/1704
f 1706/1706/1706 1707/1707/1707 1705/1705/1705
f 1701/1701/1701 1699/1699/1699 1708/1708/1708
f 1701/1701/1701 1708/1708/1708 1397/1397/1397
f 1701/1701/1701 1397/1397/1397 1396/1396/1396
f 1396/1396/1396 1702/1702/1702 1701/1701/1701
f 1700/1700/1700 1709/1709/1709 1698/1698/1698
f 1703/1703/1703 1709/1709/1709 1700/1700/1700
f 1609/1609/1609 1707/1707/1707 1706/1706/1706
f 1707/1707/1707 1609/1609/1609 1612/1612/1612
f 1707/1707/1707 1612/1612/1612 1710/1710/1710
f 1710/1710/1710 1705/1705/1705 1707/1707/1707
f 1609/1609/1609 1706/1706/1706 1608/1608/1608
f 1706/1706/1706 1598/1598/1598 1608/1608/1608
f 1706/1706/1706 1597/1597/1597 1598/1598/1598
f 1704/1704/1704 1597/1597/1597 1706/1706/1706
f 1396/1396/1396 1711/1711/1711 1702/1702/1702
f 1704/1704/1704 1712/1712/1712 1597/1597/1597
f 1702/1702/1702 1712/1712/1712 1704/1704/1704
f 1702/1702/1702 1711/1711/1711 1712/1712/1712
f 1710/1710/1710 1713/1713/1713 1705/1705/1705
f 1714/1714/1714 1397/1397/1397 1708/1708/1708
f 1714/1714/1714 1715/1715/1715 1397/1397/1397
f 1716/1716/1716 1715/1715/1715 1714/1714/1714
f 1716/1716/1716 1717/1717/1717 1715/1715/1715
f 1718/1718/1718 1717/1717/1717 1716/1716/1716
f 1718/1718/1718 1716/1716/1716 1719/1719/1719
f 1719/1719/1719 1679/1679/1679 1718/1718/1718
f 1662/1662/1662 1718/1718/1718 1679/1679/1679
f 1670/1670/1670 1662/1662/1662 1679/1679/1679
f 1662/1662/1662 1400/1400/1400 1718/1718/1718
f 1662/1662/1662 1401/1401/1401 1400/1400/1400
f 1719/1719/1719 1678/1678/1678 1679/1679/1679
f 1719/1719/1719 1690/1690/1690 1678/1678/1678
f 1719/1719/1719 1692/1692/1692 1690/1690/1690
f 1694/1694/1694 1719/1719/1719 1716/1716/1716
f 1694/1694/1694 1692/1692/1692 1719/1719/1719
f 1697/1697/1697 1716/1716/1716 1714/1714/1714
f 1697/1697/1697 1694/1694/1694 1716/1716/1716
f 1699/1699/1699 1697/1697/1697 1714/1714/1714
f 1720/1720/1720 1718/1718/1718 1400/1400/1400
f 1720/1720/1720 1717/1717/1717 1718/1718/1718
f 1720/1720/1720 1400/1400/1400 1398/1398/1398
f 1720/1720/1720 1398/1398/1398 1721/1721/1721
f 1715/1715/1715 1721/1721/1721 1398/1398/1398
f 1720/1720/1720 1721/1721/1721 1715/1715/1715
f 1715/1715/1715 1398/1398/1398 1397/1397/1397
f 1720/1720/1720 1715/1715/1715 1717/1717/1717
f 1699/1699/1699 1714/1714/1714 1708/1708/1708
f 1724/1724/1724 1723/1723/1723 1722/1722/1722
f 1724/1724/1724 1725/1725/1725 1723/1723/1723
f 1722/1722/1722 1726/1726/1726 1724/1724/1724
f 1722/1722/1722 1727/1727/1727 1726/1726/1726
f 1727/1727/1727 1728/1728/1728 1726/1726/1726
f 1727/1727/1727 1729/1729/1729 1728/1728/1728
f 1729/1729/1729 1730/1730/1730 1728/1728/1728
f 1729/1729/1729 1731/1731/1731 1730/1730/1730
f 1731/1731/1731 1732/1732/1732 1730/1730/1730
f 1731/1731/1731 1733/1733/1733 1732/1732/1732
f 1733/1733/1733 1734/1734/1734 1732/1732/1732
f 1733/1733/1733 1735/1735/1735 1734/1734/1734
f 1735/1735/1735 1736/1736/1736 1734/1734/1734
f 1735/1735/1735 1737/1737/1737 1736/1736/1736
f 1737/1737/1737 1738/1738/1738 1736/1736/1736
f 1737/1737/1737 1739/1739/1739 1738/1738/1738
f 1739/1739/1739 1740/1740/1740 1738/1738/1738
f 1739/1739/1739 1741/1741/1741 1740/1740/1740
f 1741/1741/1741 1742/1742/1742 1740/1740/1740
f 1741/1741/1741 1743/1743/1743 1742/1742/1742
f 1741/1741/1741 1744/1744/1744 1743/1743/1743
f 1741/1741/1741 1745/1745/1745 1744/1744/1744
f 1739/1739/1739 1745/1745/1745 1741/1741/1741
f 1739/1739/1739 1746/1746/1746 1745/1745/1745
f 1737/1737/1737 1746/1746/1746 1739/1739/1739
f 1737/1737/1737 1747/1747/1747 1746/1746/1746
f 1735/1735/1735 1747/1747/1747 1737/1737/1737
f 1735/1735/1735 1748/1748/1748 1747/1747/1747
f 1733/1733/1733 1748/1748/1748 1735/1735/1735
f 1733/1733/1733 1749/1749/1749 1748/1748/1748
f 1731/1731/1731 1749/1749/1749 1733/1733/1733
f 1731/1731/1731 1750/1750/1750 1749/1749/1749
f 1729/1729/1729 1750/1750/1750 1731/1731/1731
f 1729/1729/1729 1751/1751/1751 1750/1750/1750
f 1727/1727/1727 1751/1751/1751 1729/1729/1729
f 1727/1727/1727 1752/1752/1752 1751/1751/1751
f 1722/1722/1722 1752/1752/1752 1727/1727/1727
f 1722/1722/1722 1753/1753/1753 1752/1752/1752
f 1723/1723/1723 1753/1753/1753 1722/1722/1722
f 1723/1723/1723 1754/1754/1754 1753/1753/1753
f 1755/1755/1755 1754/1754/1754 1723/1723/1723
f 1755/1755/1755 1723/1723/1723 1725/1725/1725
f 1755/1755/1755 1725/1725/1725 1756/1756/1756
f 1757/1757/1757 1755/1755/1755 1756/1756/1756
f 1757/1757/1757 1756/1756/1756 1758/1758/1758
f 1759/1759/1759 1757/1757/1757 1758/1758/1758
f 1759/1759/1759 1758/1758/1758 1760/1760/1760
f 1761/1761/1761 1759/1759/1759 1760/1760/1760
f 1761/1761/1761 1760/1760/1760 1762/1762/1762
f 1763/1763/1763 1761/1761/1761 1762/1762/1762
f 1763/1763/1763 1762/1762/1762 1764/1764/1764
f 1765/1765/1765 1763/1763/1763 1764/1764/1764
f 1765/1765/1765 1764/1764/1764 1766/1766/1766
f 1767/1767/1767 1765/1765/1765 1766/1766/1766
f 1767/1767/1767 1766/1766/1766 1768/1768/1768
f 1769/1769/1769 1767/1767/1767 1768/1768/1768
f 1769/1769/1769 1768/1768/1768 1770/1770/1770
f 1771/1771/1771 1769/1769/1769 1770/1770/1770
f 1771/1771/1771 1770/1770/1770 1772/1772/1772
f 1773/1773/1773 1771/1771/1771 1772/1772/1772
f 1773/1773/1773 1772/1772/1772 1774/1774/1774
f 1775/1775/1775 1773/1773/1773 1774/1774/1774
f 1775/1775/1775 1774/1774/1774 1776/1776/1776
f 1777/1777/1777 1775/1775/1775 1776/1776/1776
f 1777/1777/1777 1776/1776/1776 1778/1778/1778
f 1779/1779/1779 1777/1777/1777 1778/1778/1778
f 1779/1779/1779 1778/1778/1778 1780/1780/1780
f 1781/1781/1781 1779/1779/1779 1780/1780/1780
f 1781/1781/1781 1780/1780/1780 1782/1782/1782
f 1783/1783/1783 1781/1781/1781 1782/1782/1782
f 1783/1783/1783 1782/1782/1782 1784/1784/1784
f 1785/1785/1785 1783/1783/1783 1784/1784/1784
f 1785/1785/1785 1784/1784/1784 1786/1786/1786
f 1787/1787/1787 1785/1785/1785 1786/1786/1786
f 1787/1787/1787 1786/1786/1786 1788/1788/1788
f 1789/1789/1789 1787/1787/1787 1788/1788/1788
f 1789/1789/1789 1788/1788/1788 1790/1790/1790
f 1791/1791/1791 1789/1789/1789 1790/1790/1790
f 1791/1791/1791 1790/1790/1790 1792/1792/1792
f 1793/1793/1793 1791/1791/1791 1792/1792/1792
f 1793/1793/1793 1792/1792/1792 1794/1794/1794
f 1795/1795/1795 1793/1793/1793 1794/1794/1794
f 1795/1795/1795 1794/1794/1794 1796/1796/1796
f 1797/1797/1797 1795/1795/1795 1796/1796/1796
f 1797/1797/1797 1796/1796/1796 1798/1798/1798
f 1799/1799/1799 1797/1797/1797 1798/1798/1798
f 1799/1799/1799 1798/1798/1798 1800/1800/1800
f 1801/1801/1801 1799/1799/1799 1800/1800/1800
f 1801/1801/1801 1800/1800/1800 1802/1802/1802
f 1803/1803/1803 1801/1801/1801 1802/1802/1802
f 1803/1803/1803 1802/1802/1802 1804/1804/1804
f 1805/1805/1805 1803/1803/1803 1804/1804/1804
f 1805/1805/1805 1804/1804/1804 1806/1806/1806
f 1807/1807/1807 1805/1805/1805 1806/1806/1806
f 1807/1807/1807 1806/1806/1806 1808/1808/1808
f 1809/1809/1809 1807/1807/1807 1808/1808/1808
f 1809/1809/1809 1808/1808/1808 1810/1810/1810
f 1811/1811/1811 1809/1809/1809 1810/1810/1810
f 1811/1811/1811 1810/1810/1810 1812/1812/1812
f 1813/1813/1813 1811/1811/1811 1812/1812/1812
f 1813/1813/1813 1812/1812/1812 1814/1814/1814
f 1801/1801/1801 1815/1815/1815 1799/1799/1799
f 1801/1801/1801 1816/1816/1816 1815/1815/1815
f 1803/1803/1803 1816/1816/1816 1801/1801/1801
f 1803/1803/1803 1817/1817/1817 1816/1816/1816
f 1805/1805/1805 1817/1817/1817 1803/1803/1803
f 1805/1805/1805 1818/1818/1818 1817/1817/1817
f 1807/1807/1807 1818/1818/1818 1805/1805/1805
f 1807/1807/1807 1819/1819/1819 1818/1818/1818
f 1809/1809/1809 1819/1819/1819 1807/1807/1807
f 1809/1809/1809 1820/1820/1820 1819/1819/1819
f 1811/1811/1811 1820/1820/1820 1809/1809/1809
f 1811/1811/1811 1821/1821/1821 1820/1820/1820
f 1813/1813/1813 1821/1821/1821 1811/1811/1811
f 1813/1813/1813 1822/1822/1822 1821/1821/1821
f 1799/1799/1799 1815/1815/1815 1823/1823/1823
f 1799/1799/1799 1823/1823/1823 1797/1797/1797
f 1797/1797/1797 1823/1823/1823 1824/1824/1824
f 1797/1797/1797 1824/1824/1824 1795/1795/1795
f 1795/1795/1795 1824/1824/1824 1825/1825/1825
f 1795/1795/1795 1825/1825/1825 1793/1793/1793
f 1793/1793/1793 1825/1825/1825 1826/1826/1826
f 1793/1793/1793 1826/1826/1826 1791/1791/1791
f 1791/1791/1791 1826/1826/1826 1827/1827/1827
f 1791/1791/1791 1827/1827/1827 1789/1789/1789
f 1789/1789/1789 1827/1827/1827 1828/1828/1828
f 1789/1789/1789 1828/1828/1828 1787/1787/1787
f 1787/1787/1787 1828/1828/1828 1829/1829/1829
f 1787/1787/1787 1829/1829/1829 1785/1785/1785
f 1785/1785/1785 1829/1829/1829 1830/1830/1830
f 1785/1785/1785 1830/1830/1830 1783/1783/1783
f 1783/1783/1783 1830/1830/1830 1831/1831/1831
f 1783/1783/1783 1831/1831/1831 1781/1781/1781
f 1781/1781/1781 1831/1831/1831 1832/1832/1832
f 1781/1781/1781 1832/1832/1832 1779/1779/1779
f 1779/1779/1779 1832/1832/1832 1833/1833/1833
f 1779/1779/1779 1833/1833/1833 1777/1777/1777
f 1777/1777/1777 1833/1833/1833 1834/1834/1834
f 1777/1777/1777 1834/1834/1834 1775/1775/1775
f 1775/1775/1775 1834/1834/1834 1835/1835/1835
f 1775/1775/1775 1835/1835/1835 1773/1773/1773
f 1773/1773/1773 1835/1835/1835 1836/1836/1836
f 1773/1773/1773 1836/1836/1836 1771/1771/1771
f 1771/1771/1771 1836/1836/1836 1837/1837/1837
f 1771/1771/1771 1837/1837/1837 1769/1769/1769
f 1769/1769/1769 1837/1837/1837 1838/1838/1838
f 1769/1769/1769 1838/1838/1838 1767/1767/1767
f 1767/1767/1767 1838/1838/1838 1839/1839/1839
f 1767/1767/1767 1839/1839/1839 1765/1765/1765
f 1765/1765/1765 1839/1839/1839 1840/1840/1840
f 1765/1765/1765 1840/1840/1840 1763/1763/1763
f 1763/1763/1763 1840/1840/1840 1841/1841/1841
f 1763/1763/1763 1841/1841/1841 1761/1761/1761
f 1761/1761/1761 1841/1841/1841 1842/1842/1842
f 1761/1761/1761 1842/1842/1842 1759/1759/1759
f 1759/1759/1759 1842/1842/1842 1843/1843/1843
f 1759/1759/1759 1843/1843/1843 1757/1757/1757
f 1757/1757/1757 1843/1843/1843 1844/1844/1844
f 1757/1757/1757 1844/1844/1844 1755/1755/1755
f 1755/1755/1755 1844/1844/1844 1754/1754/1754
f 1847/1847/1847 1846/1846/1846 1845/1845/1845
f 1847/1847/1847 1848/1848/1848 1846/1846/1846
f 1848/1848/1848 1849/1849/1849 1846/1846/1846
f 1848/1848/1848 1850/1850/1850 1849/1849/1849
f 1848/1848/1848 1851/1851/1851 1850/1850/1850
f 1848/1848/1848 1852/1852/1852 1851/1851/1851
f 1847/1847/1847 1852/1852/1852 1848/1848/1848
f 1851/1851/1851 1852/1852/1852 1853/1853/1853
f 1854/1854/1854 1853/1853/1853 1852/1852/1852
f 1854/1854/1854 1852/1852/1852 1855/1855/1855
f 1847/1847/1847 1855/1855/1855 1852/1852/1852
f 1851/1851/1851 1853/1853/1853 1856/1856/1856
f 1857/1857/1857 1846/1846/1846 1849/1849/1849
f 1857/1857/1857 1849/1849/1849 1858/1858/1858
f 1859/1859/1859 1858/1858/1858 1849/1849/1849
f 1860/1860/1860 1858/1858/1858 1859/1859/1859
f 1858/1858/1858 1860/1860/1860 1861/1861/1861
f 1860/1860/1860 1862/1862/1862 1861/1861/1861
f 1860/1860/1860 1633/1633/1633 1862/1862/1862
f 1862/1862/1862 1633/1633/1633 1631/1631/1631
f 1862/1862/1862 1631/1631/1631 1628/1628/1628
f 1862/1862/1862 1628/1628/1628 1627/1627/1627
f 1863/1863/1863 1862/1862/1862 1627/1627/1627
f 1864/1864/1864 1863/1863/1863 1627/1627/1627
f 1864/1864/1864 1627/1627/1627 1624/1624/1624
f 1865/1865/1865 1864/1864/1864 1624/1624/1624
f 1865/1865/1865 1624/1624/1624 1623/1623/1623
f 1866/1866/1866 1865/1865/1865 1623/1623/1623
f 1866/1866/1866 1623/1623/1623 1619/1619/1619
f 1867/1867/1867 1866/1866/1866 1619/1619/1619
f 1867/1867/1867 1619/1619/1619 1620/1620/1620
f 1868/1868/1868 1866/1866/1866 1867/1867/1867
f 1868/1868/1868 1869/1869/1869 1866/1866/1866
f 1869/1869/1869 1865/1865/1865 1866/1866/1866
f 1870/1870/1870 1869/1869/1869 1868/1868/1868
f 1870/1870/1870 1871/1871/1871 1869/1869/1869
f 1871/1871/1871 1872/1872/1872 1869/1869/1869
f 1869/1869/1869 1872/1872/1872 1865/1865/1865
f 1872/1872/1872 1864/1864/1864 1865/1865/1865
f 1871/1871/1871 1873/1873/1873 1872/1872/1872
f 1873/1873/1873 1874/1874/1874 1872/1872/1872
f 1872/1872/1872 1874/1874/1874 1864/1864/1864
f 1874/1874/1874 1863/1863/1863 1864/1864/1864
f 1873/1873/1873 1875/1875/1875 1874/1874/1874
f 1875/1875/1875 1876/1876/1876 1874/1874/1874
f 1875/1875/1875 1877/1877/1877 1876/1876/1876
f 1874/1874/1874 1876/1876/1876 1863/1863/1863
f 1877/1877/1877 1878/1878/1878 1876/1876/1876
f 1877/1877/1877 1879/1879/1879 1878/1878/1878
f 1876/1876/1876 1880/1880/1880 1863/1863/1863
f 1876/1876/1876 1878/1878/1878 1880/1880/1880
f 1863/1863/1863 1880/1880/1880 1862/1862/1862
f 1879/1879/1879 1881/1881/1881 1878/1878/1878
f 1879/1879/1879 1882/1882/1882 1881/1881/1881
f 1880/1880/1880 1861/1861/1861 1862/1862/1862
f 1880/1880/1880 1883/1883/1883 1861/1861/1861
f 1878/1878/1878 1883/1883/1883 1880/1880/1880
f 1878/1878/1878 1881/1881/1881 1883/1883/1883
f 1882/1882/1882 1884/1884/1884 1881/1881/1881
f 1882/1882/1882 1885/1885/1885 1884/1884/1884
f 1883/1883/1883 1858/1858/1858 1861/1861/1861
f 1883/1883/1883 1886/1886/1886 1858/1858/1858
f 1881/1881/1881 1886/1886/1886 1883/1883/1883
f 1881/1881/1881 1884/1884/1884 1886/1886/1886
f 1885/1885/1885 1887/1887/1887 1884/1884/1884
f 1885/1885/1885 1888/1888/1888 1887/1887/1887
f 1886/1886/1886 1857/1857/1857 1858/1858/1858
f 1886/1886/1886 1889/1889/1889 1857/1857/1857
f 1884/1884/1884 1889/1889/1889 1886/1886/1886
f 1884/1884/1884 1887/1887/1887 1889/1889/1889
f 1888/1888/1888 1890/1890/1890 1887/1887/1887
f 1888/1888/1888 1891/1891/1891 1890/1890/1890
f 1889/1889/1889 1892/1892/1892 1857/1857/1857
f 1892/1892/1892 1846/1846/1846 1857/1857/1857
f 1892/1892/1892 1845/1845/1845 1846/1846/1846
f 1889/1889/1889 1893/1893/1893 1892/1892/1892
f 1887/1887/1887 1893/1893/1893 1889/1889/1889
f 1887/1887/1887 1890/1890/1890 1893/1893/1893
f 1896/1896/1896 1895/1895/1895 1894/1894/1894
f 1896/1896/1896 1897/1897/1897 1895/1895/1895
f 1897/1897/1897 1898/1898/1898 1895/1895/1895
f 1897/1897/1897 1899/1899/1899 1898/1898/1898
f 1899/1899/1899 1900/1900/1900 1898/1898/1898
f 1899/1899/1899 1901/1901/1901 1900/1900/1900
f 1901/1901/1901 1902/1902/1902 1900/1900/1900
f 1901/1901/1901 1903/1903/1903 1902/1902/1902
f 1896/1896/1896 1412/1412/1412 1897/1897/1897
f 1896/1896/1896 1410/1410/1410 1412/1412/1412
f 1897/1897/1897 1414/1414/1414 1899/1899/1899
f 1897/1897/1897 1412/1412/1412 1414/1414/1414
f 1899/1899/1899 1416/1416/1416 1901/1901/1901
f 1899/1899/1899 1414/1414/1414 1416/1416/1416
f 1901/1901/1901 1418/1418/1418 1903/1903/1903
f 1901/1901/1901 1416/1416/1416 1418/1418/1418
f 1904/1904/1904 1410/1410/1410 1896/1896/1896
f 1905/1905/1905 1410/1410/1410 1904/1904/1904
f 1408/1408/1408 1410/1410/1410 1905/1905/1905
f 1900/1900/1900 1906/1906/1906 1898/1898/1898
f 1898/1898/1898 1906/1906/1906 1907/1907/1907
f 1908/1908/1908 1907/1907/1907 1906/1906/1906
f 1909/1909/1909 1908/1908/1908 1906/1906/1906
f 1909/1909/1909 1906/1906/1906 1910/1910/1910
f 1911/1911/1911 1909/1909/1909 1910/1910/1910
f 1911/1911/1911 1910/1910/1910 1912/1912/1912
f 1908/1908/1908 1913/1913/1913 1907/1907/1907
f 1913/1913/1913 1914/1914/1914 1907/1907/1907
f 1913/1913/1913 1915/1915/1915 1914/1914/1914
f 1895/1895/1895 1907/1907/1907 1914/1914/1914
f 1895/1895/1895 1914/1914/1914 1894/1894/1894
f 1898/1898/1898 1907/1907/1907 1895/1895/1895
f 1900/1900/1900 1910/1910/1910 1906/1906/1906
f 1902/1902/1902 1910/1910/1910 1900/1900/1900
f 1902/1902/1902 1912/1912/1912 1910/1910/1910
f 1911/1911/1911 1912/1912/1912 1916/1916/1916
f 1911/1911/1911 1916/1916/1916 1917/1917/1917
f 1918/1918/1918 1917/1917/1917 1916/1916/1916
f 1918/1918/1918 1919/1919/1919 1917/1917/1917
f 1920/1920/1920 1919/1919/1919 1918/1918/1918
f 1920/1920/1920 1918/1918/1918 1921/1921/1921
f 1922/1922/1922 1920/1920/1920 1921/1921/1921
f 1922/1922/1922 1921/1921/1921 1923/1923/1923
f 1923/1923/1923 1924/1924/1924 1922/1922/1922
f 1923/1923/1923 1925/1925/1925 1924/1924/1924
f 1926/1926/1926 1925/1925/1925 1923/1923/1923
f 1927/1927/1927 1925/1925/1925 1926/1926/1926
f 1927/1927/1927 1928/1928/1928 1925/1925/1925
f 1928/1928/1928 1924/1924/1924 1925/1925/1925
f 1929/1929/1929 1928/1928/1928 1927/1927/1927
f 1929/1929/1929 1930/1930/1930 1928/1928/1928
f 1931/1931/1931 1930/1930/1930 1929/1929/1929
f 1931/1931/1931 1932/1932/1932 1930/1930/1930
f 1926/1926/1926 1923/1923/1923 1933/1933/1933
f 1926/1926/1926 1933/1933/1933 1557/1557/1557
f 1926/1926/1926 1557/1557/1557 1555/1555/1555
f 1555/1555/1555 1927/1927/1927 1926/1926/1926
f 1575/1575/1575 1932/1932/1932 1931/1931/1931
f 1932/1932/1932 1575/1575/1575 1578/1578/1578
f 1932/1932/1932 1578/1578/1578 1934/1934/1934
f 1934/1934/1934 1930/1930/1930 1932/1932/1932
f 1575/1575/1575 1931/1931/1931 1574/1574/1574
f 1931/1931/1931 1564/1564/1564 1574/1574/1574
f 1931/1931/1931 1563/1563/1563 1564/1564/1564
f 1929/1929/1929 1563/1563/1563 1931/1931/1931
f 1555/1555/1555 1935/1935/1935 1927/1927/1927
f 1929/1929/1929 1936/1936/1936 1563/1563/1563
f 1927/1927/1927 1936/1936/1936 1929/1929/1929
f 1927/1927/1927 1935/1935/1935 1936/1936/1936
f 1934/1934/1934 1937/1937/1937 1930/1930/1930
f 1930/1930/1930 1937/1937/1937 1938/1938/1938
f 1930/1930/1930 1938/1938/1938 1928/1928/1928
f 1928/1928/1928 1938/1938/1938 1924/1924/1924
f 1939/1939/1939 1563/1563/1563 1936/1936/1936
f 1939/1939/1939 1560/1560/1560 1563/1563/1563
f 1940/1940/1940 1560/1560/1560 1939/1939/1939
f 1940/1940/1940 1936/1936/1936 1935/1935/1935
f 1940/1940/1940 1939/1939/1939 1936/1936/1936
f 1940/1940/1940 1554/1554/1554 1560/1560/1560
f 1940/1940/1940 1555/1555/1555 1554/1554/1554
f 1940/1940/1940 1935/1935/1935 1555/1555/1555
f 1943/1943/1943 1942/1942/1942 1941/1941/1941
f 1943/1943/1943 1944/1944/1944 1942/1942/1942
f 1944/1944/1944 1945/1945/1945 1942/1942/1942
f 1944/1944/1944 1946/1946/1946 1945/1945/1945
f 1946/1946/1946 1947/1947/1947 1945/1945/1945
f 1946/1946/1946 1948/1948/1948 1947/1947/1947
f 1948/1948/1948 1949/1949/1949 1947/1947/1947
f 1948/1948/1948 1950/1950/1950 1949/1949/1949
f 1943/1943/1943 1432/1432/1432 1944/1944/1944
f 1943/1943/1943 1430/1430/1430 1432/1432/1432
f 1951/1951/1951 1430/1430/1430 1943/1943/1943
f 1952/1952/1952 1430/1430/1430 1951/1951/1951
f 1428/1428/1428 1430/1430/1430 1952/1952/1952
f 1944/1944/1944 1434/1434/1434 1946/1946/1946
f 1944/1944/1944 1432/1432/1432 1434/1434/1434
f 1946/1946/1946 1436/1436/1436 1948/1948/1948
f 1946/1946/1946 1434/1434/1434 1436/1436/1436
f 1948/1948/1948 1438/1438/1438 1950/1950/1950
f 1948/1948/1948 1436/1436/1436 1438/1438/1438
f 1947/1947/1947 1953/1953/1953 1945/1945/1945
f 1945/1945/1945 1953/1953/1953 1954/1954/1954
f 1955/1955/1955 1954/1954/1954 1953/1953/1953
f 1956/1956/1956 1955/1955/1955 1953/1953/1953
f 1956/1956/1956 1953/1953/1953 1957/1957/1957
f 1958/1958/1958 1956/1956/1956 1957/1957/1957
f 1958/1958/1958 1957/1957/1957 1959/1959/1959
f 1955/1955/1955 1960/1960/1960 1954/1954/1954
f 1960/1960/1960 1961/1961/1961 1954/1954/1954
f 1960/1960/1960 1962/1962/1962 1961/1961/1961
f 1942/1942/1942 1954/1954/1954 1961/1961/1961
f 1942/1942/1942 1961/1961/1961 1941/1941/1941
f 1945/1945/1945 1954/1954/1954 1942/1942/1942
f 1947/1947/1947 1957/1957/1957 1953/1953/1953
f 1949/1949/1949 1957/1957/1957 1947/1947/1947
f 1949/1949/1949 1959/1959/1959 1957/1957/1957
f 1958/1958/1958 1959/1959/1959 1963/1963/1963
f 1958/1958/1958 1963/1963/1963 1964/1964/1964
f 1965/1965/1965 1964/1964/1964 1963/1963/1963
f 1965/1965/1965 1966/1966/1966 1964/1964/1964
f 1967/1967/1967 1966/1966/1966 1965/1965/1965
f 1967/1967/1967 1965/1965/1965 1968/1968/1968
f 1969/1969/1969 1967/1967/1967 1968/1968/1968
f 1969/1969/1969 1968/1968/1968 1970/1970/1970
f 1970/1970/1970 1971/1971/1971 1969/1969/1969
f 1970/1970/1970 1972/1972/1972 1971/1971/1971
f 1972/1972/1972 1970/1970/1970 1973/1973/1973
f 1972/1972/1972 1973/1973/1973 1974/1974/1974
f 1975/1975/1975 1972/1972/1972 1974/1974/1974
f 1975/1975/1975 1976/1976/1976 1972/1972/1972
f 1976/1976/1976 1971/1971/1971 1972/1972/1972
f 1977/1977/1977 1976/1976/1976 1975/1975/1975
f 1977/1977/1977 1978/1978/1978 1976/1976/1976
f 1979/1979/1979 1978/1978/1978 1977/1977/1977
f 1979/1979/1979 1980/1980/1980 1978/1978/1978
f 1974/1974/1974 1973/1973/1973 1462/1462/1462
f 1974/1974/1974 1462/1462/1462 1459/1459/1459
f 1459/1459/1459 1975/1975/1975 1974/1974/1974
f 1530/1530/1530 1980/1980/1980 1979/1979/1979
f 1980/1980/1980 1530/1530/1530 1533/1533/1533
f 1980/1980/1980 1533/1533/1533 1981/1981/1981
f 1981/1981/1981 1978/1978/1978 1980/1980/1980
f 1530/1530/1530 1979/1979/1979 1529/1529/1529
f 1979/1979/1979 1519/1519/1519 1529/1529/1529
f 1979/1979/1979 1518/1518/1518 1519/1519/1519
f 1977/1977/1977 1518/1518/1518 1979/1979/1979
f 1459/1459/1459 1982/1982/1982 1975/1975/1975
f 1977/1977/1977 1983/1983/1983 1518/1518/1518
f 1975/1975/1975 1983/1983/1983 1977/1977/1977
f 1975/1975/1975 1982/1982/1982 1983/1983/1983
f 1981/1981/1981 1984/1984/1984 1978/1978/1978
f 1978/1978/1978 1985/1985/1985 1976/1976/1976
f 1978/1978/1978 1984/1984/1984 1985/1985/1985
f 1986/1986/1986 1518/1518/1518 1983/1983/1983
f 1986/1986/1986 1983/1983/1983 1982/1982/1982
f 1986/1986/1986 1473/1473/1473 1518/1518/1518
f 1986/1986/1986 1460/1460/1460 1473/1473/1473
f 1986/1986/1986 1987/1987/1987 1460/1460/1460
f 1987/1987/1987 1459/1459/1459 1460/1460/1460
f 1987/1987/1987 1982/1982/1982 1459/1459/1459
f 1986/1986/1986 1982/1982/1982 1987/1987/1987
f 1976/1976/1976 1985/1985/1985 1971/1971/1971
f 1990/1990/1990 1989/1989/1989 1988/1988/1988
f 1990/1990/1990 1991/1991/1991 1989/1989/1989
f 1991/1991/1991 1992/1992/1992 1989/1989/1989
f 1991/1991/1991 1993/1993/1993 1992/1992/1992
f 1990/1990/1990 1452/1452/1452 1991/1991/1991
f 1990/1990/1990 1450/1450/1450 1452/1452/1452
f 1994/1994/1994 1450/1450/1450 1990/1990/1990
f 1995/1995/1995 1450/1450/1450 1994/1994/1994
f 1448/1448/1448 1450/1450/1450 1995/1995/1995
f 1991/1991/1991 1454/1454/1454 1993/1993/1993
f 1991/1991/1991 1452/1452/1452 1454/1454/1454
f 1989/1989/1989 1996/1996/1996 1988/1988/1988
f 1989/1989/1989 1997/1997/1997 1996/1996/1996
f 1998/1998/1998 1989/1989/1989 1992/1992/1992
f 1998/1998/1998 1997/1997/1997 1989/1989/1989
f 1998/1998/1998 1999/1999/1999 1997/1997/1997
f 1998/1998/1998 2000/2000/2000 1999/1999/1999
f 1997/1997/1997 2001/2001/2001 1996/1996/1996
f 1997/1997/1997 1999/1999/1999 2001/2001/2001
f 1446/1446/1446 1448/1448/1448 1995/1995/1995
f 1446/1446/1446 1995/1995/1995 2002/2002/2002
f 1446/1446/1446 2002/2002/2002 1465/1465/1465
f 2002/2002/2002 2003/2003/2003 1465/1465/1465
f 1465/1465/1465 2003/2003/2003 1469/1469/1469
f 2004/2004/2004 2003/2003/2003 2002/2002/2002
f 2003/2003/2003 2004/2004/2004 2005/2005/2005
f 2004/2004/2004 2006/2006/2006 2005/2005/2005
f 2004/2004/2004 2007/2007/2007 2006/2006/2006
f 2006/2006/2006 2007/2007/2007 2008/2008/2008
f 2006/2006/2006 2008/2008/2008 2009/2009/2009
f 2009/2009/2009 2008/2008/2008 1994/1994/1994
f 2009/2009/2009 1994/1994/1994 2010/2010/2010
f 2003/2003/2003 2005/2005/2005 2011/2011/2011
f 2012/2012/2012 2011/2011/2011 2005/2005/2005
f 2006/2006/2006 2012/2012/2012 2005/2005/2005
f 2012/2012/2012 2013/2013/2013 2011/2011/2011
f 2013/2013/2013 2014/2014/2014 2011/2011/2011
f 2014/2014/2014 2003/2003/2003 2011/2011/2011
f 2013/2013/2013 2015/2015/2015 2014/2014/2014
f 2015/2015/2015 2016/2016/2016 2014/2014/2014
f 2015/2015/2015 2017/2017/2017 2016/2016/2016
f 2017/2017/2017 2018/2018/2018 2016/2016/2016
f 2017/2017/2017 2019/2019/2019 2018/2018/2018
f 1990/1990/1990 2010/2010/2010 1994/1994/1994
f 1990/1990/1990 1988/1988/1988 2010/2010/2010
f 2020/2020/2020 2013/2013/2013 2012/2012/2012
f 2021/2021/2021 2020/2020/2020 2012/2012/2012
f 2021/2021/2021 2022/2022/2022 2020/2020/2020
f 2023/2023/2023 2022/2022/2022 2021/2021/2021
f 2023/2023/2023 2024/2024/2024 2022/2022/2022
f 2025/2025/2025 2024/2024/2024 2023/2023/2023
f 2025/2025/2025 2023/2023/2023 2026/2026/2026
f 2020/2020/2020 2027/2027/2027 2013/2013/2013
f 2018/2018/2018 2019/2019/2019 1488/1488/1488
f 2019/2019/2019 1487/1487/1487 1488/1488/1488
f 2019/2019/2019 2028/2028/2028 1487/1487/1487
f 2017/2017/2017 2028/2028/2028 2019/2019/2019
f 2018/2018/2018 1488/1488/1488 1479/1479/1479
f 2018/2018/2018 1479/1479/1479 1477/1477/1477
f 2018/2018/2018 1477/1477/1477 1476/1476/1476
f 2001/2001/2001 2025/2025/2025 2026/2026/2026
f 2001/2001/2001 2026/2026/2026 1996/1996/1996
f 1996/1996/1996 2026/2026/2026 2010/2010/2010
f 2010/2010/2010 2026/2026/2026 2023/2023/2023
f 1996/1996/1996 2010/2010/2010 1988/1988/1988
f 1476/1476/1476 2016/2016/2016 2018/2018/2018
f 1476/1476/1476 2029/2029/2029 2016/2016/2016
f 2029/2029/2029 2014/2014/2014 2016/2016/2016
f 2029/2029/2029 2030/2030/2030 2014/2014/2014
f 2014/2014/2014 2030/2030/2030 2003/2003/2003
f 2031/2031/2031 2003/2003/2003 2030/2030/2030
f 2031/2031/2031 1469/1469/1469 2003/2003/2003
f 2032/2032/2032 1469/1469/1469 2031/2031/2031
f 2032/2032/2032 2029/2029/2029 1476/1476/1476
f 2032/2032/2032 2030/2030/2030 2029/2029/2029
f 2032/2032/2032 2031/2031/2031 2030/2030/2030
f 2032/2032/2032 1470/1470/1470 1469/1469/1469
f 2032/2032/2032 1476/1476/1476 1470/1470/1470
f 2010/2010/2010 2023/2023/2023 2009/2009/2009
f 2009/2009/2009 2023/2023/2023 2021/2021/2021
f 2009/2009/2009 2021/2021/2021 2006/2006/2006
f 2006/2006/2006 2021/2021/2021 2012/2012/2012
f 1392/1392/1392 1406/1406/1406 1390/1390/1390
f 1406/1406/1406 2033/2033/2033 1390/1390/1390
f 1406/1406/1406 1905/1905/1905 2033/2033/2033
f 1406/1406/1406 1408/1408/1408 1905/1905/1905
f 2033/2033/2033 2034/2034/2034 1390/1390/1390
f 1390/1390/1390 2034/2034/2034 1591/1591/1591
f 1390/1390/1390 1591/1591/1591 1389/1389/1389
f 2035/2035/2035 2034/2034/2034 2033/2033/2033
f 2034/2034/2034 2035/2035/2035 2036/2036/2036
f 2035/2035/2035 2037/2037/2037 2036/2036/2036
f 2035/2035/2035 2038/2038/2038 2037/2037/2037
f 2037/2037/2037 2038/2038/2038 2039/2039/2039
f 2037/2037/2037 2039/2039/2039 2040/2040/2040
f 2040/2040/2040 2039/2039/2039 1904/1904/1904
f 2040/2040/2040 1904/1904/1904 2041/2041/2041
f 2034/2034/2034 2036/2036/2036 2042/2042/2042
f 2036/2036/2036 2043/2043/2043 2042/2042/2042
f 2036/2036/2036 2044/2044/2044 2043/2043/2043
f 2037/2037/2037 2044/2044/2044 2036/2036/2036
f 1896/1896/1896 2041/2041/2041 1904/1904/1904
f 1896/1896/1896 1894/1894/1894 2041/2041/2041
f 2045/2045/2045 2043/2043/2043 2044/2044/2044
f 2045/2045/2045 2046/2046/2046 2043/2043/2043
f 2046/2046/2046 2047/2047/2047 2043/2043/2043
f 2046/2046/2046 2048/2048/2048 2047/2047/2047
f 2048/2048/2048 2049/2049/2049 2047/2047/2047
f 2048/2048/2048 2050/2050/2050 2049/2049/2049
f 2049/2049/2049 2050/2050/2050 2051/2051/2051
f 2049/2049/2049 2051/2051/2051 2052/2052/2052
f 2052/2052/2052 2051/2051/2051 1583/1583/1583
f 2052/2052/2052 1583/1583/1583 1584/1584/1584
f 1914/1914/1914 2041/2041/2041 1894/1894/1894
f 2053/2053/2053 2052/2052/2052 1584/1584/1584
f 2049/2049/2049 2052/2052/2052 2053/2053/2053
f 2053/2053/2053 1584/1584/1584 1572/1572/1572
f 2053/2053/2053 1572/1572/1572 1573/1573/1573
f 2053/2053/2053 1573/1573/1573 1587/1587/1587
f 1587/1587/1587 2054/2054/2054 2053/2053/2053
f 2049/2049/2049 2053/2053/2053 2054/2054/2054
f 2047/2047/2047 2049/2049/2049 2054/2054/2054
f 1587/1587/1587 2055/2055/2055 2054/2054/2054
f 2055/2055/2055 2056/2056/2056 2054/2054/2054
f 2047/2047/2047 2054/2054/2054 2056/2056/2056
f 2055/2055/2055 2057/2057/2057 2056/2056/2056
f 2056/2056/2056 2057/2057/2057 2034/2034/2034
f 2056/2056/2056 2034/2034/2034 2042/2042/2042
f 2043/2043/2043 2056/2056/2056 2042/2042/2042
f 2043/2043/2043 2047/2047/2047 2056/2056/2056
f 2058/2058/2058 2034/2034/2034 2057/2057/2057
f 2058/2058/2058 1591/1591/1591 2034/2034/2034
f 2059/2059/2059 1591/1591/1591 2058/2058/2058
f 2059/2059/2059 2055/2055/2055 1587/1587/1587
f 2059/2059/2059 2057/2057/2057 2055/2055/2055
f 2059/2059/2059 2058/2058/2058 2057/2057/2057
f 2059/2059/2059 1588/1588/1588 1591/1591/1591
f 2059/2059/2059 1587/1587/1587 1588/1588/1588
f 1666/1666/1666 2060/2060/2060 1667/1667/1667
f 1666/1666/1666 2061/2061/2061 2060/2060/2060
f 1668/1668/1668 2061/2061/2061 1666/1666/1666
f 1668/1668/1668 2062/2062/2062 2061/2061/2061
f 2062/2062/2062 2063/2063/2063 2061/2061/2061
f 2063/2063/2063 2060/2060/2060 2061/2061/2061
f 2062/2062/2062 2064/2064/2064 2063/2063/2063
f 2063/2063/2063 2065/2065/2065 2060/2060/2060
f 2066/2066/2066 2062/2062/2062 1668/1668/1668
f 2066/2066/2066 2064/2064/2064 2062/2062/2062
f 2066/2066/2066 1668/1668/1668 2067/2067/2067
f 2068/2068/2068 2066/2066/2066 2067/2067/2067
f 2068/2068/2068 2067/2067/2067 2069/2069/2069
f 2070/2070/2070 2068/2068/2068 2069/2069/2069
f 2070/2070/2070 2069/2069/2069 2071/2071/2071
f 2072/2072/2072 2070/2070/2070 2071/2071/2071
f 2072/2072/2072 2071/2071/2071 2073/2073/2073
f 2074/2074/2074 2072/2072/2072 2073/2073/2073
f 2074/2074/2074 2075/2075/2075 2072/2072/2072
f 2076/2076/2076 2075/2075/2075 2074/2074/2074
f 2076/2076/2076 2077/2077/2077 2075/2075/2075
f 2078/2078/2078 2077/2077/2077 2076/2076/2076
f 2078/2078/2078 2079/2079/2079 2077/2077/2077
f 2080/2080/2080 2079/2079/2079 2078/2078/2078
f 2080/2080/2080 2081/2081/2081 2079/2079/2079
f 2074/2074/2074 2073/2073/2073 1636/1636/1636
f 2071/2071/2071 1636/1636/1636 2073/2073/2073
f 2074/2074/2074 1636/1636/1636 1634/1634/1634
f 1634/1634/1634 2076/2076/2076 2074/2074/2074
f 2072/2072/2072 2075/2075/2075 2082/2082/2082
f 2077/2077/2077 2082/2082/2082 2075/2075/2075
f 2072/2072/2072 2082/2082/2082 2083/2083/2083
f 2083/2083/2083 2070/2070/2070 2072/2072/2072
f 1850/1850/1850 2081/2081/2081 2080/2080/2080
f 2080/2080/2080 1849/1849/1849 1850/1850/1850
f 2080/2080/2080 1859/1859/1859 1849/1849/1849
f 2078/2078/2078 1859/1859/1859 2080/2080/2080
f 1850/1850/1850 1851/1851/1851 2081/2081/2081
f 2081/2081/2081 1851/1851/1851 1856/1856/1856
f 2081/2081/2081 1856/1856/1856 2084/2084/2084
f 2084/2084/2084 2079/2079/2079 2081/2081/2081
f 1634/1634/1634 2085/2085/2085 2076/2076/2076
f 2078/2078/2078 2086/2086/2086 1859/1859/1859
f 2076/2076/2076 2086/2086/2086 2078/2078/2078
f 2076/2076/2076 2085/2085/2085 2086/2086/2086
f 2084/2084/2084 2087/2087/2087 2079/2079/2079
f 2088/2088/2088 1859/1859/1859 2086/2086/2086
f 2088/2088/2088 1860/1860/1860 1859/1859/1859
f 2089/2089/2089 1860/1860/1860 2088/2088/2088
f 2089/2089/2089 2085/2085/2085 1634/1634/1634
f 2089/2089/2089 2086/2086/2086 2085/2085/2085
f 2089/2089/2089 2088/2088/2088 2086/2086/2086
f 2089/2089/2089 1633/1633/1633 1860/1860/1860
f 2089/2089/2089 1634/1634/1634 1633/1633/1633
f 2079/2079/2079 2087/2087/2087 2090/2090/2090
f 2079/2079/2079 2090/2090/2090 2077/2077/2077
f 2077/2077/2077 2090/2090/2090 2082/2082/2082
f 2093/2093/2093 2092/2092/2092 2091/2091/2091
f 2093/2093/2093 2094/2094/2094 2092/2092/2092
f 2091/2091/2091 2092/2092/2092 2095/2095/2095
f 2091/2091/2091 2095/2095/2095 2096/2096/2096
f 2096/2096/2096 2095/2095/2095 2097/2097/2097
f 2096/2096/2096 2097/2097/2097 2098/2098/2098
f 2098/2098/2098 2097/2097/2097 2099/2099/2099
f 2098/2098/2098 2099/2099/2099 2100/2100/2100
f 2100/2100/2100 2099/2099/2099 2101/2101/2101
f 2100/2100/2100 2101/2101/2101 2102/2102/2102
f 2102/2102/2102 2101/2101/2101 2103/2103/2103
f 2102/2102/2102 2103/2103/2103 2104/2104/2104
f 2104/2104/2104 2103/2103/2103 2105/2105/2105
f 2104/2104/2104 2105/2105/2105 2106/2106/2106
f 2106/2106/2106 2105/2105/2105 2107/2107/2107
f 2106/2106/2106 2107/2107/2107 2108/2108/2108
f 2108/2108/2108 2107/2107/2107 2109/2109/2109
f 2108/2108/2108 2109/2109/2109 2110/2110/2110
f 2110/2110/2110 2109/2109/2109 2111/2111/2111
f 2110/2110/2110 2111/2111/2111 2112/2112/2112
f 2112/2112/2112 2111/2111/2111 2113/2113/2113
f 2112/2112/2112 2113/2113/2113 2114/2114/2114
f 2114/2114/2114 2113/2113/2113 2115/2115/2115
f 2114/2114/2114 2115/2115/2115 2116/2116/2116
f 2116/2116/2116 2115/2115/2115 2117/2117/2117
f 2116/2116/2116 2117/2117/2117 2118/2118/2118
f 2118/2118/2118 2117/2117/2117 2119/2119/2119
f 2118/2118/2118 2119/2119/2119 2120/2120/2120
f 2120/2120/2120 2119/2119/2119 2121/2121/2121
f 2120/2120/2120 2121/2121/2121 2122/2122/2122
f 2122/2122/2122 2121/2121/2121 2123/2123/2123
f 2122/2122/2122 2123/2123/2123 2124/2124/2124
f 2124/2124/2124 2123/2123/2123 2125/2125/2125
f 2124/2124/2124 2125/2125/2125 2126/2126/2126
f 2126/2126/2126 2125/2125/2125 2127/2127/2127
f 2126/2126/2126 2127/2127/2127 2128/2128/2128
f 2128/2128/2128 2127/2127/2127 2129/2129/2129
f 2128/2128/2128 2129/2129/2129 2130/2130/2130
f 2130/2130/2130 2129/2129/2129 2131/2131/2131
f 2130/2130/2130 2131/2131/2131 2132/2132/2132
f 2132/2132/2132 2131/2131/2131 2133/2133/2133
f 2132/2132/2132 2133/2133/2133 2134/2134/2134
f 2134/2134/2134 2133/2133/2133 2135/2135/2135
f 2134/2134/2134 2135/2135/2135 2136/2136/2136
f 2136/2136/2136 2135/2135/2135 2137/2137/2137
f 2136/2136/2136 2137/2137/2137 2138/2138/2138
f 2138/2138/2138 2137/2137/2137 2139/2139/2139
f 2138/2138/2138 2139/2139/2139 2140/2140/2140
f 2140/2140/2140 2139/2139/2139 2141/2141/2141
f 2140/2140/2140 2141/2141/2141 2142/2142/2142
f 2142/2142/2142 2141/2141/2141 2143/2143/2143
f 2142/2142/2142 2143/2143/2143 2144/2144/2144
f 2144/2144/2144 2143/2143/2143 2145/2145/2145
f 2144/2144/2144 2145/2145/2145 2146/2146/2146
f 2146/2146/2146 2145/2145/2145 2147/2147/2147
f 2146/2146/2146 2147/2147/2147 2148/2148/2148
f 2148/2148/2148 2147/2147/2147 2149/2149/2149
f 2148/2148/2148 2149/2149/2149 2150/2150/2150
f 2150/2150/2150 2149/2149/2149 2151/2151/2151
f 2150/2150/2150 2151/2151/2151 2152/2152/2152
f 2152/2152/2152 2151/2151/2151 2153/2153/2153
f 2152/2152/2152 2153/2153/2153 2154/2154/2154
f 2154/2154/2154 2153/2153/2153 2155/2155/2155
f 2154/2154/2154 2155/2155/2155 2156/2156/2156
f 2156/2156/2156 2155/2155/2155 2157/2157/2157
f 2156/2156/2156 2157/2157/2157 2158/2158/2158
f 2158/2158/2158 2157/2157/2157 2159/2159/2159
f 2158/2158/2158 2159/2159/2159 2160/2160/2160
f 2160/2160/2160 2159/2159/2159 2161/2161/2161
f 2160/2160/2160 2161/2161/2161 2162/2162/2162
f 2162/2162/2162 2161/2161/2161 2163/2163/2163
f 2162/2162/2162 2163/2163/2163 2164/2164/2164
f 2164/2164/2164 2163/2163/2163 2165/2165/2165
f 2164/2164/2164 2165/2165/2165 2166/2166/2166
f 2166/2166/2166 2165/2165/2165 2167/2167/2167
f 2166/2166/2166 2167/2167/2167 2168/2168/2168
f 2168/2168/2168 2167/2167/2167 2169/2169/2169
f 2168/2168/2168 2169/2169/2169 2170/2170/2170
f 2170/2170/2170 2169/2169/2169 2094/2094/2094
f 2170/2170/2170 2094/2094/2094 2093/2093/2093
f 2157/2157/2157 2171/2171/2171 2159/2159/2159
f 2157/2157/2157 2172/2172/2172 2171/2171/2171
f 2155/2155/2155 2172/2172/2172 2157/2157/2157
f 2155/2155/2155 2173/2173/2173 2172/2172/2172
f 2153/2153/2153 2173/2173/2173 2155/2155/2155
f 2153/2153/2153 2174/2174/2174 2173/2173/2173
f 2151/2151/2151 2174/2174/2174 2153/2153/2153
f 2151/2151/2151 2175/2175/2175 2174/2174/2174
f 2149/2149/2149 2175/2175/2175 2151/2151/2151
f 2149/2149/2149 2176/2176/2176 2175/2175/2175
f 2147/2147/2147 2176/2176/2176 2149/2149/2149
f 2147/2147/2147 2177/2177/2177 2176/2176/2176
f 2145/2145/2145 2177/2177/2177 2147/2147/2147
f 2145/2145/2145 2178/2178/2178 2177/2177/2177
f 2143/2143/2143 2178/2178/2178 2145/2145/2145
f 2143/2143/2143 2179/2179/2179 2178/2178/2178
f 2141/2141/2141 2179/2179/2179 2143/2143/2143
f 2141/2141/2141 2180/2180/2180 2179/2179/2179
f 2139/2139/2139 2180/2180/2180 2141/2141/2141
f 2139/2139/2139 2181/2181/2181 2180/2180/2180
f 2137/2137/2137 2181/2181/2181 2139/2139/2139
f 2137/2137/2137 2182/2182/2182 2181/2181/2181
f 2135/2135/2135 2182/2182/2182 2137/2137/2137
f 2135/2135/2135 2183/2183/2183 2182/2182/2182
f 2133/2133/2133 2183/2183/2183 2135/2135/2135
f 2133/2133/2133 2184/2184/2184 2183/2183/2183
f 2131/2131/2131 2184/2184/2184 2133/2133/2133
f 2131/2131/2131 2185/2185/2185 2184/2184/2184
f 2129/2129/2129 2185/2185/2185 2131/2131/2131
f 2129/2129/2129 2186/2186/2186 2185/2185/2185
f 2127/2127/2127 2186/2186/2186 2129/2129/2129
f 2127/2127/2127 2187/2187/2187 2186/2186/2186
f 2125/2125/2125 2187/2187/2187 2127/2127/2127
f 2125/2125/2125 2188/2188/2188 2187/2187/2187
f 2123/2123/2123 2188/2188/2188 2125/2125/2125
f 2123/2123/2123 2189/2189/2189 2188/2188/2188
f 2121/2121/2121 2189/2189/2189 2123/2123/2123
f 2121/2121/2121 2190/2190/2190 2189/2189/2189
f 2119/2119/2119 2190/2190/2190 2121/2121/2121
f 2119/2119/2119 2191/2191/2191 2190/2190/2190
f 2117/2117/2117 2191/2191/2191 2119/2119/2119
f 2117/2117/2117 2192/2192/2192 2191/2191/2191
f 2115/2115/2115 2192/2192/2192 2117/2117/2117
f 2115/2115/2115 2193/2193/2193 2192/2192/2192
f 2113/2113/2113 2193/2193/2193 2115/2115/2115
f 2113/2113/2113 2194/2194/2194 2193/2193/2193
f 2111/2111/2111 2194/2194/2194 2113/2113/2113
f 2111/2111/2111 2195/2195/2195 2194/2194/2194
f 2109/2109/2109 2195/2195/2195 2111/2111/2111
f 2109/2109/2109 2196/2196/2196 2195/2195/2195
f 2107/2107/2107 2196/2196/2196 2109/2109/2109
f 2107/2107/2107 2197/2197/2197 2196/2196/2196
f 2105/2105/2105 2197/2197/2197 2107/2107/2107
f 2105/2105/2105 2198/2198/2198 2197/2197/2197
f 2103/2103/2103 2198/2198/2198 2105/2105/2105
f 2103/2103/2103 2199/2199/2199 2198/2198/2198
f 2101/2101/2101 2199/2199/2199 2103/2103/2103
f 2101/2101/2101 2200/2200/2200 2199/2199/2199
f 2099/2099/2099 2200/2200/2200 2101/2101/2101
f 2099/2099/2099 2201/2201/2201 2200/2200/2200
f 2097/2097/2097 2201/2201/2201 2099/2099/2099
f 2097/2097/2097 2202/2202/2202 2201/2201/2201
f 2095/2095/2095 2202/2202/2202 2097/2097/2097
f 2095/2095/2095 2203/2203/2203 2202/2202/2202
f 2092/2092/2092 2203/2203/2203 2095/2095/2095
f 2092/2092/2092 2204/2204/2204 2203/2203/2203
f 2094/2094/2094 2204/2204/2204 2092/2092/2092
f 2094/2094/2094 2205/2205/2205 2204/2204/2204
f 2169/2169/2169 2205/2205/2205 2094/2094/2094
f 2169/2169/2169 2206/2206/2206 2205/2205/2205
f 2167/2167/2167 2206/2206/2206 2169/2169/2169
f 2167/2167/2167 2207/2207/2207 2206/2206/2206
f 2165/2165/2165 2207/2207/2207 2167/2167/2167
f 2165/2165/2165 2208/2208/2208 2207/2207/2207
f 2163/2163/2163 2208/2208/2208 2165/2165/2165
f 2163/2163/2163 2209/2209/2209 2208/2208/2208
f 2161/2161/2161 2209/2209/2209 2163/2163/2163
f 2161/2161/2161 2210/2210/2210 2209/2209/2209
f 2159/2159/2159 2210/2210/2210 2161/2161/2161
f 2159/2159/2159 2171/2171/2171 2210/2210/2210
f 2205/2205/2205 2211/2211/2211 2204/2204/2204
f 2205/2205/2205 2212/2212/2212 2211/2211/2211
f 2206/2206/2206 2212/2212/2212 2205/2205/2205
f 2171/2171/2171 2213/2213/2213 2210/2210/2210
f 2171/2171/2171 2214/2214/2214 2213/2213/2213
f 2172/2172/2172 2214/2214/2214 2171/2171/2171
f 2172/2172/2172 2215/2215/2215 2214/2214/2214
f 2173/2173/2173 2215/2215/2215 2172/2172/2172
f 2173/2173/2173 2216/2216/2216 2215/2215/2215
f 2174/2174/2174 2216/2216/2216 2173/2173/2173
f 2174/2174/2174 2217/2217/2217 2216/2216/2216
f 2175/2175/2175 2217/2217/2217 2174/2174/2174
f 2175/2175/2175 2218/2218/2218 2217/2217/2217
f 2176/2176/2176 2218/2218/2218 2175/2175/2175
f 2176/2176/2176 2219/2219/2219 2218/2218/2218
f 2177/2177/2177 2219/2219/2219 2176/2176/2176
f 2177/2177/2177 2220/2220/2220 2219/2219/2219
f 2178/2178/2178 2220/2220/2220 2177/2177/2177
f 2178/2178/2178 2221/2221/2221 2220/2220/2220
f 2179/2179/2179 2221/2221/2221 2178/2178/2178
f 2179/2179/2179 2222/2222/2222 2221/2221/2221
f 2180/2180/2180 2222/2222/2222 2179/2179/2179
f 2180/2180/2180 2223/2223/2223 2222/2222/2222
f 2181/2181/2181 2223/2223/2223 2180/2180/2180
f 2181/2181/2181 2224/2224/2224 2223/2223/2223
f 2182/2182/2182 2224/2224/2224 2181/2181/2181
f 2182/2182/2182 2225/2225/2225 2224/2224/2224
f 2183/2183/2183 2225/2225/2225 2182/2182/2182
f 2183/2183/2183 2226/2226/2226 2225/2225/2225
f 2184/2184/2184 2226/2226/2226 2183/2183/2183
f 2184/2184/2184 2227/2227/2227 2226/2226/2226
f 2185/2185/2185 2227/2227/2227 2184/2184/2184
f 2185/2185/2185 2228/2228/2228 2227/2227/2227
f 2186/2186/2186 2228/2228/2228 2185/2185/2185
f 2186/2186/2186 2229/2229/2229 2228/2228/2228
f 2187/2187/2187 2229/2229/2229 2186/2186/2186
f 2187/2187/2187 2230/2230/2230 2229/2229/2229
f 2188/2188/2188 2230/2230/2230 2187/2187/2187
f 2188/2188/2188 2231/2231/2231 2230/2230/2230
f 2189/2189/2189 2231/2231/2231 2188/2188/2188
f 2189/2189/2189 2232/2232/2232 2231/2231/2231
f 2190/2190/2190 2232/2232/2232 2189/2189/2189
f 2190/2190/2190 2233/2233/2233 2232/2232/2232
f 2191/2191/2191 2233/2233/2233 2190/2190/2190
f 2191/2191/2191 2234/2234/2234 2233/2233/2233
f 2192/2192/2192 2234/2234/2234 2191/2191/2191
f 2192/2192/2192 2235/2235/2235 2234/2234/2234
f 2193/2193/2193 2235/2235/2235 2192/2192/2192
f 2193/2193/2193 2236/2236/2236 2235/2235/2235
f 2194/2194/2194 2236/2236/2236 2193/2193/2193
f 2194/2194/2194 2237/2237/2237 2236/2236/2236
f 2195/2195/2195 2237/2237/2237 2194/2194/2194
f 2195/2195/2195 2238/2238/2238 2237/2237/2237
f 2196/2196/2196 2238/2238/2238 2195/2195/2195
f 2196/2196/2196 2239/2239/2239 2238/2238/2238
f 2197/2197/2197 2239/2239/2239 2196/2196/2196
f 2197/2197/2197 2240/2240/2240 2239/2239/2239
f 2198/2198/2198 2240/2240/2240 2197/2197/2197
f 2198/2198/2198 2241/2241/2241 2240/2240/2240
f 2199/2199/2199 2241/2241/2241 2198/2198/2198
f 2199/2199/2199 2242/2242/2242 2241/2241/2241
f 2200/2200/2200 2242/2242/2242 2199/2199/2199
f 2200/2200/2200 2243/2243/2243 2242/2242/2242
f 2201/2201/2201 2243/2243/2243 2200/2200/2200
f 2201/2201/2201 2244/2244/2244 2243/2243/2243
f 2202/2202/2202 2244/2244/2244 2201/2201/2201
f 2202/2202/2202 2245/2245/2245 2244/2244/2244
f 2203/2203/2203 2245/2245/2245 2202/2202/2202
f 2203/2203/2203 2246/2246/2246 2245/2245/2245
f 2204/2204/2204 2246/2246/2246 2203/2203/2203
f 2204/2204/2204 2211/2211/2211 2246/2246/2246
f 2211/2211/2211 2247/2247/2247 2246/2246/2246
f 2211/2211/2211 2248/2248/2248 2247/2247/2247
f 2212/2212/2212 2248/2248/2248 2211/2211/2211
f 2212/2212/2212 2249/2249/2249 2248/2248/2248
f 2246/2246/2246 2250/2250/2250 2245/2245/2245
f 2246/2246/2246 2247/2247/2247 2250/2250/2250
f 2245/2245/2245 2251/2251/2251 2244/2244/2244
f 2245/2245/2245 2250/2250/2250 2251/2251/2251
f 2244/2244/2244 2252/2252/2252 2243/2243/2243
f 2244/2244/2244 2251/2251/2251 2252/2252/2252
f 2243/2243/2243 2252/2252/2252 2253/2253/2253
f 2243/2243/2243 2253/2253/2253 2242/2242/2242
f 2242/2242/2242 2253/2253/2253 2254/2254/2254
f 2242/2242/2242 2254/2254/2254 2241/2241/2241
f 2241/2241/2241 2254/2254/2254 2255/2255/2255
f 2241/2241/2241 2255/2255/2255 2240/2240/2240
f 2240/2240/2240 2255/2255/2255 2256/2256/2256
f 2240/2240/2240 2256/2256/2256 2239/2239/2239
f 2239/2239/2239 2256/2256/2256 2257/2257/2257
f 2254/2254/2254 2257/2257/2257 2255/2255/2255
f 2255/2255/2255 2257/2257/2257 2256/2256/2256
f 2239/2239/2239 2257/2257/2257 2238/2238/2238
f 2238/2238/2238 2257/2257/2257 2258/2258/2258
f 2254/2254/2254 2258/2258/2258 2257/2257/2257
f 2253/2253/2253 2258/2258/2258 2254/2254/2254
f 2238/2238/2238 2258/2258/2258 2237/2237/2237
f 2237/2237/2237 2258/2258/2258 2259/2259/2259
f 2253/2253/2253 2259/2259/2259 2258/2258/2258
f 2252/2252/2252 2259/2259/2259 2253/2253/2253
f 2237/2237/2237 2259/2259/2259 2236/2236/2236
f 2236/2236/2236 2259/2259/2259 2260/2260/2260
f 2236/2236/2236 2260/2260/2260 2235/2235/2235
f 2235/2235/2235 2260/2260/2260 2261/2261/2261
f 2235/2235/2235 2261/2261/2261 2234/2234/2234
f 2234/2234/2234 2261/2261/2261 2262/2262/2262
f 2234/2234/2234 2262/2262/2262 2233/2233/2233
f 2233/2233/2233 2262/2262/2262 2263/2263/2263
f 2233/2233/2233 2263/2263/2263 2232/2232/2232
f 2232/2232/2232 2263/2263/2263 2264/2264/2264
f 2232/2232/2232 2264/2264/2264 2231/2231/2231
f 2231/2231/2231 2264/2264/2264 2265/2265/2265
f 2231/2231/2231 2265/2265/2265 2230/2230/2230
f 2230/2230/2230 2265/2265/2265 2266/2266/2266
f 2230/2230/2230 2266/2266/2266 2229/2229/2229
f 2229/2229/2229 2266/2266/2266 2267/2267/2267
f 2229/2229/2229 2267/2267/2267 2228/2228/2228
f 2228/2228/2228 2267/2267/2267 2268/2268/2268
f 2228/2228/2228 2268/2268/2268 2227/2227/2227
f 2227/2227/2227 2268/2268/2268 2269/2269/2269
f 2227/2227/2227 2269/2269/2269 2226/2226/2226
f 2226/2226/2226 2269/2269/2269 2270/2270/2270
f 2226/2226/2226 2270/2270/2270 2225/2225/2225
f 2225/2225/2225 2270/2270/2270 2271/2271/2271
f 2225/2225/2225 2271/2271/2271 2224/2224/2224
f 2224/2224/2224 2271/2271/2271 2272/2272/2272
f 2224/2224/2224 2272/2272/2272 2223/2223/2223
f 2223/2223/2223 2272/2272/2272 2273/2273/2273
f 2223/2223/2223 2273/2273/2273 2222/2222/2222
f 2222/2222/2222 2273/2273/2273 2274/2274/2274
f 2222/2222/2222 2274/2274/2274 2221/2221/2221
f 2221/2221/2221 2274/2274/2274 2275/2275/2275
f 2221/2221/2221 2275/2275/2275 2220/2220/2220
f 2220/2220/2220 2275/2275/2275 2276/2276/2276
f 2220/2220/2220 2276/2276/2276 2219/2219/2219
f 2219/2219/2219 2276/2276/2276 2277/2277/2277
f 2277/2277/2277 2275/2275/2275 2274/2274/2274
f 2275/2275/2275 2277/2277/2277 2276/2276/2276
f 2219/2219/2219 2277/2277/2277 2218/2218/2218
f 2218/2218/2218 2277/2277/2277 2278/2278/2278
f 2278/2278/2278 2274/2274/2274 2273/2273/2273
f 2277/2277/2277 2274/2274/2274 2278/2278/2278
f 2218/2218/2218 2278/2278/2278 2217/2217/2217
f 2217/2217/2217 2278/2278/2278 2279/2279/2279
f 2279/2279/2279 2273/2273/2273 2272/2272/2272
f 2278/2278/2278 2273/2273/2273 2279/2279/2279
f 2217/2217/2217 2279/2279/2279 2216/2216/2216
f 2216/2216/2216 2279/2279/2279 2280/2280/2280
f 2216/2216/2216 2280/2280/2280 2215/2215/2215
f 2215/2215/2215 2280/2280/2280 2281/2281/2281
f 2215/2215/2215 2281/2281/2281 2214/2214/2214
f 2214/2214/2214 2281/2281/2281 2282/2282/2282
f 2214/2214/2214 2282/2282/2282 2213/2213/2213
f 2213/2213/2213 2282/2282/2282 2283/2283/2283
f 2213/2213/2213 2283/2283/2283 2284/2284/2284
f 2210/2210/2210 2213/2213/2213 2284/2284/2284
f 2210/2210/2210 2284/2284/2284 2209/2209/2209
f 2209/2209/2209 2284/2284/2284 2285/2285/2285
f 2209/2209/2209 2285/2285/2285 2208/2208/2208
f 2208/2208/2208 2285/2285/2285 2286/2286/2286
f 2208/2208/2208 2286/2286/2286 2207/2207/2207
f 2207/2207/2207 2286/2286/2286 2287/2287/2287
f 2207/2207/2207 2287/2287/2287 2206/2206/2206
f 2206/2206/2206 2287/2287/2287 2212/2212/2212
f 2284/2284/2284 2288/2288/2288 2285/2285/2285
f 2284/2284/2284 2283/2283/2283 2288/2288/2288
f 2285/2285/2285 2289/2289/2289 2286/2286/2286
f 2285/2285/2285 2288/2288/2288 2289/2289/2289
f 2286/2286/2286 2290/2290/2290 2287/2287/2287
f 2286/2286/2286 2289/2289/2289 2290/2290/2290
f 2287/2287/2287 2249/2249/2249 2212/2212/2212
f 2287/2287/2287 2290/2290/2290 2249/2249/2249
f 2290/2290/2290 2265/2265/2265 2249/2249/2249
f 2249/2249/2249 2265/2265/2265 2264/2264/2264
f 2249/2249/2249 2264/2264/2264 2248/2248/2248
f 2248/2248/2248 2264/2264/2264 2263/2263/2263
f 2248/2248/2248 2263/2263/2263 2247/2247/2247
f 2247/2247/2247 2263/2263/2263 2262/2262/2262
f 2247/2247/2247 2262/2262/2262 2250/2250/2250
f 2250/2250/2250 2262/2262/2262 2261/2261/2261
f 2250/2250/2250 2261/2261/2261 2251/2251/2251
f 2251/2251/2251 2261/2261/2261 2260/2260/2260
f 2251/2251/2251 2260/2260/2260 2252/2252/2252
f 2252/2252/2252 2260/2260/2260 2259/2259/2259
f 2290/2290/2290 2266/2266/2266 2265/2265/2265
f 2289/2289/2289 2266/2266/2266 2290/2290/2290
f 2289/2289/2289 2267/2267/2267 2266/2266/2266
f 2288/2288/2288 2267/2267/2267 2289/2289/2289
f 2288/2288/2288 2268/2268/2268 2267/2267/2267
f 2283/2283/2283 2268/2268/2268 2288/2288/2288
f 2283/2283/2283 2269/2269/2269 2268/2268/2268
f 2282/2282/2282 2269/2269/2269 2283/2283/2283
f 2282/2282/2282 2270/2270/2270 2269/2269/2269
f 2281/2281/2281 2270/2270/2270 2282/2282/2282
f 2281/2281/2281 2271/2271/2271 2270/2270/2270
f 2280/2280/2280 2271/2271/2271 2281/2281/2281
f 2280/2280/2280 2272/2272/2272 2271/2271/2271
f 2279/2279/2279 2272/2272/2272 2280/2280/2280
f 2291/2291/2291 1521/1521/1521 1520/1520/1520
f 2291/2291/2291 1524/1524/1524 1521/1521/1521
f 1540/1540/1540 1524/1524/1524 2291/2291/2291
f 2292/2292/2292 2291/2291/2291 1520/1520/1520
f 2293/2293/2293 2292/2292/2292 1520/1520/1520
f 2293/2293/2293 1520/1520/1520 1517/1517/1517
f 1514/1514/1514 2293/2293/2293 1517/1517/1517
f 1512/1512/1512 2293/2293/2293 1514/1514/1514
f 1512/1512/1512 1515/1515/1515 2293/2293/2293
f 1515/1515/1515 2292/2292/2292 2293/2293/2293
f 1515/1515/1515 2294/2294/2294 2292/2292/2292
f 1516/1516/1516 2294/2294/2294 1515/1515/1515
f 1516/1516/1516 2295/2295/2295 2294/2294/2294
f 2295/2295/2295 2296/2296/2296 2294/2294/2294
f 2295/2295/2295 2297/2297/2297 2296/2296/2296
f 2292/2292/2292 2298/2298/2298 2291/2291/2291
f 2294/2294/2294 2298/2298/2298 2292/2292/2292
f 2294/2294/2294 2296/2296/2296 2298/2298/2298
f 2298/2298/2298 1540/1540/1540 2291/2291/2291
f 2297/2297/2297 2299/2299/2299 2296/2296/2296
f 2297/2297/2297 2300/2300/2300 2299/2299/2299
f 2298/2298/2298 2301/2301/2301 1540/1540/1540
f 2296/2296/2296 2301/2301/2301 2298/2298/2298
f 2296/2296/2296 2299/2299/2299 2301/2301/2301
f 2300/2300/2300 2302/2302/2302 2299/2299/2299
f 2300/2300/2300 2303/2303/2303 2302/2302/2302
f 2299/2299/2299 2304/2304/2304 2301/2301/2301
f 2299/2299/2299 2302/2302/2302 2304/2304/2304
f 2301/2301/2301 2304/2304/2304 1541/1541/1541
f 2301/2301/2301 1541/1541/1541 1540/1540/1540
f 2303/2303/2303 2305/2305/2305 2302/2302/2302
f 2303/2303/2303 2306/2306/2306 2305/2305/2305
f 2304/2304/2304 1544/1544/1544 1541/1541/1541
f 2304/2304/2304 2307/2307/2307 1544/1544/1544
f 2302/2302/2302 2307/2307/2307 2304/2304/2304
f 2302/2302/2302 2305/2305/2305 2307/2307/2307
f 2306/2306/2306 2308/2308/2308 2305/2305/2305
f 2306/2306/2306 2309/2309/2309 2308/2308/2308
f 2307/2307/2307 1545/1545/1545 1544/1544/1544
f 2307/2307/2307 2310/2310/2310 1545/1545/1545
f 2305/2305/2305 2310/2310/2310 2307/2307/2307
f 2305/2305/2305 2308/2308/2308 2310/2310/2310
f 2309/2309/2309 2311/2311/2311 2308/2308/2308
f 2309/2309/2309 2312/2312/2312 2311/2311/2311
f 2310/2310/2310 1548/1548/1548 1545/1545/1545
f 2310/2310/2310 2313/2313/2313 1548/1548/1548
f 2308/2308/2308 2313/2313/2313 2310/2310/2310
f 2308/2308/2308 2311/2311/2311 2313/2313/2313
f 2312/2312/2312 2314/2314/2314 2311/2311/2311
f 2312/2312/2312 2315/2315/2315 2314/2314/2314
f 2313/2313/2313 1559/1559/1559 1548/1548/1548
f 2313/2313/2313 2316/2316/2316 1559/1559/1559
f 2311/2311/2311 2316/2316/2316 2313/2313/2313
f 2311/2311/2311 2314/2314/2314 2316/2316/2316
f 2315/2315/2315 2317/2317/2317 2314/2314/2314
f 2315/2315/2315 2318/2318/2318 2317/2317/2317
f 2316/2316/2316 1561/1561/1561 1559/1559/1559
f 2316/2316/2316 2319/2319/2319 1561/1561/1561
f 2314/2314/2314 2319/2319/2319 2316/2316/2316
f 2314/2314/2314 2317/2317/2317 2319/2319/2319
f 2318/2318/2318 2320/2320/2320 2317/2317/2317
f 2318/2318/2318 2321/2321/2321 2320/2320/2320
f 2319/2319/2319 1562/1562/1562 1561/1561/1561
f 2319/2319/2319 2322/2322/2322 1562/1562/1562
f 2317/2317/2317 2322/2322/2322 2319/2319/2319
f 2317/2317/2317 2320/2320/2320 2322/2322/2322
f 2321/2321/2321 2323/2323/2323 2320/2320/2320
f 2321/2321/2321 2324/2324/2324 2323/2323/2323
f 2322/2322/2322 1565/1565/1565 1562/1562/1562
f 2322/2322/2322 2325/2325/2325 1565/1565/1565
f 2320/2320/2320 2325/2325/2325 2322/2322/2322
f 2320/2320/2320 2323/2323/2323 2325/2325/2325
f 2324/2324/2324 2326/2326/2326 2323/2323/2323
f 2324/2324/2324 2327/2327/2327 2326/2326/2326
f 2325/2325/2325 2328/2328/2328 1565/1565/1565
f 2328/2328/2328 1566/1566/1566 1565/1565/1565
f 2328/2328/2328 1569/1569/1569 1566/1566/1566
f 1585/1585/1585 1569/1569/1569 2328/2328/2328
f 2325/2325/2325 2329/2329/2329 2328/2328/2328
f 2323/2323/2323 2329/2329/2329 2325/2325/2325
f 2323/2323/2323 2326/2326/2326 2329/2329/2329
f 2329/2329/2329 1585/1585/1585 2328/2328/2328
f 2327/2327/2327 2330/2330/2330 2326/2326/2326
f 2327/2327/2327 2331/2331/2331 2330/2330/2330
f 2329/2329/2329 2332/2332/2332 1585/1585/1585
f 2326/2326/2326 2332/2332/2332 2329/2329/2329
f 2326/2326/2326 2330/2330/2330 2332/2332/2332
f 2331/2331/2331 2333/2333/2333 2330/2330/2330
f 2331/2331/2331 2334/2334/2334 2333/2333/2333
f 2332/2332/2332 1586/1586/1586 1585/1585/1585
f 2332/2332/2332 2335/2335/2335 1586/1586/1586
f 2330/2330/2330 2335/2335/2335 2332/2332/2332
f 2330/2330/2330 2333/2333/2333 2335/2335/2335
f 2334/2334/2334 2336/2336/2336 2333/2333/2333
f 2334/2334/2334 2337/2337/2337 2336/2336/2336
f 2335/2335/2335 1589/1589/1589 1586/1586/1586
f 2335/2335/2335 2338/2338/2338 1589/1589/1589
f 2333/2333/2333 2338/2338/2338 2335/2335/2335
f 2333/2333/2333 2336/2336/2336 2338/2338/2338
f 2337/2337/2337 2339/2339/2339 2336/2336/2336
f 2337/2337/2337 2340/2340/2340 2339/2339/2339
f 2338/2338/2338 1590/1590/1590 1589/1589/1589
f 2338/2338/2338 2341/2341/2341 1590/1590/1590
f 2336/2336/2336 2341/2341/2341 2338/2338/2338
f 2336/2336/2336 2339/2339/2339 2341/2341/2341
f 2340/2340/2340 2342/2342/2342 2339/2339/2339
f 2340/2340/2340 2343/2343/2343 2342/2342/2342
f 2341/2341/2341 1592/1592/1592 1590/1590/1590
f 2341/2341/2341 2344/2344/2344 1592/1592/1592
f 2339/2339/2339 2344/2344/2344 2341/2341/2341
f 2339/2339/2339 2342/2342/2342 2344/2344/2344
f 2343/2343/2343 2345/2345/2345 2342/2342/2342
f 2343/2343/2343 2346/2346/2346 2345/2345/2345
f 2344/2344/2344 1593/1593/1593 1592/1592/1592
f 2344/2344/2344 2347/2347/2347 1593/1593/1593
f 2342/2342/2342 2347/2347/2347 2344/2344/2344
f 2342/2342/2342 2345/2345/2345 2347/2347/2347
f 2346/2346/2346 2348/2348/2348 2345/2345/2345
f 2346/2346/2346 2349/2349/2349 2348/2348/2348
f 2347/2347/2347 1595/1595/1595 1593/1593/1593
f 2347/2347/2347 2350/2350/2350 1595/1595/1595
f 2345/2345/2345 2350/2350/2350 2347/2347/2347
f 2345/2345/2345 2348/2348/2348 2350/2350/2350
f 2349/2349/2349 2351/2351/2351 2348/2348/2348
f 2349/2349/2349 2352/2352/2352 2351/2351/2351
f 2350/2350/2350 1596/1596/1596 1595/1595/1595
f 2350/2350/2350 2353/2353/2353 1596/1596/1596
f 2348/2348/2348 2353/2353/2353 2350/2350/2350
f 2348/2348/2348 2351/2351/2351 2353/2353/2353
f 2352/2352/2352 2354/2354/2354 2351/2351/2351
f 2352/2352/2352 2355/2355/2355 2354/2354/2354
f 2353/2353/2353 1599/1599/1599 1596/1596/1596
f 2353/2353/2353 2356/2356/2356 1599/1599/1599
f 2351/2351/2351 2356/2356/2356 2353/2353/2353
f 2351/2351/2351 2354/2354/2354 2356/2356/2356
f 2355/2355/2355 2357/2357/2357 2354/2354/2354
f 2355/2355/2355 2358/2358/2358 2357/2357/2357
f 2356/2356/2356 2359/2359/2359 1599/1599/1599
f 2359/2359/2359 1600/1600/1600 1599/1599/1599
f 2359/2359/2359 1603/1603/1603 1600/1600/1600
f 1620/1620/1620 1603/1603/1603 2359/2359/2359
f 1620/1620/1620 1605/1605/1605 1603/1603/1603
f 2356/2356/2356 2360/2360/2360 2359/2359/2359
f 2354/2354/2354 2360/2360/2360 2356/2356/2356
f 2354/2354/2354 2357/2357/2357 2360/2360/2360
f 1620/1620/1620 2359/2359/2359 2360/2360/2360
f 1868/1868/1868 2357/2357/2357 2358/2358/2358
f 1868/1868/1868 2358/2358/2358 1870/1870/1870
f 1867/1867/1867 2357/2357/2357 1868/1868/1868
f 1867/1867/1867 2360/2360/2360 2357/2357/2357
f 1620/1620/1620 2360/2360/2360 1867/1867/1867
f 2362/2362/2362 2091/2091/2091 2361/2361/2361
f 2362/2362/2362 2093/2093/2093 2091/2091/2091
f 2361/2361/2361 2091/2091/2091 2096/2096/2096
f 2361/2361/2361 2096/2096/2096 2363/2363/2363
f 2363/2363/2363 2096/2096/2096 2098/2098/2098
f 2363/2363/2363 2098/2098/2098 2364/2364/2364
f 2364/2364/2364 2098/2098/2098 2100/2100/2100
f 2364/2364/2364 2100/2100/2100 2365/2365/2365
f 2365/2365/2365 2100/2100/2100 2102/2102/2102
f 2365/2365/2365 2102/2102/2102 2366/2366/2366
f 2366/2366/2366 2102/2102/2102 2104/2104/2104
f 2366/2366/2366 2104/2104/2104 2367/2367/2367
f 2367/2367/2367 2104/2104/2104 2106/2106/2106
f 2367/2367/2367 2106/2106/2106 2368/2368/2368
f 2368/2368/2368 2106/2106/2106 2108/2108/2108
f 2368/2368/2368 2108/2108/2108 2369/2369/2369
f 2369/2369/2369 2108/2108/2108 2110/2110/2110
f 2369/2369/2369 2110/2110/2110 2370/2370/2370
f 2370/2370/2370 2110/2110/2110 2112/2112/2112
f 2370/2370/2370 2112/2112/2112 2371/2371/2371
f 2371/2371/2371 2112/2112/2112 2114/2114/2114
f 2371/2371/2371 2114/2114/2114 2372/2372/2372
f 2372/2372/2372 2114/2114/2114 2116/2116/2116
f 2372/2372/2372 2116/2116/2116 2373/2373/2373
f 2373/2373/2373 2116/2116/2116 2118/2118/2118
f 2373/2373/2373 2118/2118/2118 2374/2374/2374
f 2374/2374/2374 2118/2118/2118 2120/2120/2120
f 2374/2374/2374 2120/2120/2120 2375/2375/2375
f 2375/2375/2375 2120/2120/2120 2122/2122/2122
f 2375/2375/2375 2122/2122/2122 2376/2376/2376
f 2376/2376/2376 2122/2122/2122 2124/2124/2124
f 2376/2376/2376 2124/2124/2124 2377/2377/2377
f 2377/2377/2377 2124/2124/2124 2126/2126/2126
f 2377/2377/2377 2126/2126/2126 2378/2378/2378
f 2378/2378/2378 2126/2126/2126 2128/2128/2128
f 2378/2378/2378 2128/2128/2128 2379/2379/2379
f 2379/2379/2379 2128/2128/2128 2130/2130/2130
f 2379/2379/2379 2130/2130/2130 2380/2380/2380
f 2380/2380/2380 2130/2130/2130 2132/2132/2132
f 2380/2380/2380 2132/2132/2132 2381/2381/2381
f 2381/2381/2381 2132/2132/2132 2134/2134/2134
f 2381/2381/2381 2134/2134/2134 2382/2382/2382
f 2382/2382/2382 2134/2134/2134 2136/2136/2136
f 2382/2382/2382 2136/2136/2136 2383/2383/2383
f 2383/2383/2383 2136/2136/2136 2138/2138/2138
f 2383/2383/2383 2138/2138/2138 2384/2384/2384
f 2384/2384/2384 2138/2138/2138 2140/2140/2140
f 2384/2384/2384 2140/2140/2140 2385/2385/2385
f 2385/2385/2385 2140/2140/2140 2142/2142/2142
f 2385/2385/2385 2142/2142/2142 2386/2386/2386
f 2386/2386/2386 2142/2142/2142 2144/2144/2144
f 2386/2386/2386 2144/2144/2144 2387/2387/2387
f 2387/2387/2387 2144/2144/2144 2146/2146/2146
f 2387/2387/2387 2146/2146/2146 2388/2388/2388
f 2388/2388/2388 2146/2146/2146 2148/2148/2148
f 2388/2388/2388 2148/2148/2148 2389/2389/2389
f 2389/2389/2389 2148/2148/2148 2150/2150/2150
f 2389/2389/2389 2150/2150/2150 2390/2390/2390
f 2390/2390/2390 2150/2150/2150 2152/2152/2152
f 2390/2390/2390 2152/2152/2152 2391/2391/2391
f 2391/2391/2391 2152/2152/2152 2154/2154/2154
f 2391/2391/2391 2154/2154/2154 2392/2392/2392
f 2392/2392/2392 2154/2154/2154 2156/2156/2156
f 2392/2392/2392 2156/2156/2156 2393/2393/2393
f 2393/2393/2393 2156/2156/2156 2158/2158/2158
f 2393/2393/2393 2158/2158/2158 2394/2394/2394
f 2394/2394/2394 2158/2158/2158 2160/2160/2160
f 2394/2394/2394 2160/2160/2160 2395/2395/2395
f 2395/2395/2395 2160/2160/2160 2162/2162/2162
f 2395/2395/2395 2162/2162/2162 2396/2396/2396
f 2396/2396/2396 2162/2162/2162 2164/2164/2164
f 2396/2396/2396 2164/2164/2164 2397/2397/2397
f 2397/2397/2397 2164/2164/2164 2166/2166/2166
f 2397/2397/2397 2166/2166/2166 2398/2398/2398
f 2398/2398/2398 2166/2166/2166 2168/2168/2168
f 2398/2398/2398 2168/2168/2168 2399/2399/2399
f 2399/2399/2399 2168/2168/2168 2170/2170/2170
f 2399/2399/2399 2170/2170/2170 2400/2400/2400
f 2400/2400/2400 2170/2170/2170 2093/2093/2093
f 2400/2400/2400 2093/2093/2093 2362/2362/2362
f 2394/2394/2394 2395/2395/2395 2401/2401/2401
f 2394/2394/2394 2401/2401/2401 2402/2402/2402
f 2393/2393/2393 2394/2394/2394 2402/2402/2402
f 2393/2393/2393 2402/2402/2402 2403/2403/2403
f 2392/2392/2392 2393/2393/2393 2403/2403/2403
f 2392/2392/2392 2403/2403/2403 2404/2404/2404
f 2391/2391/2391 2392/2392/2392 2404/2404/2404
f 2391/2391/2391 2404/2404/2404 2405/2405/2405
f 2390/2390/2390 2391/2391/2391 2405/2405/2405
f 2390/2390/2390 2405/2405/2405 2406/2406/2406
f 2389/2389/2389 2390/2390/2390 2406/2406/2406
f 2389/2389/2389 2406/2406/2406 2407/2407/2407
f 2388/2388/2388 2389/2389/2389 2407/2407/2407
f 2388/2388/2388 2407/2407/2407 2408/2408/2408
f 2387/2387/2387 2388/2388/2388 2408/2408/2408
f 2387/2387/2387 2408/2408/2408 2409/2409/2409
f 2386/2386/2386 2387/2387/2387 2409/2409/2409
f 2386/2386/2386 2409/2409/2409 2410/2410/2410
f 2385/2385/2385 2386/2386/2386 2410/2410/2410
f 2385/2385/2385 2410/2410/2410 2411/2411/2411
f 2384/2384/2384 2385/2385/2385 2411/2411/2411
f 2384/2384/2384 2411/2411/2411 2412/2412/2412
f 2383/2383/2383 2384/2384/2384 2412/2412/2412
f 2383/2383/2383 2412/2412/2412 2413/2413/2413
f 2382/2382/2382 2383/2383/2383 2413/2413/2413
f 2382/2382/2382 2413/2413/2413 2414/2414/2414
f 2381/2381/2381 2382/2382/2382 2414/2414/2414
f 2381/2381/2381 2414/2414/2414 2415/2415/2415
f 2380/2380/2380 2381/2381/2381 2415/2415/2415
f 2380/2380/2380 2415/2415/2415 2416/2416/2416
f 2379/2379/2379 2380/2380/2380 2416/2416/2416
f 2379/2379/2379 2416/2416/2416 2417/2417/2417
f 2378/2378/2378 2379/2379/2379 2417/2417/2417
f 2378/2378/2378 2417/2417/2417 2418/2418/2418
f 2377/2377/2377 2378/2378/2378 2418/2418/2418
f 2377/2377/2377 2418/2418/2418 2419/2419/2419
f 2376/2376/2376 2377/2377/2377 2419/2419/2419
f 2376/2376/2376 2419/2419/2419 2420/2420/2420
f 2375/2375/2375 2376/2376/2376 2420/2420/2420
f 2375/2375/2375 2420/2420/2420 2421/2421/2421
f 2374/2374/2374 2375/2375/2375 2421/2421/2421
f 2374/2374/2374 2421/2421/2421 2422/2422/2422
f 2373/2373/2373 2374/2374/2374 2422/2422/2422
f 2373/2373/2373 2422/2422/2422 2423/2423/2423
f 2372/2372/2372 2373/2373/2373 2423/2423/2423
f 2372/2372/2372 2423/2423/2423 2424/2424/2424
f 2371/2371/2371 2372/2372/2372 2424/2424/2424
f 2371/2371/2371 2424/2424/2424 2425/2425/2425
f 2370/2370/2370 2371/2371/2371 2425/2425/2425
f 2370/2370/2370 2425/2425/2425 2426/2426/2426
f 2369/2369/2369 2370/2370/2370 2426/2426/2426
f 2369/2369/2369 2426/2426/2426 2427/2427/2427
f 2368/2368/2368 2369/2369/2369 2427/2427/2427
f 2368/2368/2368 2427/2427/2427 2428/2428/2428
f 2367/2367/2367 2368/2368/2368 2428/2428/2428
f 2367/2367/2367 2428/2428/2428 2429/2429/2429
f 2366/2366/2366 2367/2367/2367 2429/2429/2429
f 2366/2366/2366 2429/2429/2429 2430/2430/2430
f 2365/2365/2365 2366/2366/2366 2430/2430/2430
f 2365/2365/2365 2430/2430/2430 2431/2431/2431
f 2364/2364/2364 2365/2365/2365 2431/2431/2431
f 2364/2364/2364 2431/2431/2431 2432/2432/2432
f 2363/2363/2363 2364/2364/2364 2432/2432/2432
f 2363/2363/2363 2432/2432/2432 2433/2433/2433
f 2361/2361/2361 2363/2363/2363 2433/2433/2433
f 2361/2361/2361 2433/2433/2433 2434/2434/2434
f 2362/2362/2362 2361/2361/2361 2434/2434/2434
f 2362/2362/2362 2434/2434/2434 2435/2435/2435
f 2435/2435/2435 2400/2400/2400 2362/2362/2362
f 2435/2435/2435 2436/2436/2436 2400/2400/2400
f 2399/2399/2399 2400/2400/2400 2436/2436/2436
f 2399/2399/2399 2436/2436/2436 2437/2437/2437
f 2398/2398/2398 2399/2399/2399 2437/2437/2437
f 2398/2398/2398 2437/2437/2437 2438/2438/2438
f 2397/2397/2397 2398/2398/2398 2438/2438/2438
f 2397/2397/2397 2438/2438/2438 2439/2439/2439
f 2396/2396/2396 2397/2397/2397 2439/2439/2439
f 2396/2396/2396 2439/2439/2439 2440/2440/2440
f 2395/2395/2395 2396/2396/2396 2440/2440/2440
f 2395/2395/2395 2440/2440/2440 2401/2401/2401
f 1418/1418/1418 2441/2441/2441 1903/1903/1903
f 1418/1418/1418 1558/1558/1558 2441/2441/2441
f 1418/1418/1418 1420/1420/1420 1558/1558/1558
f 2442/2442/2442 1903/1903/1903 2441/2441/2441
f 2442/2442/2442 1902/1902/1902 1903/1903/1903
f 2442/2442/2442 1912/1912/1912 1902/1902/1902
f 2442/2442/2442 1916/1916/1916 1912/1912/1912
f 2441/2441/2441 2443/2443/2443 2442/2442/2442
f 2441/2441/2441 2444/2444/2444 2443/2443/2443
f 2444/2444/2444 2445/2445/2445 2443/2443/2443
f 2444/2444/2444 2446/2446/2446 2445/2445/2445
f 2445/2445/2445 2446/2446/2446 1557/1557/1557
f 2445/2445/2445 1557/1557/1557 1933/1933/1933
f 1918/1918/1918 2442/2442/2442 2443/2443/2443
f 1918/1918/1918 1916/1916/1916 2442/2442/2442
f 1921/1921/1921 2443/2443/2443 2445/2445/2445
f 1921/1921/1921 1918/1918/1918 2443/2443/2443
f 1923/1923/1923 2445/2445/2445 1933/1933/1933
f 1923/1923/1923 1921/1921/1921 2445/2445/2445
f 2447/2447/2447 1557/1557/1557 2446/2446/2446
f 2447/2447/2447 1556/1556/1556 1557/1557/1557
f 2448/2448/2448 1556/1556/1556 2447/2447/2447
f 2448/2448/2448 2446/2446/2446 2444/2444/2444
f 2448/2448/2448 2447/2447/2447 2446/2446/2446
f 2448/2448/2448 1558/1558/1558 1556/1556/1556
f 2448/2448/2448 2441/2441/2441 1558/1558/1558
f 2448/2448/2448 2444/2444/2444 2441/2441/2441
f 1952/1952/1952 1426/1426/1426 1428/1428/1428
f 2449/2449/2449 1426/1426/1426 1952/1952/1952
f 1426/1426/1426 2449/2449/2449 1550/1550/1550
f 2449/2449/2449 2450/2450/2450 1550/1550/1550
f 1550/1550/1550 2450/2450/2450 1546/1546/1546
f 2451/2451/2451 2450/2450/2450 2449/2449/2449
f 2450/2450/2450 2451/2451/2451 2452/2452/2452
f 2451/2451/2451 2453/2453/2453 2452/2452/2452
f 2451/2451/2451 2454/2454/2454 2453/2453/2453
f 2453/2453/2453 2454/2454/2454 2455/2455/2455
f 2453/2453/2453 2455/2455/2455 2456/2456/2456
f 2456/2456/2456 2455/2455/2455 1951/1951/1951
f 2456/2456/2456 1951/1951/1951 2457/2457/2457
f 2450/2450/2450 2452/2452/2452 2458/2458/2458
f 2452/2452/2452 2459/2459/2459 2458/2458/2458
f 2452/2452/2452 2460/2460/2460 2459/2459/2459
f 2453/2453/2453 2460/2460/2460 2452/2452/2452
f 1943/1943/1943 2457/2457/2457 1951/1951/1951
f 1943/1943/1943 1941/1941/1941 2457/2457/2457
f 2461/2461/2461 2459/2459/2459 2460/2460/2460
f 2461/2461/2461 2462/2462/2462 2459/2459/2459
f 2462/2462/2462 2463/2463/2463 2459/2459/2459
f 2462/2462/2462 2464/2464/2464 2463/2463/2463
f 2464/2464/2464 2465/2465/2465 2463/2463/2463
f 2464/2464/2464 2466/2466/2466 2465/2465/2465
f 2465/2465/2465 2466/2466/2466 2467/2467/2467
f 2465/2465/2465 2467/2467/2467 2468/2468/2468
f 2468/2468/2468 2467/2467/2467 1538/1538/1538
f 2468/2468/2468 1538/1538/1538 1539/1539/1539
f 1961/1961/1961 2457/2457/2457 1941/1941/1941
f 2469/2469/2469 2468/2468/2468 1539/1539/1539
f 2465/2465/2465 2468/2468/2468 2469/2469/2469
f 2469/2469/2469 1539/1539/1539 1527/1527/1527
f 2469/2469/2469 1527/1527/1527 1528/1528/1528
f 2469/2469/2469 1528/1528/1528 1542/1542/1542
f 1542/1542/1542 2470/2470/2470 2469/2469/2469
f 2465/2465/2465 2469/2469/2469 2470/2470/2470
f 2463/2463/2463 2465/2465/2465 2470/2470/2470
f 1542/1542/1542 2471/2471/2471 2470/2470/2470
f 2471/2471/2471 2472/2472/2472 2470/2470/2470
f 2463/2463/2463 2470/2470/2470 2472/2472/2472
f 2471/2471/2471 2473/2473/2473 2472/2472/2472
f 2472/2472/2472 2473/2473/2473 2450/2450/2450
f 2472/2472/2472 2450/2450/2450 2458/2458/2458
f 2459/2459/2459 2472/2472/2472 2458/2458/2458
f 2459/2459/2459 2463/2463/2463 2472/2472/2472
f 2474/2474/2474 2450/2450/2450 2473/2473/2473
f 2474/2474/2474 2473/2473/2473 2471/2471/2471
f 2474/2474/2474 1546/1546/1546 2450/2450/2450
f 2474/2474/2474 1543/1543/1543 1546/1546/1546
f 2474/2474/2474 2475/2475/2475 1543/1543/1543
f 2475/2475/2475 1542/1542/1542 1543/1543/1543
f 2475/2475/2475 2471/2471/2471 1542/1542/1542
f 2474/2474/2474 2471/2471/2471 2475/2475/2475
f 1438/1438/1438 2476/2476/2476 1950/1950/1950
f 1438/1438/1438 1456/1456/1456 2476/2476/2476
f 1438/1438/1438 1440/1440/1440 1456/1456/1456
f 2477/2477/2477 1950/1950/1950 2476/2476/2476
f 2477/2477/2477 1949/1949/1949 1950/1950/1950
f 2477/2477/2477 1959/1959/1959 1949/1949/1949
f 2477/2477/2477 1963/1963/1963 1959/1959/1959
f 2476/2476/2476 2478/2478/2478 2477/2477/2477
f 2476/2476/2476 2479/2479/2479 2478/2478/2478
f 2479/2479/2479 2480/2480/2480 2478/2478/2478
f 2479/2479/2479 2481/2481/2481 2480/2480/2480
f 2480/2480/2480 2481/2481/2481 1462/1462/1462
f 2480/2480/2480 1462/1462/1462 1973/1973/1973
f 1965/1965/1965 2477/2477/2477 2478/2478/2478
f 1965/1965/1965 1963/1963/1963 2477/2477/2477
f 1968/1968/1968 2478/2478/2478 2480/2480/2480
f 1968/1968/1968 1965/1965/1965 2478/2478/2478
f 1970/1970/1970 2480/2480/2480 1973/1973/1973
f 1970/1970/1970 1968/1968/1968 2480/2480/2480
f 2482/2482/2482 1462/1462/1462 2481/2481/2481
f 2482/2482/2482 2481/2481/2481 2479/2479/2479
f 2482/2482/2482 1457/1457/1457 1462/1462/1462
f 2482/2482/2482 1456/1456/1456 1457/1457/1457
f 2482/2482/2482 2483/2483/2483 1456/1456/1456
f 2482/2482/2482 2479/2479/2479 2483/2483/2483
f 2483/2483/2483 2476/2476/2476 1456/1456/1456
f 2483/2483/2483 2479/2479/2479 2476/2476/2476
f 1655/1655/1655 2484/2484/2484 1669/1669/1669
f 1655/1655/1655 1638/1638/1638 2484/2484/2484
f 1655/1655/1655 1639/1639/1639 1638/1638/1638
f 2067/2067/2067 1669/1669/1669 2484/2484/2484
f 2067/2067/2067 1668/1668/1668 1669/1669/1669
f 2484/2484/2484 2069/2069/2069 2067/2067/2067
f 2484/2484/2484 2485/2485/2485 2069/2069/2069
f 2485/2485/2485 2071/2071/2071 2069/2069/2069
f 2485/2485/2485 2486/2486/2486 2071/2071/2071
f 2071/2071/2071 2486/2486/2486 1636/1636/1636
f 2487/2487/2487 1636/1636/1636 2486/2486/2486
f 2487/2487/2487 1635/1635/1635 1636/1636/1636
f 2488/2488/2488 1635/1635/1635 2487/2487/2487
f 2488/2488/2488 1638/1638/1638 1635/1635/1635
f 2488/2488/2488 2484/2484/2484 1638/1638/1638
f 2488/2488/2488 2485/2485/2485 2484/2484/2484
f 2488/2488/2488 2486/2486/2486 2485/2485/2485
f 2488/2488/2488 2487/2487/2487 2486/2486/2486
f 1644/1644/1644 2489/2489/2489 1629/1629/1629
f 1644/1644/1644 1681/1681/1681 2489/2489/2489
f 1644/1644/1644 1646/1646/1646 1681/1681/1681
f 2489/2489/2489 2490/2490/2490 1629/1629/1629
f 1629/1629/1629 2490/2490/2490 1625/1625/1625
f 2491/2491/2491 2490/2490/2490 2489/2489/2489
f 2490/2490/2490 2491/2491/2491 2492/2492/2492
f 2491/2491/2491 2493/2493/2493 2492/2492/2492
f 2491/2491/2491 2494/2494/2494 2493/2493/2493
f 2493/2493/2493 2494/2494/2494 2495/2495/2495
f 2493/2493/2493 2495/2495/2495 2496/2496/2496
f 2496/2496/2496 2495/2495/2495 1680/1680/1680
f 2496/2496/2496 1680/1680/1680 2497/2497/2497
f 2490/2490/2490 2492/2492/2492 2498/2498/2498
f 2492/2492/2492 2499/2499/2499 2498/2498/2498
f 2492/2492/2492 2500/2500/2500 2499/2499/2499
f 2493/2493/2493 2500/2500/2500 2492/2492/2492
f 1676/1676/1676 2497/2497/2497 1680/1680/1680
f 1676/1676/1676 1677/1677/1677 2497/2497/2497
f 2501/2501/2501 2499/2499/2499 2500/2500/2500
f 2501/2501/2501 2502/2502/2502 2499/2499/2499
f 2502/2502/2502 2503/2503/2503 2499/2499/2499
f 2502/2502/2502 2504/2504/2504 2503/2503/2503
f 2503/2503/2503 2504/2504/2504 2505/2505/2505
f 2503/2503/2503 2505/2505/2505 2506/2506/2506
f 2506/2506/2506 2505/2505/2505 2507/2507/2507
f 2506/2506/2506 2507/2507/2507 2508/2508/2508
f 2508/2508/2508 2507/2507/2507 1617/1617/1617
f 2508/2508/2508 1617/1617/1617 1618/1618/1618
f 1682/1682/1682 2497/2497/2497 1677/1677/1677
f 2509/2509/2509 2508/2508/2508 1618/1618/1618
f 2506/2506/2506 2508/2508/2508 2509/2509/2509
f 2509/2509/2509 1618/1618/1618 1606/1606/1606
f 2509/2509/2509 1606/1606/1606 1607/1607/1607
f 2509/2509/2509 1607/1607/1607 1621/1621/1621
f 1621/1621/1621 2510/2510/2510 2509/2509/2509
f 2506/2506/2506 2509/2509/2509 2510/2510/2510
f 2503/2503/2503 2506/2506/2506 2510/2510/2510
f 1621/1621/1621 2511/2511/2511 2510/2510/2510
f 2511/2511/2511 2512/2512/2512 2510/2510/2510
f 2503/2503/2503 2510/2510/2510 2512/2512/2512
f 2511/2511/2511 2513/2513/2513 2512/2512/2512
f 2512/2512/2512 2513/2513/2513 2490/2490/2490
f 2512/2512/2512 2490/2490/2490 2498/2498/2498
f 2499/2499/2499 2512/2512/2512 2498/2498/2498
f 2499/2499/2499 2503/2503/2503 2512/2512/2512
f 2514/2514/2514 2490/2490/2490 2513/2513/2513
f 2514/2514/2514 2513/2513/2513 2511/2511/2511
f 2514/2514/2514 1625/1625/1625 2490/2490/2490
f 2514/2514/2514 1622/1622/1622 1625/1625/1625
f 2514/2514/2514 2515/2515/2515 1622/1622/1622
f 2515/2515/2515 1621/1621/1621 1622/1622/1622
f 2515/2515/2515 2511/2511/2511 1621/1621/1621
f 2514/2514/2514 2511/2511/2511 2515/2515/2515
f 1962/1962/1962 2516/2516/2516 1961/1961/1961
f 1962/1962/1962 2517/2517/2517 2516/2516/2516
f 1961/1961/1961 2516/2516/2516 2457/2457/2457
f 2457/2457/2457 2516/2516/2516 2518/2518/2518
f 2517/2517/2517 2518/2518/2518 2516/2516/2516
f 2457/2457/2457 2518/2518/2518 2456/2456/2456
f 2456/2456/2456 2518/2518/2518 2519/2519/2519
f 2456/2456/2456 2519/2519/2519 2453/2453/2453
f 2453/2453/2453 2519/2519/2519 2460/2460/2460
f 2517/2517/2517 2520/2520/2520 2518/2518/2518
f 2519/2519/2519 2461/2461/2461 2460/2460/2460
f 2519/2519/2519 2521/2521/2521 2461/2461/2461
f 2518/2518/2518 2521/2521/2521 2519/2519/2519
f 2518/2518/2518 2520/2520/2520 2521/2521/2521
f 1915/1915/1915 2522/2522/2522 1914/1914/1914
f 1915/1915/1915 2523/2523/2523 2522/2522/2522
f 1914/1914/1914 2522/2522/2522 2041/2041/2041
f 2041/2041/2041 2522/2522/2522 2524/2524/2524
f 2523/2523/2523 2524/2524/2524 2522/2522/2522
f 2041/2041/2041 2524/2524/2524 2040/2040/2040
f 2040/2040/2040 2524/2524/2524 2525/2525/2525
f 2040/2040/2040 2525/2525/2525 2037/2037/2037
f 2037/2037/2037 2525/2525/2525 2044/2044/2044
f 2523/2523/2523 2526/2526/2526 2524/2524/2524
f 2525/2525/2525 2045/2045/2045 2044/2044/2044
f 2525/2525/2525 2527/2527/2527 2045/2045/2045
f 2524/2524/2524 2527/2527/2527 2525/2525/2525
f 2524/2524/2524 2526/2526/2526 2527/2527/2527
f 1691/1691/1691 2528/2528/2528 1682/1682/1682
f 1691/1691/1691 2529/2529/2529 2528/2528/2528
f 1682/1682/1682 2528/2528/2528 2497/2497/2497
f 2497/2497/2497 2528/2528/2528 2530/2530/2530
f 2529/2529/2529 2530/2530/2530 2528/2528/2528
f 2497/2497/2497 2530/2530/2530 2496/2496/2496
f 2496/2496/2496 2530/2530/2530 2531/2531/2531
f 2496/2496/2496 2531/2531/2531 2493/2493/2493
f 2493/2493/2493 2531/2531/2531 2500/2500/2500
f 2529/2529/2529 2532/2532/2532 2530/2530/2530
f 2531/2531/2531 2501/2501/2501 2500/2500/2500
f 2531/2531/2531 2533/2533/2533 2501/2501/2501
f 2530/2530/2530 2533/2533/2533 2531/2531/2531
f 2530/2530/2530 2532/2532/2532 2533/2533/2533
f 2066/2066/2066 2534/2534/2534 2064/2064/2064
f 2068/2068/2068 2534/2534/2534 2066/2066/2066
f 2068/2068/2068 2535/2535/2535 2534/2534/2534
f 2536/2536/2536 2535/2535/2535 2068/2068/2068
f 2536/2536/2536 2068/2068/2068 2070/2070/2070
f 2083/2083/2083 2536/2536/2536 2070/2070/2070
f 2027/2027/2027 2015/2015/2015 2013/2013/2013
f 2027/2027/2027 2537/2537/2537 2015/2015/2015
f 2537/2537/2537 2017/2017/2017 2015/2015/2015
f 2537/2537/2537 2538/2538/2538 2017/2017/2017
f 2017/2017/2017 2538/2538/2538 2028/2028/2028
f 1703/1703/1703 2539/2539/2539 1709/1709/1709
f 1713/1713/1713 2539/2539/2539 1703/1703/1703
f 1713/1713/1713 1703/1703/1703 1705/1705/1705
f 2540/2540/2540 1904/1904/1904 2039/2039/2039
f 2540/2540/2540 1905/1905/1905 1904/1904/1904
f 2540/2540/2540 2033/2033/2033 1905/1905/1905
f 2540/2540/2540 2541/2541/2541 2033/2033/2033
f 2541/2541/2541 2035/2035/2035 2033/2033/2033
f 2541/2541/2541 2038/2038/2038 2035/2035/2035
f 2540/2540/2540 2038/2038/2038 2541/2541/2541
f 2540/2540/2540 2039/2039/2039 2038/2038/2038
f 2542/2542/2542 1951/1951/1951 2455/2455/2455
f 2542/2542/2542 1952/1952/1952 1951/1951/1951
f 2543/2543/2543 1952/1952/1952 2542/2542/2542
f 2543/2543/2543 2542/2542/2542 2455/2455/2455
f 2543/2543/2543 2449/2449/2449 1952/1952/1952
f 2543/2543/2543 2451/2451/2451 2449/2449/2449
f 2543/2543/2543 2454/2454/2454 2451/2451/2451
f 2543/2543/2543 2455/2455/2455 2454/2454/2454
f 2544/2544/2544 1994/1994/1994 2008/2008/2008
f 2544/2544/2544 1995/1995/1995 1994/1994/1994
f 2544/2544/2544 2002/2002/2002 1995/1995/1995
f 2544/2544/2544 2545/2545/2545 2002/2002/2002
f 2545/2545/2545 2004/2004/2004 2002/2002/2002
f 2545/2545/2545 2007/2007/2007 2004/2004/2004
f 2544/2544/2544 2007/2007/2007 2545/2545/2545
f 2544/2544/2544 2008/2008/2008 2007/2007/2007
f 2546/2546/2546 1680/1680/1680 2495/2495/2495
f 2546/2546/2546 1681/1681/1681 1680/1680/1680
f 2546/2546/2546 2489/2489/2489 1681/1681/1681
f 2546/2546/2546 2547/2547/2547 2489/2489/2489
f 2547/2547/2547 2491/2491/2491 2489/2489/2489
f 2547/2547/2547 2494/2494/2494 2491/2491/2491
f 2546/2546/2546 2494/2494/2494 2547/2547/2547
f 2546/2546/2546 2495/2495/2495 2494/2494/2494
f 2548/2548/2548 1597/1597/1597 1712/1712/1712
f 2548/2548/2548 1594/1594/1594 1597/1597/1597
f 2549/2549/2549 1594/1594/1594 2548/2548/2548
f 2549/2549/2549 2548/2548/2548 1712/1712/1712
f 2549/2549/2549 1395/1395/1395 1594/1594/1594
f 2549/2549/2549 1396/1396/1396 1395/1395/1395
f 2549/2549/2549 1711/1711/1711 1396/1396/1396
f 2549/2549/2549 1712/1712/1712 1711/1711/1711
