# Blender 5.2.1 LTS
# www.blender.org
o defaultMaterial
v -0.010162 -0.003847 0.088596
v -0.011768 0.000500 0.088072
v -0.011815 0.000464 0.087857
v -0.010207 -0.003889 0.088382
v -0.010033 -0.003778 0.088765
v -0.011632 0.000538 0.088244
v -0.009846 -0.003698 0.088854
v -0.011434 0.000571 0.088340
v -0.009637 -0.003620 0.088847
v -0.011212 0.000593 0.088340
v -0.009448 -0.003562 0.088744
v -0.011011 0.000599 0.088244
v -0.009316 -0.003534 0.088567
v -0.010870 0.000588 0.088072
v -0.009268 -0.003543 0.088349
v -0.010818 0.000563 0.087857
v -0.009313 -0.003585 0.088135
v -0.010864 0.000527 0.087642
v -0.009441 -0.003653 0.087967
v -0.011000 0.000489 0.087469
v -0.009629 -0.003734 0.087877
v -0.011199 0.000455 0.087374
v -0.009838 -0.003811 0.087884
v -0.011420 0.000434 0.087374
v -0.010027 -0.003869 0.087987
v -0.011621 0.000427 0.087469
v -0.010159 -0.003897 0.088165
v -0.011762 0.000438 0.087642
v -0.010207 -0.003889 0.088382
v -0.011815 0.000464 0.087857
v -0.011364 0.003049 0.087648
v -0.011409 0.003023 0.087432
v -0.011232 0.003044 0.087828
v -0.011039 0.003009 0.087934
v -0.010824 0.002952 0.087947
v -0.010630 0.002883 0.087863
v -0.010494 0.002816 0.087700
v -0.010444 0.002764 0.087489
v -0.010489 0.002738 0.087273
v -0.010621 0.002743 0.087093
v -0.010814 0.002777 0.086986
v -0.011029 0.002835 0.086974
v -0.011223 0.002904 0.087057
v -0.011359 0.002971 0.087221
v -0.011409 0.003023 0.087432
v -0.010390 0.005474 0.087184
v -0.010432 0.005455 0.086966
v -0.010269 0.005442 0.087368
v -0.010093 0.005366 0.087483
v -0.009898 0.005261 0.087504
v -0.009721 0.005148 0.087429
v -0.009599 0.005049 0.087271
v -0.009554 0.004984 0.087063
v -0.009597 0.004965 0.086845
v -0.009718 0.004997 0.086661
v -0.009893 0.005073 0.086546
v -0.010089 0.005178 0.086525
v -0.010265 0.005291 0.086600
v -0.010388 0.005390 0.086758
v -0.010432 0.005455 0.086966
v -0.008716 0.007740 0.086739
v -0.008751 0.007732 0.086519
v -0.008616 0.007679 0.086929
v -0.008471 0.007563 0.087051
v -0.008309 0.007412 0.087082
v -0.008163 0.007259 0.087014
v -0.008061 0.007132 0.086862
v -0.008023 0.007057 0.086655
v -0.008058 0.007049 0.086435
v -0.008158 0.007109 0.086245
v -0.008303 0.007226 0.086123
v -0.008465 0.007376 0.086093
v -0.008611 0.007530 0.086161
v -0.008713 0.007657 0.086313
v -0.008751 0.007732 0.086519
v -0.006203 0.009747 0.086383
v -0.006229 0.009746 0.086161
v -0.006134 0.009663 0.086577
v -0.006033 0.009512 0.086706
v -0.005921 0.009323 0.086744
v -0.005821 0.009133 0.086683
v -0.005752 0.008981 0.086536
v -0.005727 0.008896 0.086331
v -0.005752 0.008895 0.086110
v -0.005822 0.008979 0.085915
v -0.005923 0.009130 0.085787
v -0.006035 0.009319 0.085749
v -0.006135 0.009509 0.085810
v -0.006204 0.009661 0.085957
v -0.006229 0.009746 0.086161
v -0.002817 0.011009 0.086062
v -0.002836 0.011010 0.085840
v -0.002782 0.010912 0.086260
v -0.002739 0.010740 0.086395
v -0.002696 0.010526 0.086439
v -0.002662 0.010313 0.086385
v -0.002643 0.010142 0.086243
v -0.002643 0.010048 0.086041
v -0.002662 0.010050 0.085819
v -0.002697 0.010146 0.085621
v -0.002740 0.010318 0.085486
v -0.002783 0.010532 0.085442
v -0.002818 0.010746 0.085496
v -0.002836 0.010916 0.085638
v -0.002836 0.011010 0.085840
v 0.001424 0.011032 0.085729
v 0.001407 0.011034 0.085506
v 0.001427 0.010935 0.085929
v 0.001415 0.010761 0.086068
v 0.001392 0.010546 0.086118
v 0.001361 0.010330 0.086069
v 0.001329 0.010158 0.085931
v 0.001302 0.010064 0.085732
v 0.001285 0.010065 0.085509
v 0.001282 0.010162 0.085309
v 0.001294 0.010336 0.085170
v 0.001317 0.010552 0.085120
v 0.001348 0.010767 0.085168
v 0.001380 0.010939 0.085306
v 0.001407 0.011034 0.085506
v 0.005519 0.009957 0.085432
v 0.005504 0.009958 0.085210
v 0.005493 0.009868 0.085635
v 0.005430 0.009709 0.085777
v 0.005343 0.009512 0.085832
v 0.005249 0.009314 0.085788
v 0.005166 0.009157 0.085654
v 0.005112 0.009070 0.085456
v 0.005097 0.009071 0.085234
v 0.005123 0.009160 0.085031
v 0.005186 0.009319 0.084888
v 0.005273 0.009517 0.084833
v 0.005367 0.009714 0.084877
v 0.005449 0.009871 0.085012
v 0.005504 0.009958 0.085210
v 0.008481 0.007898 0.085221
v 0.008466 0.007899 0.084999
v 0.008426 0.007830 0.085426
v 0.008310 0.007708 0.085573
v 0.008158 0.007557 0.085632
v 0.007998 0.007406 0.085593
v 0.007864 0.007286 0.085462
v 0.007780 0.007220 0.085267
v 0.007765 0.007221 0.085044
v 0.007820 0.007289 0.084840
v 0.007936 0.007411 0.084693
v 0.008088 0.007562 0.084633
v 0.008248 0.007712 0.084673
v 0.008382 0.007833 0.084803
v 0.008466 0.007899 0.084999
v 0.010372 0.004946 0.085068
v 0.010355 0.004948 0.084846
v 0.010298 0.004906 0.085275
v 0.010148 0.004835 0.085424
v 0.009953 0.004748 0.085487
v 0.009750 0.004663 0.085451
v 0.009581 0.004595 0.085324
v 0.009477 0.004559 0.085130
v 0.009461 0.004562 0.084907
v 0.009535 0.004602 0.084701
v 0.009684 0.004673 0.084552
v 0.009880 0.004759 0.084489
v 0.010082 0.004845 0.084524
v 0.010252 0.004912 0.084652
v 0.010355 0.004948 0.084846
v 0.011298 0.001214 0.084941
v 0.011281 0.001219 0.084719
v 0.011217 0.001199 0.085149
v 0.011055 0.001178 0.085300
v 0.010843 0.001155 0.085365
v 0.010624 0.001134 0.085332
v 0.010440 0.001120 0.085206
v 0.010329 0.001115 0.085013
v 0.010312 0.001120 0.084791
v 0.010393 0.001135 0.084584
v 0.010555 0.001156 0.084433
v 0.010767 0.001179 0.084367
v 0.010986 0.001199 0.084401
v 0.011169 0.001214 0.084526
v 0.011281 0.001219 0.084719
v 0.011122 -0.002698 0.084831
v 0.011105 -0.002687 0.084609
v 0.011043 -0.002686 0.085039
v 0.010883 -0.002655 0.085192
v 0.010676 -0.002611 0.085259
v 0.010461 -0.002562 0.085228
v 0.010281 -0.002519 0.085104
v 0.010171 -0.002489 0.084912
v 0.010155 -0.002479 0.084690
v 0.010234 -0.002490 0.084482
v 0.010393 -0.002521 0.084329
v 0.010601 -0.002565 0.084262
v 0.010816 -0.002614 0.084293
v 0.010996 -0.002658 0.084417
v 0.011105 -0.002687 0.084609
v 0.009691 -0.006156 0.084728
v 0.009676 -0.006140 0.084507
v 0.009621 -0.006121 0.084937
v 0.009481 -0.006042 0.085091
v 0.009299 -0.005934 0.085161
v 0.009110 -0.005819 0.085132
v 0.008952 -0.005720 0.085009
v 0.008857 -0.005656 0.084818
v 0.008842 -0.005641 0.084597
v 0.008912 -0.005676 0.084388
v 0.009052 -0.005755 0.084233
v 0.009234 -0.005863 0.084164
v 0.009423 -0.005978 0.084193
v 0.009581 -0.006077 0.084316
v 0.009676 -0.006140 0.084507
v 0.007422 -0.008894 0.084634
v 0.007411 -0.008874 0.084413
v 0.007367 -0.008841 0.084844
v 0.007257 -0.008726 0.084999
v 0.007115 -0.008570 0.085070
v 0.006968 -0.008404 0.085043
v 0.006845 -0.008263 0.084922
v 0.006771 -0.008173 0.084732
v 0.006761 -0.008152 0.084510
v 0.006816 -0.008205 0.084301
v 0.006925 -0.008321 0.084145
v 0.007068 -0.008477 0.084074
v 0.007215 -0.008642 0.084102
v 0.007337 -0.008784 0.084223
v 0.007411 -0.008874 0.084413
v 0.004707 -0.010680 0.084547
v 0.004704 -0.010655 0.084326
v 0.004671 -0.010615 0.084757
v 0.004605 -0.010471 0.084914
v 0.004520 -0.010279 0.084987
v 0.004434 -0.010075 0.084962
v 0.004364 -0.009900 0.084843
v 0.004323 -0.009789 0.084654
v 0.004320 -0.009763 0.084433
v 0.004356 -0.009829 0.084223
v 0.004422 -0.009972 0.084066
v 0.004507 -0.010165 0.083993
v 0.004593 -0.010369 0.084018
v 0.004663 -0.010543 0.084137
v 0.004704 -0.010655 0.084326
v 0.001439 -0.011424 0.084419
v 0.001448 -0.011396 0.084198
v 0.001424 -0.011353 0.084630
v 0.001407 -0.011198 0.084789
v 0.001390 -0.010990 0.084865
v 0.001377 -0.010768 0.084842
v 0.001370 -0.010578 0.084726
v 0.001371 -0.010457 0.084539
v 0.001379 -0.010429 0.084318
v 0.001394 -0.010499 0.084107
v 0.001412 -0.010654 0.083948
v 0.001429 -0.010863 0.083872
v 0.001442 -0.011084 0.083894
v 0.001449 -0.011274 0.084011
v 0.001448 -0.011396 0.084198
v -0.002458 -0.011056 0.084203
v -0.002438 -0.011029 0.083983
v -0.002455 -0.010987 0.084415
v -0.002431 -0.010836 0.084577
v -0.002390 -0.010632 0.084656
v -0.002340 -0.010415 0.084637
v -0.002291 -0.010230 0.084523
v -0.002253 -0.010111 0.084338
v -0.002234 -0.010084 0.084118
v -0.002236 -0.010153 0.083906
v -0.002261 -0.010305 0.083745
v -0.002302 -0.010509 0.083666
v -0.002352 -0.010725 0.083685
v -0.002400 -0.010911 0.083798
v -0.002438 -0.011029 0.083983
v -0.006185 -0.009701 0.083955
v -0.006155 -0.009677 0.083736
v -0.006165 -0.009638 0.084168
v -0.006100 -0.009503 0.084333
v -0.006002 -0.009320 0.084415
v -0.005891 -0.009127 0.084401
v -0.005789 -0.008962 0.084291
v -0.005717 -0.008858 0.084108
v -0.005687 -0.008834 0.083889
v -0.005707 -0.008897 0.083676
v -0.005772 -0.009032 0.083511
v -0.005870 -0.009215 0.083429
v -0.005980 -0.009408 0.083443
v -0.006082 -0.009573 0.083553
v -0.006155 -0.009677 0.083736
v -0.008928 -0.007456 0.083730
v -0.008888 -0.007441 0.083511
v -0.008892 -0.007407 0.083944
v -0.008787 -0.007304 0.084112
v -0.008635 -0.007167 0.084200
v -0.008465 -0.007023 0.084190
v -0.008311 -0.006901 0.084084
v -0.008203 -0.006825 0.083905
v -0.008164 -0.006810 0.083686
v -0.008200 -0.006859 0.083471
v -0.008305 -0.006962 0.083304
v -0.008457 -0.007099 0.083216
v -0.008627 -0.007243 0.083226
v -0.008781 -0.007365 0.083332
v -0.008888 -0.007441 0.083511
v -0.010668 -0.004453 0.083513
v -0.010622 -0.004450 0.083295
v -0.010622 -0.004421 0.083729
v -0.010492 -0.004360 0.083899
v -0.010305 -0.004283 0.083991
v -0.010097 -0.004203 0.083986
v -0.009909 -0.004138 0.083885
v -0.009779 -0.004100 0.083708
v -0.009733 -0.004097 0.083490
v -0.009779 -0.004129 0.083275
v -0.009908 -0.004190 0.083104
v -0.010096 -0.004268 0.083012
v -0.010304 -0.004347 0.083017
v -0.010492 -0.004412 0.083118
v -0.010622 -0.004450 0.083295
v -0.011423 -0.000836 0.083289
v -0.011374 -0.000845 0.083072
v -0.011374 -0.000820 0.083506
v -0.011235 -0.000801 0.083679
v -0.011035 -0.000783 0.083774
v -0.010812 -0.000768 0.083773
v -0.010612 -0.000761 0.083676
v -0.010473 -0.000763 0.083501
v -0.010424 -0.000772 0.083284
v -0.010474 -0.000788 0.083068
v -0.010613 -0.000807 0.082894
v -0.010813 -0.000825 0.082799
v -0.011035 -0.000840 0.082800
v -0.011236 -0.000847 0.082897
v -0.011374 -0.000845 0.083072
v -0.011133 0.002885 0.083085
v -0.011085 0.002863 0.082869
v -0.011085 0.002885 0.083302
v -0.010950 0.002861 0.083478
v -0.010755 0.002818 0.083577
v -0.010539 0.002765 0.083580
v -0.010344 0.002712 0.083486
v -0.010209 0.002671 0.083313
v -0.010161 0.002648 0.083097
v -0.010209 0.002648 0.082879
v -0.010344 0.002672 0.082704
v -0.010539 0.002715 0.082605
v -0.010755 0.002768 0.082602
v -0.010950 0.002821 0.082696
v -0.011085 0.002863 0.082869
v -0.009724 0.006189 0.082930
v -0.009682 0.006152 0.082714
v -0.009683 0.006172 0.083148
v -0.009566 0.006106 0.083326
v -0.009396 0.006003 0.083428
v -0.009208 0.005885 0.083434
v -0.009037 0.005773 0.083342
v -0.008920 0.005692 0.083172
v -0.008877 0.005655 0.082956
v -0.008918 0.005672 0.082738
v -0.009036 0.005738 0.082560
v -0.009205 0.005841 0.082458
v -0.009394 0.005959 0.082452
v -0.009564 0.006070 0.082544
v -0.009682 0.006152 0.082714
v -0.007379 0.008853 0.082824
v -0.007346 0.008805 0.082609
v -0.007348 0.008824 0.083043
v -0.007261 0.008724 0.083222
v -0.007133 0.008573 0.083326
v -0.006991 0.008402 0.083334
v -0.006863 0.008243 0.083244
v -0.006774 0.008129 0.083075
v -0.006741 0.008081 0.082860
v -0.006772 0.008110 0.082641
v -0.006859 0.008210 0.082462
v -0.006987 0.008361 0.082358
v -0.007128 0.008532 0.082350
v -0.007257 0.008691 0.082440
v -0.007346 0.008805 0.082609
v -0.004286 0.010671 0.082766
v -0.004268 0.010615 0.082551
v -0.004267 0.010635 0.082985
v -0.004215 0.010514 0.083165
v -0.004140 0.010333 0.083270
v -0.004057 0.010126 0.083280
v -0.003982 0.009935 0.083192
v -0.003931 0.009799 0.083023
v -0.003913 0.009743 0.082809
v -0.003932 0.009778 0.082589
v -0.003984 0.009899 0.082410
v -0.004059 0.010081 0.082304
v -0.004142 0.010287 0.082295
v -0.004217 0.010478 0.082383
v -0.004268 0.010615 0.082551
v -0.000787 0.011497 0.082684
v -0.000791 0.011436 0.082470
v -0.000777 0.011459 0.082903
v -0.000760 0.011330 0.083084
v -0.000742 0.011136 0.083191
v -0.000726 0.010914 0.083202
v -0.000714 0.010709 0.083116
v -0.000710 0.010561 0.082949
v -0.000713 0.010500 0.082735
v -0.000724 0.010538 0.082516
v -0.000740 0.010667 0.082335
v -0.000758 0.010861 0.082228
v -0.000774 0.011083 0.082217
v -0.000786 0.011288 0.082303
v -0.000791 0.011436 0.082470
v 0.002789 0.011182 0.082506
v 0.002761 0.011124 0.082293
v 0.002791 0.011145 0.082725
v 0.002767 0.011020 0.082908
v 0.002722 0.010832 0.083018
v 0.002663 0.010617 0.083033
v 0.002604 0.010419 0.082950
v 0.002556 0.010276 0.082785
v 0.002528 0.010218 0.082572
v 0.002526 0.010255 0.082353
v 0.002550 0.010380 0.082170
v 0.002596 0.010568 0.082060
v 0.002654 0.010783 0.082045
v 0.002713 0.010981 0.082128
v 0.002761 0.011124 0.082293
v 0.006185 0.009549 0.082294
v 0.006136 0.009501 0.082082
v 0.006176 0.009518 0.082515
v 0.006110 0.009413 0.082700
v 0.006002 0.009254 0.082813
v 0.005872 0.009074 0.082832
v 0.005746 0.008908 0.082753
v 0.005649 0.008789 0.082592
v 0.005601 0.008741 0.082380
v 0.005610 0.008772 0.082159
v 0.005675 0.008877 0.081974
v 0.005784 0.009035 0.081861
v 0.005914 0.009215 0.081842
v 0.006040 0.009381 0.081921
v 0.006136 0.009501 0.082082
v 0.009130 0.006447 0.082115
v 0.009066 0.006414 0.081904
v 0.009112 0.006425 0.082336
v 0.009016 0.006351 0.082523
v 0.008862 0.006240 0.082639
v 0.008679 0.006115 0.082662
v 0.008504 0.006000 0.082586
v 0.008371 0.005918 0.082427
v 0.008307 0.005885 0.082216
v 0.008325 0.005908 0.081995
v 0.008421 0.005982 0.081808
v 0.008575 0.006092 0.081691
v 0.008758 0.006217 0.081669
v 0.008933 0.006332 0.081744
v 0.009066 0.006414 0.081904
v 0.010978 0.002429 0.081950
v 0.010904 0.002420 0.081740
v 0.010956 0.002415 0.082171
v 0.010843 0.002382 0.082360
v 0.010661 0.002335 0.082479
v 0.010445 0.002284 0.082505
v 0.010239 0.002240 0.082432
v 0.010084 0.002210 0.082275
v 0.010010 0.002202 0.082066
v 0.010031 0.002215 0.081844
v 0.010144 0.002249 0.081655
v 0.010327 0.002295 0.081536
v 0.010542 0.002346 0.081510
v 0.010748 0.002390 0.081583
v 0.010904 0.002420 0.081740
v 0.011068 -0.001926 0.081784
v 0.010993 -0.001907 0.081575
v 0.011046 -0.001932 0.082006
v 0.010931 -0.001923 0.082196
v 0.010746 -0.001901 0.082318
v 0.010527 -0.001871 0.082347
v 0.010318 -0.001838 0.082277
v 0.010160 -0.001809 0.082123
v 0.010085 -0.001789 0.081914
v 0.010107 -0.001783 0.081693
v 0.010222 -0.001792 0.081502
v 0.010407 -0.001814 0.081380
v 0.010626 -0.001844 0.081351
v 0.010835 -0.001877 0.081421
v 0.010993 -0.001907 0.081575
v 0.009814 -0.005881 0.081607
v 0.009748 -0.005835 0.081400
v 0.009794 -0.005883 0.081829
v 0.009690 -0.005839 0.082021
v 0.009523 -0.005760 0.082146
v 0.009327 -0.005659 0.082179
v 0.009140 -0.005558 0.082112
v 0.008999 -0.005477 0.081960
v 0.008932 -0.005430 0.081753
v 0.008953 -0.005429 0.081531
v 0.009056 -0.005472 0.081338
v 0.009223 -0.005552 0.081214
v 0.009419 -0.005652 0.081181
v 0.009607 -0.005753 0.081248
v 0.009748 -0.005835 0.081400
v 0.007619 -0.008751 0.081408
v 0.007574 -0.008678 0.081202
v 0.007600 -0.008751 0.081630
v 0.007519 -0.008678 0.081824
v 0.007393 -0.008547 0.081953
v 0.007247 -0.008383 0.081990
v 0.007110 -0.008219 0.081929
v 0.007008 -0.008087 0.081780
v 0.006962 -0.008014 0.081575
v 0.006982 -0.008013 0.081353
v 0.007063 -0.008086 0.081158
v 0.007188 -0.008218 0.081030
v 0.007335 -0.008382 0.080993
v 0.007472 -0.008546 0.081054
v 0.007574 -0.008678 0.081202
v 0.004480 -0.010525 0.081132
v 0.004467 -0.010433 0.080930
v 0.004460 -0.010525 0.081354
v 0.004409 -0.010435 0.081551
v 0.004338 -0.010271 0.081685
v 0.004262 -0.010067 0.081728
v 0.004194 -0.009862 0.081673
v 0.004149 -0.009697 0.081530
v 0.004135 -0.009605 0.081328
v 0.004156 -0.009604 0.081106
v 0.004206 -0.009695 0.080908
v 0.004277 -0.009858 0.080775
v 0.004354 -0.010063 0.080731
v 0.004421 -0.010268 0.080787
v 0.004467 -0.010433 0.080930
v 0.000394 -0.011218 0.080727
v 0.000417 -0.011121 0.080528
v 0.000374 -0.011219 0.080949
v 0.000359 -0.011123 0.081149
v 0.000352 -0.010950 0.081289
v 0.000356 -0.010733 0.081340
v 0.000369 -0.010516 0.081292
v 0.000389 -0.010341 0.081155
v 0.000411 -0.010243 0.080956
v 0.000432 -0.010243 0.080734
v 0.000447 -0.010338 0.080534
v 0.000453 -0.010512 0.080394
v 0.000449 -0.010729 0.080343
v 0.000436 -0.010946 0.080391
v 0.000417 -0.011121 0.080528
v -0.002704 -0.010450 0.080457
v -0.002663 -0.010355 0.080259
v -0.002724 -0.010451 0.080679
v -0.002718 -0.010358 0.080881
v -0.002688 -0.010190 0.081024
v -0.002640 -0.009979 0.081079
v -0.002583 -0.009768 0.081036
v -0.002529 -0.009598 0.080902
v -0.002488 -0.009504 0.080704
v -0.002468 -0.009503 0.080482
v -0.002474 -0.009595 0.080280
v -0.002504 -0.009764 0.080137
v -0.002552 -0.009974 0.080082
v -0.002609 -0.010185 0.080126
v -0.002663 -0.010355 0.080259
v 0.000000 0.028323 -0.073649
v 0.000000 0.030155 -0.069506
v 0.005883 0.029575 -0.069506
v 0.005525 0.027778 -0.073649
v 0.011540 0.027859 -0.069506
v 0.010839 0.026167 -0.073649
v 0.016753 0.025073 -0.069506
v 0.015735 0.023549 -0.073649
v 0.021323 0.021323 -0.069506
v 0.020027 0.020027 -0.073649
v 0.020027 0.020027 -0.073649
v 0.021323 0.021323 -0.069506
v 0.025073 0.016753 -0.069506
v 0.023550 0.015735 -0.073649
v 0.027859 0.011540 -0.069506
v 0.026167 0.010839 -0.073649
v 0.029575 0.005883 -0.069506
v 0.027778 0.005525 -0.073649
v 0.030155 -0.000000 -0.069506
v 0.028323 -0.000000 -0.073649
v 0.029575 -0.005883 -0.069506
v 0.027778 -0.005526 -0.073649
v 0.027859 -0.011540 -0.069506
v 0.026167 -0.010839 -0.073649
v 0.025073 -0.016753 -0.069506
v 0.023550 -0.015735 -0.073649
v 0.021323 -0.021323 -0.069506
v 0.020027 -0.020027 -0.073649
v 0.016753 -0.025073 -0.069506
v 0.015735 -0.023550 -0.073649
v 0.011540 -0.027860 -0.069506
v 0.010839 -0.026167 -0.073649
v 0.005883 -0.029576 -0.069506
v 0.005525 -0.027779 -0.073649
v -0.000000 -0.030155 -0.069506
v -0.000000 -0.028323 -0.073649
v -0.005883 -0.029576 -0.069506
v -0.005525 -0.027779 -0.073649
v -0.011540 -0.027860 -0.069506
v -0.010839 -0.026167 -0.073649
v -0.016753 -0.025073 -0.069506
v -0.015735 -0.023550 -0.073649
v -0.021323 -0.021323 -0.069506
v -0.020027 -0.020027 -0.073649
v -0.020027 -0.020027 -0.073649
v -0.021323 -0.021323 -0.069506
v -0.025073 -0.016753 -0.069506
v -0.023550 -0.015735 -0.073649
v -0.027860 -0.011540 -0.069506
v -0.026167 -0.010839 -0.073649
v -0.029575 -0.005883 -0.069506
v -0.027778 -0.005525 -0.073649
v -0.030155 0.000000 -0.069506
v -0.028323 0.000000 -0.073649
v -0.029575 0.005883 -0.069506
v -0.027778 0.005525 -0.073649
v -0.027859 0.011540 -0.069506
v -0.026167 0.010839 -0.073649
v -0.025073 0.016753 -0.069506
v -0.023549 0.015735 -0.073649
v -0.021323 0.021323 -0.069506
v -0.020027 0.020027 -0.073649
v -0.016753 0.025073 -0.069506
v -0.015735 0.023550 -0.073649
v -0.011540 0.027859 -0.069506
v -0.010839 0.026167 -0.073649
v -0.005883 0.029575 -0.069506
v -0.005525 0.027778 -0.073649
v -0.004996 -0.025116 -0.112858
v -0.009800 -0.023659 -0.112858
v -0.008351 -0.020161 -0.118366
v -0.004257 -0.021403 -0.118366
v -0.023659 0.009800 -0.112858
v -0.021293 0.014227 -0.112858
v -0.018145 0.012124 -0.118366
v -0.020161 0.008351 -0.118366
v 0.018108 0.018108 -0.112858
v 0.021293 0.014227 -0.112858
v 0.018145 0.012124 -0.118366
v 0.015431 0.015431 -0.118366
v 0.014227 -0.021293 -0.112858
v 0.009800 -0.023659 -0.112858
v 0.008351 -0.020161 -0.118366
v 0.012124 -0.018145 -0.118366
v -0.023659 -0.009800 -0.112858
v -0.025116 -0.004996 -0.112858
v -0.021403 -0.004257 -0.118366
v -0.020161 -0.008351 -0.118366
v 0.000000 0.025609 -0.112858
v 0.004996 0.025116 -0.112858
v 0.004257 0.021403 -0.118366
v 0.000000 0.021822 -0.118366
v -0.004996 0.025116 -0.112858
v -0.004257 0.021403 -0.118366
v 0.025116 -0.004996 -0.112858
v 0.023659 -0.009800 -0.112858
v 0.020161 -0.008351 -0.118366
v 0.021403 -0.004257 -0.118366
v -0.014227 -0.021293 -0.112858
v -0.012124 -0.018145 -0.118366
v -0.018108 0.018108 -0.112858
v -0.015431 0.015431 -0.118366
v 0.023659 0.009800 -0.112858
v 0.020161 0.008351 -0.118366
v 0.004996 -0.025116 -0.112858
v 0.004257 -0.021403 -0.118366
v -0.025609 -0.000000 -0.112858
v -0.021822 -0.000000 -0.118366
v 0.009800 0.023659 -0.112858
v 0.008351 0.020161 -0.118366
v 0.021293 -0.014227 -0.112858
v 0.018145 -0.012124 -0.118366
v -0.018108 -0.018108 -0.112858
v -0.015431 -0.015431 -0.118366
v -0.014227 0.021293 -0.112858
v -0.012124 0.018145 -0.118366
v 0.025116 0.004996 -0.112858
v 0.021403 0.004257 -0.118366
v -0.000000 -0.025609 -0.112858
v -0.000000 -0.021822 -0.118366
v -0.025116 0.004996 -0.112858
v -0.021403 0.004257 -0.118366
v 0.014227 0.021293 -0.112858
v 0.012124 0.018145 -0.118366
v 0.018108 -0.018108 -0.112858
v 0.015431 -0.015431 -0.118366
v -0.018108 -0.018108 -0.112858
v -0.021293 -0.014227 -0.112858
v -0.018145 -0.012124 -0.118366
v -0.015431 -0.015431 -0.118366
v -0.009800 0.023659 -0.112858
v -0.008351 0.020161 -0.118366
v 0.025609 -0.000000 -0.112858
v 0.021822 -0.000000 -0.118366
v 0.018108 0.018108 -0.112858
v 0.015431 0.015431 -0.118366
v -0.021403 -0.004257 -0.118366
v -0.021822 -0.000000 -0.118366
v -0.018299 -0.000000 -0.120000
v -0.017947 -0.003570 -0.120000
v 0.020161 -0.008351 -0.118366
v 0.018145 -0.012124 -0.118366
v 0.015215 -0.010166 -0.120000
v 0.016906 -0.007003 -0.120000
v -0.021403 0.004257 -0.118366
v -0.017947 0.003570 -0.120000
v 0.015431 -0.015431 -0.118366
v 0.012939 -0.012939 -0.120000
v -0.020161 0.008351 -0.118366
v -0.016906 0.007003 -0.120000
v 0.012124 -0.018145 -0.118366
v 0.010166 -0.015215 -0.120000
v -0.018145 0.012124 -0.118366
v -0.015215 0.010166 -0.120000
v 0.008351 -0.020161 -0.118366
v 0.007003 -0.016906 -0.120000
v 0.000000 0.021822 -0.118366
v 0.004257 0.021403 -0.118366
v 0.003570 0.017947 -0.120000
v 0.000000 0.018298 -0.120000
v -0.015431 0.015431 -0.118366
v -0.012939 0.012939 -0.120000
v 0.004257 -0.021403 -0.118366
v 0.003570 -0.017947 -0.120000
v 0.008351 0.020161 -0.118366
v 0.007003 0.016906 -0.120000
v -0.012124 0.018145 -0.118366
v -0.010166 0.015215 -0.120000
v -0.000000 -0.021822 -0.118366
v -0.000000 -0.018299 -0.120000
v 0.012124 0.018145 -0.118366
v 0.010166 0.015215 -0.120000
v -0.008351 0.020161 -0.118366
v -0.007003 0.016906 -0.120000
v -0.004257 -0.021403 -0.118366
v -0.003570 -0.017947 -0.120000
v 0.015431 0.015431 -0.118366
v 0.012939 0.012939 -0.120000
v -0.004257 0.021403 -0.118366
v -0.003570 0.017947 -0.120000
v -0.008351 -0.020161 -0.118366
v -0.007003 -0.016906 -0.120000
v 0.018145 0.012124 -0.118366
v 0.015215 0.010166 -0.120000
v -0.012124 -0.018145 -0.118366
v -0.010166 -0.015215 -0.120000
v 0.020161 0.008351 -0.118366
v 0.016906 0.007003 -0.120000
v -0.015431 -0.015431 -0.118366
v -0.012939 -0.012939 -0.120000
v 0.021403 0.004257 -0.118366
v 0.017947 0.003570 -0.120000
v -0.018145 -0.012124 -0.118366
v -0.015215 -0.010166 -0.120000
v 0.021822 -0.000000 -0.118366
v 0.018299 -0.000000 -0.120000
v -0.020161 -0.008351 -0.118366
v -0.016906 -0.007003 -0.120000
v 0.021403 -0.004257 -0.118366
v 0.017947 -0.003570 -0.120000
v -0.016906 0.007003 -0.120000
v -0.015215 0.010166 -0.120000
v -0.009074 0.006063 -0.118366
v -0.010083 0.004177 -0.118366
v 0.010166 -0.015215 -0.120000
v 0.007003 -0.016906 -0.120000
v 0.004177 -0.010083 -0.118366
v 0.006063 -0.009075 -0.118366
v 0.000000 0.018298 -0.120000
v 0.003570 0.017947 -0.120000
v 0.002129 0.010704 -0.118366
v 0.000000 0.010914 -0.118366
v -0.012939 0.012939 -0.120000
v -0.007717 0.007717 -0.118366
v 0.003570 -0.017947 -0.120000
v 0.002129 -0.010704 -0.118366
v 0.007003 0.016906 -0.120000
v 0.004177 0.010083 -0.118366
v -0.010166 0.015215 -0.120000
v -0.006063 0.009074 -0.118366
v -0.000000 -0.018299 -0.120000
v -0.000000 -0.010914 -0.118366
v 0.010166 0.015215 -0.120000
v 0.006063 0.009074 -0.118366
v -0.007003 0.016906 -0.120000
v -0.004177 0.010083 -0.118366
v -0.003570 -0.017947 -0.120000
v -0.002129 -0.010704 -0.118366
v 0.012939 0.012939 -0.120000
v 0.007717 0.007717 -0.118366
v -0.003570 0.017947 -0.120000
v -0.002129 0.010704 -0.118366
v -0.007003 -0.016906 -0.120000
v -0.004177 -0.010083 -0.118366
v 0.015215 0.010166 -0.120000
v 0.009074 0.006063 -0.118366
v -0.010166 -0.015215 -0.120000
v -0.006063 -0.009075 -0.118366
v 0.016906 0.007003 -0.120000
v 0.010083 0.004177 -0.118366
v -0.012939 -0.012939 -0.120000
v -0.007717 -0.007717 -0.118366
v 0.017947 0.003570 -0.120000
v 0.010704 0.002129 -0.118366
v -0.015215 -0.010166 -0.120000
v -0.009074 -0.006063 -0.118366
v 0.018299 -0.000000 -0.120000
v 0.010914 -0.000000 -0.118366
v -0.016906 -0.007003 -0.120000
v -0.010083 -0.004177 -0.118366
v 0.017947 -0.003570 -0.120000
v 0.010704 -0.002129 -0.118366
v -0.017947 -0.003570 -0.120000
v -0.010704 -0.002129 -0.118366
v 0.016906 -0.007003 -0.120000
v 0.010083 -0.004177 -0.118366
v -0.018299 -0.000000 -0.120000
v -0.010914 -0.000000 -0.118366
v 0.015215 -0.010166 -0.120000
v 0.009074 -0.006063 -0.118366
v -0.017947 0.003570 -0.120000
v -0.010704 0.002129 -0.118366
v 0.012939 -0.012939 -0.120000
v 0.007717 -0.007717 -0.118366
v -0.006063 0.009074 -0.118366
v -0.004177 0.010083 -0.118366
v -0.002509 0.006058 -0.116423
v -0.003643 0.005452 -0.116423
v -0.000000 -0.010914 -0.118366
v -0.002129 -0.010704 -0.118366
v -0.001279 -0.006431 -0.116423
v 0.000000 -0.006557 -0.116423
v 0.006063 0.009074 -0.118366
v 0.007717 0.007717 -0.118366
v 0.004637 0.004637 -0.116423
v 0.003643 0.005452 -0.116423
v -0.002129 0.010704 -0.118366
v -0.001279 0.006431 -0.116423
v -0.004177 -0.010083 -0.118366
v -0.002509 -0.006058 -0.116423
v 0.007717 0.007717 -0.118366
v 0.009074 0.006063 -0.118366
v 0.005452 0.003643 -0.116423
v 0.000000 0.010914 -0.118366
v 0.000000 0.006557 -0.116423
v -0.006063 -0.009075 -0.118366
v -0.003643 -0.005452 -0.116423
v 0.010083 0.004177 -0.118366
v 0.006058 0.002509 -0.116423
v -0.007717 -0.007717 -0.118366
v -0.004637 -0.004637 -0.116423
v 0.010704 0.002129 -0.118366
v 0.006431 0.001279 -0.116423
v -0.007717 -0.007717 -0.118366
v -0.009074 -0.006063 -0.118366
v -0.005452 -0.003643 -0.116423
v 0.010914 -0.000000 -0.118366
v 0.006557 -0.000000 -0.116423
v -0.010083 -0.004177 -0.118366
v -0.006058 -0.002509 -0.116423
v 0.010704 -0.002129 -0.118366
v 0.006431 -0.001279 -0.116423
v -0.010704 -0.002129 -0.118366
v -0.006431 -0.001279 -0.116423
v 0.010083 -0.004177 -0.118366
v 0.006058 -0.002509 -0.116423
v -0.010914 -0.000000 -0.118366
v -0.006557 -0.000000 -0.116423
v 0.009074 -0.006063 -0.118366
v 0.005452 -0.003643 -0.116423
v -0.010704 0.002129 -0.118366
v -0.006431 0.001279 -0.116423
v 0.007717 -0.007717 -0.118366
v 0.004637 -0.004637 -0.116423
v -0.010083 0.004177 -0.118366
v -0.006058 0.002509 -0.116423
v 0.006063 -0.009075 -0.118366
v 0.003643 -0.005452 -0.116423
v -0.009074 0.006063 -0.118366
v -0.005452 0.003643 -0.116423
v 0.004177 -0.010083 -0.118366
v 0.002509 -0.006058 -0.116423
v 0.002129 0.010704 -0.118366
v 0.001279 0.006431 -0.116423
v -0.007717 0.007717 -0.118366
v -0.004637 0.004637 -0.116423
v 0.002129 -0.010704 -0.118366
v 0.001279 -0.006431 -0.116423
v 0.004177 0.010083 -0.118366
v 0.002509 0.006058 -0.116423
v 0.002767 -0.002767 -0.116048
v 0.003253 -0.002174 -0.116048
v -0.003913 -0.000000 -0.116048
v -0.003837 -0.000763 -0.116048
v -0.003615 0.001497 -0.116048
v -0.003837 0.000763 -0.116048
v 0.003615 -0.001497 -0.116048
v -0.003615 -0.001497 -0.116048
v 0.003837 -0.000763 -0.116048
v 0.003913 -0.000000 -0.116048
v -0.003253 -0.002174 -0.116048
v 0.003837 0.000763 -0.116048
v -0.002767 -0.002767 -0.116048
v 0.003615 0.001497 -0.116048
v -0.002174 -0.003253 -0.116048
v 0.003253 0.002174 -0.116048
v -0.001497 -0.003615 -0.116048
v 0.000000 0.003913 -0.116048
v -0.000763 0.003837 -0.116048
v 0.002767 0.002767 -0.116048
v -0.000763 -0.003837 -0.116048
v 0.002174 -0.003253 -0.116048
v -0.001497 0.003615 -0.116048
v 0.002174 0.003253 -0.116048
v 0.000000 -0.003913 -0.116048
v -0.002174 0.003253 -0.116048
v 0.001497 0.003615 -0.116048
v 0.000763 -0.003837 -0.116048
v -0.002767 0.002767 -0.116048
v 0.000763 0.003837 -0.116048
v 0.001497 -0.003615 -0.116048
v -0.003253 0.002174 -0.116048
v 0.030361 -0.000000 -0.050355
v 0.029777 0.005923 -0.050355
v 0.029731 0.005914 -0.040658
v 0.030313 -0.000000 -0.040658
v -0.005923 -0.029777 -0.050355
v -0.000000 -0.030361 -0.050355
v -0.000000 -0.030313 -0.040658
v -0.005914 -0.029731 -0.040658
v -0.028050 0.011618 -0.050355
v -0.029777 0.005923 -0.050355
v -0.029731 0.005914 -0.040658
v -0.028006 0.011600 -0.040658
v 0.021468 0.021468 -0.050355
v 0.016867 0.025244 -0.050355
v 0.016841 0.025205 -0.040658
v 0.021435 0.021435 -0.040658
v 0.016867 -0.025244 -0.050355
v 0.021468 -0.021468 -0.050355
v 0.021435 -0.021435 -0.040658
v 0.016841 -0.025205 -0.040658
v -0.028050 -0.011618 -0.050355
v -0.025244 -0.016867 -0.050355
v -0.025205 -0.016841 -0.040658
v -0.028006 -0.011600 -0.040658
v -0.005923 0.029777 -0.050355
v -0.011618 0.028050 -0.050355
v -0.011600 0.028006 -0.040658
v -0.005914 0.029731 -0.040658
v 0.029777 -0.005923 -0.050355
v 0.029731 -0.005914 -0.040658
v -0.011618 -0.028050 -0.050355
v -0.011600 -0.028006 -0.040658
v -0.025244 0.016867 -0.050355
v -0.025205 0.016841 -0.040658
v 0.025244 0.016867 -0.050355
v 0.021468 0.021468 -0.050355
v 0.021435 0.021435 -0.040658
v 0.025205 0.016841 -0.040658
v 0.011618 -0.028050 -0.050355
v 0.011600 -0.028006 -0.040658
v -0.029777 -0.005923 -0.050355
v -0.029731 -0.005914 -0.040658
v 0.005923 0.029777 -0.050355
v 0.000000 0.030361 -0.050355
v 0.000000 0.030313 -0.040658
v 0.005914 0.029731 -0.040658
v 0.028050 -0.011618 -0.050355
v 0.028006 -0.011600 -0.040658
v -0.016867 -0.025244 -0.050355
v -0.016841 -0.025205 -0.040658
v -0.021468 0.021468 -0.050355
v -0.021435 0.021435 -0.040658
v 0.028050 0.011618 -0.050355
v 0.028006 0.011600 -0.040658
v 0.005923 -0.029777 -0.050355
v 0.005914 -0.029731 -0.040658
v -0.030361 0.000000 -0.050355
v -0.030313 0.000000 -0.040658
v 0.011618 0.028050 -0.050355
v 0.011600 0.028006 -0.040658
v 0.025244 -0.016867 -0.050355
v 0.025205 -0.016841 -0.040658
v -0.021468 -0.021468 -0.050355
v -0.021435 -0.021435 -0.040658
v -0.016867 0.025244 -0.050355
v -0.016841 0.025205 -0.040658
v -0.021468 -0.021468 -0.050355
v -0.021435 -0.021435 -0.040658
v 0.005851 0.029415 -0.021930
v 0.000000 0.029991 -0.021930
v -0.000000 0.027437 -0.017490
v 0.005353 0.026909 -0.017490
v -0.021207 0.021207 -0.021930
v -0.024936 0.016662 -0.021930
v -0.022813 0.015243 -0.017490
v -0.019401 0.019401 -0.017490
v 0.005851 -0.029415 -0.021930
v 0.011477 -0.027708 -0.021930
v 0.010500 -0.025348 -0.017490
v 0.005353 -0.026909 -0.017490
v 0.011477 0.027708 -0.021930
v 0.010500 0.025348 -0.017490
v -0.016662 0.024937 -0.021930
v -0.015243 0.022813 -0.017490
v -0.000000 -0.029991 -0.021930
v -0.000000 -0.027437 -0.017490
v 0.016662 0.024936 -0.021930
v 0.015243 0.022813 -0.017490
v -0.011477 0.027708 -0.021930
v -0.010499 0.025348 -0.017490
v -0.005851 -0.029415 -0.021930
v -0.005353 -0.026909 -0.017490
v 0.021207 0.021207 -0.021930
v 0.019401 0.019401 -0.017490
v -0.005851 0.029415 -0.021930
v -0.005353 0.026909 -0.017490
v -0.011477 -0.027708 -0.021930
v -0.010500 -0.025348 -0.017490
v 0.024936 0.016662 -0.021930
v 0.021207 0.021207 -0.021930
v 0.019401 0.019401 -0.017490
v 0.022813 0.015243 -0.017490
v -0.016662 -0.024936 -0.021930
v -0.015243 -0.022813 -0.017490
v 0.027708 0.011477 -0.021930
v 0.025348 0.010500 -0.017490
v -0.021207 -0.021207 -0.021930
v -0.019401 -0.019401 -0.017490
v 0.029415 0.005851 -0.021930
v 0.026909 0.005353 -0.017490
v -0.024937 -0.016662 -0.021930
v -0.021207 -0.021207 -0.021930
v -0.019401 -0.019401 -0.017490
v -0.022813 -0.015243 -0.017490
v 0.029991 -0.000000 -0.021930
v 0.027437 -0.000000 -0.017490
v -0.027708 -0.011477 -0.021930
v -0.025348 -0.010500 -0.017490
v 0.029415 -0.005851 -0.021930
v 0.026909 -0.005353 -0.017490
v -0.029415 -0.005851 -0.021930
v -0.026909 -0.005353 -0.017490
v 0.027708 -0.011477 -0.021930
v 0.025348 -0.010500 -0.017490
v -0.029991 0.000000 -0.021930
v -0.027437 0.000000 -0.017490
v 0.024936 -0.016662 -0.021930
v 0.022813 -0.015243 -0.017490
v -0.029415 0.005851 -0.021930
v -0.026909 0.005353 -0.017490
v 0.021207 -0.021207 -0.021930
v 0.019401 -0.019401 -0.017490
v -0.027708 0.011477 -0.021930
v -0.025348 0.010500 -0.017490
v 0.016662 -0.024937 -0.021930
v 0.015243 -0.022813 -0.017490
v 0.021503 0.021503 0.017218
v 0.016895 0.025285 0.017218
v 0.015243 0.022813 0.023286
v 0.019401 0.019401 0.023286
v -0.005933 0.029825 0.017218
v -0.011637 0.028095 0.017218
v -0.010499 0.025348 0.023286
v -0.005353 0.026909 0.023286
v -0.011637 -0.028095 0.017218
v -0.005933 -0.029825 0.017218
v -0.005353 -0.026909 0.023286
v -0.010500 -0.025348 0.023286
v 0.025285 0.016895 0.017218
v 0.021503 0.021503 0.017218
v 0.019401 0.019401 0.023286
v 0.022813 0.015243 0.023286
v 0.000000 0.030410 0.017218
v -0.000000 0.027437 0.023286
v -0.016895 -0.025285 0.017218
v -0.015243 -0.022813 0.023286
v 0.028095 0.011637 0.017218
v 0.025348 0.010500 0.023286
v -0.021503 -0.021503 0.017218
v -0.019401 -0.019401 0.023286
v 0.029825 0.005933 0.017218
v 0.026909 0.005353 0.023286
v -0.025285 -0.016895 0.017218
v -0.021503 -0.021503 0.017218
v -0.019401 -0.019401 0.023286
v -0.022813 -0.015243 0.023286
v 0.030410 -0.000000 0.017218
v 0.027437 -0.000000 0.023286
v -0.028095 -0.011637 0.017218
v -0.025348 -0.010500 0.023286
v 0.029825 -0.005933 0.017218
v 0.026909 -0.005353 0.023286
v -0.029825 -0.005933 0.017218
v -0.026909 -0.005353 0.023286
v 0.028095 -0.011637 0.017218
v 0.025348 -0.010500 0.023286
v -0.030410 0.000000 0.017218
v -0.027437 0.000000 0.023286
v 0.025285 -0.016895 0.017218
v 0.022813 -0.015243 0.023286
v -0.029825 0.005933 0.017218
v -0.026909 0.005353 0.023286
v 0.021503 -0.021503 0.017218
v 0.019401 -0.019401 0.023286
v -0.028095 0.011637 0.017218
v -0.025348 0.010500 0.023286
v 0.016895 -0.025285 0.017218
v 0.015243 -0.022813 0.023286
v -0.025285 0.016895 0.017218
v -0.022813 0.015243 0.023286
v 0.011637 -0.028095 0.017218
v 0.010500 -0.025348 0.023286
v 0.005933 0.029825 0.017218
v 0.005353 0.026909 0.023286
v -0.021503 0.021503 0.017218
v -0.019401 0.019401 0.023286
v 0.005933 -0.029825 0.017218
v 0.005353 -0.026909 0.023286
v 0.011637 0.028095 0.017218
v 0.010500 0.025348 0.023286
v -0.016895 0.025285 0.017218
v -0.015243 0.022813 0.023286
v -0.000000 -0.030410 0.017218
v -0.000000 -0.027437 0.023286
v 0.028427 0.005654 0.042193
v 0.026778 0.011092 0.042193
v 0.025326 0.010490 0.048911
v 0.026886 0.005348 0.048911
v -0.024099 -0.016103 0.042193
v -0.020495 -0.020495 0.042193
v -0.019384 -0.019384 0.048911
v -0.022793 -0.015230 0.048911
v 0.028984 0.000000 0.042193
v 0.027413 0.000000 0.048911
v -0.026778 -0.011092 0.042193
v -0.025326 -0.010490 0.048911
v 0.028427 -0.005654 0.042193
v 0.026886 -0.005348 0.048911
v -0.028427 -0.005654 0.042193
v -0.026886 -0.005348 0.048911
v 0.026778 -0.011092 0.042193
v 0.025326 -0.010490 0.048911
v -0.028984 0.000000 0.042193
v -0.027413 0.000000 0.048911
v 0.024099 -0.016103 0.042193
v 0.022793 -0.015230 0.048911
v -0.028427 0.005655 0.042193
v -0.026886 0.005348 0.048911
v 0.020495 -0.020495 0.042193
v 0.019384 -0.019384 0.048911
v -0.026778 0.011092 0.042193
v -0.025326 0.010490 0.048911
v 0.016103 -0.024099 0.042193
v 0.015230 -0.022793 0.048911
v -0.024099 0.016103 0.042193
v -0.022793 0.015230 0.048911
v 0.011092 -0.026778 0.042193
v 0.010490 -0.025326 0.048911
v 0.005654 0.028427 0.042193
v 0.000000 0.028984 0.042193
v 0.000000 0.027413 0.048911
v 0.005348 0.026886 0.048911
v -0.020495 0.020495 0.042193
v -0.019384 0.019384 0.048911
v 0.005654 -0.028427 0.042193
v 0.005348 -0.026886 0.048911
v 0.011092 0.026778 0.042193
v 0.010490 0.025326 0.048911
v -0.016103 0.024099 0.042193
v -0.015230 0.022793 0.048911
v -0.000000 -0.028984 0.042193
v -0.000000 -0.027413 0.048911
v 0.016103 0.024099 0.042193
v 0.015230 0.022793 0.048911
v -0.011092 0.026778 0.042193
v -0.010490 0.025326 0.048911
v -0.005655 -0.028427 0.042193
v -0.005348 -0.026886 0.048911
v 0.020495 0.020495 0.042193
v 0.019384 0.019384 0.048911
v -0.005654 0.028427 0.042193
v -0.005348 0.026886 0.048911
v -0.011092 -0.026778 0.042193
v -0.010490 -0.025326 0.048911
v 0.024099 0.016103 0.042193
v 0.020495 0.020495 0.042193
v 0.019384 0.019384 0.048911
v 0.022793 0.015230 0.048911
v -0.016103 -0.024099 0.042193
v -0.015230 -0.022793 0.048911
v -0.020495 -0.020495 0.042193
v -0.019384 -0.019384 0.048911
v 0.021797 -0.009029 0.056199
v 0.023139 -0.004603 0.056199
v 0.018747 -0.003729 0.062421
v 0.017659 -0.007315 0.062421
v -0.023593 0.000000 0.056199
v -0.023139 -0.004603 0.056199
v -0.018747 -0.003729 0.062421
v -0.019114 0.000000 0.062421
v 0.019617 -0.013107 0.056199
v 0.015893 -0.010619 0.062421
v -0.023139 0.004603 0.056199
v -0.018747 0.003729 0.062421
v 0.016683 -0.016683 0.056199
v 0.013515 -0.013515 0.062421
v -0.021797 0.009029 0.056199
v -0.017659 0.007315 0.062421
v 0.013107 -0.019617 0.056199
v 0.010619 -0.015893 0.062421
v -0.019617 0.013107 0.056199
v -0.015893 0.010619 0.062421
v 0.009029 -0.021797 0.056199
v 0.007315 -0.017659 0.062421
v 0.004603 0.023139 0.056199
v 0.000000 0.023593 0.056199
v 0.000000 0.019114 0.062421
v 0.003729 0.018747 0.062421
v -0.016683 0.016683 0.056199
v -0.013515 0.013516 0.062421
v 0.004603 -0.023139 0.056199
v 0.003729 -0.018747 0.062421
v 0.009029 0.021797 0.056199
v 0.007315 0.017659 0.062421
v -0.013107 0.019617 0.056199
v -0.010619 0.015893 0.062421
v -0.000000 -0.023593 0.056199
v -0.000000 -0.019114 0.062421
v 0.013107 0.019617 0.056199
v 0.010619 0.015893 0.062421
v -0.009029 0.021797 0.056199
v -0.007315 0.017659 0.062421
v -0.004603 -0.023139 0.056199
v -0.003729 -0.018747 0.062421
v 0.016683 0.016683 0.056199
v 0.013515 0.013515 0.062421
v -0.004603 0.023139 0.056199
v -0.003729 0.018747 0.062421
v -0.009029 -0.021797 0.056199
v -0.007315 -0.017659 0.062421
v 0.019617 0.013107 0.056199
v 0.016683 0.016683 0.056199
v 0.013515 0.013515 0.062421
v 0.015893 0.010619 0.062421
v -0.013107 -0.019617 0.056199
v -0.010619 -0.015893 0.062421
v 0.021797 0.009029 0.056199
v 0.017659 0.007315 0.062421
v -0.016683 -0.016683 0.056199
v -0.013515 -0.013515 0.062421
v 0.023139 0.004603 0.056199
v 0.018747 0.003729 0.062421
v -0.019617 -0.013107 0.056199
v -0.016683 -0.016683 0.056199
v -0.013515 -0.013515 0.062421
v -0.015893 -0.010619 0.062421
v 0.023593 0.000000 0.056199
v 0.019114 0.000000 0.062421
v -0.021797 -0.009029 0.056199
v -0.017659 -0.007315 0.062421
v 0.009950 -0.009950 0.068010
v 0.007818 -0.011700 0.068010
v -0.013001 0.005385 0.068010
v -0.011700 0.007818 0.068010
v 0.005385 -0.013001 0.068010
v 0.000000 0.014072 0.068010
v 0.002745 0.013801 0.068010
v -0.009950 0.009950 0.068010
v 0.002745 -0.013801 0.068010
v 0.005385 0.013001 0.068010
v -0.007818 0.011700 0.068010
v -0.000000 -0.014072 0.068010
v 0.007818 0.011700 0.068010
v -0.005385 0.013001 0.068010
v -0.002745 -0.013801 0.068010
v 0.009950 0.009950 0.068010
v -0.002745 0.013801 0.068010
v -0.005385 -0.013001 0.068010
v 0.009950 0.009950 0.068010
v 0.011700 0.007818 0.068010
v -0.007818 -0.011700 0.068010
v 0.013001 0.005385 0.068010
v -0.009950 -0.009950 0.068010
v 0.013801 0.002745 0.068010
v -0.009950 -0.009950 0.068010
v -0.011700 -0.007818 0.068010
v 0.014072 0.000000 0.068010
v -0.013001 -0.005385 0.068010
v 0.013801 -0.002745 0.068010
v -0.013801 -0.002745 0.068010
v 0.013001 -0.005385 0.068010
v -0.014072 0.000000 0.068010
v 0.011700 -0.007818 0.068010
v -0.013801 0.002745 0.068010
v 0.011512 -0.027792 -0.032665
v 0.016713 -0.025012 -0.032665
v -0.025012 0.016713 -0.032665
v -0.027792 0.011512 -0.032665
v 0.021271 -0.021271 -0.032665
v -0.029504 0.005869 -0.032665
v 0.025012 -0.016713 -0.032665
v -0.030082 0.000000 -0.032665
v 0.027792 -0.011512 -0.032665
v -0.029504 -0.005869 -0.032665
v 0.029504 -0.005869 -0.032665
v -0.027792 -0.011512 -0.032665
v 0.030082 -0.000000 -0.032665
v -0.025012 -0.016713 -0.032665
v 0.029504 0.005869 -0.032665
v -0.021271 -0.021271 -0.032665
v 0.027792 0.011512 -0.032665
v -0.021271 -0.021271 -0.032665
v -0.016713 -0.025012 -0.032665
v 0.025012 0.016713 -0.032665
v -0.011512 -0.027792 -0.032665
v 0.000000 0.030082 -0.032665
v -0.005869 0.029504 -0.032665
v 0.021271 0.021271 -0.032665
v -0.005869 -0.029504 -0.032665
v -0.011512 0.027792 -0.032665
v 0.021271 0.021271 -0.032665
v 0.016713 0.025012 -0.032665
v -0.000000 -0.030082 -0.032665
v -0.016713 0.025012 -0.032665
v 0.011512 0.027792 -0.032665
v 0.005869 -0.029504 -0.032665
v -0.021271 0.021271 -0.032665
v 0.005869 0.029504 -0.032665
v -0.016643 0.024908 -0.058875
v -0.011464 0.027677 -0.058875
v -0.021183 -0.021183 -0.058875
v -0.024908 -0.016643 -0.058875
v 0.024908 -0.016643 -0.058875
v 0.021183 -0.021183 -0.058875
v 0.011464 0.027677 -0.058875
v 0.016643 0.024908 -0.058875
v -0.029957 0.000000 -0.058875
v -0.029381 0.005844 -0.058875
v 0.005844 -0.029381 -0.058875
v -0.000000 -0.029957 -0.058875
v 0.027677 0.011464 -0.058875
v 0.029381 0.005844 -0.058875
v -0.021183 0.021183 -0.058875
v -0.016643 -0.024908 -0.058875
v -0.021183 -0.021183 -0.058875
v 0.027677 -0.011464 -0.058875
v 0.005844 0.029381 -0.058875
v -0.029381 -0.005844 -0.058875
v 0.011464 -0.027677 -0.058875
v 0.024908 0.016643 -0.058875
v -0.024908 0.016643 -0.058875
v -0.011464 -0.027677 -0.058875
v 0.029381 -0.005844 -0.058875
v -0.005844 0.029381 -0.058875
v 0.000000 0.029957 -0.058875
v -0.027677 -0.011464 -0.058875
v 0.016643 -0.024908 -0.058875
v 0.021183 0.021183 -0.058875
v -0.027677 0.011464 -0.058875
v -0.005844 -0.029381 -0.058875
v 0.029957 -0.000000 -0.058875
v 0.021183 0.021183 -0.058875
v 0.000000 0.028179 -0.036884
v 0.005497 0.027638 -0.036884
v -0.023430 0.015655 -0.036884
v -0.019926 0.019926 -0.036884
v 0.010784 -0.026034 -0.036884
v 0.005497 -0.027638 -0.036884
v 0.010784 0.026034 -0.036884
v -0.015655 0.023430 -0.036884
v -0.000000 -0.028179 -0.036884
v 0.015655 0.023430 -0.036884
v -0.010784 0.026034 -0.036884
v -0.005497 -0.027638 -0.036884
v 0.019926 0.019926 -0.036884
v -0.005497 0.027638 -0.036884
v -0.010784 -0.026034 -0.036884
v 0.019926 0.019926 -0.036884
v 0.023430 0.015655 -0.036884
v -0.015655 -0.023430 -0.036884
v 0.026034 0.010784 -0.036884
v -0.019926 -0.019926 -0.036884
v 0.027638 0.005497 -0.036884
v -0.019926 -0.019926 -0.036884
v -0.023430 -0.015655 -0.036884
v 0.028179 -0.000000 -0.036884
v -0.026034 -0.010784 -0.036884
v 0.027638 -0.005497 -0.036884
v -0.027638 -0.005497 -0.036884
v 0.026034 -0.010784 -0.036884
v -0.028179 0.000000 -0.036884
v 0.023430 -0.015655 -0.036884
v -0.027638 0.005497 -0.036884
v 0.019926 -0.019926 -0.036884
v -0.026034 0.010784 -0.036884
v 0.015655 -0.023430 -0.036884
v 0.027372 -0.000000 -0.107812
v 0.026846 -0.005340 -0.107812
v -0.010475 0.025289 -0.107812
v -0.005340 0.026846 -0.107812
v -0.022759 -0.015207 -0.107812
v -0.025289 -0.010475 -0.107812
v 0.019355 -0.019355 -0.107812
v 0.015207 -0.022759 -0.107812
v 0.015207 0.022759 -0.107812
v 0.019355 0.019355 -0.107812
v -0.026846 0.005340 -0.107812
v -0.025289 0.010475 -0.107812
v -0.000000 -0.027372 -0.107812
v -0.005340 -0.026846 -0.107812
v 0.026846 0.005340 -0.107812
v -0.015207 0.022759 -0.107812
v -0.019355 -0.019355 -0.107812
v 0.022759 -0.015207 -0.107812
v 0.010475 0.025288 -0.107812
v -0.027372 0.000000 -0.107812
v 0.005340 -0.026846 -0.107812
v 0.025289 0.010475 -0.107812
v -0.019355 0.019355 -0.107812
v -0.015207 -0.022759 -0.107812
v -0.019355 -0.019355 -0.107812
v 0.025289 -0.010475 -0.107812
v 0.005340 0.026846 -0.107812
v -0.026846 -0.005340 -0.107812
v 0.010475 -0.025289 -0.107812
v 0.022759 0.015207 -0.107812
v -0.022759 0.015207 -0.107812
v -0.010475 -0.025289 -0.107812
v 0.000000 0.027372 -0.107812
v 0.019355 0.019355 -0.107812
v 0.000000 -0.001543 -0.116940
v 0.000301 -0.001513 -0.116940
v -0.000857 0.001283 -0.116940
v -0.001091 0.001091 -0.116940
v 0.000591 0.001426 -0.116940
v 0.000301 0.001513 -0.116940
v 0.000591 -0.001426 -0.116940
v -0.001283 0.000857 -0.116940
v 0.000000 0.001543 -0.116940
v 0.000857 -0.001283 -0.116940
v -0.001426 0.000591 -0.116940
v 0.001091 -0.001091 -0.116940
v -0.001513 0.000301 -0.116940
v 0.001283 -0.000857 -0.116940
v -0.001543 -0.000000 -0.116940
v 0.001426 -0.000591 -0.116940
v -0.001513 -0.000301 -0.116940
v 0.001513 -0.000301 -0.116940
v -0.001426 -0.000591 -0.116940
v 0.001543 -0.000000 -0.116940
v -0.001283 -0.000857 -0.116940
v 0.001513 0.000301 -0.116940
v -0.001091 -0.001091 -0.116940
v 0.001426 0.000591 -0.116940
v -0.000857 -0.001283 -0.116940
v 0.001283 0.000857 -0.116940
v -0.000591 -0.001426 -0.116940
v -0.000301 0.001513 -0.116940
v 0.001091 0.001091 -0.116940
v -0.000301 -0.001513 -0.116940
v -0.000591 0.001426 -0.116940
v 0.000857 0.001283 -0.116940
v 0.000000 -0.000000 -0.117318
v -0.005871 0.029513 -0.076797
v -0.005525 0.027778 -0.073649
v 0.000000 0.028323 -0.073649
v 0.000000 0.030091 -0.076797
v -0.011515 0.027801 -0.076797
v -0.010839 0.026167 -0.073649
v -0.016718 0.025020 -0.076797
v -0.015735 0.023550 -0.073649
v -0.021278 0.021278 -0.076797
v -0.020027 0.020027 -0.073649
v -0.025020 0.016718 -0.076797
v -0.023549 0.015735 -0.073649
v -0.027801 0.011516 -0.076797
v -0.026167 0.010839 -0.073649
v -0.029513 0.005871 -0.076797
v -0.027778 0.005525 -0.073649
v -0.030091 0.000000 -0.076797
v -0.028323 0.000000 -0.073649
v -0.029513 -0.005871 -0.076797
v -0.027778 -0.005525 -0.073649
v -0.027801 -0.011516 -0.076797
v -0.026167 -0.010839 -0.073649
v -0.025020 -0.016718 -0.076797
v -0.023550 -0.015735 -0.073649
v -0.021278 -0.021278 -0.076797
v -0.020027 -0.020027 -0.073649
v -0.016718 -0.025020 -0.076797
v -0.015735 -0.023550 -0.073649
v -0.020027 -0.020027 -0.073649
v -0.021278 -0.021278 -0.076797
v -0.011516 -0.027801 -0.076797
v -0.010839 -0.026167 -0.073649
v -0.005871 -0.029513 -0.076797
v -0.005525 -0.027779 -0.073649
v -0.000000 -0.030091 -0.076797
v -0.000000 -0.028323 -0.073649
v 0.005871 -0.029513 -0.076797
v 0.005525 -0.027779 -0.073649
v 0.011516 -0.027801 -0.076797
v 0.010839 -0.026167 -0.073649
v 0.016718 -0.025020 -0.076797
v 0.015735 -0.023550 -0.073649
v 0.021278 -0.021278 -0.076797
v 0.020027 -0.020027 -0.073649
v 0.025020 -0.016718 -0.076797
v 0.023550 -0.015735 -0.073649
v 0.027801 -0.011516 -0.076797
v 0.026167 -0.010839 -0.073649
v 0.029513 -0.005871 -0.076797
v 0.027778 -0.005526 -0.073649
v 0.030091 -0.000000 -0.076797
v 0.028323 -0.000000 -0.073649
v 0.029513 0.005871 -0.076797
v 0.027778 0.005525 -0.073649
v 0.027801 0.011515 -0.076797
v 0.026167 0.010839 -0.073649
v 0.025020 0.016718 -0.076797
v 0.023550 0.015735 -0.073649
v 0.021278 0.021278 -0.076797
v 0.020027 0.020027 -0.073649
v 0.016718 0.025020 -0.076797
v 0.015735 0.023549 -0.073649
v 0.020027 0.020027 -0.073649
v 0.021278 0.021278 -0.076797
v 0.011516 0.027801 -0.076797
v 0.010839 0.026167 -0.073649
v 0.005871 0.029513 -0.076797
v 0.005525 0.027778 -0.073649
v 0.000000 0.030003 -0.095870
v 0.005853 0.029426 -0.095870
v 0.011482 0.027719 -0.095870
v 0.016669 0.024947 -0.095870
v 0.021215 0.021215 -0.095870
v 0.021215 0.021215 -0.095870
v 0.024947 0.016669 -0.095870
v 0.027719 0.011482 -0.095870
v 0.029427 0.005853 -0.095870
v 0.030003 -0.000000 -0.095870
v 0.029427 -0.005853 -0.095870
v 0.027719 -0.011482 -0.095870
v 0.024947 -0.016669 -0.095870
v 0.021215 -0.021215 -0.095870
v 0.016669 -0.024947 -0.095870
v 0.011482 -0.027719 -0.095870
v 0.005853 -0.029427 -0.095870
v -0.000000 -0.030003 -0.095870
v -0.005853 -0.029427 -0.095870
v -0.011482 -0.027719 -0.095870
v -0.016669 -0.024947 -0.095870
v -0.021215 -0.021215 -0.095870
v -0.021215 -0.021215 -0.095870
v -0.024947 -0.016669 -0.095870
v -0.027719 -0.011482 -0.095870
v -0.029427 -0.005853 -0.095870
v -0.030003 0.000000 -0.095870
v -0.029427 0.005853 -0.095870
v -0.027719 0.011482 -0.095870
v -0.024947 0.016669 -0.095870
v -0.021215 0.021215 -0.095870
v -0.016669 0.024947 -0.095870
v -0.011482 0.027719 -0.095870
v -0.005853 0.029426 -0.095870
v 0.000000 0.030020 -0.087362
v 0.005857 0.029443 -0.087362
v 0.011488 0.027735 -0.087362
v 0.016678 0.024961 -0.087362
v 0.021228 0.021228 -0.087362
v 0.021228 0.021228 -0.087362
v 0.024961 0.016678 -0.087362
v 0.027735 0.011488 -0.087362
v 0.029443 0.005857 -0.087362
v 0.030020 -0.000000 -0.087362
v 0.029443 -0.005857 -0.087362
v 0.027735 -0.011488 -0.087362
v 0.024961 -0.016678 -0.087362
v 0.021228 -0.021228 -0.087362
v 0.016678 -0.024961 -0.087362
v 0.011488 -0.027735 -0.087362
v 0.005857 -0.029444 -0.087362
v -0.000000 -0.030020 -0.087362
v -0.005857 -0.029444 -0.087362
v -0.011488 -0.027735 -0.087362
v -0.016678 -0.024961 -0.087362
v -0.021228 -0.021228 -0.087362
v -0.021228 -0.021228 -0.087362
v -0.024961 -0.016678 -0.087362
v -0.027735 -0.011488 -0.087362
v -0.029443 -0.005857 -0.087362
v -0.030020 0.000000 -0.087362
v -0.029443 0.005857 -0.087362
v -0.027735 0.011488 -0.087362
v -0.024961 0.016678 -0.087362
v -0.021228 0.021228 -0.087362
v -0.016678 0.024961 -0.087362
v -0.011488 0.027735 -0.087362
v -0.005857 0.029443 -0.087362
v -0.005791 -0.029113 -0.001630
v -0.000000 -0.029683 -0.001630
v -0.000000 -0.027437 0.002762
v -0.005353 -0.026909 0.002762
v -0.011359 0.027424 -0.001630
v -0.016491 0.024681 -0.001630
v -0.015243 0.022813 0.002762
v -0.010499 0.025348 0.002762
v 0.016491 0.024681 -0.001630
v 0.011359 0.027424 -0.001630
v 0.010500 0.025348 0.002762
v 0.015243 0.022813 0.002762
v 0.005791 -0.029113 -0.001630
v 0.005353 -0.026909 0.002762
v -0.020989 0.020989 -0.001630
v -0.019401 0.019401 0.002762
v 0.005791 0.029113 -0.001630
v 0.005353 0.026909 0.002762
v 0.011359 -0.027424 -0.001630
v 0.010500 -0.025348 0.002762
v -0.024681 0.016491 -0.001630
v -0.022813 0.015243 0.002762
v 0.000000 0.029683 -0.001630
v -0.000000 0.027437 0.002762
v 0.016491 -0.024681 -0.001630
v 0.015243 -0.022813 0.002762
v -0.027424 0.011359 -0.001630
v -0.025348 0.010500 0.002762
v 0.020989 -0.020989 -0.001630
v 0.019401 -0.019401 0.002762
v -0.029113 0.005791 -0.001630
v -0.026909 0.005353 0.002762
v 0.024681 -0.016491 -0.001630
v 0.022813 -0.015243 0.002762
v -0.029683 0.000000 -0.001630
v -0.027437 0.000000 0.002762
v 0.027424 -0.011359 -0.001630
v 0.025348 -0.010500 0.002762
v -0.029113 -0.005791 -0.001630
v -0.026909 -0.005353 0.002762
v 0.029113 -0.005791 -0.001630
v 0.026909 -0.005353 0.002762
v -0.027424 -0.011359 -0.001630
v -0.025348 -0.010500 0.002762
v 0.029683 -0.000000 -0.001630
v 0.027437 -0.000000 0.002762
v -0.024681 -0.016491 -0.001630
v -0.022813 -0.015243 0.002762
v 0.029113 0.005791 -0.001630
v 0.026909 0.005353 0.002762
v -0.020989 -0.020989 -0.001630
v -0.019401 -0.019401 0.002762
v 0.027424 0.011359 -0.001630
v 0.025348 0.010500 0.002762
v -0.020989 -0.020989 -0.001630
v -0.016491 -0.024681 -0.001630
v -0.015243 -0.022813 0.002762
v -0.019401 -0.019401 0.002762
v 0.024681 0.016491 -0.001630
v 0.022813 0.015243 0.002762
v -0.011359 -0.027424 -0.001630
v -0.010500 -0.025348 0.002762
v -0.005791 0.029113 -0.001630
v -0.005353 0.026909 0.002762
v 0.020989 0.020989 -0.001630
v 0.019401 0.019401 0.002762
v 0.020989 0.020989 -0.001630
v 0.019401 0.019401 0.002762
v -0.005875 -0.029534 0.007296
v -0.000000 -0.030113 0.007296
v -0.011524 0.027821 0.007296
v -0.016730 0.025038 0.007296
v 0.016730 0.025038 0.007296
v 0.011524 0.027821 0.007296
v 0.005875 -0.029534 0.007296
v -0.021293 0.021293 0.007296
v 0.005875 0.029534 0.007296
v 0.011524 -0.027821 0.007296
v -0.025038 0.016730 0.007296
v 0.000000 0.030113 0.007296
v 0.016730 -0.025038 0.007296
v -0.027821 0.011524 0.007296
v 0.021293 -0.021293 0.007296
v -0.029534 0.005875 0.007296
v 0.025038 -0.016730 0.007296
v -0.030113 0.000000 0.007296
v 0.027821 -0.011524 0.007296
v -0.029534 -0.005875 0.007296
v 0.029534 -0.005875 0.007296
v -0.027821 -0.011524 0.007296
v 0.030113 -0.000000 0.007296
v -0.025038 -0.016730 0.007296
v 0.029534 0.005875 0.007296
v -0.021293 -0.021293 0.007296
v 0.027821 0.011524 0.007296
v -0.021293 -0.021293 0.007296
v -0.016730 -0.025038 0.007296
v 0.025038 0.016730 0.007296
v -0.011524 -0.027821 0.007296
v -0.005875 0.029534 0.007296
v 0.021293 0.021293 0.007296
v 0.021293 0.021293 0.007296
v 0.021162 0.021162 -0.011545
v 0.016627 0.024884 -0.011545
v -0.005839 0.029353 -0.011545
v -0.011453 0.027650 -0.011545
v -0.011453 -0.027650 -0.011545
v -0.005839 -0.029353 -0.011545
v 0.024884 0.016627 -0.011545
v 0.021162 0.021162 -0.011545
v 0.000000 0.029928 -0.011545
v -0.016627 -0.024884 -0.011545
v 0.027650 0.011453 -0.011545
v -0.021162 -0.021162 -0.011545
v 0.029353 0.005839 -0.011545
v -0.024884 -0.016627 -0.011545
v -0.021162 -0.021162 -0.011545
v 0.029928 -0.000000 -0.011545
v -0.027650 -0.011453 -0.011545
v 0.029353 -0.005839 -0.011545
v -0.029353 -0.005839 -0.011545
v 0.027650 -0.011453 -0.011545
v -0.029928 0.000000 -0.011545
v 0.024884 -0.016627 -0.011545
v -0.029353 0.005839 -0.011545
v 0.021162 -0.021162 -0.011545
v -0.027650 0.011453 -0.011545
v 0.016627 -0.024884 -0.011545
v -0.024884 0.016627 -0.011545
v 0.011453 -0.027650 -0.011545
v 0.005839 0.029353 -0.011545
v -0.021162 0.021162 -0.011545
v 0.005839 -0.029353 -0.011545
v 0.011453 0.027650 -0.011545
v -0.016627 0.024884 -0.011545
v -0.000000 -0.029928 -0.011545
v -0.021755 -0.021755 0.029764
v -0.017093 -0.025582 0.029764
v -0.016975 -0.025406 0.035474
v -0.021606 -0.021606 0.035474
v 0.028425 0.011774 0.029764
v 0.025582 0.017093 0.029764
v 0.025406 0.016975 0.035474
v 0.028229 0.011693 0.035474
v -0.011774 -0.028425 0.029764
v -0.011693 -0.028229 0.035474
v 0.000000 0.030767 0.029764
v -0.006002 0.030176 0.029764
v -0.005961 0.029968 0.035474
v 0.000000 0.030555 0.035474
v 0.021755 0.021755 0.029764
v 0.021606 0.021606 0.035474
v -0.006002 -0.030176 0.029764
v -0.005961 -0.029968 0.035474
v -0.011774 0.028425 0.029764
v -0.011693 0.028229 0.035474
v 0.021755 0.021755 0.029764
v 0.017093 0.025582 0.029764
v 0.016975 0.025406 0.035474
v 0.021606 0.021606 0.035474
v -0.000000 -0.030767 0.029764
v -0.000000 -0.030555 0.035474
v -0.017093 0.025582 0.029764
v -0.016975 0.025406 0.035474
v 0.011774 0.028425 0.029764
v 0.011693 0.028229 0.035474
v 0.006002 -0.030176 0.029764
v 0.005961 -0.029968 0.035474
v -0.021755 0.021755 0.029764
v -0.021606 0.021606 0.035474
v 0.006002 0.030176 0.029764
v 0.005961 0.029968 0.035474
v 0.011774 -0.028425 0.029764
v 0.011693 -0.028229 0.035474
v -0.025582 0.017093 0.029764
v -0.025406 0.016976 0.035474
v 0.017093 -0.025582 0.029764
v 0.016975 -0.025406 0.035474
v -0.028425 0.011774 0.029764
v -0.028229 0.011693 0.035474
v 0.021755 -0.021755 0.029764
v 0.021606 -0.021606 0.035474
v -0.030176 0.006002 0.029764
v -0.029968 0.005961 0.035474
v 0.025582 -0.017093 0.029764
v 0.025406 -0.016975 0.035474
v -0.030767 0.000000 0.029764
v -0.030555 0.000000 0.035474
v 0.028425 -0.011774 0.029764
v 0.028229 -0.011693 0.035474
v -0.030176 -0.006002 0.029764
v -0.029968 -0.005961 0.035474
v 0.030176 -0.006002 0.029764
v 0.029968 -0.005961 0.035474
v -0.028425 -0.011774 0.029764
v -0.028229 -0.011693 0.035474
v 0.030767 -0.000000 0.029764
v 0.030555 -0.000000 0.035474
v -0.025582 -0.017093 0.029764
v -0.025406 -0.016975 0.035474
v 0.030176 0.006002 0.029764
v 0.029968 0.005961 0.035474
v -0.021755 -0.021755 0.029764
v -0.021606 -0.021606 0.035474
v -0.005553 0.027917 -0.090324
v 0.000000 0.028464 -0.090324
v -0.010893 0.026297 -0.090324
v -0.015814 0.023667 -0.090324
v -0.020127 0.020127 -0.090324
v -0.023667 0.015814 -0.090324
v -0.026297 0.010893 -0.090324
v -0.027917 0.005553 -0.090324
v -0.028464 0.000000 -0.090324
v -0.027917 -0.005553 -0.090324
v -0.026297 -0.010893 -0.090324
v -0.023667 -0.015814 -0.090324
v -0.020127 -0.020127 -0.090324
v -0.015814 -0.023667 -0.090324
v -0.020127 -0.020127 -0.090324
v -0.010893 -0.026297 -0.090324
v -0.005553 -0.027917 -0.090324
v -0.000000 -0.028464 -0.090324
v 0.005553 -0.027917 -0.090324
v 0.010893 -0.026297 -0.090324
v 0.015814 -0.023667 -0.090324
v 0.020127 -0.020127 -0.090324
v 0.023667 -0.015814 -0.090324
v 0.026297 -0.010893 -0.090324
v 0.027917 -0.005553 -0.090324
v 0.028464 -0.000000 -0.090324
v 0.027917 0.005553 -0.090324
v 0.026297 0.010893 -0.090324
v 0.023667 0.015814 -0.090324
v 0.020127 0.020127 -0.090324
v 0.015814 0.023667 -0.090324
v 0.020127 0.020127 -0.090324
v 0.010893 0.026297 -0.090324
v 0.005553 0.027917 -0.090324
v 0.000000 0.028464 -0.090324
v 0.005553 0.027917 -0.090324
v 0.010893 0.026297 -0.090324
v 0.015814 0.023667 -0.090324
v 0.020127 0.020127 -0.090324
v 0.020127 0.020127 -0.090324
v 0.023667 0.015814 -0.090324
v 0.026297 0.010893 -0.090324
v 0.027917 0.005553 -0.090324
v 0.028464 -0.000000 -0.090324
v 0.027917 -0.005553 -0.090324
v 0.026297 -0.010893 -0.090324
v 0.023667 -0.015814 -0.090324
v 0.020127 -0.020127 -0.090324
v 0.015814 -0.023667 -0.090324
v 0.010893 -0.026297 -0.090324
v 0.005553 -0.027917 -0.090324
v -0.000000 -0.028464 -0.090324
v -0.005553 -0.027917 -0.090324
v -0.010893 -0.026297 -0.090324
v -0.015814 -0.023667 -0.090324
v -0.020127 -0.020127 -0.090324
v -0.020127 -0.020127 -0.090324
v -0.023667 -0.015814 -0.090324
v -0.026297 -0.010893 -0.090324
v -0.027917 -0.005553 -0.090324
v -0.028464 0.000000 -0.090324
v -0.027917 0.005553 -0.090324
v -0.026297 0.010893 -0.090324
v -0.023667 0.015814 -0.090324
v -0.020127 0.020127 -0.090324
v -0.015814 0.023667 -0.090324
v -0.010893 0.026297 -0.090324
v -0.005553 0.027917 -0.090324
v -0.015840 0.023706 -0.054484
v -0.010911 0.026340 -0.054484
v -0.020160 -0.020160 -0.054484
v -0.023706 -0.015840 -0.054484
v 0.023706 -0.015840 -0.054484
v 0.020160 -0.020160 -0.054484
v 0.010911 0.026340 -0.054484
v 0.015840 0.023706 -0.054484
v -0.028511 0.000000 -0.054484
v -0.027963 0.005562 -0.054484
v 0.005562 -0.027963 -0.054484
v -0.000000 -0.028511 -0.054484
v 0.026340 0.010911 -0.054484
v 0.027963 0.005562 -0.054484
v -0.020160 0.020160 -0.054484
v -0.015840 -0.023706 -0.054484
v -0.020160 -0.020160 -0.054484
v 0.026340 -0.010911 -0.054484
v 0.005562 0.027963 -0.054484
v -0.027963 -0.005562 -0.054484
v 0.010911 -0.026340 -0.054484
v 0.023706 0.015840 -0.054484
v -0.023706 0.015840 -0.054484
v -0.010911 -0.026340 -0.054484
v 0.027963 -0.005562 -0.054484
v -0.005562 0.027963 -0.054484
v 0.000000 0.028511 -0.054484
v -0.026340 -0.010911 -0.054484
v 0.015840 -0.023706 -0.054484
v 0.020160 0.020160 -0.054484
v -0.026340 0.010911 -0.054484
v -0.005562 -0.027963 -0.054484
v 0.028511 -0.000000 -0.054484
v 0.020160 0.020160 -0.054484
v -0.010911 0.026340 -0.054484
v -0.015840 0.023706 -0.054484
v -0.023706 -0.015840 -0.054484
v -0.020160 -0.020160 -0.054484
v 0.020160 -0.020160 -0.054484
v 0.023706 -0.015840 -0.054484
v 0.015840 0.023706 -0.054484
v 0.010911 0.026340 -0.054484
v -0.027963 0.005562 -0.054484
v -0.028511 0.000000 -0.054484
v -0.000000 -0.028511 -0.054484
v 0.005562 -0.027963 -0.054484
v 0.027963 0.005562 -0.054484
v 0.026340 0.010911 -0.054484
v -0.020160 0.020160 -0.054484
v -0.020160 -0.020160 -0.054484
v -0.015840 -0.023706 -0.054484
v 0.026340 -0.010911 -0.054484
v 0.005562 0.027963 -0.054484
v -0.027963 -0.005562 -0.054484
v 0.010911 -0.026340 -0.054484
v 0.023706 0.015840 -0.054484
v -0.023706 0.015840 -0.054484
v -0.010911 -0.026340 -0.054484
v 0.027963 -0.005562 -0.054484
v 0.000000 0.028511 -0.054484
v -0.005562 0.027963 -0.054484
v -0.026340 -0.010911 -0.054484
v 0.015840 -0.023706 -0.054484
v 0.020160 0.020160 -0.054484
v -0.026340 0.010911 -0.054484
v -0.005562 -0.027963 -0.054484
v 0.028511 -0.000000 -0.054484
v 0.020160 0.020160 -0.054484
v 0.005497 0.027638 -0.036884
v 0.000000 0.028179 -0.036884
v -0.019926 0.019926 -0.036884
v -0.023430 0.015655 -0.036884
v 0.005497 -0.027638 -0.036884
v 0.010784 -0.026034 -0.036884
v 0.010784 0.026034 -0.036884
v -0.015655 0.023430 -0.036884
v -0.000000 -0.028179 -0.036884
v 0.015655 0.023430 -0.036884
v -0.010784 0.026034 -0.036884
v -0.005497 -0.027638 -0.036884
v 0.019926 0.019926 -0.036884
v -0.005497 0.027638 -0.036884
v -0.010784 -0.026034 -0.036884
v 0.023430 0.015655 -0.036884
v 0.019926 0.019926 -0.036884
v -0.015655 -0.023430 -0.036884
v 0.026034 0.010784 -0.036884
v -0.019926 -0.019926 -0.036884
v 0.027638 0.005497 -0.036884
v -0.023430 -0.015655 -0.036884
v -0.019926 -0.019926 -0.036884
v 0.028179 -0.000000 -0.036884
v -0.026034 -0.010784 -0.036884
v 0.027638 -0.005497 -0.036884
v -0.027638 -0.005497 -0.036884
v 0.026034 -0.010784 -0.036884
v -0.028179 0.000000 -0.036884
v 0.023430 -0.015655 -0.036884
v -0.027638 0.005497 -0.036884
v 0.019926 -0.019926 -0.036884
v -0.026034 0.010784 -0.036884
v 0.015655 -0.023430 -0.036884
v -0.005353 -0.026909 -0.017490
v -0.000000 -0.027437 -0.017490
v -0.010499 0.025348 -0.017490
v -0.015243 0.022813 -0.017490
v 0.015243 0.022813 -0.017490
v 0.010500 0.025348 -0.017490
v 0.005353 -0.026909 -0.017490
v -0.019401 0.019401 -0.017490
v 0.005353 0.026909 -0.017490
v 0.010500 -0.025348 -0.017490
v -0.022813 0.015243 -0.017490
v -0.000000 0.027437 -0.017490
v 0.015243 -0.022813 -0.017490
v -0.025348 0.010500 -0.017490
v 0.019401 -0.019401 -0.017490
v -0.026909 0.005353 -0.017490
v 0.022813 -0.015243 -0.017490
v -0.027437 0.000000 -0.017490
v 0.025348 -0.010500 -0.017490
v -0.026909 -0.005353 -0.017490
v 0.026909 -0.005353 -0.017490
v -0.025348 -0.010500 -0.017490
v 0.027437 -0.000000 -0.017490
v -0.022813 -0.015243 -0.017490
v 0.026909 0.005353 -0.017490
v -0.019401 -0.019401 -0.017490
v 0.025348 0.010500 -0.017490
v -0.019401 -0.019401 -0.017490
v -0.015243 -0.022813 -0.017490
v 0.022813 0.015243 -0.017490
v -0.010500 -0.025348 -0.017490
v -0.005353 0.026909 -0.017490
v 0.019401 0.019401 -0.017490
v 0.019401 0.019401 -0.017490
v 0.019401 0.019401 0.002762
v 0.015243 0.022813 0.002762
v -0.005353 0.026909 0.002762
v -0.010499 0.025348 0.002762
v -0.010500 -0.025348 0.002762
v -0.005353 -0.026909 0.002762
v 0.022813 0.015243 0.002762
v 0.019401 0.019401 0.002762
v -0.000000 0.027437 0.002762
v -0.015243 -0.022813 0.002762
v 0.025348 0.010500 0.002762
v -0.019401 -0.019401 0.002762
v 0.026909 0.005353 0.002762
v -0.022813 -0.015243 0.002762
v -0.019401 -0.019401 0.002762
v 0.027437 -0.000000 0.002762
v -0.025348 -0.010500 0.002762
v 0.026909 -0.005353 0.002762
v -0.026909 -0.005353 0.002762
v 0.025348 -0.010500 0.002762
v -0.027437 0.000000 0.002762
v 0.022813 -0.015243 0.002762
v -0.026909 0.005353 0.002762
v 0.019401 -0.019401 0.002762
v -0.025348 0.010500 0.002762
v 0.015243 -0.022813 0.002762
v -0.022813 0.015243 0.002762
v 0.010500 -0.025348 0.002762
v 0.005353 0.026909 0.002762
v -0.019401 0.019401 0.002762
v 0.005353 -0.026909 0.002762
v 0.010500 0.025348 0.002762
v -0.015243 0.022813 0.002762
v -0.000000 -0.027437 0.002762
v 0.026909 0.005353 0.023286
v 0.025348 0.010500 0.023286
v -0.022813 -0.015243 0.023286
v -0.019401 -0.019401 0.023286
v 0.027437 -0.000000 0.023286
v -0.025348 -0.010500 0.023286
v 0.026909 -0.005353 0.023286
v -0.026909 -0.005353 0.023286
v 0.025348 -0.010500 0.023286
v -0.027437 0.000000 0.023286
v 0.022813 -0.015243 0.023286
v -0.026909 0.005353 0.023286
v 0.019401 -0.019401 0.023286
v -0.025348 0.010500 0.023286
v 0.015243 -0.022813 0.023286
v -0.022813 0.015243 0.023286
v 0.010500 -0.025348 0.023286
v 0.005353 0.026909 0.023286
v -0.000000 0.027437 0.023286
v -0.019401 0.019401 0.023286
v 0.005353 -0.026909 0.023286
v 0.010500 0.025348 0.023286
v -0.015243 0.022813 0.023286
v -0.000000 -0.027437 0.023286
v 0.015243 0.022813 0.023286
v -0.010499 0.025348 0.023286
v -0.005353 -0.026909 0.023286
v 0.019401 0.019401 0.023286
v -0.005353 0.026909 0.023286
v -0.010500 -0.025348 0.023286
v 0.022813 0.015243 0.023286
v 0.019401 0.019401 0.023286
v -0.015243 -0.022813 0.023286
v -0.019401 -0.019401 0.023286
v -0.004134 -0.009980 0.080041
v -0.002108 -0.010595 0.080041
v -0.002108 -0.010595 0.088058
v -0.004134 -0.009980 0.088058
v 0.008982 0.006002 0.080041
v 0.007639 0.007639 0.080041
v 0.007639 0.007639 0.088058
v 0.008982 0.006002 0.088058
v 0.000000 0.010803 0.080041
v -0.002108 0.010595 0.080041
v -0.002108 0.010595 0.088058
v 0.000000 0.010803 0.088058
v -0.006002 -0.008982 0.080041
v -0.006002 -0.008982 0.088058
v 0.009981 0.004134 0.080041
v 0.009981 0.004134 0.088058
v -0.007639 -0.007639 0.080041
v -0.007639 -0.007639 0.088058
v 0.010595 0.002108 0.080041
v 0.010595 0.002108 0.088058
v -0.008982 -0.006002 0.080041
v -0.007639 -0.007639 0.080041
v -0.007639 -0.007639 0.088058
v -0.008982 -0.006002 0.088058
v 0.010803 0.000000 0.080041
v 0.010803 0.000000 0.088058
v -0.009981 -0.004134 0.080041
v -0.009981 -0.004134 0.088058
v 0.010595 -0.002108 0.080041
v 0.010595 -0.002108 0.088058
v -0.010595 -0.002108 0.080041
v -0.010595 -0.002108 0.088058
v 0.009981 -0.004134 0.080041
v 0.009981 -0.004134 0.088058
v -0.010803 0.000000 0.080041
v -0.010803 0.000000 0.088058
v 0.008982 -0.006002 0.080041
v 0.008982 -0.006002 0.088058
v -0.010595 0.002108 0.080041
v -0.010595 0.002108 0.088058
v 0.007639 -0.007639 0.080041
v 0.007639 -0.007639 0.088058
v -0.009981 0.004134 0.080041
v -0.009981 0.004134 0.088058
v 0.006002 -0.008982 0.080041
v 0.006002 -0.008982 0.088058
v -0.008982 0.006002 0.080041
v -0.008982 0.006002 0.088058
v 0.004134 -0.009981 0.080041
v 0.004134 -0.009981 0.088058
v 0.002108 0.010595 0.080041
v 0.002108 0.010595 0.088058
v -0.007639 0.007639 0.080041
v -0.007639 0.007639 0.088058
v 0.002108 -0.010595 0.080041
v 0.002108 -0.010595 0.088058
v 0.004134 0.009981 0.080041
v 0.004134 0.009981 0.088058
v -0.006002 0.008982 0.080041
v -0.006002 0.008982 0.088058
v -0.000000 -0.010803 0.080041
v -0.000000 -0.010803 0.088058
v 0.006002 0.008982 0.080041
v 0.006002 0.008982 0.088058
v -0.004134 0.009981 0.080041
v -0.004134 0.009981 0.088058
v -0.000000 -0.012306 0.070784
v 0.002401 -0.012069 0.070784
v 0.002390 -0.012016 0.072761
v -0.000000 -0.012251 0.072761
v 0.006837 0.010232 0.070784
v 0.004709 0.011369 0.070784
v 0.004688 0.011319 0.072761
v 0.006806 0.010187 0.072761
v -0.004709 0.011369 0.070784
v -0.006837 0.010232 0.070784
v -0.006806 0.010187 0.072761
v -0.004688 0.011319 0.072761
v -0.002401 -0.012069 0.070784
v -0.002390 -0.012016 0.072761
v 0.008701 0.008701 0.070784
v 0.008663 0.008663 0.072761
v -0.002401 0.012069 0.070784
v -0.002390 0.012016 0.072761
v -0.004709 -0.011369 0.070784
v -0.004688 -0.011319 0.072761
v 0.010232 0.006837 0.070784
v 0.010187 0.006806 0.072761
v 0.000000 0.012306 0.070784
v 0.000000 0.012251 0.072761
v -0.006837 -0.010232 0.070784
v -0.006806 -0.010187 0.072761
v 0.011369 0.004709 0.070784
v 0.011319 0.004688 0.072761
v -0.008701 -0.008701 0.070784
v -0.008663 -0.008663 0.072761
v 0.012069 0.002401 0.070784
v 0.012016 0.002390 0.072761
v -0.010232 -0.006837 0.070784
v -0.008701 -0.008701 0.070784
v -0.008663 -0.008663 0.072761
v -0.010187 -0.006806 0.072761
v 0.012306 0.000000 0.070784
v 0.012251 0.000000 0.072761
v -0.011369 -0.004709 0.070784
v -0.011319 -0.004688 0.072761
v 0.012069 -0.002401 0.070784
v 0.012016 -0.002390 0.072761
v -0.012069 -0.002401 0.070784
v -0.012016 -0.002390 0.072761
v 0.011369 -0.004709 0.070784
v 0.011319 -0.004688 0.072761
v -0.012306 0.000000 0.070784
v -0.012251 0.000000 0.072761
v 0.010232 -0.006837 0.070784
v 0.010187 -0.006806 0.072761
v -0.012069 0.002401 0.070784
v -0.012016 0.002390 0.072761
v 0.008701 -0.008701 0.070784
v 0.008663 -0.008663 0.072761
v -0.011369 0.004709 0.070784
v -0.011319 0.004688 0.072761
v 0.006837 -0.010232 0.070784
v 0.006806 -0.010187 0.072761
v -0.010232 0.006837 0.070784
v -0.010187 0.006806 0.072761
v 0.004709 -0.011369 0.070784
v 0.004688 -0.011319 0.072761
v 0.002401 0.012069 0.070784
v 0.002390 0.012016 0.072761
v -0.008701 0.008701 0.070784
v -0.008663 0.008663 0.072761
v 0.011971 -0.002381 0.073537
v 0.011277 -0.004671 0.073537
v 0.012602 -0.005220 0.073676
v 0.013378 -0.002661 0.073676
v -0.010187 -0.006806 0.072761
v -0.008663 -0.008663 0.072761
v -0.009645 -0.009645 0.072703
v -0.011342 -0.007578 0.072703
v 0.012206 0.000000 0.073537
v 0.013641 0.000000 0.073676
v -0.006806 -0.010187 0.072761
v -0.007578 -0.011342 0.072703
v 0.011971 0.002381 0.073537
v 0.013378 0.002661 0.073676
v -0.004688 -0.011319 0.072761
v -0.005220 -0.012602 0.072703
v 0.011277 0.004671 0.073537
v 0.012602 0.005220 0.073676
v -0.002390 -0.012016 0.072761
v -0.002661 -0.013378 0.072703
v 0.010149 0.006781 0.073537
v 0.011342 0.007578 0.073676
v -0.002381 0.011971 0.073537
v 0.000000 0.012206 0.073537
v 0.000000 0.013641 0.073676
v -0.002661 0.013378 0.073676
v -0.000000 -0.012251 0.072761
v -0.000000 -0.013641 0.072703
v 0.008631 0.008631 0.073537
v 0.009645 0.009645 0.073676
v -0.004671 0.011277 0.073537
v -0.005220 0.012602 0.073676
v 0.002390 -0.012016 0.072761
v 0.002661 -0.013378 0.072703
v 0.006781 0.010149 0.073537
v 0.008631 0.008631 0.073537
v 0.009645 0.009645 0.073676
v 0.007578 0.011342 0.073676
v -0.006781 0.010149 0.073537
v -0.007578 0.011342 0.073676
v 0.004688 -0.011319 0.072761
v 0.005220 -0.012602 0.072703
v 0.004671 0.011277 0.073537
v 0.005220 0.012602 0.073676
v -0.008631 0.008631 0.073537
v -0.009645 0.009645 0.073676
v 0.006806 -0.010187 0.072761
v 0.007578 -0.011342 0.072703
v 0.002381 0.011971 0.073537
v 0.002661 0.013378 0.073676
v -0.010149 0.006781 0.073537
v -0.011342 0.007578 0.073676
v 0.008663 -0.008663 0.072761
v 0.009645 -0.009645 0.072703
v -0.011277 0.004671 0.073537
v -0.010149 0.006781 0.073537
v -0.011342 0.007578 0.073676
v -0.012602 0.005220 0.073676
v 0.010187 -0.006806 0.072761
v 0.011342 -0.007578 0.072703
v -0.011971 0.002381 0.073537
v -0.013378 0.002661 0.073676
v 0.011319 -0.004688 0.072761
v 0.012602 -0.005220 0.072703
v -0.012206 0.000000 0.073537
v -0.013641 0.000000 0.073676
v 0.012016 -0.002390 0.072761
v 0.013378 -0.002661 0.072703
v -0.011971 -0.002381 0.073537
v -0.013378 -0.002661 0.073676
v 0.012251 0.000000 0.072761
v 0.013641 0.000000 0.072703
v -0.007578 -0.011342 0.072703
v -0.005220 -0.012602 0.072703
v -0.005220 -0.012602 0.073676
v -0.007578 -0.011342 0.073676
v 0.012602 0.005220 0.072703
v 0.011342 0.007578 0.072703
v 0.011342 0.007578 0.073676
v 0.012602 0.005220 0.073676
v -0.009645 -0.009645 0.072703
v -0.009645 -0.009645 0.073676
v 0.013378 0.002661 0.072703
v 0.013378 0.002661 0.073676
v -0.011342 -0.007578 0.072703
v -0.009645 -0.009645 0.073676
v -0.011342 -0.007578 0.073676
v 0.013641 0.000000 0.072703
v 0.013641 0.000000 0.073676
v -0.012602 -0.005220 0.072703
v -0.012602 -0.005220 0.073676
v 0.013378 -0.002661 0.072703
v 0.013378 -0.002661 0.073676
v -0.013378 -0.002661 0.072703
v -0.013378 -0.002661 0.073676
v 0.012602 -0.005220 0.072703
v 0.012602 -0.005220 0.073676
v -0.013641 0.000000 0.072703
v -0.013641 0.000000 0.073676
v 0.011342 -0.007578 0.072703
v 0.011342 -0.007578 0.073676
v -0.013378 0.002661 0.072703
v -0.013378 0.002661 0.073676
v 0.009645 -0.009645 0.072703
v 0.011342 -0.007578 0.073676
v 0.009645 -0.009645 0.073676
v -0.012602 0.005220 0.072703
v -0.012602 0.005220 0.073676
v 0.007578 -0.011342 0.072703
v 0.007578 -0.011342 0.073676
v -0.011342 0.007578 0.072703
v -0.011342 0.007578 0.073676
v 0.005220 -0.012602 0.072703
v 0.005220 -0.012602 0.073676
v 0.002661 0.013378 0.072703
v 0.000000 0.013641 0.072703
v 0.000000 0.013641 0.073676
v 0.002661 0.013378 0.073676
v -0.009645 0.009645 0.072703
v -0.011342 0.007578 0.073676
v -0.009645 0.009645 0.073676
v 0.002661 -0.013378 0.072703
v 0.002661 -0.013378 0.073676
v 0.005220 0.012602 0.072703
v 0.005220 0.012602 0.073676
v -0.007578 0.011342 0.072703
v -0.007578 0.011342 0.073676
v -0.000000 -0.013641 0.072703
v -0.000000 -0.013641 0.073676
v 0.007578 0.011342 0.072703
v 0.007578 0.011342 0.073676
v -0.005220 0.012602 0.072703
v -0.005220 0.012602 0.073676
v -0.002661 -0.013378 0.072703
v -0.002661 -0.013378 0.073676
v 0.009645 0.009645 0.072703
v 0.009645 0.009645 0.073676
v -0.002661 0.013378 0.072703
v -0.002661 0.013378 0.073676
v 0.009645 0.009645 0.073676
v -0.011319 -0.004688 0.072761
v -0.012602 -0.005220 0.072703
v 0.010149 -0.006781 0.073537
v 0.011342 -0.007578 0.073676
v -0.012016 -0.002390 0.072761
v -0.013378 -0.002661 0.072703
v 0.010149 -0.006781 0.073537
v 0.008631 -0.008631 0.073537
v 0.009645 -0.009645 0.073676
v 0.011342 -0.007578 0.073676
v -0.012251 0.000000 0.072761
v -0.013641 0.000000 0.072703
v 0.006781 -0.010149 0.073537
v 0.007578 -0.011342 0.073676
v -0.012016 0.002390 0.072761
v -0.013378 0.002661 0.072703
v 0.004671 -0.011277 0.073537
v 0.005220 -0.012602 0.073676
v -0.011319 0.004688 0.072761
v -0.012602 0.005220 0.072703
v 0.002381 -0.011971 0.073537
v 0.002661 -0.013378 0.073676
v -0.010187 0.006806 0.072761
v -0.011342 0.007578 0.072703
v 0.002390 0.012016 0.072761
v 0.000000 0.012251 0.072761
v 0.000000 0.013641 0.072703
v 0.002661 0.013378 0.072703
v -0.000000 -0.012206 0.073537
v -0.000000 -0.013641 0.073676
v -0.008663 0.008663 0.072761
v -0.009645 0.009645 0.072703
v 0.004688 0.011319 0.072761
v 0.005220 0.012602 0.072703
v -0.002381 -0.011971 0.073537
v -0.002661 -0.013378 0.073676
v -0.006806 0.010187 0.072761
v -0.007578 0.011342 0.072703
v 0.006806 0.010187 0.072761
v 0.007578 0.011342 0.072703
v -0.004671 -0.011277 0.073537
v -0.005220 -0.012602 0.073676
v -0.004688 0.011319 0.072761
v -0.005220 0.012602 0.072703
v 0.008663 0.008663 0.072761
v 0.009645 0.009645 0.072703
v -0.006781 -0.010149 0.073537
v -0.007578 -0.011342 0.073676
v -0.002390 0.012016 0.072761
v -0.002661 0.013378 0.072703
v 0.010187 0.006806 0.072761
v 0.011342 0.007578 0.072703
v -0.008631 -0.008631 0.073537
v -0.009645 -0.009645 0.073676
v 0.011319 0.004688 0.072761
v 0.012602 0.005220 0.072703
v -0.008631 -0.008631 0.073537
v -0.010149 -0.006781 0.073537
v -0.011342 -0.007578 0.073676
v -0.009645 -0.009645 0.073676
v 0.012016 0.002390 0.072761
v 0.013378 0.002661 0.072703
v -0.011277 -0.004671 0.073537
v -0.012602 -0.005220 0.073676
v 0.011277 0.004671 0.073537
v 0.010149 0.006781 0.073537
v 0.010149 0.006781 0.077763
v 0.011277 0.004671 0.077763
v -0.008631 -0.008631 0.073537
v -0.006781 -0.010149 0.073537
v -0.006781 -0.010149 0.077763
v -0.008631 -0.008631 0.077763
v 0.011971 0.002381 0.073537
v 0.011971 0.002381 0.077763
v -0.010149 -0.006781 0.073537
v -0.008631 -0.008631 0.073537
v -0.008631 -0.008631 0.077763
v -0.010149 -0.006781 0.077763
v 0.012206 0.000000 0.073537
v 0.012206 0.000000 0.077763
v -0.011277 -0.004671 0.073537
v -0.011277 -0.004671 0.077763
v 0.011971 -0.002381 0.073537
v 0.011971 -0.002381 0.077763
v -0.011971 -0.002381 0.073537
v -0.011971 -0.002381 0.077763
v 0.011277 -0.004671 0.073537
v 0.011277 -0.004671 0.077763
v -0.012206 0.000000 0.073537
v -0.012206 0.000000 0.077763
v 0.010149 -0.006781 0.073537
v 0.010149 -0.006781 0.077763
v -0.011971 0.002381 0.073537
v -0.011971 0.002381 0.077763
v 0.008631 -0.008631 0.073537
v 0.008631 -0.008631 0.077763
v -0.011277 0.004671 0.073537
v -0.011277 0.004671 0.077763
v 0.006781 -0.010149 0.073537
v 0.006781 -0.010149 0.077763
v -0.010149 0.006781 0.073537
v -0.010149 0.006781 0.077763
v 0.004671 -0.011277 0.073537
v 0.004671 -0.011277 0.077763
v 0.002381 0.011971 0.073537
v 0.000000 0.012206 0.073537
v 0.000000 0.012206 0.077763
v 0.002381 0.011971 0.077763
v -0.008631 0.008631 0.073537
v -0.008631 0.008631 0.077763
v 0.002381 -0.011971 0.073537
v 0.002381 -0.011971 0.077763
v 0.004671 0.011277 0.073537
v 0.004671 0.011277 0.077763
v -0.006781 0.010149 0.073537
v -0.006781 0.010149 0.077763
v -0.000000 -0.012206 0.073537
v -0.000000 -0.012206 0.077763
v 0.006781 0.010149 0.073537
v 0.006781 0.010149 0.077763
v -0.004671 0.011277 0.073537
v -0.004671 0.011277 0.077763
v -0.002381 -0.011971 0.073537
v -0.002381 -0.011971 0.077763
v 0.008631 0.008631 0.073537
v 0.008631 0.008631 0.077763
v -0.002381 0.011971 0.073537
v -0.002381 0.011971 0.077763
v -0.004671 -0.011277 0.073537
v -0.004671 -0.011277 0.077763
v 0.002381 -0.011971 0.077763
v 0.004671 -0.011277 0.077763
v 0.004134 -0.009981 0.080041
v 0.002108 -0.010595 0.080041
v 0.004671 0.011277 0.077763
v 0.002381 0.011971 0.077763
v 0.002108 0.010595 0.080041
v 0.004134 0.009981 0.080041
v -0.006781 0.010149 0.077763
v -0.008631 0.008631 0.077763
v -0.007639 0.007639 0.080041
v -0.006002 0.008982 0.080041
v -0.000000 -0.012206 0.077763
v -0.000000 -0.010803 0.080041
v 0.006781 0.010149 0.077763
v 0.006002 0.008982 0.080041
v -0.004671 0.011277 0.077763
v -0.004134 0.009981 0.080041
v -0.002381 -0.011971 0.077763
v -0.002108 -0.010595 0.080041
v 0.008631 0.008631 0.077763
v 0.007639 0.007639 0.080041
v -0.002381 0.011971 0.077763
v -0.002108 0.010595 0.080041
v -0.004671 -0.011277 0.077763
v -0.004134 -0.009980 0.080041
v 0.010149 0.006781 0.077763
v 0.007639 0.007639 0.080041
v 0.008982 0.006002 0.080041
v 0.000000 0.012206 0.077763
v 0.000000 0.010803 0.080041
v -0.006781 -0.010149 0.077763
v -0.006002 -0.008982 0.080041
v 0.011277 0.004671 0.077763
v 0.009981 0.004134 0.080041
v -0.008631 -0.008631 0.077763
v -0.007639 -0.007639 0.080041
v 0.011971 0.002381 0.077763
v 0.010595 0.002108 0.080041
v -0.010149 -0.006781 0.077763
v -0.008631 -0.008631 0.077763
v -0.007639 -0.007639 0.080041
v -0.008982 -0.006002 0.080041
v 0.012206 0.000000 0.077763
v 0.010803 0.000000 0.080041
v -0.011277 -0.004671 0.077763
v -0.009981 -0.004134 0.080041
v 0.011971 -0.002381 0.077763
v 0.010595 -0.002108 0.080041
v -0.011971 -0.002381 0.077763
v -0.010595 -0.002108 0.080041
v 0.011277 -0.004671 0.077763
v 0.009981 -0.004134 0.080041
v -0.012206 0.000000 0.077763
v -0.010803 0.000000 0.080041
v 0.010149 -0.006781 0.077763
v 0.008982 -0.006002 0.080041
v -0.011971 0.002381 0.077763
v -0.010595 0.002108 0.080041
v 0.008631 -0.008631 0.077763
v 0.008982 -0.006002 0.080041
v 0.007639 -0.007639 0.080041
v -0.011277 0.004671 0.077763
v -0.009981 0.004134 0.080041
v 0.006781 -0.010149 0.077763
v 0.006002 -0.008982 0.080041
v -0.010149 0.006781 0.077763
v -0.008982 0.006002 0.080041
v -0.008982 0.006002 0.080041
v -0.008982 -0.006002 0.088058
v -0.007639 -0.007639 0.088058
v -0.007954 -0.007954 0.088786
v -0.009353 -0.006250 0.088786
v 0.010803 0.000000 0.088058
v 0.010595 0.002108 0.088058
v 0.011033 0.002195 0.088786
v 0.011249 0.000000 0.088786
v -0.009981 -0.004134 0.088058
v -0.010393 -0.004305 0.088786
v 0.010595 -0.002108 0.088058
v 0.011033 -0.002195 0.088786
v -0.010595 -0.002108 0.088058
v -0.011033 -0.002195 0.088786
v 0.009981 -0.004134 0.088058
v 0.010393 -0.004305 0.088786
v -0.010803 0.000000 0.088058
v -0.010595 -0.002108 0.088058
v -0.011033 -0.002195 0.088786
v -0.011249 0.000000 0.088786
v 0.008982 -0.006002 0.088058
v 0.009353 -0.006250 0.088786
v -0.010595 0.002108 0.088058
v -0.011033 0.002195 0.088786
v 0.007639 -0.007639 0.088058
v 0.007954 -0.007954 0.088786
v -0.009981 0.004134 0.088058
v -0.010393 0.004305 0.088786
v 0.006002 -0.008982 0.088058
v 0.006250 -0.009353 0.088786
v -0.008982 0.006002 0.088058
v -0.009353 0.006250 0.088786
v 0.004134 -0.009981 0.088058
v 0.004305 -0.010393 0.088786
v 0.002108 0.010595 0.088058
v 0.000000 0.010803 0.088058
v 0.000000 0.011249 0.088786
v 0.002195 0.011033 0.088786
v -0.007639 0.007639 0.088058
v -0.007954 0.007954 0.088786
v 0.002108 -0.010595 0.088058
v 0.002195 -0.011033 0.088786
v 0.004134 0.009981 0.088058
v 0.004305 0.010393 0.088786
v -0.006002 0.008982 0.088058
v -0.006250 0.009353 0.088786
v -0.000000 -0.010803 0.088058
v -0.000000 -0.011249 0.088786
v 0.006002 0.008982 0.088058
v 0.006250 0.009353 0.088786
v -0.004134 0.009981 0.088058
v -0.004305 0.010393 0.088786
v -0.002108 -0.010595 0.088058
v -0.000000 -0.010803 0.088058
v -0.000000 -0.011249 0.088786
v -0.002195 -0.011033 0.088786
v 0.007639 0.007639 0.088058
v 0.007954 0.007954 0.088786
v -0.002108 0.010595 0.088058
v -0.002195 0.011033 0.088786
v -0.004134 -0.009980 0.088058
v -0.004305 -0.010393 0.088786
v 0.008982 0.006002 0.088058
v 0.009353 0.006250 0.088786
v 0.000000 0.010803 0.088058
v 0.000000 0.011249 0.088786
v -0.006002 -0.008982 0.088058
v -0.006250 -0.009353 0.088786
v 0.009981 0.004134 0.088058
v 0.010393 0.004305 0.088786
v 0.010595 0.002108 0.088058
v 0.011033 0.002195 0.088786
v -0.011249 0.000000 0.088786
v -0.011033 -0.002195 0.088786
v -0.011033 -0.002195 0.089490
v -0.011249 0.000000 0.089490
v 0.009353 -0.006250 0.088786
v 0.010393 -0.004305 0.088786
v 0.010393 -0.004305 0.089490
v 0.009353 -0.006250 0.089490
v -0.011033 0.002195 0.088786
v -0.011033 0.002195 0.089490
v 0.007954 -0.007954 0.088786
v 0.007954 -0.007954 0.089490
v -0.010393 0.004305 0.088786
v -0.010393 0.004305 0.089490
v 0.006250 -0.009353 0.088786
v 0.006250 -0.009353 0.089490
v -0.009353 0.006250 0.088786
v -0.009353 0.006250 0.089490
v 0.004305 -0.010393 0.088786
v 0.004305 -0.010393 0.089490
v 0.002195 0.011033 0.088786
v 0.000000 0.011249 0.088786
v 0.000000 0.011249 0.089490
v 0.002195 0.011033 0.089490
v -0.007954 0.007954 0.088786
v -0.007954 0.007954 0.089490
v 0.002195 -0.011033 0.088786
v 0.002195 -0.011033 0.089490
v 0.004305 0.010393 0.088786
v 0.004305 0.010393 0.089490
v -0.006250 0.009353 0.088786
v -0.006250 0.009353 0.089490
v -0.000000 -0.011249 0.088786
v -0.000000 -0.011249 0.089490
v 0.006250 0.009353 0.088786
v 0.006250 0.009353 0.089490
v -0.004305 0.010393 0.088786
v -0.004305 0.010393 0.089490
v -0.002195 -0.011033 0.088786
v -0.000000 -0.011249 0.088786
v -0.002195 -0.011033 0.089490
v 0.007954 0.007954 0.088786
v 0.007954 0.007954 0.089490
v -0.002195 0.011033 0.088786
v -0.002195 0.011033 0.089490
v -0.004305 -0.010393 0.088786
v -0.004305 -0.010393 0.089490
v 0.009353 0.006250 0.088786
v 0.009353 0.006250 0.089490
v 0.000000 0.011249 0.088786
v -0.006250 -0.009353 0.088786
v -0.006250 -0.009353 0.089490
v 0.010393 0.004305 0.088786
v 0.010393 0.004305 0.089490
v -0.007954 -0.007954 0.088786
v -0.007954 -0.007954 0.089490
v 0.011033 0.002195 0.088786
v 0.011033 0.002195 0.089490
v -0.009353 -0.006250 0.088786
v -0.009353 -0.006250 0.089490
v 0.011249 0.000000 0.088786
v 0.011033 0.002195 0.088786
v 0.011249 0.000000 0.089490
v -0.010393 -0.004305 0.088786
v -0.010393 -0.004305 0.089490
v 0.011033 -0.002195 0.088786
v 0.011033 -0.002195 0.089490
v -0.011033 -0.002195 0.088786
v -0.009353 0.006250 0.089490
v -0.010393 0.004305 0.089490
v -0.009880 0.004092 0.090137
v -0.008891 0.005941 0.090137
v 0.004305 -0.010393 0.089490
v 0.006250 -0.009353 0.089490
v 0.005941 -0.008891 0.090137
v 0.004092 -0.009880 0.090137
v 0.002195 0.011033 0.089490
v 0.000000 0.011249 0.089490
v 0.000000 0.010694 0.090137
v 0.002086 0.010488 0.090137
v -0.007954 0.007954 0.089490
v -0.007562 0.007562 0.090137
v 0.002195 -0.011033 0.089490
v 0.002086 -0.010488 0.090137
v 0.004305 0.010393 0.089490
v 0.004092 0.009880 0.090137
v -0.006250 0.009353 0.089490
v -0.005941 0.008892 0.090137
v -0.000000 -0.011249 0.089490
v -0.000000 -0.010694 0.090137
v 0.006250 0.009353 0.089490
v 0.005941 0.008892 0.090137
v -0.004305 0.010393 0.089490
v -0.004092 0.009880 0.090137
v -0.002195 -0.011033 0.089490
v -0.002086 -0.010488 0.090137
v 0.007954 0.007954 0.089490
v 0.007562 0.007562 0.090137
v -0.002195 0.011033 0.089490
v -0.002086 0.010488 0.090137
v -0.004305 -0.010393 0.089490
v -0.004092 -0.009880 0.090137
v 0.009353 0.006250 0.089490
v 0.008891 0.005941 0.090137
v -0.006250 -0.009353 0.089490
v -0.005941 -0.008891 0.090137
v 0.010393 0.004305 0.089490
v 0.009880 0.004092 0.090137
v -0.007954 -0.007954 0.089490
v -0.007562 -0.007562 0.090137
v 0.011033 0.002195 0.089490
v 0.010488 0.002086 0.090137
v -0.009353 -0.006250 0.089490
v -0.008891 -0.005941 0.090137
v 0.011249 0.000000 0.089490
v 0.010694 0.000000 0.090137
v -0.010393 -0.004305 0.089490
v -0.009880 -0.004092 0.090137
v 0.011033 -0.002195 0.089490
v 0.010488 -0.002086 0.090137
v -0.011033 -0.002195 0.089490
v -0.010488 -0.002086 0.090137
v 0.010393 -0.004305 0.089490
v 0.009880 -0.004092 0.090137
v -0.011249 0.000000 0.089490
v -0.010694 0.000000 0.090137
v 0.009353 -0.006250 0.089490
v 0.008891 -0.005941 0.090137
v -0.011033 0.002195 0.089490
v -0.010488 0.002086 0.090137
v 0.007954 -0.007954 0.089490
v 0.007562 -0.007562 0.090137
v -0.004092 0.009880 0.090137
v -0.005941 0.008892 0.090137
v -0.005624 0.008416 0.090137
v -0.003874 0.009352 0.090137
v -0.002086 -0.010488 0.090137
v -0.000000 -0.010694 0.090137
v -0.000000 -0.010122 0.090137
v -0.001975 -0.009928 0.090137
v 0.007562 0.007562 0.090137
v 0.005941 0.008892 0.090137
v 0.005624 0.008416 0.090137
v 0.007157 0.007157 0.090137
v -0.002086 0.010488 0.090137
v -0.001975 0.009928 0.090137
v -0.004092 -0.009880 0.090137
v -0.003874 -0.009352 0.090137
v 0.008891 0.005941 0.090137
v 0.007157 0.007157 0.090137
v 0.008416 0.005624 0.090137
v 0.000000 0.010694 0.090137
v 0.000000 0.010122 0.090137
v -0.005941 -0.008891 0.090137
v -0.005624 -0.008416 0.090137
v 0.009880 0.004092 0.090137
v 0.009352 0.003874 0.090137
v -0.007562 -0.007562 0.090137
v -0.007157 -0.007157 0.090137
v 0.010488 0.002086 0.090137
v 0.009928 0.001975 0.090137
v -0.008891 -0.005941 0.090137
v -0.008416 -0.005624 0.090137
v 0.010694 0.000000 0.090137
v 0.010122 0.000000 0.090137
v -0.009880 -0.004092 0.090137
v -0.009352 -0.003874 0.090137
v 0.010488 -0.002086 0.090137
v 0.009928 -0.001975 0.090137
v -0.010488 -0.002086 0.090137
v -0.009928 -0.001975 0.090137
v 0.009880 -0.004092 0.090137
v 0.009352 -0.003874 0.090137
v -0.010694 0.000000 0.090137
v -0.010122 0.000000 0.090137
v 0.008891 -0.005941 0.090137
v 0.008416 -0.005624 0.090137
v -0.010488 0.002086 0.090137
v -0.009928 0.001975 0.090137
v 0.007562 -0.007562 0.090137
v 0.007157 -0.007157 0.090137
v -0.009880 0.004092 0.090137
v -0.009352 0.003874 0.090137
v 0.005941 -0.008891 0.090137
v 0.005624 -0.008416 0.090137
v -0.008891 0.005941 0.090137
v -0.008416 0.005624 0.090137
v 0.004092 -0.009880 0.090137
v 0.003874 -0.009352 0.090137
v 0.002086 0.010488 0.090137
v 0.001975 0.009928 0.090137
v -0.007562 0.007562 0.090137
v -0.007157 0.007157 0.090137
v 0.002086 -0.010488 0.090137
v 0.001975 -0.009928 0.090137
v 0.004092 0.009880 0.090137
v 0.003874 0.009352 0.090137
v -0.002401 0.012069 0.070784
v 0.000000 0.012306 0.070784
v -0.004709 0.011369 0.070784
v -0.006837 0.010232 0.070784
v -0.008701 0.008701 0.070784
v -0.010232 0.006837 0.070784
v -0.011369 0.004709 0.070784
v -0.012069 0.002401 0.070784
v -0.012306 0.000000 0.070784
v -0.012069 -0.002401 0.070784
v -0.011369 -0.004709 0.070784
v -0.010232 -0.006837 0.070784
v -0.008701 -0.008701 0.070784
v -0.006837 -0.010232 0.070784
v -0.008701 -0.008701 0.070784
v -0.004709 -0.011369 0.070784
v -0.002401 -0.012069 0.070784
v -0.000000 -0.012306 0.070784
v 0.002401 -0.012069 0.070784
v 0.004709 -0.011369 0.070784
v 0.006837 -0.010232 0.070784
v 0.008701 -0.008701 0.070784
v 0.010232 -0.006837 0.070784
v 0.011369 -0.004709 0.070784
v 0.012069 -0.002401 0.070784
v 0.012306 0.000000 0.070784
v 0.012069 0.002401 0.070784
v 0.011369 0.004709 0.070784
v 0.010232 0.006837 0.070784
v 0.008701 0.008701 0.070784
v 0.006837 0.010232 0.070784
v 0.008701 0.008701 0.070784
v 0.004709 0.011369 0.070784
v 0.002401 0.012069 0.070784
vn -0.9388 -0.3428 0.0339
vn -0.8513 -0.2597 0.4559
vn -0.9057 -0.0292 0.4229
vn -0.9951 -0.0987 0.0022
vn -0.5972 -0.1257 0.7922
vn -0.6451 0.0458 0.7627
vn -0.2211 0.0353 0.9746
vn -0.2633 0.1119 0.9582
vn 0.2023 0.1913 0.9604
vn 0.1710 0.1568 0.9727
vn 0.5831 0.3093 0.7512
vn 0.5791 0.1715 0.7970
vn 0.8432 0.3651 0.3946
vn 0.8784 0.1511 0.4535
vn 0.9364 0.3492 -0.0348
vn 0.9952 0.0979 0.0055
vn 0.8492 0.2656 -0.4564
vn 0.8950 0.0232 -0.4455
vn 0.5962 0.1292 -0.7924
vn 0.6045 -0.0554 -0.7947
vn 0.2208 -0.0343 -0.9747
vn 0.1970 -0.1208 -0.9729
vn -0.2025 -0.1909 -0.9605
vn -0.2406 -0.1616 -0.9571
vn -0.5838 -0.3071 -0.7516
vn -0.6275 -0.1715 -0.7595
vn -0.8449 -0.3603 -0.3954
vn -0.8957 -0.1493 -0.4188
vn -0.9951 -0.0987 0.0021
vn -0.8768 0.3081 0.3691
vn -0.9649 0.2567 -0.0546
vn -0.6202 0.3007 0.7245
vn -0.2402 0.2346 0.9419
vn 0.1909 0.1208 0.9742
vn 0.5854 -0.0189 0.8105
vn 0.8616 -0.1556 0.4832
vn 0.9636 -0.2608 0.0590
vn 0.8717 -0.3128 -0.3771
vn 0.6037 -0.3014 -0.7381
vn 0.2128 -0.2293 -0.9498
vn -0.2198 -0.1121 -0.9691
vn -0.6055 0.0256 -0.7955
vn -0.8693 0.1566 -0.4688
vn -0.9649 0.2568 -0.0547
vn -0.7948 0.5081 0.3318
vn -0.8769 0.4710 -0.0965
vn -0.5597 0.4476 0.6974
vn -0.2146 0.3000 0.9295
vn 0.1754 0.0922 0.9802
vn 0.5332 -0.1354 0.8351
vn 0.7849 -0.3369 0.5200
vn 0.8771 -0.4703 0.0972
vn 0.7895 -0.5074 -0.3454
vn 0.5411 -0.4408 -0.7162
vn 0.1851 -0.2856 -0.9403
vn -0.2050 -0.0746 -0.9759
vn -0.5522 0.1495 -0.8202
vn -0.7909 0.3435 -0.5065
vn -0.8769 0.4709 -0.0966
vn -0.6597 0.6913 0.2950
vn -0.7260 0.6740 -0.1365
vn -0.4664 0.5758 0.6715
vn -0.1814 0.3478 0.9199
vn 0.1420 0.0491 0.9886
vn 0.4394 -0.2615 0.8594
vn 0.6493 -0.5208 0.5543
vn 0.7265 -0.6738 0.1349
vn 0.6547 -0.6886 -0.3116
vn 0.4499 -0.5633 -0.6930
vn 0.1556 -0.3252 -0.9327
vn -0.1674 -0.0241 -0.9856
vn -0.4555 0.2800 -0.8450
vn -0.6537 0.5279 -0.5423
vn -0.4515 0.8519 0.2653
vn -0.5004 0.8494 -0.1676
vn -0.3165 0.6919 0.6489
vn -0.1193 0.3975 0.9098
vn 0.1023 0.0227 0.9945
vn 0.3061 -0.3600 0.8813
vn 0.4495 -0.6724 0.5880
vn 0.5012 -0.8480 0.1721
vn 0.4492 -0.8485 -0.2799
vn 0.3043 -0.6741 -0.6730
vn 0.0993 -0.3640 -0.9261
vn -0.1243 0.0158 -0.9921
vn -0.3207 0.3895 -0.8634
vn -0.4541 0.6854 -0.5692
vn -0.1551 0.9590 0.2370
vn -0.1930 0.9613 -0.1968
vn -0.0876 0.7743 0.6267
vn -0.0031 0.4402 0.8979
vn 0.0825 0.0184 0.9964
vn 0.1528 -0.4120 0.8983
vn 0.1926 -0.7633 0.6167
vn 0.1929 -0.9596 0.2050
vn 0.1532 -0.9562 -0.2495
vn 0.0816 -0.7539 -0.6518
vn -0.0060 -0.3995 -0.9167
vn -0.0914 0.0304 -0.9954
vn -0.1584 0.4506 -0.8786
vn -0.1943 0.7809 -0.5936
vn -0.1930 0.9612 -0.1969
vn 0.1383 0.9670 0.2140
vn 0.1058 0.9696 -0.2207
vn 0.1445 0.7798 0.6091
vn 0.1228 0.4405 0.8893
vn 0.0767 0.0117 0.9970
vn 0.0150 -0.4227 0.9061
vn -0.0501 -0.7737 0.6315
vn -0.1051 -0.9681 0.2276
vn -0.1387 -0.9649 -0.2230
vn -0.1440 -0.7650 -0.6277
vn -0.1201 -0.4104 -0.9040
vn -0.0722 0.0250 -0.9971
vn -0.0103 0.4518 -0.8921
vn 0.0530 0.7873 -0.6143
vn 0.1058 0.9696 -0.2208
vn 0.4224 0.8856 0.1930
vn 0.3922 0.8878 -0.2409
vn 0.3725 0.7157 0.5908
vn 0.2510 0.4077 0.8779
vn 0.0797 0.0177 0.9967
vn -0.1092 -0.3803 0.9184
vn -0.2773 -0.7048 0.6529
vn -0.3893 -0.8862 0.2511
vn -0.4209 -0.8839 -0.2041
vn -0.3652 -0.6983 -0.6156
vn -0.2351 -0.3710 -0.8984
vn -0.0589 0.0276 -0.9979
vn 0.1273 0.4162 -0.9003
vn 0.2876 0.7217 -0.6297
vn 0.3922 0.8877 -0.2410
vn 0.7160 0.6768 0.1712
vn 0.6858 0.6791 -0.2617
vn 0.6108 0.5466 0.5729
vn 0.3886 0.3114 0.8672
vn 0.0895 0.0143 0.9959
vn -0.2308 -0.2892 0.9290
vn -0.5084 -0.5376 0.6727
vn -0.6831 -0.6769 0.2742
vn -0.7150 -0.6748 -0.1829
vn -0.5972 -0.5313 -0.6009
vn -0.3577 -0.2800 -0.8909
vn -0.0493 0.0245 -0.9985
vn 0.2650 0.3208 -0.9093
vn 0.5259 0.5530 -0.6462
vn 0.6858 0.6791 -0.2618
vn 0.9096 0.3848 0.1564
vn 0.8781 0.3896 -0.2777
vn 0.7686 0.3070 0.5613
vn 0.4792 0.1697 0.8612
vn 0.0943 -0.0015 0.9955
vn -0.3133 -0.1738 0.9336
vn -0.6612 -0.3123 0.6821
vn -0.8754 -0.3875 0.2891
vn -0.9090 -0.3828 -0.1651
vn -0.7547 -0.2993 -0.5839
vn -0.4468 -0.1547 -0.8812
vn -0.0520 0.0198 -0.9985
vn 0.3492 0.1889 -0.9178
vn 0.6795 0.3202 -0.6601
vn 0.9848 0.0934 0.1463
vn 0.9520 0.1036 -0.2879
vn 0.8300 0.0653 0.5539
vn 0.5150 0.0246 0.8568
vn 0.0965 -0.0212 0.9951
vn -0.3445 -0.0633 0.9366
vn -0.7192 -0.0930 0.6885
vn -0.9485 -0.1038 0.2991
vn -0.9837 -0.0933 -0.1534
vn -0.8169 -0.0636 -0.5732
vn -0.4844 -0.0211 -0.8746
vn -0.0561 0.0254 -0.9981
vn 0.3794 0.0664 -0.9229
vn 0.7376 0.0941 -0.6687
vn 0.9520 0.1036 -0.2880
vn 0.9660 -0.2186 0.1377
vn 0.9341 -0.1990 -0.2964
vn 0.8146 -0.1968 0.5457
vn 0.5067 -0.1372 0.8512
vn 0.0988 -0.0507 0.9938
vn -0.3334 0.0469 0.9416
vn -0.7019 0.1357 0.6992
vn -0.9298 0.1975 0.3105
vn -0.9651 0.2185 -0.1447
vn -0.7994 0.1939 -0.5687
vn -0.4706 0.1298 -0.8728
vn -0.0509 0.0401 -0.9979
vn 0.3747 -0.0565 -0.9254
vn 0.7244 -0.1415 -0.6747
vn 0.9341 -0.1990 -0.2965
vn 0.8476 -0.5147 0.1290
vn 0.8200 -0.4843 -0.3050
vn 0.7140 -0.4472 0.5387
vn 0.4423 -0.2934 0.8475
vn 0.0831 -0.0816 0.9932
vn -0.2963 0.1486 0.9434
vn -0.6185 0.3506 0.7032
vn -0.8165 0.4824 0.3173
vn -0.8466 0.5149 -0.1346
vn -0.7024 0.4413 -0.5585
vn -0.4153 0.2779 -0.8662
vn -0.0470 0.0600 -0.9971
vn 0.3277 -0.1679 -0.9298
vn 0.6357 -0.3613 -0.6822
vn 0.6598 -0.7416 0.1213
vn 0.6400 -0.7020 -0.3124
vn 0.5541 -0.6403 0.5320
vn 0.3416 -0.4155 0.8430
vn 0.0609 -0.1079 0.9923
vn -0.2343 0.2234 0.9461
vn -0.4849 0.5124 0.7087
vn -0.6378 0.6981 0.3253
vn -0.6598 0.7407 -0.1264
vn -0.5460 0.6310 -0.5511
vn -0.3212 0.3930 -0.8616
vn -0.0331 0.0771 -0.9965
vn 0.2587 -0.2512 -0.9327
vn 0.4978 -0.5281 -0.6880
vn 0.6399 -0.7020 -0.3125
vn 0.3861 -0.9156 0.1119
vn 0.3810 -0.8672 -0.3205
vn 0.3180 -0.7904 0.5235
vn 0.1890 -0.5141 0.8367
vn 0.0228 -0.1369 0.9903
vn -0.1498 0.2715 0.9507
vn -0.2941 0.6294 0.7193
vn -0.3794 0.8615 0.3375
vn -0.3861 0.9151 -0.1161
vn -0.3122 0.7779 -0.5453
vn -0.1744 0.4813 -0.8590
vn -0.0031 0.0909 -0.9959
vn 0.1672 -0.3136 -0.9347
vn 0.3035 -0.6538 -0.6932
vn 0.3810 -0.8672 -0.3206
vn 0.0599 -0.9933 0.0992
vn 0.0769 -0.9398 -0.3329
vn 0.0315 -0.8580 0.5126
vn -0.0031 -0.5582 0.8297
vn -0.0372 -0.1481 0.9883
vn -0.0641 0.2950 0.9533
vn -0.0781 0.6827 0.7265
vn -0.0762 0.9338 0.3496
vn -0.0587 0.9931 -0.1013
vn -0.0291 0.8470 -0.5308
vn 0.0063 0.5277 -0.8494
vn 0.0403 0.1039 -0.9938
vn 0.0663 -0.3361 -0.9395
vn 0.0791 -0.7068 -0.7029
vn 0.0769 -0.9398 -0.3330
vn -0.2236 -0.9710 0.0840
vn -0.1857 -0.9189 -0.3480
vn -0.2189 -0.8379 0.5000
vn -0.1721 -0.5430 0.8219
vn -0.0914 -0.1400 0.9859
vn 0.0081 0.2941 0.9557
vn 0.1065 0.6717 0.7331
vn 0.1837 0.9144 0.3608
vn 0.2236 0.9709 -0.0860
vn 0.2178 0.8292 -0.5148
vn 0.1677 0.5190 -0.8382
vn 0.0839 0.1055 -0.9909
vn -0.0160 -0.3261 -0.9452
vn -0.1120 -0.6904 -0.7147
vn -0.1857 -0.9189 -0.3481
vn -0.4971 -0.8652 0.0652
vn -0.4402 -0.8207 -0.3642
vn -0.4597 -0.7457 0.4822
vn -0.3344 -0.4833 0.8091
vn -0.1435 -0.1254 0.9817
vn 0.0774 0.2606 0.9623
vn 0.2846 0.5980 0.7492
vn 0.4352 0.8159 0.3807
vn 0.4962 0.8655 -0.0682
vn 0.4544 0.7355 -0.5026
vn 0.3195 0.4544 -0.8315
vn 0.1209 0.0849 -0.9890
vn -0.0998 -0.2982 -0.9493
vn -0.2993 -0.6196 -0.7256
vn -0.4402 -0.8207 -0.3643
vn -0.7626 -0.6454 0.0432
vn -0.6868 -0.6169 -0.3842
vn -0.6940 -0.5518 0.4625
vn -0.4929 -0.3526 0.7955
vn -0.1955 -0.0842 0.9771
vn 0.1439 0.2038 0.9684
vn 0.4574 0.4535 0.7650
vn 0.6803 0.6126 0.4025
vn 0.7627 0.6451 -0.0456
vn 0.6862 0.5432 -0.4838
vn 0.4686 0.3299 -0.8195
vn 0.1582 0.0518 -0.9860
vn -0.1804 -0.2339 -0.9554
vn -0.4806 -0.4713 -0.7395
vn -0.6868 -0.6169 -0.3843
vn -0.9342 -0.3561 0.0221
vn -0.8449 -0.3504 -0.4042
vn -0.8462 -0.2942 0.4444
vn -0.5960 -0.1757 0.7835
vn -0.2286 -0.0225 0.9733
vn 0.1869 0.1364 0.9729
vn 0.5689 0.2691 0.7771
vn 0.8377 0.3479 0.4209
vn 0.9345 0.3552 -0.0233
vn 0.8380 0.2891 -0.4627
vn 0.5699 0.1640 -0.8052
vn 0.1883 0.0064 -0.9821
vn -0.2268 -0.1510 -0.9622
vn -0.5939 -0.2777 -0.7551
vn -0.8449 -0.3504 -0.4043
vn -0.9980 -0.0637 0.0040
vn -0.9031 -0.0825 -0.4214
vn -0.9029 -0.0328 0.4287
vn -0.6342 0.0045 0.7732
vn -0.2407 0.0412 0.9697
vn 0.2037 0.0701 0.9765
vn 0.6111 0.0851 0.7870
vn 0.8958 0.0830 0.4365
vn 0.9980 0.0637 -0.0050
vn 0.8949 0.0314 -0.4451
vn 0.6090 -0.0073 -0.7932
vn 0.2023 -0.0441 -0.9783
vn -0.2415 -0.0719 -0.9677
vn -0.6350 -0.0855 -0.7677
vn -0.9031 -0.0825 -0.4215
vn -0.9713 0.2376 -0.0125
vn -0.8789 0.1933 -0.4362
vn -0.8791 0.2368 0.4136
vn -0.6188 0.1907 0.7621
vn -0.2372 0.1074 0.9655
vn 0.1950 0.0022 0.9808
vn 0.5916 -0.1042 0.7995
vn 0.8710 -0.1903 0.4529
vn 0.9714 -0.2373 0.0115
vn 0.8703 -0.2353 -0.4327
vn 0.5910 -0.1848 -0.7852
vn 0.1942 -0.0974 -0.9761
vn -0.2371 0.0086 -0.9714
vn -0.6186 0.1120 -0.7777
vn -0.8788 0.1933 -0.4362
vn -0.8461 0.5324 -0.0264
vn -0.7646 0.4626 -0.4487
vn -0.7669 0.5011 0.4010
vn -0.5408 0.3739 0.7534
vn -0.2086 0.1736 0.9625
vn 0.1677 -0.0628 0.9838
vn 0.5139 -0.2889 0.8078
vn 0.7576 -0.4575 0.4655
vn 0.8461 -0.5325 0.0256
vn 0.7594 -0.4973 -0.4195
vn 0.5173 -0.3601 -0.7763
vn 0.1722 -0.1511 -0.9734
vn -0.2038 0.0860 -0.9752
vn -0.5368 0.3042 -0.7870
vn -0.6369 0.7701 -0.0358
vn -0.5743 0.6789 -0.4575
vn -0.5785 0.7150 0.3926
vn -0.4094 0.5232 0.7474
vn -0.1600 0.2287 0.9603
vn 0.1230 -0.1131 0.9859
vn 0.3842 -0.4361 0.8138
vn 0.5687 -0.6720 0.4744
vn 0.6367 -0.7703 0.0354
vn 0.5730 -0.7092 -0.4107
vn 0.3920 -0.5028 -0.7704
vn 0.1330 -0.1965 -0.9714
vn -0.1504 0.1466 -0.9777
vn -0.4019 0.4578 -0.7930
vn -0.5742 0.6789 -0.4576
vn -0.3730 0.9269 -0.0410
vn -0.3388 0.8195 -0.4623
vn -0.3362 0.8580 0.3882
vn -0.2352 0.6249 0.7444
vn -0.0880 0.2695 0.9590
vn 0.0776 -0.1418 0.9868
vn 0.2291 -0.5282 0.8176
vn 0.3352 -0.8102 0.4809
vn 0.3730 -0.9268 0.0437
vn 0.3338 -0.8523 -0.4028
vn 0.2262 -0.6031 -0.7649
vn 0.0733 -0.2332 -0.9697
vn -0.0929 0.1800 -0.9793
vn -0.2396 0.5545 -0.7969
vn -0.3388 0.8194 -0.4624
vn -0.0738 0.9961 -0.0481
vn -0.0808 0.8801 -0.4679
vn -0.0527 0.9231 0.3810
vn -0.0216 0.6741 0.7383
vn 0.0140 0.2935 0.9559
vn 0.0471 -0.1478 0.9879
vn 0.0712 -0.5634 0.8231
vn 0.0814 -0.8678 0.4902
vn 0.0747 -0.9957 0.0542
vn 0.0525 -0.9178 -0.3936
vn 0.0195 -0.6508 -0.7590
vn -0.0172 -0.2528 -0.9674
vn -0.0500 0.1922 -0.9801
vn -0.0725 0.5950 -0.8004
vn -0.0808 0.8800 -0.4680
vn 0.2609 0.9632 -0.0644
vn 0.2070 0.8516 -0.4815
vn 0.2654 0.8927 0.3642
vn 0.2196 0.6523 0.7255
vn 0.1313 0.2852 0.9494
vn 0.0166 -0.1414 0.9898
vn -0.1026 -0.5439 0.8328
vn -0.2020 -0.8399 0.5037
vn -0.2601 -0.9631 0.0687
vn -0.2642 -0.8858 -0.3816
vn -0.2136 -0.6258 -0.7501
vn -0.1197 -0.2400 -0.9634
vn -0.0029 0.1894 -0.9819
vn 0.1134 0.5772 -0.8087
vn 0.2070 0.8516 -0.4816
vn 0.5835 0.8077 -0.0843
vn 0.4902 0.7147 -0.4989
vn 0.5665 0.7479 0.3459
vn 0.4420 0.5460 0.7117
vn 0.2315 0.2377 0.9433
vn -0.0262 -0.1200 0.9924
vn -0.2818 -0.4579 0.8432
vn -0.4823 -0.7052 0.5197
vn -0.5836 -0.8074 0.0866
vn -0.5633 -0.7415 -0.3645
vn -0.4267 -0.5226 -0.7381
vn -0.2044 -0.1992 -0.9584
vn 0.0561 0.1604 -0.9855
vn 0.3030 0.4852 -0.8202
vn 0.8217 0.5612 -0.0991
vn 0.6997 0.4987 -0.5116
vn 0.7884 0.5178 0.3323
vn 0.6051 0.3758 0.7019
vn 0.3036 0.1601 0.9393
vn -0.0606 -0.0892 0.9942
vn -0.4160 -0.3230 0.8501
vn -0.6890 -0.4926 0.5316
vn -0.8210 -0.5616 0.1031
vn -0.7838 -0.5145 -0.3477
vn -0.5857 -0.3619 -0.7253
vn -0.2693 -0.1363 -0.9534
vn 0.0986 0.1147 -0.9885
vn 0.4433 0.3404 -0.8292
vn 0.6997 0.4986 -0.5116
vn 0.9674 0.2268 -0.1127
vn 0.8258 0.2104 -0.5233
vn 0.9263 0.2003 0.3191
vn 0.7099 0.1358 0.6911
vn 0.3569 0.0452 0.9330
vn -0.0683 -0.0550 0.9961
vn -0.4855 -0.1456 0.8620
vn -0.8091 -0.2075 0.5498
vn -0.9666 -0.2268 0.1191
vn -0.9204 -0.1982 -0.3369
vn -0.6819 -0.1283 -0.7201
vn -0.3068 -0.0330 -0.9512
vn 0.1243 0.0677 -0.9899
vn 0.5269 0.1541 -0.8359
vn 0.8257 0.2104 -0.5234
vn 0.9825 -0.1364 -0.1271
vn 0.8386 -0.0987 -0.5358
vn 0.9405 -0.1482 0.3057
vn 0.7199 -0.1319 0.6815
vn 0.3589 -0.0901 0.9290
vn -0.0758 -0.0301 0.9967
vn -0.4994 0.0365 0.8656
vn -0.8247 0.0964 0.5574
vn -0.9816 0.1367 0.1335
vn -0.9361 0.1487 -0.3188
vn -0.6981 0.1299 -0.7041
vn -0.3189 0.0850 -0.9440
vn 0.1213 0.0235 -0.9923
vn 0.5332 -0.0419 -0.8449
vn 0.8385 -0.0987 -0.5359
vn 0.8814 -0.4509 -0.1411
vn 0.7543 -0.3620 -0.5476
vn 0.8417 -0.4543 0.2919
vn 0.6421 -0.3716 0.6705
vn 0.3183 -0.2171 0.9228
vn -0.0707 -0.0188 0.9973
vn -0.4496 0.1850 0.8738
vn -0.7408 0.3531 0.5714
vn -0.8808 0.4491 0.1497
vn -0.8384 0.4523 -0.3042
vn -0.6225 0.3619 -0.6939
vn -0.2810 0.1983 -0.9390
vn 0.1139 -0.0039 -0.9935
vn 0.4821 -0.2033 -0.8522
vn 0.7543 -0.3620 -0.5477
vn 0.6561 -0.7373 -0.1610
vn 0.5701 -0.5973 -0.5641
vn 0.6182 -0.7380 0.2706
vn 0.4633 -0.5991 0.6530
vn 0.2196 -0.3456 0.9123
vn -0.0687 -0.0229 0.9974
vn -0.3468 0.3080 0.8859
vn -0.5579 0.5805 0.5931
vn -0.6552 0.7353 0.1733
vn -0.6151 0.7357 -0.2835
vn -0.4463 0.5821 -0.6797
vn -0.1873 0.3103 -0.9320
vn 0.1060 -0.0202 -0.9942
vn 0.3752 -0.3429 -0.8612
vn 0.5701 -0.5973 -0.5642
vn 0.3444 -0.9195 -0.1892
vn 0.3195 -0.7446 -0.5861
vn 0.3044 -0.9209 0.2434
vn 0.2067 -0.7483 0.6303
vn 0.0687 -0.4310 0.8997
vn -0.0842 -0.0263 0.9961
vn -0.2217 0.3876 0.8948
vn -0.3153 0.7259 0.6113
vn -0.3447 0.9170 0.2010
vn -0.3028 0.9191 -0.2521
vn -0.1986 0.7315 -0.6523
vn -0.0540 0.3945 -0.9173
vn 0.1004 -0.0197 -0.9948
vn 0.2332 -0.4254 -0.8744
vn 0.3195 -0.7445 -0.5862
vn -0.0157 -0.9743 -0.2249
vn 0.0278 -0.7872 -0.6161
vn -0.0562 -0.9764 0.2087
vn -0.0860 -0.7933 0.6028
vn -0.0996 -0.4589 0.8829
vn -0.0939 -0.0341 0.9950
vn -0.0694 0.4029 0.9126
vn -0.0297 0.7647 0.6437
vn 0.0169 0.9715 0.2366
vn 0.0598 0.9731 -0.2226
vn 0.0895 0.7696 -0.6322
vn 0.1005 0.4111 -0.9061
vn 0.0919 -0.0242 -0.9955
vn 0.0661 -0.4499 -0.8906
vn -0.2134 -0.9457 -0.2450
vn -0.1332 -0.7587 -0.6377
vn -0.2522 -0.9480 0.1942
vn -0.2423 -0.7649 0.5969
vn -0.1841 -0.4288 0.8845
vn -0.0878 -0.0051 0.9961
vn 0.0275 0.4199 0.9072
vn 0.1373 0.7578 0.6379
vn 0.2195 0.9442 0.2456
vn 0.2582 0.9465 -0.1935
vn 0.2462 0.7640 -0.5964
vn 0.1855 0.4285 -0.8843
vn 0.0881 0.0051 -0.9961
vn -0.0259 -0.4201 -0.9071
vn -0.1331 -0.7587 -0.6377
vn 0.1784 0.8970 -0.4044
vn -0.0000 0.9146 -0.4044
vn -0.0000 0.9808 -0.1950
vn 0.1914 0.9620 -0.1950
vn 0.3500 0.8450 -0.4044
vn 0.3753 0.9061 -0.1950
vn 0.5081 0.7604 -0.4044
vn 0.5449 0.8155 -0.1950
vn 0.6467 0.6467 -0.4044
vn 0.6935 0.6935 -0.1950
vn 0.7604 0.5081 -0.4044
vn 0.6936 0.6935 -0.1950
vn 0.8155 0.5449 -0.1950
vn 0.8450 0.3500 -0.4044
vn 0.9061 0.3753 -0.1950
vn 0.8970 0.1784 -0.4044
vn 0.9620 0.1914 -0.1950
vn 0.9146 -0.0000 -0.4044
vn 0.9808 -0.0000 -0.1950
vn 0.8970 -0.1784 -0.4044
vn 0.9620 -0.1914 -0.1950
vn 0.8450 -0.3500 -0.4044
vn 0.9061 -0.3753 -0.1950
vn 0.7604 -0.5081 -0.4044
vn 0.8155 -0.5449 -0.1950
vn 0.6467 -0.6467 -0.4044
vn 0.6935 -0.6935 -0.1950
vn 0.5081 -0.7604 -0.4044
vn 0.5449 -0.8155 -0.1950
vn 0.3500 -0.8449 -0.4044
vn 0.3753 -0.9061 -0.1950
vn 0.1784 -0.8970 -0.4044
vn 0.1913 -0.9620 -0.1950
vn -0.0000 -0.9146 -0.4044
vn -0.0000 -0.9808 -0.1950
vn -0.1784 -0.8970 -0.4044
vn -0.1913 -0.9620 -0.1950
vn -0.3500 -0.8449 -0.4044
vn -0.3753 -0.9061 -0.1950
vn -0.5081 -0.7604 -0.4044
vn -0.5449 -0.8155 -0.1950
vn -0.6467 -0.6467 -0.4044
vn -0.6935 -0.6936 -0.1950
vn -0.7604 -0.5081 -0.4044
vn -0.6936 -0.6935 -0.1950
vn -0.8155 -0.5449 -0.1950
vn -0.8449 -0.3500 -0.4044
vn -0.9061 -0.3753 -0.1950
vn -0.8970 -0.1784 -0.4044
vn -0.9620 -0.1913 -0.1950
vn -0.9146 -0.0000 -0.4044
vn -0.9808 -0.0000 -0.1950
vn -0.8970 0.1784 -0.4044
vn -0.9620 0.1914 -0.1950
vn -0.8450 0.3500 -0.4044
vn -0.9061 0.3753 -0.1950
vn -0.7604 0.5081 -0.4045
vn -0.8155 0.5449 -0.1950
vn -0.6467 0.6467 -0.4044
vn -0.6935 0.6935 -0.1950
vn -0.5081 0.7604 -0.4044
vn -0.5449 0.8155 -0.1950
vn -0.3500 0.8450 -0.4044
vn -0.3753 0.9061 -0.1950
vn -0.1784 0.8970 -0.4044
vn -0.1913 0.9620 -0.1950
vn -0.1608 -0.8082 -0.5665
vn -0.1743 -0.8764 -0.4489
vn -0.3420 -0.8256 -0.4489
vn -0.3154 -0.7613 -0.5665
vn -0.7613 0.3154 -0.5665
vn -0.8256 0.3420 -0.4489
vn -0.7430 0.4964 -0.4489
vn -0.6852 0.4578 -0.5665
vn 0.5827 0.5827 -0.5665
vn 0.6319 0.6318 -0.4489
vn 0.7430 0.4964 -0.4489
vn 0.6852 0.4578 -0.5665
vn 0.4578 -0.6852 -0.5665
vn 0.4964 -0.7430 -0.4489
vn 0.3420 -0.8256 -0.4489
vn 0.3154 -0.7613 -0.5665
vn -0.7613 -0.3154 -0.5665
vn -0.8256 -0.3420 -0.4489
vn -0.8764 -0.1743 -0.4489
vn -0.8082 -0.1608 -0.5665
vn -0.0000 0.8241 -0.5665
vn -0.0000 0.8936 -0.4489
vn 0.1743 0.8764 -0.4489
vn 0.1608 0.8082 -0.5665
vn -0.1608 0.8082 -0.5665
vn -0.1743 0.8764 -0.4489
vn 0.8082 -0.1608 -0.5665
vn 0.8764 -0.1743 -0.4489
vn 0.8256 -0.3420 -0.4489
vn 0.7613 -0.3154 -0.5665
vn -0.4964 -0.7430 -0.4489
vn -0.4578 -0.6852 -0.5665
vn -0.6319 0.6319 -0.4489
vn -0.5827 0.5827 -0.5665
vn 0.8256 0.3420 -0.4489
vn 0.7613 0.3154 -0.5665
vn 0.1743 -0.8764 -0.4489
vn 0.1608 -0.8082 -0.5665
vn -0.8936 -0.0000 -0.4489
vn -0.8241 -0.0000 -0.5665
vn 0.3420 0.8256 -0.4489
vn 0.3154 0.7613 -0.5665
vn 0.7430 -0.4964 -0.4489
vn 0.6852 -0.4578 -0.5665
vn -0.6318 -0.6319 -0.4489
vn -0.5827 -0.5827 -0.5665
vn -0.4964 0.7430 -0.4489
vn -0.4578 0.6852 -0.5665
vn 0.8764 0.1743 -0.4489
vn 0.8082 0.1608 -0.5665
vn -0.0000 -0.8936 -0.4489
vn -0.0000 -0.8241 -0.5665
vn -0.8764 0.1743 -0.4489
vn -0.8082 0.1608 -0.5665
vn 0.4964 0.7430 -0.4489
vn 0.4578 0.6852 -0.5665
vn 0.6318 -0.6319 -0.4489
vn 0.5827 -0.5827 -0.5665
vn -0.6319 -0.6318 -0.4489
vn -0.7430 -0.4964 -0.4489
vn -0.6852 -0.4578 -0.5665
vn -0.3420 0.8256 -0.4489
vn -0.3153 0.7613 -0.5665
vn 0.8936 -0.0000 -0.4489
vn 0.8241 -0.0000 -0.5665
vn 0.6318 0.6319 -0.4489
vn -0.4126 -0.0821 -0.9072
vn -0.4207 -0.0000 -0.9072
vn 0.3887 -0.1610 -0.9072
vn 0.3498 -0.2337 -0.9072
vn -0.4126 0.0821 -0.9072
vn 0.2975 -0.2975 -0.9072
vn -0.3887 0.1610 -0.9072
vn 0.2337 -0.3498 -0.9072
vn -0.3498 0.2337 -0.9072
vn 0.1610 -0.3887 -0.9072
vn -0.0000 0.4207 -0.9072
vn 0.0821 0.4126 -0.9072
vn -0.2975 0.2975 -0.9072
vn 0.0821 -0.4126 -0.9072
vn 0.1610 0.3887 -0.9072
vn -0.2337 0.3498 -0.9072
vn -0.0000 -0.4207 -0.9072
vn 0.2337 0.3498 -0.9072
vn -0.1610 0.3887 -0.9072
vn -0.0821 -0.4126 -0.9072
vn 0.2975 0.2975 -0.9072
vn -0.0821 0.4126 -0.9072
vn -0.1610 -0.3887 -0.9072
vn 0.3498 0.2337 -0.9072
vn -0.2337 -0.3498 -0.9072
vn 0.3887 0.1610 -0.9072
vn -0.2975 -0.2975 -0.9072
vn 0.4126 0.0821 -0.9072
vn -0.3498 -0.2337 -0.9072
vn 0.4207 -0.0000 -0.9072
vn -0.3887 -0.1610 -0.9072
vn 0.4126 -0.0821 -0.9072
vn 0.2842 -0.1177 -0.9515
vn 0.1996 -0.0827 -0.9764
vn 0.1796 -0.1200 -0.9764
vn 0.2557 -0.1709 -0.9515
vn -0.1709 0.2557 -0.9515
vn -0.1200 0.1796 -0.9764
vn -0.0827 0.1996 -0.9764
vn -0.1177 0.2841 -0.9515
vn -0.0000 -0.3076 -0.9515
vn -0.0000 -0.2161 -0.9764
vn -0.0422 -0.2119 -0.9764
vn -0.0600 -0.3017 -0.9515
vn 0.1528 -0.1528 -0.9764
vn 0.2175 -0.2175 -0.9515
vn -0.0422 0.2119 -0.9764
vn -0.0600 0.3017 -0.9515
vn -0.0827 -0.1996 -0.9764
vn -0.1177 -0.2842 -0.9515
vn 0.1200 -0.1796 -0.9764
vn 0.1709 -0.2557 -0.9515
vn -0.0000 0.2161 -0.9764
vn -0.0000 0.3076 -0.9515
vn -0.1200 -0.1796 -0.9764
vn -0.1709 -0.2557 -0.9515
vn 0.0827 -0.1996 -0.9764
vn 0.1177 -0.2841 -0.9515
vn 0.0422 0.2119 -0.9764
vn 0.0600 0.3017 -0.9515
vn -0.1528 -0.1528 -0.9764
vn -0.2175 -0.2175 -0.9515
vn 0.0421 -0.2119 -0.9764
vn 0.0600 -0.3017 -0.9515
vn 0.0827 0.1996 -0.9764
vn 0.1177 0.2842 -0.9515
vn -0.1796 -0.1200 -0.9764
vn -0.2557 -0.1709 -0.9515
vn 0.1200 0.1796 -0.9764
vn 0.1709 0.2557 -0.9515
vn -0.1996 -0.0827 -0.9764
vn -0.2841 -0.1177 -0.9515
vn 0.1528 0.1528 -0.9764
vn 0.2175 0.2175 -0.9515
vn -0.2119 -0.0422 -0.9764
vn -0.3017 -0.0600 -0.9515
vn 0.1796 0.1200 -0.9764
vn 0.2557 0.1709 -0.9515
vn -0.2161 -0.0000 -0.9764
vn -0.3076 -0.0000 -0.9515
vn 0.1996 0.0827 -0.9764
vn 0.2841 0.1177 -0.9515
vn -0.2119 0.0422 -0.9764
vn -0.3017 0.0600 -0.9515
vn 0.2119 0.0422 -0.9764
vn 0.3016 0.0600 -0.9515
vn -0.1996 0.0827 -0.9764
vn -0.2842 0.1177 -0.9515
vn 0.2161 -0.0000 -0.9764
vn 0.3076 -0.0000 -0.9515
vn -0.1796 0.1200 -0.9764
vn -0.2557 0.1709 -0.9515
vn 0.2119 -0.0422 -0.9764
vn 0.3017 -0.0600 -0.9515
vn -0.1528 0.1528 -0.9764
vn -0.2175 0.2175 -0.9515
vn 0.1580 -0.2365 -0.9587
vn 0.1709 -0.2558 -0.9515
vn 0.1177 -0.2842 -0.9515
vn 0.1089 -0.2628 -0.9587
vn -0.0000 0.2844 -0.9587
vn 0.0555 0.2790 -0.9587
vn -0.1580 -0.2365 -0.9587
vn -0.1709 -0.2558 -0.9515
vn -0.2011 -0.2011 -0.9587
vn 0.0555 -0.2790 -0.9587
vn 0.1089 0.2628 -0.9587
vn -0.2558 -0.1709 -0.9515
vn -0.2365 -0.1580 -0.9587
vn -0.0000 -0.2844 -0.9587
vn 0.1709 0.2558 -0.9515
vn 0.1580 0.2365 -0.9587
vn -0.2842 -0.1177 -0.9515
vn -0.2628 -0.1089 -0.9587
vn 0.2011 0.2011 -0.9587
vn -0.2790 -0.0555 -0.9587
vn 0.2558 0.1709 -0.9515
vn 0.2365 0.1580 -0.9587
vn -0.2844 -0.0000 -0.9587
vn 0.2842 0.1177 -0.9515
vn 0.2628 0.1089 -0.9587
vn -0.2790 0.0555 -0.9587
vn 0.3017 0.0600 -0.9515
vn 0.2790 0.0555 -0.9587
vn -0.2628 0.1089 -0.9587
vn 0.2844 -0.0000 -0.9587
vn -0.2558 0.1709 -0.9515
vn -0.2365 0.1580 -0.9587
vn 0.2790 -0.0555 -0.9587
vn -0.2011 0.2011 -0.9587
vn 0.2628 -0.1089 -0.9587
vn -0.1709 0.2558 -0.9515
vn -0.1580 0.2365 -0.9587
vn 0.2558 -0.1709 -0.9515
vn 0.2365 -0.1580 -0.9587
vn -0.1177 0.2842 -0.9515
vn -0.1088 0.2628 -0.9587
vn -0.0555 -0.2790 -0.9587
vn 0.2011 -0.2011 -0.9587
vn -0.0555 0.2790 -0.9587
vn -0.1089 -0.2628 -0.9587
vn 0.0783 -0.0523 -0.9956
vn 0.0666 -0.0666 -0.9956
vn -0.0923 -0.0184 -0.9956
vn -0.0942 -0.0000 -0.9956
vn -0.0923 0.0184 -0.9956
vn -0.0870 0.0360 -0.9956
vn 0.0870 -0.0360 -0.9956
vn -0.0870 -0.0360 -0.9956
vn 0.0942 -0.0000 -0.9956
vn 0.0923 -0.0184 -0.9956
vn -0.0783 -0.0523 -0.9956
vn 0.0923 0.0184 -0.9956
vn -0.0666 -0.0666 -0.9956
vn 0.0870 0.0360 -0.9956
vn -0.0523 -0.0783 -0.9956
vn 0.0783 0.0523 -0.9956
vn -0.0360 -0.0870 -0.9956
vn -0.0184 0.0923 -0.9956
vn -0.0000 0.0942 -0.9956
vn 0.0666 0.0666 -0.9956
vn -0.0184 -0.0923 -0.9956
vn 0.0523 -0.0783 -0.9956
vn -0.0360 0.0870 -0.9956
vn 0.0523 0.0783 -0.9956
vn -0.0000 -0.0942 -0.9956
vn -0.0523 0.0783 -0.9956
vn 0.0360 0.0870 -0.9956
vn 0.0184 -0.0923 -0.9956
vn -0.0666 0.0666 -0.9956
vn 0.0184 0.0923 -0.9956
vn 0.0360 -0.0870 -0.9956
vn -0.0783 0.0523 -0.9956
vn 0.9675 -0.0000 0.2530
vn 0.9790 -0.0000 -0.2041
vn 0.9601 0.1910 -0.2041
vn 0.9489 0.1887 0.2530
vn -0.1887 -0.9489 0.2530
vn -0.1910 -0.9601 -0.2041
vn -0.0000 -0.9790 -0.2041
vn -0.0000 -0.9675 0.2530
vn -0.8938 0.3702 0.2530
vn -0.9044 0.3746 -0.2041
vn -0.9601 0.1910 -0.2041
vn -0.9489 0.1887 0.2530
vn 0.6841 0.6841 0.2530
vn 0.6922 0.6923 -0.2041
vn 0.5439 0.8140 -0.2041
vn 0.5375 0.8044 0.2530
vn 0.5375 -0.8044 0.2530
vn 0.5439 -0.8140 -0.2041
vn 0.6922 -0.6922 -0.2041
vn 0.6841 -0.6841 0.2530
vn -0.8938 -0.3702 0.2530
vn -0.9044 -0.3746 -0.2041
vn -0.8140 -0.5439 -0.2041
vn -0.8044 -0.5375 0.2530
vn -0.1887 0.9489 0.2530
vn -0.1910 0.9601 -0.2041
vn -0.3746 0.9044 -0.2041
vn -0.3702 0.8938 0.2530
vn 0.9489 -0.1887 0.2530
vn 0.9601 -0.1910 -0.2041
vn -0.3702 -0.8938 0.2530
vn -0.3746 -0.9044 -0.2041
vn -0.8044 0.5375 0.2530
vn -0.8140 0.5439 -0.2041
vn 0.8044 0.5375 0.2530
vn 0.8140 0.5439 -0.2041
vn 0.6922 0.6922 -0.2041
vn 0.3702 -0.8938 0.2530
vn 0.3746 -0.9044 -0.2041
vn -0.9489 -0.1887 0.2530
vn -0.9601 -0.1910 -0.2041
vn 0.1887 0.9489 0.2530
vn 0.1910 0.9601 -0.2041
vn -0.0000 0.9790 -0.2041
vn -0.0000 0.9675 0.2530
vn 0.8938 -0.3702 0.2530
vn 0.9044 -0.3746 -0.2041
vn -0.5375 -0.8044 0.2530
vn -0.5439 -0.8140 -0.2041
vn -0.6841 0.6841 0.2530
vn -0.6922 0.6922 -0.2041
vn 0.8938 0.3702 0.2530
vn 0.9044 0.3746 -0.2041
vn 0.1887 -0.9489 0.2530
vn 0.1910 -0.9601 -0.2041
vn -0.9675 -0.0000 0.2530
vn -0.9790 -0.0000 -0.2041
vn 0.3702 0.8938 0.2530
vn 0.3746 0.9044 -0.2041
vn 0.8044 -0.5375 0.2530
vn 0.8140 -0.5439 -0.2041
vn -0.6841 -0.6841 0.2530
vn -0.6922 -0.6923 -0.2041
vn -0.5375 0.8044 0.2530
vn -0.5439 0.8140 -0.2041
vn -0.6922 -0.6922 -0.2041
vn 0.1691 0.8502 0.4986
vn 0.1885 0.9475 0.2582
vn -0.0000 0.9661 0.2582
vn -0.0000 0.8668 0.4986
vn -0.6129 0.6129 0.4986
vn -0.6831 0.6831 0.2582
vn -0.8033 0.5367 0.2582
vn -0.7207 0.4816 0.4986
vn 0.1691 -0.8502 0.4986
vn 0.1885 -0.9475 0.2582
vn 0.3697 -0.8925 0.2582
vn 0.3317 -0.8008 0.4986
vn 0.3317 0.8008 0.4986
vn 0.3697 0.8925 0.2582
vn -0.4816 0.7207 0.4986
vn -0.5367 0.8033 0.2582
vn -0.0000 -0.8668 0.4986
vn -0.0000 -0.9661 0.2582
vn 0.4816 0.7207 0.4986
vn 0.5367 0.8033 0.2582
vn -0.3317 0.8008 0.4986
vn -0.3697 0.8925 0.2582
vn -0.1691 -0.8502 0.4986
vn -0.1885 -0.9475 0.2582
vn 0.6129 0.6130 0.4986
vn 0.6831 0.6832 0.2582
vn -0.1691 0.8502 0.4986
vn -0.1885 0.9475 0.2582
vn -0.3317 -0.8008 0.4986
vn -0.3697 -0.8925 0.2582
vn 0.7207 0.4816 0.4986
vn 0.8033 0.5367 0.2582
vn 0.6831 0.6831 0.2582
vn 0.6130 0.6129 0.4986
vn -0.4816 -0.7207 0.4986
vn -0.5367 -0.8033 0.2582
vn 0.8008 0.3317 0.4986
vn 0.8925 0.3697 0.2582
vn -0.6129 -0.6130 0.4986
vn -0.6831 -0.6831 0.2582
vn 0.8502 0.1691 0.4986
vn 0.9475 0.1885 0.2582
vn -0.7207 -0.4816 0.4986
vn -0.8033 -0.5367 0.2582
vn -0.6130 -0.6129 0.4986
vn 0.8668 -0.0000 0.4986
vn 0.9661 -0.0000 0.2582
vn -0.8008 -0.3317 0.4986
vn -0.8925 -0.3697 0.2582
vn 0.8502 -0.1691 0.4986
vn 0.9475 -0.1885 0.2582
vn -0.8502 -0.1691 0.4986
vn -0.9475 -0.1885 0.2582
vn 0.8008 -0.3317 0.4986
vn 0.8925 -0.3697 0.2582
vn -0.8668 -0.0000 0.4986
vn -0.9661 -0.0000 0.2582
vn 0.7207 -0.4816 0.4986
vn 0.8033 -0.5367 0.2582
vn -0.8502 0.1691 0.4986
vn -0.9475 0.1885 0.2582
vn 0.6129 -0.6129 0.4986
vn 0.6831 -0.6831 0.2582
vn -0.8008 0.3317 0.4986
vn -0.8925 0.3697 0.2582
vn 0.4816 -0.7207 0.4986
vn 0.5367 -0.8033 0.2582
vn 0.6350 0.6350 0.4400
vn 0.6916 0.6916 0.2082
vn 0.5434 0.8132 0.2082
vn 0.4989 0.7467 0.4400
vn -0.1752 0.8807 0.4400
vn -0.1908 0.9593 0.2082
vn -0.3743 0.9036 0.2082
vn -0.3436 0.8296 0.4400
vn -0.3436 -0.8296 0.4400
vn -0.3743 -0.9036 0.2082
vn -0.1908 -0.9593 0.2082
vn -0.1752 -0.8807 0.4400
vn 0.7467 0.4989 0.4400
vn 0.8132 0.5434 0.2082
vn -0.0000 0.8980 0.4400
vn -0.0000 0.9781 0.2082
vn -0.4989 -0.7467 0.4400
vn -0.5434 -0.8132 0.2082
vn 0.8296 0.3436 0.4400
vn 0.9036 0.3743 0.2082
vn -0.6350 -0.6350 0.4400
vn -0.6916 -0.6916 0.2082
vn 0.8807 0.1752 0.4400
vn 0.9593 0.1908 0.2082
vn -0.7467 -0.4989 0.4400
vn -0.8132 -0.5434 0.2082
vn 0.8980 -0.0000 0.4400
vn 0.9781 -0.0000 0.2082
vn -0.8296 -0.3436 0.4400
vn -0.9036 -0.3743 0.2082
vn 0.8807 -0.1752 0.4400
vn 0.9593 -0.1908 0.2082
vn -0.8807 -0.1752 0.4400
vn -0.9593 -0.1908 0.2082
vn 0.8296 -0.3436 0.4400
vn 0.9036 -0.3743 0.2082
vn -0.8980 -0.0000 0.4400
vn -0.9781 -0.0000 0.2082
vn 0.7467 -0.4989 0.4400
vn 0.8132 -0.5434 0.2082
vn -0.8807 0.1752 0.4400
vn -0.9593 0.1908 0.2082
vn 0.6350 -0.6350 0.4400
vn 0.6916 -0.6916 0.2082
vn -0.8296 0.3436 0.4400
vn -0.9036 0.3743 0.2082
vn 0.4989 -0.7467 0.4400
vn 0.5434 -0.8132 0.2082
vn -0.7467 0.4989 0.4400
vn -0.8132 0.5434 0.2082
vn 0.3436 -0.8296 0.4400
vn 0.3743 -0.9036 0.2082
vn 0.1752 0.8807 0.4400
vn 0.1908 0.9593 0.2082
vn -0.6350 0.6350 0.4400
vn -0.6916 0.6916 0.2082
vn 0.1752 -0.8807 0.4400
vn 0.1908 -0.9593 0.2082
vn 0.3436 0.8296 0.4400
vn 0.3743 0.9036 0.2082
vn -0.4989 0.7467 0.4400
vn -0.5434 0.8132 0.2082
vn -0.0000 -0.8980 0.4400
vn -0.0000 -0.9781 0.2082
vn 0.9201 0.1830 0.3462
vn 0.9550 0.1900 0.2277
vn 0.8996 0.3726 0.2277
vn 0.8667 0.3590 0.3462
vn -0.7800 -0.5212 0.3462
vn -0.8096 -0.5410 0.2277
vn -0.6886 -0.6885 0.2277
vn -0.6634 -0.6634 0.3462
vn 0.9382 -0.0000 0.3462
vn 0.9737 -0.0000 0.2277
vn -0.8667 -0.3590 0.3462
vn -0.8996 -0.3726 0.2277
vn 0.9201 -0.1830 0.3462
vn 0.9550 -0.1900 0.2277
vn -0.9201 -0.1830 0.3462
vn -0.9550 -0.1900 0.2277
vn 0.8667 -0.3590 0.3462
vn 0.8996 -0.3726 0.2277
vn -0.9382 -0.0000 0.3462
vn -0.9737 -0.0000 0.2277
vn 0.7800 -0.5212 0.3462
vn 0.8096 -0.5410 0.2277
vn -0.9201 0.1830 0.3462
vn -0.9550 0.1900 0.2277
vn 0.6634 -0.6634 0.3462
vn 0.6885 -0.6885 0.2277
vn -0.8667 0.3590 0.3462
vn -0.8996 0.3726 0.2277
vn 0.5212 -0.7800 0.3462
vn 0.5410 -0.8096 0.2277
vn -0.7800 0.5212 0.3462
vn -0.8096 0.5410 0.2277
vn 0.3590 -0.8667 0.3462
vn 0.3726 -0.8996 0.2277
vn 0.1830 0.9201 0.3462
vn 0.1900 0.9550 0.2277
vn -0.0000 0.9737 0.2277
vn -0.0000 0.9382 0.3462
vn -0.6634 0.6634 0.3462
vn -0.6885 0.6885 0.2277
vn 0.1830 -0.9201 0.3462
vn 0.1900 -0.9550 0.2277
vn 0.3590 0.8667 0.3462
vn 0.3726 0.8996 0.2277
vn -0.5212 0.7800 0.3462
vn -0.5410 0.8096 0.2277
vn -0.0000 -0.9382 0.3462
vn -0.0000 -0.9737 0.2277
vn 0.5212 0.7800 0.3462
vn 0.5410 0.8096 0.2277
vn -0.3590 0.8667 0.3462
vn -0.3726 0.8996 0.2277
vn -0.1830 -0.9201 0.3462
vn -0.1900 -0.9550 0.2277
vn 0.6634 0.6634 0.3462
vn 0.6885 0.6886 0.2277
vn -0.1830 0.9201 0.3462
vn -0.1900 0.9550 0.2277
vn -0.3590 -0.8667 0.3462
vn -0.3726 -0.8996 0.2277
vn 0.7800 0.5212 0.3462
vn 0.8096 0.5410 0.2277
vn 0.6886 0.6885 0.2277
vn -0.5212 -0.7800 0.3462
vn -0.5410 -0.8096 0.2277
vn -0.6885 -0.6886 0.2277
vn 0.7202 -0.2983 0.6263
vn 0.7871 -0.3260 0.5236
vn 0.8356 -0.1662 0.5236
vn 0.7646 -0.1521 0.6263
vn -0.7796 -0.0000 0.6263
vn -0.8520 -0.0000 0.5236
vn -0.8356 -0.1662 0.5236
vn -0.7646 -0.1521 0.6263
vn 0.6482 -0.4331 0.6263
vn 0.7084 -0.4733 0.5236
vn -0.7646 0.1521 0.6263
vn -0.8356 0.1662 0.5236
vn 0.5512 -0.5512 0.6263
vn 0.6024 -0.6024 0.5236
vn -0.7202 0.2983 0.6263
vn -0.7871 0.3260 0.5236
vn 0.4331 -0.6482 0.6263
vn 0.4733 -0.7084 0.5236
vn -0.6482 0.4331 0.6263
vn -0.7084 0.4733 0.5236
vn 0.2983 -0.7202 0.6263
vn 0.3260 -0.7871 0.5236
vn 0.1521 0.7646 0.6263
vn 0.1662 0.8356 0.5236
vn -0.0000 0.8520 0.5236
vn -0.0000 0.7796 0.6263
vn -0.5512 0.5512 0.6263
vn -0.6024 0.6024 0.5236
vn 0.1521 -0.7646 0.6263
vn 0.1662 -0.8356 0.5236
vn 0.2983 0.7202 0.6263
vn 0.3260 0.7871 0.5236
vn -0.4331 0.6482 0.6263
vn -0.4733 0.7084 0.5236
vn -0.0000 -0.7796 0.6263
vn -0.0000 -0.8520 0.5236
vn 0.4331 0.6482 0.6263
vn 0.4733 0.7084 0.5236
vn -0.2983 0.7202 0.6263
vn -0.3260 0.7871 0.5236
vn -0.1521 -0.7646 0.6263
vn -0.1662 -0.8356 0.5236
vn 0.5512 0.5513 0.6263
vn 0.6024 0.6024 0.5236
vn -0.1521 0.7646 0.6263
vn -0.1662 0.8356 0.5236
vn -0.2983 -0.7202 0.6263
vn -0.3260 -0.7871 0.5236
vn 0.6482 0.4331 0.6263
vn 0.7084 0.4733 0.5236
vn 0.5512 0.5512 0.6263
vn -0.4331 -0.6482 0.6263
vn -0.4733 -0.7084 0.5236
vn 0.7202 0.2983 0.6263
vn 0.7871 0.3260 0.5236
vn -0.5512 -0.5513 0.6263
vn -0.6024 -0.6025 0.5236
vn 0.7646 0.1521 0.6263
vn 0.8356 0.1662 0.5236
vn -0.6482 -0.4331 0.6263
vn -0.7084 -0.4733 0.5236
vn -0.6024 -0.6024 0.5236
vn -0.5512 -0.5512 0.6263
vn 0.7796 -0.0000 0.6263
vn 0.8520 -0.0000 0.5236
vn -0.7202 -0.2983 0.6263
vn -0.7871 -0.3260 0.5236
vn 0.4411 -0.6601 0.6081
vn 0.5614 -0.5614 0.6081
vn -0.6601 0.4411 0.6081
vn -0.7335 0.3038 0.6081
vn 0.3038 -0.7335 0.6081
vn 0.1549 0.7786 0.6081
vn -0.0000 0.7939 0.6081
vn -0.5614 0.5614 0.6081
vn 0.1549 -0.7786 0.6081
vn 0.3038 0.7335 0.6081
vn -0.4411 0.6601 0.6081
vn -0.0000 -0.7939 0.6081
vn 0.4411 0.6601 0.6081
vn -0.3038 0.7335 0.6081
vn -0.1549 -0.7786 0.6081
vn 0.5613 0.5614 0.6081
vn -0.1549 0.7786 0.6081
vn -0.3038 -0.7335 0.6081
vn 0.6601 0.4411 0.6081
vn 0.5614 0.5613 0.6081
vn -0.4411 -0.6601 0.6081
vn 0.7335 0.3038 0.6081
vn -0.5613 -0.5614 0.6081
vn 0.7786 0.1549 0.6081
vn -0.6601 -0.4411 0.6081
vn -0.5614 -0.5613 0.6081
vn 0.7939 -0.0000 0.6081
vn -0.7335 -0.3038 0.6081
vn 0.7786 -0.1549 0.6081
vn -0.7786 -0.1549 0.6081
vn 0.7335 -0.3038 0.6081
vn -0.7939 -0.0000 0.6081
vn 0.6601 -0.4411 0.6081
vn -0.7786 0.1549 0.6081
vn 0.3747 -0.9045 -0.2035
vn 0.5439 -0.8141 -0.2035
vn -0.8141 0.5439 -0.2035
vn -0.9045 0.3747 -0.2035
vn 0.6923 -0.6923 -0.2035
vn -0.9603 0.1910 -0.2035
vn 0.8141 -0.5439 -0.2035
vn -0.9791 -0.0000 -0.2035
vn 0.9045 -0.3747 -0.2035
vn -0.9603 -0.1910 -0.2035
vn 0.9603 -0.1910 -0.2035
vn -0.9045 -0.3747 -0.2035
vn 0.9791 -0.0000 -0.2035
vn -0.8141 -0.5439 -0.2035
vn 0.9603 0.1910 -0.2035
vn -0.6923 -0.6923 -0.2035
vn 0.9045 0.3747 -0.2035
vn -0.5439 -0.8141 -0.2035
vn 0.8141 0.5439 -0.2035
vn -0.3747 -0.9045 -0.2035
vn -0.0000 0.9791 -0.2035
vn -0.1910 0.9603 -0.2035
vn 0.6923 0.6923 -0.2035
vn -0.1910 -0.9603 -0.2035
vn -0.3747 0.9045 -0.2035
vn 0.5439 0.8141 -0.2035
vn -0.0000 -0.9791 -0.2035
vn -0.5439 0.8141 -0.2035
vn 0.3747 0.9045 -0.2035
vn 0.1910 -0.9603 -0.2035
vn -0.6923 0.6923 -0.2035
vn 0.1910 0.9603 -0.2035
vn -0.3774 0.9111 0.1661
vn -0.5479 0.8199 0.1661
vn -0.8199 -0.5478 0.1661
vn -0.6973 -0.6973 0.1661
vn 0.6973 -0.6973 0.1661
vn 0.8199 -0.5479 0.1661
vn 0.5479 0.8199 0.1661
vn 0.3774 0.9110 0.1661
vn -0.9672 0.1924 0.1661
vn -0.9861 -0.0000 0.1661
vn -0.0000 -0.9861 0.1661
vn 0.1924 -0.9672 0.1661
vn 0.9672 0.1924 0.1661
vn 0.9111 0.3774 0.1661
vn -0.6973 0.6973 0.1661
vn -0.5479 -0.8199 0.1661
vn 0.9111 -0.3774 0.1661
vn 0.1924 0.9672 0.1661
vn -0.9672 -0.1924 0.1661
vn 0.3774 -0.9110 0.1661
vn 0.8199 0.5479 0.1661
vn -0.8199 0.5479 0.1661
vn -0.3774 -0.9110 0.1661
vn 0.9672 -0.1924 0.1661
vn -0.0000 0.9861 0.1661
vn -0.1924 0.9672 0.1661
vn -0.9110 -0.3774 0.1661
vn 0.5478 -0.8199 0.1661
vn 0.6973 0.6973 0.1661
vn -0.9110 0.3774 0.1661
vn -0.1924 -0.9672 0.1661
vn 0.9861 -0.0000 0.1661
vn 0.1698 0.8537 0.4922
vn -0.0000 0.8705 0.4922
vn -0.6155 0.6155 0.4922
vn -0.7238 0.4836 0.4922
vn 0.1698 -0.8537 0.4922
vn 0.3331 -0.8042 0.4922
vn 0.3331 0.8042 0.4922
vn -0.4836 0.7238 0.4922
vn -0.0000 -0.8705 0.4922
vn 0.4836 0.7238 0.4922
vn -0.3331 0.8042 0.4922
vn -0.1698 -0.8537 0.4922
vn 0.6155 0.6155 0.4922
vn -0.1698 0.8537 0.4922
vn -0.3331 -0.8042 0.4922
vn 0.7238 0.4836 0.4922
vn -0.4836 -0.7238 0.4922
vn 0.8042 0.3331 0.4922
vn -0.6155 -0.6155 0.4922
vn 0.8537 0.1698 0.4922
vn -0.7238 -0.4836 0.4922
vn 0.8705 -0.0000 0.4922
vn -0.8042 -0.3331 0.4922
vn 0.8537 -0.1698 0.4922
vn -0.8537 -0.1698 0.4922
vn 0.8042 -0.3331 0.4922
vn -0.8705 -0.0000 0.4922
vn 0.7238 -0.4836 0.4922
vn -0.8537 0.1698 0.4922
vn 0.6155 -0.6155 0.4922
vn -0.8042 0.3331 0.4922
vn 0.4836 -0.7238 0.4922
vn 0.9623 -0.0000 -0.2720
vn 0.9438 -0.1877 -0.2720
vn -0.3682 0.8890 -0.2720
vn -0.1877 0.9438 -0.2720
vn -0.8001 -0.5346 -0.2720
vn -0.8890 -0.3682 -0.2720
vn 0.6804 -0.6804 -0.2720
vn 0.5346 -0.8001 -0.2720
vn 0.5346 0.8001 -0.2720
vn 0.6804 0.6805 -0.2720
vn -0.9438 0.1877 -0.2720
vn -0.8890 0.3683 -0.2720
vn -0.0000 -0.9623 -0.2720
vn -0.1877 -0.9438 -0.2720
vn 0.9438 0.1877 -0.2720
vn -0.5346 0.8001 -0.2720
vn -0.6805 -0.6804 -0.2720
vn 0.8001 -0.5346 -0.2720
vn 0.3682 0.8890 -0.2720
vn -0.9623 -0.0000 -0.2720
vn 0.1877 -0.9438 -0.2720
vn 0.8890 0.3682 -0.2720
vn -0.6804 0.6804 -0.2720
vn -0.5346 -0.8001 -0.2720
vn -0.6804 -0.6805 -0.2720
vn 0.8890 -0.3683 -0.2720
vn 0.1877 0.9438 -0.2720
vn -0.9438 -0.1877 -0.2720
vn 0.3682 -0.8890 -0.2720
vn 0.8001 0.5346 -0.2720
vn -0.8001 0.5346 -0.2720
vn -0.3683 -0.8890 -0.2720
vn -0.0000 0.9623 -0.2720
vn 0.6805 0.6804 -0.2720
vn 0.0583 -0.2932 -0.9543
vn -0.0000 -0.2990 -0.9543
vn -0.2114 0.2114 -0.9543
vn -0.1661 0.2486 -0.9543
vn 0.0583 0.2932 -0.9543
vn 0.1144 0.2762 -0.9543
vn 0.1144 -0.2762 -0.9543
vn -0.2486 0.1661 -0.9543
vn -0.0000 0.2990 -0.9543
vn 0.1661 -0.2486 -0.9543
vn -0.2762 0.1144 -0.9543
vn 0.2114 -0.2114 -0.9543
vn -0.2932 0.0583 -0.9543
vn 0.2486 -0.1661 -0.9543
vn -0.2990 -0.0000 -0.9543
vn 0.2762 -0.1144 -0.9543
vn -0.2932 -0.0583 -0.9543
vn 0.2933 -0.0583 -0.9543
vn -0.2762 -0.1144 -0.9543
vn 0.2990 -0.0000 -0.9543
vn -0.2486 -0.1661 -0.9543
vn 0.2932 0.0583 -0.9543
vn -0.2114 -0.2114 -0.9543
vn 0.2762 0.1144 -0.9543
vn -0.1661 -0.2486 -0.9543
vn 0.2486 0.1661 -0.9543
vn -0.1144 -0.2762 -0.9543
vn -0.0583 0.2932 -0.9543
vn 0.2114 0.2114 -0.9543
vn -0.0584 -0.2932 -0.9543
vn -0.1144 0.2762 -0.9543
vn 0.1661 0.2486 -0.9543
vn -0.0000 -0.0000 -1.0000
vn -0.0000 0.9692 0.2461
vn -0.1891 0.9506 0.2461
vn -0.1701 0.8550 0.4899
vn -0.0000 0.8718 0.4899
vn -0.3709 0.8955 0.2461
vn -0.3336 0.8054 0.4899
vn -0.5385 0.8059 0.2461
vn -0.4843 0.7249 0.4899
vn -0.6854 0.6854 0.2461
vn -0.6165 0.6164 0.4899
vn -0.8059 0.5385 0.2461
vn -0.7249 0.4843 0.4899
vn -0.8955 0.3709 0.2461
vn -0.8054 0.3336 0.4899
vn -0.9506 0.1891 0.2461
vn -0.8550 0.1701 0.4899
vn -0.9692 -0.0000 0.2461
vn -0.8718 -0.0000 0.4899
vn -0.9506 -0.1891 0.2461
vn -0.8550 -0.1701 0.4899
vn -0.8955 -0.3709 0.2461
vn -0.8054 -0.3336 0.4899
vn -0.8059 -0.5385 0.2461
vn -0.7249 -0.4843 0.4899
vn -0.6854 -0.6853 0.2461
vn -0.6165 -0.6164 0.4899
vn -0.6854 -0.6854 0.2461
vn -0.5385 -0.8059 0.2461
vn -0.4843 -0.7249 0.4899
vn -0.6164 -0.6165 0.4899
vn -0.3709 -0.8955 0.2461
vn -0.3336 -0.8054 0.4899
vn -0.1891 -0.9506 0.2461
vn -0.1701 -0.8550 0.4899
vn -0.0000 -0.9692 0.2461
vn -0.0000 -0.8718 0.4899
vn 0.1891 -0.9506 0.2461
vn 0.1701 -0.8550 0.4899
vn 0.3709 -0.8955 0.2461
vn 0.3336 -0.8054 0.4899
vn 0.5385 -0.8059 0.2461
vn 0.4843 -0.7249 0.4899
vn 0.6853 -0.6854 0.2461
vn 0.6164 -0.6165 0.4899
vn 0.8059 -0.5385 0.2461
vn 0.7249 -0.4843 0.4899
vn 0.8955 -0.3709 0.2461
vn 0.8054 -0.3336 0.4899
vn 0.9506 -0.1891 0.2461
vn 0.8550 -0.1701 0.4899
vn 0.9692 -0.0000 0.2461
vn 0.8718 -0.0000 0.4899
vn 0.9506 0.1891 0.2461
vn 0.8550 0.1701 0.4899
vn 0.8955 0.3709 0.2461
vn 0.8054 0.3336 0.4899
vn 0.8059 0.5385 0.2461
vn 0.7249 0.4843 0.4899
vn 0.6854 0.6853 0.2461
vn 0.6165 0.6164 0.4899
vn 0.6853 0.6854 0.2461
vn 0.5385 0.8059 0.2461
vn 0.4843 0.7249 0.4899
vn 0.6164 0.6165 0.4899
vn 0.3709 0.8955 0.2461
vn 0.3336 0.8054 0.4899
vn 0.1891 0.9506 0.2461
vn 0.1701 0.8550 0.4899
vn -0.0000 0.9996 0.0265
vn 0.1950 0.9804 0.0265
vn 0.3825 0.9236 0.0265
vn 0.5554 0.8312 0.0265
vn 0.7068 0.7069 0.0265
vn 0.7069 0.7068 0.0265
vn 0.8312 0.5554 0.0265
vn 0.9236 0.3826 0.0265
vn 0.9804 0.1950 0.0265
vn 0.9996 -0.0000 0.0265
vn 0.9804 -0.1950 0.0265
vn 0.9236 -0.3826 0.0265
vn 0.8312 -0.5554 0.0265
vn 0.7069 -0.7069 0.0265
vn 0.5554 -0.8312 0.0265
vn 0.3826 -0.9236 0.0265
vn 0.1950 -0.9804 0.0265
vn -0.0000 -0.9996 0.0265
vn -0.1950 -0.9804 0.0265
vn -0.3826 -0.9236 0.0265
vn -0.5554 -0.8312 0.0265
vn -0.7068 -0.7069 0.0265
vn -0.7069 -0.7068 0.0265
vn -0.8312 -0.5554 0.0265
vn -0.9236 -0.3826 0.0265
vn -0.9804 -0.1950 0.0265
vn -0.9996 -0.0000 0.0265
vn -0.9804 0.1950 0.0265
vn -0.9236 0.3826 0.0265
vn -0.8312 0.5554 0.0265
vn -0.7069 0.7069 0.0265
vn -0.5554 0.8312 0.0265
vn -0.3825 0.9236 0.0265
vn -0.1950 0.9804 0.0265
vn 0.1894 0.9523 -0.2394
vn -0.0000 0.9709 -0.2394
vn 0.3716 0.8970 -0.2394
vn 0.5394 0.8073 -0.2394
vn 0.6865 0.6866 -0.2394
vn 0.8073 0.5394 -0.2394
vn 0.6866 0.6865 -0.2394
vn 0.8970 0.3716 -0.2394
vn 0.9523 0.1894 -0.2394
vn 0.9709 -0.0000 -0.2394
vn 0.9523 -0.1894 -0.2394
vn 0.8970 -0.3716 -0.2394
vn 0.8073 -0.5394 -0.2394
vn 0.6865 -0.6865 -0.2394
vn 0.5394 -0.8073 -0.2394
vn 0.3716 -0.8970 -0.2394
vn 0.1894 -0.9523 -0.2394
vn -0.0000 -0.9709 -0.2394
vn -0.1894 -0.9523 -0.2394
vn -0.3716 -0.8970 -0.2394
vn -0.5394 -0.8073 -0.2394
vn -0.6865 -0.6865 -0.2394
vn -0.8073 -0.5394 -0.2394
vn -0.6866 -0.6865 -0.2394
vn -0.8970 -0.3716 -0.2394
vn -0.9523 -0.1894 -0.2394
vn -0.9709 -0.0000 -0.2394
vn -0.9523 0.1894 -0.2394
vn -0.8970 0.3716 -0.2394
vn -0.8073 0.5394 -0.2394
vn -0.6865 0.6865 -0.2394
vn -0.5394 0.8073 -0.2394
vn -0.3716 0.8970 -0.2394
vn -0.1894 0.9523 -0.2394
vn -0.1737 -0.8732 0.4554
vn -0.1892 -0.9514 0.2429
vn -0.0000 -0.9700 0.2429
vn -0.0000 -0.8903 0.4554
vn -0.3407 0.8225 0.4554
vn -0.3712 0.8962 0.2429
vn -0.5389 0.8066 0.2429
vn -0.4946 0.7403 0.4554
vn 0.4946 0.7403 0.4554
vn 0.5389 0.8066 0.2429
vn 0.3712 0.8962 0.2429
vn 0.3407 0.8225 0.4554
vn 0.1892 -0.9514 0.2429
vn 0.1737 -0.8732 0.4554
vn -0.6859 0.6859 0.2429
vn -0.6295 0.6295 0.4554
vn 0.1892 0.9514 0.2429
vn 0.1737 0.8732 0.4554
vn 0.3712 -0.8962 0.2429
vn 0.3407 -0.8225 0.4554
vn -0.8066 0.5389 0.2429
vn -0.7403 0.4946 0.4554
vn -0.0000 0.9700 0.2429
vn -0.0000 0.8903 0.4554
vn 0.5389 -0.8066 0.2429
vn 0.4946 -0.7403 0.4553
vn -0.8962 0.3712 0.2429
vn -0.8225 0.3407 0.4554
vn 0.6859 -0.6859 0.2429
vn 0.6295 -0.6295 0.4554
vn -0.9514 0.1892 0.2429
vn -0.8732 0.1737 0.4554
vn 0.8066 -0.5389 0.2429
vn 0.7403 -0.4946 0.4554
vn -0.9700 -0.0000 0.2429
vn -0.8903 -0.0000 0.4554
vn 0.8962 -0.3712 0.2429
vn 0.8225 -0.3407 0.4554
vn -0.9514 -0.1892 0.2429
vn -0.8732 -0.1737 0.4554
vn 0.9514 -0.1892 0.2429
vn 0.8732 -0.1737 0.4554
vn -0.8962 -0.3712 0.2429
vn -0.8225 -0.3407 0.4554
vn 0.9700 -0.0000 0.2429
vn 0.8903 -0.0000 0.4554
vn -0.8066 -0.5389 0.2429
vn -0.7403 -0.4946 0.4553
vn 0.9514 0.1892 0.2429
vn 0.8732 0.1737 0.4554
vn -0.6859 -0.6859 0.2429
vn -0.6296 -0.6295 0.4554
vn 0.8962 0.3712 0.2429
vn 0.8225 0.3407 0.4554
vn -0.6295 -0.6296 0.4554
vn -0.6859 -0.6860 0.2429
vn -0.5389 -0.8066 0.2429
vn -0.4946 -0.7403 0.4554
vn 0.8066 0.5389 0.2429
vn 0.7403 0.4946 0.4553
vn -0.3712 -0.8962 0.2429
vn -0.3407 -0.8225 0.4554
vn -0.1892 0.9514 0.2429
vn -0.1737 0.8732 0.4554
vn 0.6859 0.6859 0.2429
vn 0.6296 0.6295 0.4554
vn 0.6295 0.6296 0.4554
vn 0.6859 0.6860 0.2429
vn -0.1876 -0.9433 -0.2738
vn -0.0000 -0.9618 -0.2738
vn -0.3681 0.8886 -0.2738
vn -0.5343 0.7997 -0.2738
vn 0.5343 0.7997 -0.2738
vn 0.3681 0.8886 -0.2738
vn 0.1876 -0.9433 -0.2738
vn -0.6801 0.6801 -0.2738
vn 0.1876 0.9433 -0.2738
vn 0.3681 -0.8886 -0.2738
vn -0.7997 0.5343 -0.2738
vn -0.0000 0.9618 -0.2738
vn 0.5343 -0.7997 -0.2738
vn -0.8886 0.3681 -0.2738
vn 0.6801 -0.6801 -0.2738
vn -0.9433 0.1876 -0.2738
vn 0.7997 -0.5343 -0.2738
vn -0.9618 -0.0000 -0.2738
vn 0.8886 -0.3681 -0.2738
vn -0.9433 -0.1876 -0.2738
vn 0.9433 -0.1876 -0.2738
vn -0.8886 -0.3681 -0.2738
vn 0.9618 -0.0000 -0.2738
vn -0.7997 -0.5343 -0.2738
vn 0.9433 0.1876 -0.2738
vn -0.6801 -0.6801 -0.2738
vn 0.8886 0.3681 -0.2738
vn -0.5343 -0.7997 -0.2738
vn 0.7997 0.5343 -0.2738
vn -0.3681 -0.8886 -0.2738
vn -0.1876 0.9433 -0.2738
vn 0.6801 0.6801 -0.2738
vn 0.6952 0.6952 -0.1827
vn 0.5462 0.8175 -0.1827
vn -0.1918 0.9643 -0.1827
vn -0.3762 0.9083 -0.1827
vn -0.3762 -0.9083 -0.1827
vn -0.1918 -0.9643 -0.1827
vn 0.8175 0.5462 -0.1827
vn -0.0000 0.9832 -0.1827
vn -0.5462 -0.8175 -0.1827
vn 0.9083 0.3762 -0.1827
vn -0.6952 -0.6952 -0.1827
vn 0.9643 0.1918 -0.1827
vn -0.8175 -0.5462 -0.1827
vn 0.9832 -0.0000 -0.1827
vn -0.9083 -0.3762 -0.1827
vn 0.9643 -0.1918 -0.1827
vn -0.9643 -0.1918 -0.1827
vn 0.9083 -0.3762 -0.1827
vn -0.9832 -0.0000 -0.1827
vn 0.8175 -0.5462 -0.1827
vn -0.9643 0.1918 -0.1827
vn 0.6952 -0.6952 -0.1827
vn -0.9083 0.3762 -0.1827
vn 0.5462 -0.8175 -0.1827
vn -0.8175 0.5462 -0.1827
vn 0.3762 -0.9083 -0.1827
vn 0.1918 0.9643 -0.1827
vn -0.6952 0.6952 -0.1827
vn 0.1918 -0.9643 -0.1827
vn 0.3762 0.9083 -0.1827
vn -0.5462 0.8175 -0.1827
vn -0.0000 -0.9832 -0.1827
vn -0.7009 -0.7009 0.1322
vn -0.6907 -0.6908 -0.2138
vn -0.5427 -0.8122 -0.2138
vn -0.5507 -0.8242 0.1322
vn 0.9158 0.3793 0.1322
vn 0.9025 0.3738 -0.2138
vn 0.8122 0.5427 -0.2138
vn 0.8242 0.5507 0.1322
vn -0.3738 -0.9025 -0.2138
vn -0.3793 -0.9158 0.1322
vn -0.0000 0.9912 0.1322
vn -0.0000 0.9769 -0.2138
vn -0.1906 0.9581 -0.2138
vn -0.1934 0.9722 0.1322
vn 0.6908 0.6907 -0.2138
vn 0.7009 0.7009 0.1322
vn -0.1906 -0.9581 -0.2138
vn -0.1934 -0.9722 0.1322
vn -0.3738 0.9025 -0.2138
vn -0.3793 0.9158 0.1322
vn 0.6907 0.6908 -0.2138
vn 0.5427 0.8122 -0.2138
vn 0.5507 0.8242 0.1322
vn -0.0000 -0.9769 -0.2138
vn -0.0000 -0.9912 0.1322
vn -0.5427 0.8122 -0.2138
vn -0.5507 0.8242 0.1322
vn 0.3738 0.9025 -0.2138
vn 0.3793 0.9158 0.1322
vn 0.1906 -0.9581 -0.2138
vn 0.1934 -0.9722 0.1322
vn -0.6907 0.6908 -0.2138
vn -0.7009 0.7009 0.1322
vn 0.1906 0.9581 -0.2138
vn 0.1934 0.9722 0.1322
vn 0.3738 -0.9025 -0.2138
vn 0.3793 -0.9158 0.1322
vn -0.8122 0.5427 -0.2138
vn -0.8242 0.5507 0.1322
vn 0.5427 -0.8122 -0.2138
vn 0.5507 -0.8242 0.1322
vn -0.9025 0.3738 -0.2138
vn -0.9158 0.3793 0.1322
vn 0.6908 -0.6908 -0.2138
vn 0.7009 -0.7009 0.1322
vn -0.9581 0.1906 -0.2138
vn -0.9722 0.1934 0.1322
vn 0.8122 -0.5427 -0.2138
vn 0.8242 -0.5507 0.1322
vn -0.9769 -0.0000 -0.2138
vn -0.9912 -0.0000 0.1322
vn 0.9025 -0.3738 -0.2138
vn 0.9158 -0.3793 0.1322
vn -0.9581 -0.1906 -0.2138
vn -0.9722 -0.1934 0.1322
vn 0.9581 -0.1906 -0.2138
vn 0.9722 -0.1934 0.1322
vn -0.9025 -0.3738 -0.2138
vn -0.9158 -0.3793 0.1322
vn 0.9769 -0.0000 -0.2138
vn 0.9912 -0.0000 0.1322
vn -0.8122 -0.5427 -0.2138
vn -0.8242 -0.5507 0.1322
vn 0.9581 0.1906 -0.2138
vn 0.9722 0.1934 0.1322
vn -0.6908 -0.6907 -0.2138
vn -0.0000 0.8853 -0.4651
vn -0.1727 0.8682 -0.4651
vn -0.3388 0.8179 -0.4651
vn -0.4918 0.7361 -0.4651
vn -0.6260 0.6260 -0.4651
vn -0.7361 0.4918 -0.4651
vn -0.8179 0.3388 -0.4651
vn -0.8682 0.1727 -0.4651
vn -0.8853 -0.0000 -0.4651
vn -0.8682 -0.1727 -0.4651
vn -0.8179 -0.3388 -0.4651
vn -0.7361 -0.4918 -0.4651
vn -0.6260 -0.6260 -0.4651
vn -0.4918 -0.7361 -0.4651
vn -0.3388 -0.8179 -0.4651
vn -0.1727 -0.8682 -0.4651
vn -0.0000 -0.8852 -0.4651
vn 0.1727 -0.8682 -0.4651
vn 0.3388 -0.8179 -0.4651
vn 0.4918 -0.7361 -0.4651
vn 0.6260 -0.6260 -0.4651
vn 0.7361 -0.4918 -0.4651
vn 0.8179 -0.3388 -0.4651
vn 0.8682 -0.1727 -0.4651
vn 0.8853 -0.0000 -0.4651
vn 0.8682 0.1727 -0.4651
vn 0.8179 0.3388 -0.4651
vn 0.7361 0.4918 -0.4651
vn 0.6260 0.6260 -0.4651
vn 0.4918 0.7361 -0.4651
vn 0.3388 0.8179 -0.4651
vn 0.1727 0.8682 -0.4651
vn -0.0000 0.9636 0.2674
vn 0.1880 0.9451 0.2674
vn 0.3688 0.8902 0.2674
vn 0.5353 0.8012 0.2674
vn 0.6813 0.6814 0.2674
vn 0.6814 0.6813 0.2674
vn 0.8012 0.5353 0.2674
vn 0.8902 0.3687 0.2674
vn 0.9451 0.1880 0.2674
vn 0.9636 -0.0000 0.2674
vn 0.9451 -0.1880 0.2674
vn 0.8902 -0.3688 0.2674
vn 0.8012 -0.5353 0.2674
vn 0.6814 -0.6814 0.2674
vn 0.5353 -0.8012 0.2674
vn 0.3687 -0.8902 0.2674
vn 0.1880 -0.9451 0.2674
vn -0.0000 -0.9636 0.2674
vn -0.1880 -0.9451 0.2674
vn -0.3688 -0.8902 0.2674
vn -0.5353 -0.8012 0.2674
vn -0.6813 -0.6814 0.2674
vn -0.6814 -0.6813 0.2674
vn -0.8012 -0.5353 0.2674
vn -0.8902 -0.3687 0.2674
vn -0.9451 -0.1880 0.2674
vn -0.9636 -0.0000 0.2674
vn -0.9451 0.1880 0.2674
vn -0.8902 0.3688 0.2674
vn -0.8012 0.5353 0.2674
vn -0.6814 0.6814 0.2674
vn -0.5353 0.8012 0.2674
vn -0.3687 0.8902 0.2674
vn -0.1880 0.9451 0.2674
vn -0.3635 0.8775 0.3128
vn -0.5277 0.7897 0.3128
vn -0.7897 -0.5277 0.3128
vn -0.6716 -0.6716 0.3128
vn 0.6716 -0.6716 0.3128
vn 0.7897 -0.5277 0.3128
vn 0.5277 0.7897 0.3128
vn 0.3635 0.8775 0.3128
vn -0.9316 0.1853 0.3128
vn -0.9498 -0.0000 0.3128
vn -0.0000 -0.9498 0.3128
vn 0.1853 -0.9316 0.3128
vn 0.9316 0.1853 0.3128
vn 0.8775 0.3635 0.3128
vn -0.6716 0.6716 0.3128
vn -0.5277 -0.7897 0.3128
vn 0.8775 -0.3635 0.3128
vn 0.1853 0.9316 0.3128
vn -0.9316 -0.1853 0.3128
vn 0.3635 -0.8775 0.3128
vn 0.7897 0.5277 0.3128
vn -0.7897 0.5277 0.3128
vn -0.3635 -0.8775 0.3128
vn 0.9316 -0.1853 0.3128
vn -0.0000 0.9498 0.3128
vn -0.1853 0.9316 0.3128
vn -0.8775 -0.3635 0.3128
vn 0.5277 -0.7897 0.3128
vn 0.6716 0.6716 0.3128
vn -0.8775 0.3635 0.3128
vn -0.1853 -0.9316 0.3128
vn 0.9498 -0.0000 0.3128
vn -0.3492 0.8431 -0.4089
vn -0.5070 0.7588 -0.4089
vn -0.7588 -0.5070 -0.4089
vn -0.6453 -0.6453 -0.4089
vn 0.6453 -0.6453 -0.4089
vn 0.7588 -0.5070 -0.4089
vn 0.5070 0.7588 -0.4089
vn 0.3492 0.8431 -0.4089
vn -0.8950 0.1780 -0.4089
vn -0.9126 -0.0000 -0.4089
vn -0.0000 -0.9126 -0.4089
vn 0.1780 -0.8950 -0.4089
vn 0.8950 0.1780 -0.4089
vn 0.8431 0.3492 -0.4089
vn -0.6453 0.6453 -0.4089
vn -0.5070 -0.7588 -0.4089
vn 0.8431 -0.3492 -0.4089
vn 0.1780 0.8950 -0.4089
vn -0.8950 -0.1780 -0.4089
vn 0.3492 -0.8431 -0.4089
vn 0.7588 0.5070 -0.4089
vn -0.7588 0.5070 -0.4089
vn -0.3492 -0.8431 -0.4089
vn 0.8950 -0.1780 -0.4089
vn -0.0000 0.9126 -0.4089
vn -0.1780 0.8950 -0.4089
vn -0.8431 -0.3492 -0.4089
vn 0.5070 -0.7588 -0.4089
vn 0.6453 0.6453 -0.4089
vn -0.8431 0.3492 -0.4089
vn -0.1780 -0.8950 -0.4089
vn 0.9126 -0.0000 -0.4089
vn 0.1778 0.8940 -0.4112
vn -0.0000 0.9115 -0.4113
vn -0.6446 0.6445 -0.4112
vn -0.7579 0.5064 -0.4112
vn 0.1778 -0.8940 -0.4112
vn 0.3488 -0.8421 -0.4112
vn 0.3488 0.8421 -0.4113
vn -0.5064 0.7579 -0.4112
vn -0.0000 -0.9115 -0.4112
vn 0.5064 0.7579 -0.4112
vn -0.3488 0.8421 -0.4112
vn -0.1778 -0.8940 -0.4112
vn 0.6445 0.6445 -0.4112
vn -0.1778 0.8940 -0.4112
vn -0.3488 -0.8421 -0.4112
vn 0.7579 0.5064 -0.4112
vn 0.6446 0.6445 -0.4112
vn -0.5064 -0.7579 -0.4112
vn 0.8421 0.3488 -0.4112
vn -0.6445 -0.6445 -0.4112
vn 0.8940 0.1778 -0.4112
vn -0.7579 -0.5064 -0.4112
vn -0.6446 -0.6445 -0.4112
vn 0.9115 -0.0000 -0.4112
vn -0.8421 -0.3488 -0.4112
vn 0.8940 -0.1778 -0.4112
vn -0.8940 -0.1778 -0.4112
vn 0.8421 -0.3488 -0.4112
vn -0.9115 -0.0000 -0.4112
vn 0.7579 -0.5064 -0.4112
vn -0.8940 0.1778 -0.4112
vn 0.6446 -0.6445 -0.4112
vn -0.8421 0.3488 -0.4113
vn 0.5064 -0.7579 -0.4112
vn -0.1799 -0.9046 -0.3865
vn -0.0000 -0.9223 -0.3865
vn -0.3529 0.8521 -0.3865
vn -0.5124 0.7669 -0.3865
vn 0.5124 0.7669 -0.3865
vn 0.3529 0.8521 -0.3865
vn 0.1799 -0.9046 -0.3865
vn -0.6522 0.6522 -0.3865
vn 0.1799 0.9046 -0.3865
vn 0.3529 -0.8521 -0.3865
vn -0.7669 0.5124 -0.3865
vn -0.0000 0.9223 -0.3865
vn 0.5124 -0.7669 -0.3865
vn -0.8521 0.3530 -0.3865
vn 0.6522 -0.6522 -0.3865
vn -0.9046 0.1799 -0.3865
vn 0.7669 -0.5124 -0.3865
vn -0.9223 -0.0000 -0.3865
vn 0.8521 -0.3529 -0.3865
vn -0.9046 -0.1799 -0.3865
vn 0.9046 -0.1799 -0.3865
vn -0.8521 -0.3529 -0.3865
vn 0.9223 -0.0000 -0.3865
vn -0.7669 -0.5124 -0.3865
vn 0.9046 0.1799 -0.3865
vn -0.6522 -0.6521 -0.3865
vn 0.8521 0.3529 -0.3865
vn -0.6521 -0.6522 -0.3865
vn -0.5124 -0.7669 -0.3865
vn 0.7669 0.5124 -0.3865
vn -0.3529 -0.8521 -0.3865
vn -0.1799 0.9046 -0.3865
vn 0.6522 0.6521 -0.3865
vn 0.6521 0.6522 -0.3865
vn 0.6089 0.6089 -0.5083
vn 0.4784 0.7160 -0.5083
vn -0.1680 0.8446 -0.5083
vn -0.3295 0.7956 -0.5083
vn -0.3296 -0.7956 -0.5083
vn -0.1680 -0.8446 -0.5083
vn 0.7160 0.4784 -0.5083
vn -0.0000 0.8612 -0.5083
vn -0.4784 -0.7160 -0.5083
vn 0.7956 0.3295 -0.5083
vn -0.6089 -0.6089 -0.5083
vn 0.8446 0.1680 -0.5083
vn -0.7160 -0.4784 -0.5083
vn 0.8612 -0.0000 -0.5083
vn -0.7956 -0.3295 -0.5083
vn 0.8446 -0.1680 -0.5083
vn -0.8446 -0.1680 -0.5083
vn 0.7956 -0.3296 -0.5083
vn -0.8612 -0.0000 -0.5083
vn 0.7160 -0.4784 -0.5083
vn -0.8446 0.1680 -0.5083
vn 0.6089 -0.6089 -0.5083
vn -0.7956 0.3296 -0.5083
vn 0.4784 -0.7160 -0.5083
vn -0.7160 0.4784 -0.5083
vn 0.3295 -0.7956 -0.5083
vn 0.1680 0.8446 -0.5083
vn -0.6089 0.6089 -0.5083
vn 0.1680 -0.8446 -0.5083
vn 0.3296 0.7956 -0.5083
vn -0.4784 0.7160 -0.5083
vn -0.0000 -0.8612 -0.5083
vn 0.8723 0.1735 -0.4571
vn 0.8217 0.3403 -0.4571
vn -0.7395 -0.4941 -0.4571
vn -0.6289 -0.6289 -0.4571
vn 0.8894 -0.0000 -0.4572
vn -0.8217 -0.3403 -0.4571
vn 0.8723 -0.1735 -0.4571
vn -0.8723 -0.1735 -0.4571
vn 0.8217 -0.3404 -0.4571
vn -0.8894 -0.0000 -0.4572
vn 0.7395 -0.4941 -0.4571
vn -0.8723 0.1735 -0.4571
vn 0.6289 -0.6289 -0.4571
vn -0.8217 0.3404 -0.4571
vn 0.4941 -0.7395 -0.4571
vn -0.7395 0.4941 -0.4571
vn 0.3403 -0.8217 -0.4571
vn 0.1735 0.8723 -0.4571
vn -0.0000 0.8894 -0.4572
vn -0.6289 0.6289 -0.4571
vn 0.1735 -0.8723 -0.4571
vn 0.3404 0.8217 -0.4571
vn -0.4941 0.7395 -0.4572
vn -0.0000 -0.8894 -0.4572
vn 0.4941 0.7395 -0.4571
vn -0.3403 0.8217 -0.4572
vn -0.1735 -0.8723 -0.4571
vn 0.6289 0.6289 -0.4571
vn -0.1735 0.8723 -0.4571
vn -0.3404 -0.8217 -0.4571
vn 0.7395 0.4941 -0.4571
vn 0.6289 0.6289 -0.4572
vn -0.4941 -0.7395 -0.4571
vn -0.3827 -0.9239 -0.0000
vn -0.1951 -0.9808 -0.0000
vn 0.8315 0.5556 -0.0000
vn 0.7071 0.7071 -0.0000
vn -0.0000 1.0000 -0.0000
vn -0.1951 0.9808 -0.0000
vn -0.5556 -0.8315 -0.0000
vn 0.9239 0.3827 -0.0000
vn -0.7071 -0.7071 -0.0000
vn 0.9808 0.1951 -0.0000
vn -0.8315 -0.5556 -0.0000
vn 1.0000 -0.0000 -0.0000
vn -0.9239 -0.3827 -0.0000
vn 0.9808 -0.1951 -0.0000
vn -0.9808 -0.1951 -0.0000
vn 0.9239 -0.3827 -0.0000
vn -1.0000 -0.0000 -0.0000
vn 0.8315 -0.5556 -0.0000
vn -0.9808 0.1951 -0.0000
vn 0.7071 -0.7071 -0.0000
vn -0.9239 0.3827 -0.0000
vn 0.5556 -0.8315 -0.0000
vn -0.8315 0.5556 -0.0000
vn 0.3827 -0.9239 -0.0000
vn 0.1951 0.9808 -0.0000
vn -0.7071 0.7071 -0.0000
vn 0.1951 -0.9808 -0.0000
vn 0.3827 0.9239 -0.0000
vn -0.5556 0.8315 -0.0000
vn -0.0000 -1.0000 -0.0000
vn 0.5556 0.8315 -0.0000
vn -0.3827 0.9239 -0.0000
vn -0.0000 -0.9996 0.0274
vn 0.1950 -0.9804 0.0275
vn 0.5554 0.8312 0.0274
vn 0.3825 0.9235 0.0274
vn -0.3825 0.9235 0.0274
vn -0.5554 0.8312 0.0274
vn -0.1950 -0.9804 0.0274
vn -0.1950 -0.9804 0.0275
vn 0.7068 0.7068 0.0274
vn -0.1950 0.9804 0.0275
vn -0.1950 0.9804 0.0274
vn -0.3825 -0.9235 0.0274
vn -0.3826 -0.9235 0.0274
vn 0.8312 0.5554 0.0274
vn -0.0000 0.9996 0.0274
vn -0.5554 -0.8312 0.0274
vn 0.9235 0.3825 0.0274
vn -0.7068 -0.7068 0.0274
vn 0.9804 0.1950 0.0275
vn 0.9804 0.1950 0.0274
vn -0.8312 -0.5554 0.0274
vn 0.9996 -0.0000 0.0274
vn -0.9235 -0.3825 0.0274
vn 0.9804 -0.1950 0.0274
vn 0.9804 -0.1950 0.0275
vn -0.9804 -0.1950 0.0275
vn -0.9804 -0.1950 0.0274
vn 0.9235 -0.3825 0.0274
vn -0.9996 -0.0000 0.0274
vn 0.8312 -0.5554 0.0274
vn -0.9804 0.1950 0.0274
vn -0.9804 0.1950 0.0275
vn 0.7068 -0.7068 0.0274
vn -0.9235 0.3825 0.0274
vn 0.5554 -0.8312 0.0274
vn -0.8312 0.5554 0.0274
vn 0.3825 -0.9235 0.0274
vn 0.1950 0.9804 0.0275
vn -0.7068 0.7068 0.0274
vn -0.0950 0.0189 0.9953
vn -0.0895 0.0371 0.9953
vn 0.0347 0.0232 -0.9991
vn 0.0295 0.0295 -0.9991
vn -0.0969 -0.0000 0.9953
vn 0.0232 0.0347 -0.9991
vn -0.0950 -0.0189 0.9953
vn 0.0160 0.0386 -0.9991
vn -0.0895 -0.0371 0.9953
vn 0.0082 0.0410 -0.9991
vn -0.0806 -0.0538 0.9953
vn 0.0189 -0.0950 0.9953
vn -0.0000 -0.0969 0.9953
vn -0.0000 0.0418 -0.9991
vn -0.0685 -0.0685 0.9953
vn 0.0371 -0.0895 0.9953
vn -0.0081 0.0410 -0.9991
vn -0.0538 -0.0806 0.9953
vn 0.0538 -0.0806 0.9953
vn -0.0160 0.0386 -0.9991
vn -0.0371 -0.0895 0.9953
vn 0.0685 -0.0685 0.9953
vn -0.0232 0.0347 -0.9991
vn -0.0189 -0.0950 0.9953
vn 0.0806 -0.0538 0.9953
vn -0.0295 0.0295 -0.9991
vn 0.0895 -0.0371 0.9953
vn -0.0347 0.0232 -0.9991
vn 0.0950 -0.0189 0.9953
vn -0.0386 0.0160 -0.9991
vn 0.0969 -0.0000 0.9953
vn -0.0410 0.0082 -0.9991
vn 0.0950 0.0189 0.9953
vn -0.0418 -0.0000 -0.9991
vn 0.8315 -0.5555 -0.0000
vn 0.8314 -0.5556 -0.0000
vn -0.8315 0.5555 -0.0000
vn -0.8314 0.5556 -0.0000
vn 0.0386 0.0160 -0.9991
vn -0.0806 0.0538 0.9953
vn 0.0410 0.0081 -0.9991
vn -0.0685 0.0685 0.9953
vn 0.0418 -0.0000 -0.9991
vn -0.0538 0.0806 0.9953
vn 0.0410 -0.0082 -0.9991
vn 0.0410 -0.0081 -0.9991
vn -0.0371 0.0895 0.9953
vn 0.0386 -0.0160 -0.9991
vn -0.0189 0.0950 0.9953
vn 0.0347 -0.0232 -0.9991
vn -0.0082 -0.0410 -0.9991
vn -0.0000 -0.0418 -0.9991
vn -0.0000 0.0969 0.9953
vn 0.0295 -0.0295 -0.9991
vn -0.0160 -0.0386 -0.9991
vn 0.0189 0.0950 0.9953
vn 0.0232 -0.0347 -0.9991
vn -0.0232 -0.0347 -0.9991
vn 0.0371 0.0895 0.9953
vn 0.0160 -0.0386 -0.9991
vn -0.0295 -0.0295 -0.9991
vn 0.0538 0.0806 0.9953
vn 0.0081 -0.0410 -0.9991
vn -0.0347 -0.0232 -0.9991
vn 0.0685 0.0685 0.9953
vn -0.0386 -0.0160 -0.9991
vn 0.0806 0.0538 0.9953
vn -0.0410 -0.0081 -0.9991
vn 0.0895 0.0371 0.9953
vn 0.1661 -0.8351 0.5244
vn 0.3258 -0.7867 0.5244
vn 0.3258 0.7867 0.5244
vn 0.1661 0.8351 0.5244
vn -0.4730 0.7080 0.5244
vn -0.6021 0.6021 0.5244
vn -0.0000 -0.8515 0.5244
vn 0.4730 0.7080 0.5244
vn -0.3258 0.7867 0.5244
vn -0.1661 -0.8351 0.5244
vn 0.6021 0.6021 0.5244
vn -0.1661 0.8351 0.5244
vn -0.3258 -0.7867 0.5244
vn 0.7080 0.4730 0.5244
vn -0.0000 0.8515 0.5244
vn -0.4730 -0.7080 0.5244
vn -0.4731 -0.7080 0.5244
vn 0.7866 0.3258 0.5244
vn 0.7867 0.3258 0.5244
vn -0.6021 -0.6021 0.5244
vn 0.8351 0.1661 0.5244
vn -0.7080 -0.4731 0.5244
vn -0.7080 -0.4730 0.5244
vn 0.8515 -0.0000 0.5244
vn -0.7867 -0.3258 0.5244
vn 0.8351 -0.1661 0.5244
vn -0.8351 -0.1661 0.5244
vn 0.7867 -0.3258 0.5244
vn -0.8515 -0.0000 0.5244
vn 0.7080 -0.4730 0.5244
vn -0.8351 0.1661 0.5244
vn 0.6021 -0.6021 0.5244
vn 0.7080 -0.4731 0.5244
vn -0.7867 0.3258 0.5244
vn 0.4731 -0.7080 0.5244
vn 0.4730 -0.7080 0.5244
vn -0.7080 0.4730 0.5244
vn -0.7080 0.4731 0.5244
vn -0.7089 -0.4736 -0.5227
vn -0.6028 -0.6028 -0.5227
vn 0.8525 -0.0000 -0.5227
vn 0.8361 0.1663 -0.5227
vn -0.7876 -0.3262 -0.5227
vn 0.8361 -0.1663 -0.5227
vn -0.8361 -0.1663 -0.5227
vn 0.7876 -0.3263 -0.5227
vn 0.7876 -0.3262 -0.5227
vn -0.8525 -0.0000 -0.5227
vn 0.7088 -0.4736 -0.5227
vn 0.7089 -0.4736 -0.5227
vn -0.8361 0.1663 -0.5227
vn 0.6028 -0.6028 -0.5227
vn -0.7876 0.3263 -0.5227
vn -0.7876 0.3262 -0.5227
vn 0.4736 -0.7089 -0.5227
vn -0.7088 0.4736 -0.5227
vn 0.3262 -0.7876 -0.5227
vn 0.3263 -0.7876 -0.5227
vn 0.1663 0.8361 -0.5227
vn -0.0000 0.8525 -0.5227
vn -0.6028 0.6028 -0.5227
vn 0.1663 -0.8361 -0.5227
vn 0.3262 0.7876 -0.5227
vn -0.4736 0.7089 -0.5227
vn -0.0000 -0.8525 -0.5227
vn 0.4736 0.7088 -0.5227
vn -0.3262 0.7876 -0.5227
vn -0.1663 -0.8361 -0.5227
vn 0.6028 0.6028 -0.5227
vn -0.1663 0.8361 -0.5227
vn -0.3262 -0.7876 -0.5227
vn 0.7089 0.4736 -0.5227
vn -0.4736 -0.7088 -0.5227
vn 0.7876 0.3262 -0.5227
vn -0.9808 -0.1950 -0.0000
vn 0.9808 0.1950 -0.0000
vn -0.6307 0.4214 0.6516
vn -0.7008 0.2903 0.6516
vn 0.2903 -0.7008 0.6516
vn 0.4214 -0.6307 0.6516
vn 0.1480 0.7440 0.6516
vn -0.0000 0.7585 0.6516
vn -0.5364 0.5364 0.6516
vn 0.1480 -0.7440 0.6516
vn 0.2903 0.7008 0.6516
vn -0.4214 0.6307 0.6516
vn -0.0000 -0.7585 0.6516
vn 0.4214 0.6307 0.6516
vn -0.2903 0.7008 0.6516
vn -0.1480 -0.7440 0.6516
vn 0.5364 0.5364 0.6516
vn -0.1480 0.7440 0.6516
vn -0.2903 -0.7008 0.6516
vn 0.6307 0.4214 0.6516
vn -0.4214 -0.6307 0.6516
vn 0.7008 0.2903 0.6516
vn -0.5364 -0.5364 0.6516
vn 0.7440 0.1480 0.6516
vn -0.6307 -0.4214 0.6516
vn 0.7585 -0.0000 0.6516
vn -0.7008 -0.2903 0.6516
vn 0.7440 -0.1480 0.6516
vn -0.7440 -0.1480 0.6516
vn 0.7008 -0.2903 0.6516
vn -0.7585 -0.0000 0.6516
vn 0.6307 -0.4214 0.6516
vn -0.7439 0.1480 0.6516
vn 0.5364 -0.5364 0.6516
vn -0.0000 -0.0000 1.0000
vn -0.1646 0.8273 0.5370
vn -0.0000 0.8436 0.5370
vn -0.3228 0.7793 0.5370
vn -0.4687 0.7014 0.5370
vn -0.5965 0.5965 0.5370
vn -0.7014 0.4687 0.5370
vn -0.7793 0.3228 0.5370
vn -0.8273 0.1646 0.5370
vn -0.8436 -0.0000 0.5370
vn -0.8273 -0.1646 0.5370
vn -0.7793 -0.3228 0.5370
vn -0.7014 -0.4687 0.5370
vn -0.5965 -0.5965 0.5370
vn -0.4687 -0.7014 0.5370
vn -0.3228 -0.7793 0.5370
vn -0.1646 -0.8273 0.5370
vn -0.0000 -0.8436 0.5370
vn 0.1646 -0.8273 0.5370
vn 0.3228 -0.7793 0.5370
vn 0.4687 -0.7014 0.5370
vn 0.5965 -0.5965 0.5370
vn 0.7014 -0.4686 0.5370
vn 0.7793 -0.3228 0.5370
vn 0.8273 -0.1646 0.5370
vn 0.8436 -0.0000 0.5370
vn 0.8273 0.1646 0.5370
vn 0.7793 0.3228 0.5370
vn 0.7014 0.4687 0.5370
vn 0.5965 0.5965 0.5370
vn 0.4687 0.7014 0.5370
vn 0.3228 0.7793 0.5370
vn 0.1646 0.8273 0.5370
vt 0.928027 0.144804
vt 0.927164 0.144814
vt 0.927394 0.162296
vt 0.928211 0.162301
vt 0.926307 0.144826
vt 0.926568 0.162293
vt 0.925460 0.144838
vt 0.925737 0.162292
vt 0.924627 0.144849
vt 0.924889 0.162292
vt 0.923805 0.144857
vt 0.924015 0.162293
vt 0.922992 0.144861
vt 0.923109 0.162293
vt 0.922183 0.144861
vt 0.922181 0.162293
vt 0.921374 0.144860
vt 0.921249 0.162292
vt 0.920564 0.144854
vt 0.920331 0.162290
vt 0.919747 0.144845
vt 0.919443 0.162287
vt 0.918919 0.144832
vt 0.918585 0.162285
vt 0.918078 0.144817
vt 0.917748 0.162284
vt 0.917225 0.144801
vt 0.916920 0.162284
vt 0.916364 0.144787
vt 0.916102 0.162285
vt 0.927155 0.171694
vt 0.927974 0.171702
vt 0.926337 0.171685
vt 0.925517 0.171675
vt 0.924692 0.171667
vt 0.923859 0.171659
vt 0.923014 0.171655
vt 0.922158 0.171651
vt 0.921300 0.171650
vt 0.920450 0.171651
vt 0.919610 0.171655
vt 0.918781 0.171660
vt 0.917958 0.171668
vt 0.917140 0.171675
vt 0.916326 0.171682
vt 0.927186 0.181241
vt 0.927996 0.181240
vt 0.926367 0.181242
vt 0.925543 0.181243
vt 0.924709 0.181245
vt 0.923863 0.181246
vt 0.923000 0.181244
vt 0.922133 0.181241
vt 0.921267 0.181238
vt 0.920408 0.181235
vt 0.919560 0.181230
vt 0.918726 0.181226
vt 0.917901 0.181222
vt 0.917078 0.181218
vt 0.916269 0.181213
vt 0.927214 0.191613
vt 0.928028 0.191611
vt 0.926379 0.191615
vt 0.925544 0.191616
vt 0.924700 0.191618
vt 0.923846 0.191619
vt 0.922985 0.191617
vt 0.922116 0.191616
vt 0.921244 0.191614
vt 0.920378 0.191611
vt 0.919527 0.191606
vt 0.918688 0.191601
vt 0.917856 0.191596
vt 0.917031 0.191591
vt 0.916205 0.191586
vt 0.927235 0.203511
vt 0.928064 0.203509
vt 0.926396 0.203511
vt 0.925554 0.203512
vt 0.924706 0.203513
vt 0.923847 0.203514
vt 0.922975 0.203515
vt 0.922093 0.203514
vt 0.921208 0.203513
vt 0.920330 0.203511
vt 0.919464 0.203505
vt 0.918611 0.203498
vt 0.917767 0.203491
vt 0.916927 0.203485
vt 0.916096 0.203479
vt 0.927247 0.216995
vt 0.928086 0.216997
vt 0.926402 0.216992
vt 0.925551 0.216989
vt 0.924693 0.216985
vt 0.923826 0.216982
vt 0.922946 0.216979
vt 0.922058 0.216976
vt 0.921169 0.216976
vt 0.920285 0.216976
vt 0.919408 0.216975
vt 0.918542 0.216974
vt 0.917685 0.216972
vt 0.916833 0.216971
vt 0.916001 0.216970
vt 0.927144 0.232910
vt 0.927988 0.232910
vt 0.926294 0.232909
vt 0.925447 0.232908
vt 0.924599 0.232906
vt 0.923749 0.232905
vt 0.922891 0.232904
vt 0.922026 0.232903
vt 0.921155 0.232902
vt 0.920291 0.232901
vt 0.919434 0.232899
vt 0.918584 0.232898
vt 0.917737 0.232896
vt 0.916890 0.232894
vt 0.916039 0.232892
vt 0.927213 0.248808
vt 0.928056 0.248803
vt 0.926358 0.248812
vt 0.925505 0.248817
vt 0.924648 0.248822
vt 0.923781 0.248828
vt 0.922902 0.248831
vt 0.922010 0.248833
vt 0.921113 0.248833
vt 0.920222 0.248829
vt 0.919343 0.248822
vt 0.918477 0.248814
vt 0.917621 0.248805
vt 0.916767 0.248797
vt 0.915920 0.248792
vt 0.927282 0.262396
vt 0.928130 0.262396
vt 0.926423 0.262395
vt 0.925560 0.262394
vt 0.924690 0.262392
vt 0.923808 0.262391
vt 0.922909 0.262390
vt 0.921998 0.262389
vt 0.921084 0.262390
vt 0.920173 0.262389
vt 0.919273 0.262388
vt 0.918390 0.262386
vt 0.917520 0.262385
vt 0.916656 0.262384
vt 0.915815 0.262383
vt 0.927183 0.275585
vt 0.928030 0.275590
vt 0.926328 0.275580
vt 0.925473 0.275574
vt 0.924615 0.275567
vt 0.923748 0.275560
vt 0.922868 0.275554
vt 0.921978 0.275550
vt 0.921082 0.275550
vt 0.920191 0.275552
vt 0.919310 0.275555
vt 0.918442 0.275560
vt 0.917582 0.275565
vt 0.916727 0.275570
vt 0.915881 0.275572
vt 0.927104 0.289984
vt 0.927948 0.289985
vt 0.926252 0.289983
vt 0.925403 0.289982
vt 0.924553 0.289981
vt 0.923698 0.289980
vt 0.922833 0.289978
vt 0.921957 0.289977
vt 0.921074 0.289977
vt 0.920196 0.289976
vt 0.919328 0.289975
vt 0.918471 0.289974
vt 0.917621 0.289973
vt 0.916772 0.289972
vt 0.915922 0.289971
vt 0.927154 0.304668
vt 0.928006 0.304670
vt 0.926301 0.304668
vt 0.925446 0.304667
vt 0.924585 0.304666
vt 0.923715 0.304665
vt 0.922834 0.304664
vt 0.921942 0.304663
vt 0.921046 0.304662
vt 0.920152 0.304660
vt 0.919266 0.304659
vt 0.918391 0.304657
vt 0.917528 0.304656
vt 0.916670 0.304655
vt 0.915832 0.304654
vt 0.927071 0.318665
vt 0.927899 0.318670
vt 0.926224 0.318662
vt 0.925377 0.318659
vt 0.924527 0.318654
vt 0.923669 0.318650
vt 0.922802 0.318647
vt 0.921928 0.318646
vt 0.921046 0.318645
vt 0.920165 0.318646
vt 0.919293 0.318648
vt 0.918432 0.318651
vt 0.917579 0.318654
vt 0.916731 0.318657
vt 0.915888 0.318658
vt 0.927019 0.331808
vt 0.927850 0.331807
vt 0.926180 0.331809
vt 0.925342 0.331810
vt 0.924501 0.331812
vt 0.923653 0.331813
vt 0.922793 0.331814
vt 0.921915 0.331817
vt 0.921032 0.331818
vt 0.920154 0.331817
vt 0.919288 0.331815
vt 0.918435 0.331813
vt 0.917593 0.331811
vt 0.916756 0.331808
vt 0.915923 0.331806
vt 0.927091 0.343783
vt 0.927922 0.343782
vt 0.926250 0.343783
vt 0.925405 0.343782
vt 0.924553 0.343781
vt 0.923689 0.343780
vt 0.922811 0.343780
vt 0.921919 0.343779
vt 0.921023 0.343780
vt 0.920127 0.343780
vt 0.919239 0.343779
vt 0.918366 0.343778
vt 0.917507 0.343778
vt 0.916657 0.343777
vt 0.915830 0.343775
vt 0.927011 0.356165
vt 0.927851 0.356169
vt 0.926171 0.356161
vt 0.925332 0.356155
vt 0.924490 0.356149
vt 0.923641 0.356142
vt 0.922780 0.356136
vt 0.921907 0.356132
vt 0.921024 0.356131
vt 0.920144 0.356133
vt 0.919273 0.356137
vt 0.918414 0.356142
vt 0.917566 0.356149
vt 0.916725 0.356155
vt 0.915892 0.356159
vt 0.926936 0.370610
vt 0.927759 0.370610
vt 0.926097 0.370610
vt 0.925261 0.370609
vt 0.924425 0.370609
vt 0.923587 0.370609
vt 0.922741 0.370608
vt 0.921887 0.370608
vt 0.921026 0.370607
vt 0.920167 0.370607
vt 0.919315 0.370606
vt 0.918472 0.370606
vt 0.917634 0.370605
vt 0.916799 0.370605
vt 0.915963 0.370604
vt 0.927012 0.385259
vt 0.927844 0.385254
vt 0.926170 0.385262
vt 0.925329 0.385266
vt 0.924485 0.385272
vt 0.923634 0.385277
vt 0.922770 0.385282
vt 0.921893 0.385286
vt 0.921009 0.385287
vt 0.920126 0.385285
vt 0.919253 0.385280
vt 0.918393 0.385275
vt 0.917545 0.385268
vt 0.916703 0.385261
vt 0.915869 0.385257
vt 0.927076 0.398424
vt 0.927922 0.398425
vt 0.926230 0.398424
vt 0.925381 0.398423
vt 0.924526 0.398423
vt 0.923662 0.398422
vt 0.922785 0.398422
vt 0.921896 0.398422
vt 0.921001 0.398422
vt 0.920106 0.398422
vt 0.919218 0.398422
vt 0.918344 0.398422
vt 0.917482 0.398422
vt 0.916629 0.398422
vt 0.915797 0.398422
vt 0.926995 0.411298
vt 0.927826 0.411303
vt 0.926155 0.411294
vt 0.925315 0.411290
vt 0.924473 0.411284
vt 0.923623 0.411279
vt 0.922762 0.411274
vt 0.921889 0.411270
vt 0.921008 0.411268
vt 0.920128 0.411270
vt 0.919256 0.411273
vt 0.918396 0.411278
vt 0.917548 0.411284
vt 0.916705 0.411290
vt 0.915873 0.411294
vt 0.926925 0.424887
vt 0.927744 0.424887
vt 0.926090 0.424887
vt 0.925257 0.424886
vt 0.924424 0.424886
vt 0.923586 0.424886
vt 0.922739 0.424886
vt 0.921881 0.424886
vt 0.921014 0.424886
vt 0.920147 0.424886
vt 0.919290 0.424886
vt 0.918444 0.424887
vt 0.917607 0.424887
vt 0.916775 0.424887
vt 0.915942 0.424888
vt 0.926992 0.438609
vt 0.927819 0.438607
vt 0.926156 0.438610
vt 0.925316 0.438611
vt 0.924473 0.438612
vt 0.923621 0.438614
vt 0.922759 0.438615
vt 0.921887 0.438616
vt 0.921012 0.438618
vt 0.920135 0.438619
vt 0.919264 0.438619
vt 0.918402 0.438619
vt 0.917551 0.438618
vt 0.916708 0.438618
vt 0.915884 0.438618
vt 0.926961 0.451795
vt 0.927787 0.451796
vt 0.926128 0.451795
vt 0.925294 0.451794
vt 0.924457 0.451791
vt 0.923613 0.451788
vt 0.922766 0.451789
vt 0.921903 0.451789
vt 0.921029 0.451791
vt 0.920154 0.451793
vt 0.919288 0.451796
vt 0.918434 0.451800
vt 0.917590 0.451804
vt 0.916761 0.451806
vt 0.915931 0.451808
vt 0.926947 0.464745
vt 0.927769 0.464746
vt 0.926119 0.464744
vt 0.925290 0.464743
vt 0.924459 0.464740
vt 0.923620 0.464737
vt 0.922763 0.464737
vt 0.921901 0.464739
vt 0.921032 0.464741
vt 0.920163 0.464744
vt 0.919302 0.464747
vt 0.918453 0.464751
vt 0.917616 0.464756
vt 0.916779 0.464758
vt 0.915958 0.464760
vt 0.926914 0.477766
vt 0.927733 0.477765
vt 0.926088 0.477766
vt 0.925260 0.477766
vt 0.924437 0.477766
vt 0.923609 0.477766
vt 0.922772 0.477767
vt 0.921917 0.477769
vt 0.921054 0.477771
vt 0.920190 0.477773
vt 0.919332 0.477776
vt 0.918491 0.477776
vt 0.917662 0.477777
vt 0.916838 0.477777
vt 0.916020 0.477777
vt 0.926945 0.490810
vt 0.927777 0.490807
vt 0.926117 0.490813
vt 0.925292 0.490816
vt 0.924462 0.490819
vt 0.923628 0.490824
vt 0.922783 0.490828
vt 0.921926 0.490831
vt 0.921057 0.490831
vt 0.920188 0.490831
vt 0.919328 0.490830
vt 0.918475 0.490826
vt 0.917634 0.490821
vt 0.916801 0.490817
vt 0.915978 0.490814
vt 0.927023 0.503931
vt 0.927851 0.503927
vt 0.926187 0.503934
vt 0.925352 0.503937
vt 0.924515 0.503942
vt 0.923672 0.503947
vt 0.922810 0.503949
vt 0.921936 0.503950
vt 0.921056 0.503949
vt 0.920175 0.503948
vt 0.919301 0.503947
vt 0.918441 0.503944
vt 0.917595 0.503940
vt 0.916749 0.503940
vt 0.915924 0.503939
vt 0.927073 0.517813
vt 0.927894 0.517812
vt 0.926231 0.517813
vt 0.925386 0.517813
vt 0.924539 0.517813
vt 0.923685 0.517814
vt 0.922830 0.517811
vt 0.921960 0.517810
vt 0.921085 0.517811
vt 0.920204 0.517813
vt 0.919328 0.517815
vt 0.918463 0.517818
vt 0.917608 0.517820
vt 0.916768 0.517826
vt 0.915936 0.517829
vt 0.927041 0.533614
vt 0.927877 0.533612
vt 0.926195 0.533616
vt 0.925354 0.533617
vt 0.924517 0.533618
vt 0.923679 0.533619
vt 0.922834 0.533621
vt 0.921978 0.533622
vt 0.921110 0.533625
vt 0.920241 0.533627
vt 0.919381 0.533629
vt 0.918533 0.533630
vt 0.917693 0.533631
vt 0.916857 0.533632
vt 0.916018 0.533633
vt 0.927131 0.549992
vt 0.927976 0.549991
vt 0.926289 0.549995
vt 0.925445 0.549997
vt 0.924600 0.549998
vt 0.923750 0.550000
vt 0.922889 0.550001
vt 0.922015 0.550003
vt 0.921131 0.550004
vt 0.920248 0.550007
vt 0.919367 0.550009
vt 0.918499 0.550011
vt 0.917644 0.550013
vt 0.916796 0.550014
vt 0.915966 0.550016
vt 0.927102 0.566098
vt 0.927924 0.566098
vt 0.926257 0.566100
vt 0.925415 0.566102
vt 0.924579 0.566103
vt 0.923743 0.566105
vt 0.922900 0.566107
vt 0.922046 0.566109
vt 0.921181 0.566111
vt 0.920312 0.566114
vt 0.919447 0.566118
vt 0.918598 0.566120
vt 0.917758 0.566122
vt 0.916923 0.566124
vt 0.916087 0.566126
vt 0.927171 0.581384
vt 0.928004 0.581379
vt 0.926329 0.581390
vt 0.925491 0.581394
vt 0.924649 0.581401
vt 0.923805 0.581408
vt 0.922951 0.581416
vt 0.922086 0.581422
vt 0.921210 0.581426
vt 0.920330 0.581429
vt 0.919460 0.581430
vt 0.918597 0.581427
vt 0.917746 0.581423
vt 0.916903 0.581418
vt 0.916070 0.581415
vt 0.927272 0.594744
vt 0.928116 0.594742
vt 0.926432 0.594748
vt 0.925588 0.594750
vt 0.924742 0.594752
vt 0.923888 0.594755
vt 0.923022 0.594757
vt 0.922140 0.594760
vt 0.921245 0.594762
vt 0.920348 0.594766
vt 0.919454 0.594768
vt 0.918571 0.594771
vt 0.917705 0.594773
vt 0.916851 0.594775
vt 0.916018 0.594778
vt 0.927249 0.608084
vt 0.928074 0.608082
vt 0.926402 0.608088
vt 0.925558 0.608091
vt 0.924719 0.608094
vt 0.923880 0.608095
vt 0.923033 0.608096
vt 0.922174 0.608097
vt 0.921301 0.608099
vt 0.920418 0.608101
vt 0.919542 0.608105
vt 0.918679 0.608109
vt 0.917829 0.608114
vt 0.916987 0.608119
vt 0.916146 0.608124
vt 0.927373 0.623532
vt 0.928211 0.623534
vt 0.926540 0.623530
vt 0.925704 0.623528
vt 0.924864 0.623528
vt 0.924015 0.623529
vt 0.923151 0.623532
vt 0.922267 0.623538
vt 0.921367 0.623545
vt 0.920464 0.623555
vt 0.919566 0.623565
vt 0.918684 0.623577
vt 0.917821 0.623588
vt 0.916973 0.623600
vt 0.916140 0.623612
vt 0.927245 0.635408
vt 0.928077 0.635417
vt 0.926392 0.635397
vt 0.925543 0.635382
vt 0.924701 0.635366
vt 0.923869 0.635351
vt 0.923047 0.635340
vt 0.922233 0.635334
vt 0.921423 0.635334
vt 0.920614 0.635339
vt 0.919805 0.635349
vt 0.918993 0.635366
vt 0.918172 0.635388
vt 0.917342 0.635414
vt 0.916502 0.635441
vt 0.695338 0.713035
vt 0.696239 0.736099
vt 0.714476 0.735459
vt 0.713744 0.712291
vt 0.694284 0.689783
vt 0.712875 0.688860
vt 0.692943 0.666362
vt 0.711768 0.665055
vt 0.690954 0.642832
vt 0.710177 0.640615
vt 0.700384 0.615693
vt 0.699333 0.636506
vt 0.716268 0.638036
vt 0.717085 0.616174
vt 0.700656 0.594735
vt 0.717403 0.594840
vt 0.700629 0.573599
vt 0.717490 0.573543
vt 0.700457 0.552280
vt 0.717454 0.552135
vt 0.700190 0.530776
vt 0.717334 0.530565
vt 0.699846 0.509083
vt 0.717140 0.508814
vt 0.699430 0.487198
vt 0.716876 0.486872
vt 0.698942 0.465119
vt 0.716543 0.464737
vt 0.698382 0.442844
vt 0.716139 0.442404
vt 0.697747 0.420373
vt 0.715662 0.419873
vt 0.697036 0.397703
vt 0.715110 0.397138
vt 0.696239 0.374835
vt 0.714476 0.374195
vt 0.695338 0.351772
vt 0.713743 0.351028
vt 0.694284 0.328519
vt 0.712875 0.327596
vt 0.692943 0.305098
vt 0.711768 0.303792
vt 0.690954 0.281568
vt 0.710177 0.279351
vt 0.700384 0.976956
vt 0.699333 0.997769
vt 0.716268 0.999299
vt 0.717085 0.977437
vt 0.700656 0.955998
vt 0.717404 0.956103
vt 0.700629 0.934862
vt 0.717490 0.934806
vt 0.700457 0.913544
vt 0.717455 0.913399
vt 0.700190 0.892039
vt 0.717334 0.891829
vt 0.699846 0.870346
vt 0.717140 0.870077
vt 0.699430 0.848461
vt 0.716876 0.848135
vt 0.698942 0.826382
vt 0.716543 0.826000
vt 0.698382 0.804108
vt 0.716139 0.803668
vt 0.697748 0.781636
vt 0.715663 0.781136
vt 0.697036 0.758966
vt 0.715110 0.758402
vt 0.581343 0.908320
vt 0.556656 0.915088
vt 0.562048 0.932875
vt 0.586228 0.924535
vt 0.571966 0.425736
vt 0.545297 0.423451
vt 0.544210 0.442513
vt 0.570761 0.443494
vt 0.599589 0.682200
vt 0.573720 0.669246
vt 0.565797 0.688800
vt 0.592091 0.699110
vt 0.570907 0.840293
vt 0.544763 0.841844
vt 0.546379 0.860469
vt 0.572238 0.857666
vt 0.585958 0.354851
vt 0.559433 0.346572
vt 0.554319 0.365857
vt 0.580982 0.372427
vt 0.577429 0.530143
vt 0.552298 0.535516
vt 0.556656 0.553503
vt 0.581343 0.546735
vt 0.574407 0.513241
vt 0.548885 0.517308
vt 0.574048 0.769521
vt 0.547319 0.765890
vt 0.545297 0.785036
vt 0.571966 0.787320
vt 0.568648 0.950512
vt 0.592229 0.940272
vt 0.544037 0.461459
vt 0.570413 0.461166
vt 0.559433 0.708157
vt 0.585958 0.716436
vt 0.548885 0.878893
vt 0.574407 0.874825
vt 0.550309 0.385102
vt 0.577038 0.390147
vt 0.562048 0.571291
vt 0.586228 0.562951
vt 0.544210 0.804097
vt 0.570761 0.805079
vt 0.576764 0.968101
vt 0.599589 0.955315
vt 0.544763 0.480259
vt 0.570907 0.478709
vt 0.554319 0.727442
vt 0.580982 0.734011
vt 0.552298 0.897100
vt 0.577429 0.891728
vt 0.547319 0.404306
vt 0.574048 0.407937
vt 0.568648 0.588928
vt 0.592229 0.578687
vt 0.544037 0.823044
vt 0.570413 0.822751
vt 0.599589 0.320615
vt 0.573720 0.307662
vt 0.565797 0.327215
vt 0.592091 0.337525
vt 0.546379 0.498884
vt 0.572238 0.496081
vt 0.550309 0.746686
vt 0.577038 0.751732
vt 0.576764 0.606516
vt 0.599589 0.593730
vt 0.796715 0.124211
vt 0.801123 0.109756
vt 0.784650 0.106484
vt 0.783146 0.121520
vt 0.796761 0.259279
vt 0.801123 0.273745
vt 0.816641 0.267321
vt 0.809541 0.253981
vt 0.767855 0.106487
vt 0.769312 0.121527
vt 0.830610 0.257991
vt 0.821043 0.246291
vt 0.751385 0.109764
vt 0.755746 0.124231
vt 0.842491 0.246115
vt 0.830824 0.236505
vt 0.735870 0.116188
vt 0.742968 0.129527
vt 0.851826 0.232147
vt 0.838509 0.224998
vt 0.706002 0.184845
vt 0.690964 0.183330
vt 0.690954 0.200130
vt 0.706000 0.198682
vt 0.721905 0.125513
vt 0.731467 0.137213
vt 0.858257 0.216626
vt 0.843801 0.212213
vt 0.694222 0.216612
vt 0.708699 0.212254
vt 0.710025 0.137383
vt 0.721685 0.146994
vt 0.861536 0.200149
vt 0.846496 0.198641
vt 0.700644 0.232142
vt 0.713996 0.225041
vt 0.700687 0.151343
vt 0.713998 0.158495
vt 0.861536 0.183349
vt 0.846491 0.184805
vt 0.709976 0.246124
vt 0.721689 0.236549
vt 0.694250 0.166857
vt 0.708703 0.171276
vt 0.858258 0.166872
vt 0.843787 0.171236
vt 0.721865 0.258022
vt 0.731484 0.246333
vt 0.851827 0.151352
vt 0.838487 0.158455
vt 0.735868 0.267376
vt 0.743008 0.254004
vt 0.842492 0.137385
vt 0.830794 0.146955
vt 0.751421 0.273764
vt 0.755786 0.259324
vt 0.830612 0.125509
vt 0.821007 0.137178
vt 0.767871 0.277021
vt 0.769361 0.261998
vt 0.816643 0.116181
vt 0.809499 0.129498
vt 0.784654 0.277019
vt 0.783195 0.261985
vt 0.764133 0.151936
vt 0.756590 0.155062
vt 0.808464 0.218130
vt 0.812993 0.211338
vt 0.734801 0.187707
vt 0.734807 0.195869
vt 0.749804 0.159599
vt 0.816110 0.203794
vt 0.736406 0.203874
vt 0.744036 0.165372
vt 0.817696 0.195787
vt 0.739537 0.211413
vt 0.739505 0.172160
vt 0.817689 0.187624
vt 0.744079 0.218196
vt 0.736387 0.179701
vt 0.816089 0.179621
vt 0.749859 0.223963
vt 0.812958 0.172083
vt 0.756652 0.228492
vt 0.808417 0.165302
vt 0.764198 0.231608
vt 0.802640 0.159538
vt 0.772207 0.233191
vt 0.795849 0.155012
vt 0.780370 0.233182
vt 0.788305 0.151899
vt 0.788374 0.231581
vt 0.780299 0.150318
vt 0.795913 0.228449
vt 0.772137 0.150330
vt 0.802696 0.223907
vt 0.293986 0.231919
vt 0.310318 0.240483
vt 0.313502 0.232639
vt 0.295809 0.227367
vt 0.246647 0.223188
vt 0.228205 0.224968
vt 0.229824 0.233299
vt 0.247637 0.228020
vt 0.291004 0.204077
vt 0.305733 0.192485
vt 0.299890 0.186315
vt 0.287448 0.200496
vt 0.315123 0.224324
vt 0.296719 0.222543
vt 0.232995 0.241180
vt 0.249549 0.232590
vt 0.298273 0.185314
vt 0.291057 0.181087
vt 0.283160 0.197864
vt 0.315123 0.215845
vt 0.296681 0.217625
vt 0.237595 0.248328
vt 0.252324 0.236736
vt 0.283159 0.178234
vt 0.278503 0.196117
vt 0.243438 0.254498
vt 0.255880 0.240317
vt 0.274854 0.176897
vt 0.273631 0.195299
vt 0.245055 0.255499
vt 0.252271 0.259726
vt 0.260168 0.242950
vt 0.266435 0.177149
vt 0.268713 0.195430
vt 0.260168 0.262579
vt 0.264825 0.244696
vt 0.258208 0.178997
vt 0.263924 0.196500
vt 0.268474 0.263916
vt 0.269697 0.245514
vt 0.250478 0.182384
vt 0.259436 0.198470
vt 0.276893 0.263664
vt 0.274615 0.245383
vt 0.243534 0.187193
vt 0.255414 0.201265
vt 0.285120 0.261816
vt 0.279404 0.244313
vt 0.237637 0.193249
vt 0.252007 0.204783
vt 0.292850 0.258429
vt 0.283892 0.242343
vt 0.233010 0.200330
vt 0.249342 0.208895
vt 0.299794 0.253620
vt 0.287914 0.239548
vt 0.229826 0.208174
vt 0.247519 0.213446
vt 0.313504 0.207514
vt 0.295691 0.212793
vt 0.305691 0.247564
vt 0.291321 0.236030
vt 0.228205 0.216489
vt 0.246609 0.218270
vt 0.310333 0.199633
vt 0.293779 0.208223
vt 0.261996 0.209013
vt 0.259963 0.211113
vt 0.270461 0.235325
vt 0.273391 0.235264
vt 0.276250 0.234636
vt 0.278931 0.233466
vt 0.264397 0.207347
vt 0.267569 0.234815
vt 0.269937 0.205549
vt 0.267077 0.206177
vt 0.264827 0.233747
vt 0.272867 0.205488
vt 0.262343 0.232157
vt 0.275759 0.205998
vt 0.260223 0.230103
vt 0.278501 0.207066
vt 0.258555 0.227672
vt 0.286569 0.221650
vt 0.286534 0.218719
vt 0.280985 0.208656
vt 0.257399 0.224967
vt 0.258375 0.213568
vt 0.286034 0.224528
vt 0.283105 0.210710
vt 0.256794 0.222094
vt 0.284953 0.227245
vt 0.284773 0.213141
vt 0.256759 0.219163
vt 0.283365 0.229700
vt 0.285929 0.215846
vt 0.257294 0.216285
vt 0.281333 0.231800
vt 0.907174 0.906634
vt 0.870570 0.906856
vt 0.870873 0.929553
vt 0.907569 0.929129
vt 0.907865 0.705560
vt 0.871594 0.704561
vt 0.871198 0.726945
vt 0.907384 0.727854
vt 0.829879 0.862380
vt 0.793529 0.862357
vt 0.793701 0.884854
vt 0.830066 0.884719
vt 0.833631 0.636661
vt 0.794632 0.636330
vt 0.795089 0.659608
vt 0.832433 0.660440
vt 0.906569 0.794537
vt 0.870333 0.794080
vt 0.870216 0.816515
vt 0.906628 0.816767
vt 0.831495 0.951842
vt 0.794772 0.952644
vt 0.795258 0.975667
vt 0.832605 0.974420
vt 0.830358 0.750677
vt 0.794001 0.749939
vt 0.793738 0.772422
vt 0.830083 0.773027
vt 0.906919 0.884148
vt 0.870356 0.884214
vt 0.908450 0.683136
vt 0.871945 0.682116
vt 0.829792 0.840043
vt 0.793448 0.839869
vt 0.909246 0.974382
vt 0.871688 0.975533
vt 0.871883 0.999548
vt 0.911083 0.997625
vt 0.906716 0.772319
vt 0.870542 0.771687
vt 0.830816 0.929427
vt 0.794326 0.929944
vt 0.831170 0.705882
vt 0.794689 0.704938
vt 0.794329 0.727449
vt 0.830720 0.728306
vt 0.906745 0.861653
vt 0.870228 0.861603
vt 0.909196 0.660381
vt 0.872068 0.659490
vt 0.829799 0.817706
vt 0.793457 0.817386
vt 0.908191 0.951674
vt 0.871261 0.952380
vt 0.906997 0.750096
vt 0.870835 0.749314
vt 0.830367 0.907064
vt 0.793967 0.907373
vt 0.831721 0.683328
vt 0.795005 0.682365
vt 0.906558 0.839143
vt 0.870177 0.839022
vt 0.910428 0.636742
vt 0.871655 0.636346
vt 0.829896 0.795368
vt 0.793555 0.794904
vt 0.795518 0.999548
vt 0.834495 0.997529
vt 0.395249 0.335264
vt 0.375073 0.334425
vt 0.374347 0.356540
vt 0.394447 0.357188
vt 0.392981 0.444661
vt 0.372950 0.444596
vt 0.372979 0.466586
vt 0.393004 0.466509
vt 0.307598 0.379598
vt 0.287451 0.379110
vt 0.287040 0.401217
vt 0.307154 0.401557
vt 0.396302 0.313271
vt 0.375970 0.312153
vt 0.393111 0.422807
vt 0.373075 0.422602
vt 0.308210 0.357614
vt 0.288020 0.356964
vt 0.397759 0.291157
vt 0.377110 0.289506
vt 0.393396 0.400947
vt 0.373349 0.400601
vt 0.309015 0.335589
vt 0.288747 0.334747
vt 0.400019 0.268879
vt 0.378812 0.265939
vt 0.393837 0.379077
vt 0.373774 0.378586
vt 0.310074 0.313495
vt 0.289648 0.312371
vt 0.311148 0.597073
vt 0.291392 0.598995
vt 0.293844 0.621710
vt 0.313812 0.618192
vt 0.311539 0.291279
vt 0.290795 0.289619
vt 0.309580 0.575636
vt 0.289779 0.576837
vt 0.313812 0.268898
vt 0.292506 0.265943
vt 0.308536 0.554052
vt 0.288684 0.554870
vt 0.397358 0.596982
vt 0.377504 0.598899
vt 0.379950 0.621727
vt 0.400019 0.618208
vt 0.307796 0.532389
vt 0.287906 0.532965
vt 0.395799 0.575440
vt 0.375900 0.576632
vt 0.307270 0.510682
vt 0.287351 0.511074
vt 0.394766 0.553750
vt 0.374818 0.554557
vt 0.306923 0.488942
vt 0.286976 0.489178
vt 0.394036 0.531984
vt 0.374055 0.532548
vt 0.306741 0.467172
vt 0.286761 0.467262
vt 0.393521 0.510177
vt 0.373517 0.510558
vt 0.306723 0.445359
vt 0.286696 0.445307
vt 0.393182 0.488349
vt 0.373165 0.488573
vt 0.306864 0.423486
vt 0.286791 0.423294
vt 0.690049 0.282474
vt 0.661656 0.280065
vt 0.661322 0.304135
vt 0.688805 0.305095
vt 0.687654 0.394002
vt 0.661218 0.393880
vt 0.661164 0.415948
vt 0.687558 0.416062
vt 0.688231 0.687701
vt 0.661279 0.687274
vt 0.661274 0.709728
vt 0.687941 0.709952
vt 0.688236 0.973968
vt 0.661834 0.975480
vt 0.663159 0.998914
vt 0.690049 0.995473
vt 0.687771 0.371909
vt 0.661256 0.371761
vt 0.688805 0.665289
vt 0.661322 0.664328
vt 0.687478 0.952192
vt 0.661174 0.952830
vt 0.690049 0.642668
vt 0.661656 0.640258
vt 0.687194 0.930309
vt 0.660896 0.930537
vt 0.688236 0.613774
vt 0.661834 0.615287
vt 0.663159 0.638721
vt 0.690049 0.635279
vt 0.687124 0.908362
vt 0.660810 0.908396
vt 0.687478 0.591999
vt 0.661174 0.592636
vt 0.687148 0.886378
vt 0.660819 0.886323
vt 0.687194 0.570115
vt 0.660896 0.570343
vt 0.687213 0.864373
vt 0.660872 0.864279
vt 0.687123 0.548168
vt 0.660810 0.548203
vt 0.687295 0.842356
vt 0.660945 0.842247
vt 0.687148 0.526184
vt 0.660819 0.526130
vt 0.687381 0.820331
vt 0.661022 0.820218
vt 0.687213 0.504179
vt 0.660872 0.504086
vt 0.687469 0.798299
vt 0.661096 0.798186
vt 0.687295 0.482163
vt 0.660945 0.482053
vt 0.687558 0.776256
vt 0.661164 0.776142
vt 0.687941 0.349758
vt 0.661274 0.349534
vt 0.687381 0.460138
vt 0.661022 0.460024
vt 0.687654 0.754196
vt 0.661218 0.754074
vt 0.688231 0.327507
vt 0.661279 0.327081
vt 0.687469 0.438105
vt 0.661097 0.437992
vt 0.687772 0.732103
vt 0.661256 0.731954
vt 0.342871 0.897449
vt 0.318423 0.905820
vt 0.325778 0.926643
vt 0.350678 0.916202
vt 0.132584 0.935254
vt 0.107001 0.948097
vt 0.117948 0.970346
vt 0.144529 0.954699
vt 0.336700 0.878886
vt 0.312553 0.885405
vt 0.122895 0.916225
vt 0.097989 0.926660
vt 0.332001 0.860454
vt 0.308060 0.865260
vt 0.115094 0.897468
vt 0.090641 0.905832
vt 0.328669 0.842115
vt 0.304875 0.845300
vt 0.108928 0.878902
vt 0.084777 0.885413
vt 0.326629 0.823843
vt 0.302947 0.825473
vt 0.104235 0.860467
vt 0.080290 0.865265
vt 0.325830 0.805621
vt 0.302235 0.805750
vt 0.100908 0.842125
vt 0.077111 0.845303
vt 0.326234 0.787433
vt 0.302699 0.786106
vt 0.098874 0.823851
vt 0.075191 0.825474
vt 0.327814 0.769257
vt 0.304299 0.766510
vt 0.111885 0.714313
vt 0.087832 0.707365
vt 0.083030 0.727245
vt 0.106752 0.732779
vt 0.098081 0.805629
vt 0.074486 0.805750
vt 0.330560 0.751055
vt 0.306995 0.746915
vt 0.118313 0.695522
vt 0.093674 0.687078
vt 0.098491 0.787441
vt 0.074957 0.786106
vt 0.334477 0.732767
vt 0.310752 0.727241
vt 0.126198 0.676197
vt 0.100614 0.666099
vt 0.100077 0.769265
vt 0.076563 0.766511
vt 0.339604 0.714297
vt 0.315545 0.707358
vt 0.135860 0.656047
vt 0.108781 0.644096
vt 0.102829 0.751065
vt 0.079266 0.746917
vt 0.346024 0.695501
vt 0.321380 0.687067
vt 0.360372 0.935225
vt 0.334796 0.948075
vt 0.345749 0.970319
vt 0.372322 0.954665
vt 0.353902 0.676170
vt 0.328311 0.666083
vt 0.363555 0.656013
vt 0.336467 0.644074
vt 0.384607 0.832897
vt 0.357014 0.837740
vt 0.360361 0.853895
vt 0.387730 0.846690
vt 0.164353 0.860321
vt 0.137304 0.870018
vt 0.143479 0.886034
vt 0.170066 0.873648
vt 0.382692 0.818975
vt 0.354956 0.821550
vt 0.159973 0.846718
vt 0.132599 0.853916
vt 0.381951 0.804976
vt 0.354136 0.805341
vt 0.156853 0.832924
vt 0.129257 0.837759
vt 0.382364 0.790945
vt 0.354525 0.789124
vt 0.154941 0.819000
vt 0.127203 0.821567
vt 0.383931 0.776921
vt 0.356112 0.772906
vt 0.168103 0.735321
vt 0.140582 0.724170
vt 0.135216 0.740456
vt 0.162877 0.749076
vt 0.154204 0.805000
vt 0.126388 0.805357
vt 0.386668 0.762942
vt 0.358906 0.756680
vt 0.174712 0.721766
vt 0.147400 0.707805
vt 0.154621 0.790968
vt 0.126781 0.789141
vt 0.390615 0.749050
vt 0.362947 0.740435
vt 0.182861 0.708504
vt 0.155881 0.691319
vt 0.156190 0.776944
vt 0.128372 0.772922
vt 0.395839 0.735290
vt 0.368308 0.724145
vt 0.192785 0.695674
vt 0.166363 0.674698
vt 0.158929 0.762966
vt 0.131171 0.756699
vt 0.402446 0.721727
vt 0.375121 0.707774
vt 0.413648 0.898931
vt 0.388694 0.917558
vt 0.400444 0.932864
vt 0.423974 0.910523
vt 0.410591 0.708457
vt 0.383597 0.691281
vt 0.404971 0.886548
vt 0.379053 0.901887
vt 0.420512 0.695618
vt 0.394072 0.674651
vt 0.397831 0.873613
vt 0.371250 0.886007
vt 0.185877 0.898973
vt 0.160914 0.917594
vt 0.172660 0.932905
vt 0.196200 0.910569
vt 0.392115 0.860289
vt 0.365071 0.869994
vt 0.177203 0.886586
vt 0.151277 0.901918
vt 0.412335 0.793151
vt 0.411875 0.804603
vt 0.184675 0.816045
vt 0.186232 0.827343
vt 0.413801 0.781725
vt 0.196598 0.748391
vt 0.192040 0.759262
vt 0.184132 0.804633
vt 0.416281 0.770397
vt 0.202241 0.737899
vt 0.184594 0.793179
vt 0.419790 0.759244
vt 0.208990 0.727935
vt 0.186061 0.781751
vt 0.424352 0.748359
vt 0.216834 0.718700
vt 0.188539 0.770419
vt 0.429994 0.737855
vt 0.437571 0.878989
vt 0.445465 0.887464
vt 0.436741 0.727883
vt 0.430702 0.869667
vt 0.444583 0.718638
vt 0.424913 0.859703
vt 0.209809 0.879037
vt 0.217701 0.887515
vt 0.420208 0.849246
vt 0.202942 0.869711
vt 0.416571 0.838415
vt 0.197156 0.859745
vt 0.413981 0.827309
vt 0.192453 0.849285
vt 0.412421 0.816013
vt 0.188819 0.838451
vt 0.246792 0.400420
vt 0.246676 0.422841
vt 0.332898 0.466530
vt 0.333079 0.488798
vt 0.246538 0.445141
vt 0.333412 0.511076
vt 0.246769 0.467311
vt 0.333900 0.533379
vt 0.247043 0.489471
vt 0.334539 0.555742
vt 0.247425 0.511639
vt 0.335317 0.578251
vt 0.247942 0.533832
vt 0.336172 0.601109
vt 0.248601 0.556085
vt 0.336827 0.624841
vt 0.249395 0.578482
vt 0.249119 0.264820
vt 0.249252 0.288031
vt 0.250265 0.601226
vt 0.248864 0.310711
vt 0.334182 0.355183
vt 0.333659 0.377462
vt 0.250935 0.624841
vt 0.248268 0.333195
vt 0.333256 0.399732
vt 0.335625 0.264827
vt 0.335760 0.287929
vt 0.247666 0.355612
vt 0.332990 0.421999
vt 0.335376 0.310502
vt 0.247153 0.378012
vt 0.332869 0.444264
vt 0.334784 0.332878
vt 0.756412 0.780739
vt 0.756526 0.803397
vt 0.755702 0.977951
vt 0.756024 0.999548
vt 0.756572 0.464588
vt 0.756552 0.486844
vt 0.754986 0.663910
vt 0.755316 0.687899
vt 0.756328 0.892030
vt 0.756139 0.913708
vt 0.755981 0.373535
vt 0.756230 0.396613
vt 0.755924 0.573952
vt 0.755737 0.595331
vt 0.756572 0.825851
vt 0.754924 0.277926
vt 0.754986 0.302646
vt 0.756469 0.508902
vt 0.755669 0.711488
vt 0.755924 0.935215
vt 0.756412 0.419476
vt 0.755702 0.616688
vt 0.756552 0.848107
vt 0.755316 0.326635
vt 0.756328 0.530767
vt 0.755981 0.734798
vt 0.756230 0.757876
vt 0.755737 0.956594
vt 0.756526 0.442133
vt 0.756023 0.638285
vt 0.756469 0.870165
vt 0.755669 0.350224
vt 0.756139 0.552445
vt 0.754924 0.639189
vt 0.848200 0.706330
vt 0.847694 0.728655
vt 0.846733 0.817766
vt 0.846725 0.840033
vt 0.923842 0.750382
vt 0.923538 0.772515
vt 0.848872 0.683935
vt 0.846832 0.795497
vt 0.924257 0.728225
vt 0.849845 0.661402
vt 0.847023 0.773225
vt 0.924794 0.706032
vt 0.851521 0.638653
vt 0.847308 0.750947
vt 0.925500 0.683768
vt 0.926176 0.973255
vt 0.928211 0.995199
vt 0.926506 0.661368
vt 0.925157 0.951074
vt 0.928211 0.638752
vt 0.924567 0.928776
vt 0.849437 0.973253
vt 0.851521 0.995070
vt 0.924198 0.906419
vt 0.848363 0.951200
vt 0.923971 0.884026
vt 0.847714 0.929029
vt 0.923854 0.861584
vt 0.847284 0.906805
vt 0.923815 0.839027
vt 0.846992 0.884557
vt 0.923336 0.816655
vt 0.846810 0.862297
vt 0.923355 0.794617
vt 0.529997 0.743053
vt 0.527068 0.763289
vt 0.526820 0.501059
vt 0.529539 0.520412
vt 0.545188 0.319973
vt 0.538981 0.340659
vt 0.524115 0.823355
vt 0.525009 0.843091
vt 0.549802 0.596356
vt 0.557658 0.615657
vt 0.527068 0.401704
vt 0.525127 0.421844
vt 0.533165 0.901148
vt 0.537711 0.920125
vt 0.533949 0.722715
vt 0.525009 0.481506
vt 0.552618 0.299033
vt 0.524149 0.803459
vt 0.543223 0.577419
vt 0.529997 0.381468
vt 0.529539 0.881996
vt 0.538981 0.702243
vt 0.524114 0.461770
vt 0.549802 0.957941
vt 0.557658 0.977242
vt 0.525127 0.783429
vt 0.537711 0.558541
vt 0.533948 0.361131
vt 0.526820 0.862643
vt 0.545188 0.681558
vt 0.524149 0.441874
vt 0.543223 0.939004
vt 0.533165 0.539563
vt 0.552618 0.660618
vt 0.266069 0.219961
vt 0.266089 0.221061
vt 0.276068 0.223883
vt 0.276661 0.222958
vt 0.277005 0.218677
vt 0.276566 0.217667
vt 0.266264 0.218878
vt 0.275305 0.224675
vt 0.277239 0.219752
vt 0.266667 0.217855
vt 0.274403 0.225303
vt 0.267260 0.216930
vt 0.273396 0.225744
vt 0.268023 0.216138
vt 0.272322 0.225980
vt 0.268925 0.215510
vt 0.271223 0.226002
vt 0.269932 0.215070
vt 0.270139 0.225810
vt 0.271006 0.214833
vt 0.269113 0.225409
vt 0.272105 0.214811
vt 0.268186 0.224815
vt 0.273189 0.215004
vt 0.267391 0.224051
vt 0.274214 0.215404
vt 0.266762 0.223146
vt 0.277259 0.220852
vt 0.275142 0.215998
vt 0.266323 0.222136
vt 0.277063 0.221935
vt 0.275937 0.216762
vt 0.271664 0.220407
vt 0.945735 0.544258
vt 0.945794 0.521929
vt 0.931665 0.521925
vt 0.931612 0.544222
vt 0.945813 0.499601
vt 0.931679 0.499619
vt 0.945801 0.477273
vt 0.931665 0.477307
vt 0.945763 0.454942
vt 0.931625 0.454993
vt 0.945700 0.432608
vt 0.931560 0.432675
vt 0.945613 0.410270
vt 0.931469 0.410353
vt 0.945502 0.387925
vt 0.931351 0.388025
vt 0.945368 0.365562
vt 0.931201 0.365685
vt 0.945209 0.343158
vt 0.931005 0.343317
vt 0.945014 0.320647
vt 0.930721 0.320887
vt 0.944723 0.297846
vt 0.930225 0.298325
vt 0.944004 0.274225
vt 0.929115 0.275526
vt 0.943441 0.998502
vt 0.944732 0.975561
vt 0.930698 0.974954
vt 0.929247 0.996875
vt 0.945337 0.953074
vt 0.931257 0.952834
vt 0.945607 0.930703
vt 0.931499 0.930605
vt 0.945735 0.908365
vt 0.931612 0.908328
vt 0.945794 0.886036
vt 0.931665 0.886032
vt 0.945813 0.863708
vt 0.931679 0.863725
vt 0.945801 0.841379
vt 0.931665 0.841414
vt 0.945763 0.819048
vt 0.931625 0.819099
vt 0.945700 0.796714
vt 0.931560 0.796781
vt 0.945613 0.774377
vt 0.931469 0.774460
vt 0.945502 0.752031
vt 0.931351 0.752132
vt 0.945368 0.729669
vt 0.931201 0.729791
vt 0.945210 0.707265
vt 0.931005 0.707423
vt 0.945014 0.684754
vt 0.930721 0.684993
vt 0.944723 0.661953
vt 0.930225 0.662431
vt 0.944004 0.638331
vt 0.929115 0.639632
vt 0.943441 0.634396
vt 0.944732 0.611455
vt 0.930698 0.610848
vt 0.929247 0.632769
vt 0.945337 0.588967
vt 0.931257 0.588728
vt 0.945607 0.566596
vt 0.931499 0.566498
vt 0.489913 0.548980
vt 0.494815 0.569794
vt 0.500422 0.590450
vt 0.506568 0.611159
vt 0.513123 0.632425
vt 0.503942 0.644105
vt 0.497684 0.667967
vt 0.492144 0.690968
vt 0.487491 0.713621
vt 0.483793 0.736106
vt 0.481088 0.758480
vt 0.479391 0.780747
vt 0.478707 0.802884
vt 0.479028 0.824862
vt 0.480339 0.846646
vt 0.482615 0.868204
vt 0.485822 0.889514
vt 0.489913 0.910565
vt 0.494815 0.931378
vt 0.500422 0.952035
vt 0.506568 0.972744
vt 0.513123 0.994009
vt 0.503942 0.282521
vt 0.497684 0.306382
vt 0.492144 0.329384
vt 0.487491 0.352036
vt 0.483793 0.374521
vt 0.481088 0.396896
vt 0.479391 0.419162
vt 0.478707 0.441300
vt 0.479028 0.463277
vt 0.480339 0.485061
vt 0.482615 0.506620
vt 0.485822 0.527929
vt 0.985516 0.566539
vt 0.985576 0.544112
vt 0.985444 0.589065
vt 0.985419 0.611865
vt 0.985769 0.635441
vt 0.985432 0.661804
vt 0.986355 0.638847
vt 0.985147 0.684350
vt 0.985145 0.706784
vt 0.985233 0.729182
vt 0.985339 0.751567
vt 0.985438 0.773948
vt 0.985519 0.796325
vt 0.985578 0.818701
vt 0.985614 0.841075
vt 0.985626 0.863450
vt 0.985613 0.885828
vt 0.985576 0.908219
vt 0.985516 0.930646
vt 0.985444 0.953172
vt 0.985419 0.975972
vt 0.985770 0.999548
vt 0.985432 0.297698
vt 0.986354 0.274740
vt 0.985146 0.320243
vt 0.985145 0.342677
vt 0.985232 0.365075
vt 0.985339 0.387461
vt 0.985438 0.409841
vt 0.985518 0.432219
vt 0.985578 0.454595
vt 0.985614 0.476969
vt 0.985626 0.499344
vt 0.985613 0.521722
vt 0.084456 0.338086
vt 0.064984 0.337859
vt 0.064856 0.359838
vt 0.084240 0.360000
vt 0.171087 0.403703
vt 0.151771 0.403595
vt 0.151683 0.425435
vt 0.170988 0.425526
vt 0.172526 0.293932
vt 0.152562 0.293166
vt 0.152278 0.315705
vt 0.171918 0.316083
vt 0.064745 0.381736
vt 0.084084 0.381865
vt 0.151610 0.447266
vt 0.170907 0.447342
vt 0.152110 0.337859
vt 0.171582 0.338086
vt 0.064645 0.403595
vt 0.083961 0.403703
vt 0.151553 0.469094
vt 0.170846 0.469153
vt 0.151981 0.359838
vt 0.171365 0.360000
vt 0.064558 0.425435
vt 0.083862 0.425526
vt 0.151518 0.490923
vt 0.170806 0.490958
vt 0.064485 0.447266
vt 0.083782 0.447342
vt 0.151515 0.512757
vt 0.170796 0.512754
vt 0.064428 0.469095
vt 0.083720 0.469153
vt 0.151567 0.534604
vt 0.170836 0.534535
vt 0.064392 0.490924
vt 0.083681 0.490958
vt 0.151721 0.556484
vt 0.170971 0.556283
vt 0.064390 0.512757
vt 0.083671 0.512754
vt 0.152072 0.578446
vt 0.171300 0.577970
vt 0.064442 0.534604
vt 0.083711 0.534535
vt 0.152829 0.600620
vt 0.172055 0.599542
vt 0.064595 0.556484
vt 0.083846 0.556283
vt 0.154321 0.623348
vt 0.173798 0.620877
vt 0.064947 0.578446
vt 0.084175 0.577970
vt 0.086673 0.271579
vt 0.066146 0.269721
vt 0.065436 0.293166
vt 0.085401 0.293932
vt 0.065704 0.600620
vt 0.084930 0.599542
vt 0.065152 0.315705
vt 0.084793 0.316083
vt 0.151870 0.381736
vt 0.171209 0.381865
vt 0.067195 0.623348
vt 0.086673 0.620877
vt 0.173798 0.271579
vt 0.153272 0.269721
vt 0.624333 0.709676
vt 0.624492 0.731757
vt 0.624514 0.415621
vt 0.624462 0.437635
vt 0.623086 0.304841
vt 0.623944 0.327295
vt 0.624534 0.753794
vt 0.624389 0.459649
vt 0.624333 0.349483
vt 0.624515 0.775815
vt 0.624304 0.481668
vt 0.624492 0.371563
vt 0.624462 0.797829
vt 0.624210 0.503700
vt 0.624389 0.819843
vt 0.624109 0.525756
vt 0.624304 0.841862
vt 0.624001 0.547864
vt 0.624210 0.863894
vt 0.623880 0.570074
vt 0.624109 0.885950
vt 0.623721 0.592499
vt 0.624001 0.908058
vt 0.623433 0.615388
vt 0.623880 0.930268
vt 0.622665 0.639354
vt 0.623721 0.952692
vt 0.621380 0.641919
vt 0.623086 0.665035
vt 0.623434 0.975582
vt 0.623944 0.687489
vt 0.624533 0.393601
vt 0.622665 0.999548
vt 0.621380 0.281725
vt 0.113161 0.270175
vt 0.114233 0.293167
vt 0.114942 0.381376
vt 0.114879 0.403235
vt 0.027620 0.315510
vt 0.027812 0.337563
vt 0.027496 0.601279
vt 0.027247 0.624825
vt 0.114975 0.359495
vt 0.027108 0.293167
vt 0.027498 0.578672
vt 0.026036 0.270175
vt 0.027473 0.556475
vt 0.114622 0.601279
vt 0.114373 0.624825
vt 0.027463 0.534463
vt 0.114624 0.578672
vt 0.027474 0.512538
vt 0.114598 0.556475
vt 0.027506 0.490655
vt 0.114588 0.534463
vt 0.027553 0.468792
vt 0.114600 0.512538
vt 0.027613 0.446938
vt 0.114631 0.490655
vt 0.027682 0.425087
vt 0.114678 0.468792
vt 0.027753 0.403236
vt 0.114937 0.337563
vt 0.114738 0.446938
vt 0.027817 0.381376
vt 0.114745 0.315510
vt 0.114807 0.425087
vt 0.027850 0.359495
vt 0.308725 0.634571
vt 0.285412 0.629137
vt 0.280698 0.652737
vt 0.302260 0.658006
vt 0.299844 0.935699
vt 0.277591 0.942083
vt 0.284595 0.966479
vt 0.307859 0.959068
vt 0.275781 0.675054
vt 0.296454 0.680056
vt 0.059076 0.722300
vt 0.038959 0.718371
vt 0.035300 0.739951
vt 0.055430 0.743103
vt 0.292264 0.992714
vt 0.317385 0.983834
vt 0.271004 0.696814
vt 0.291265 0.701363
vt 0.032494 0.761647
vt 0.052721 0.763902
vt 0.081045 0.634580
vt 0.057736 0.629135
vt 0.053011 0.652732
vt 0.074569 0.658011
vt 0.266675 0.718385
vt 0.286794 0.722306
vt 0.030672 0.783506
vt 0.051037 0.784773
vt 0.048084 0.675045
vt 0.068754 0.680057
vt 0.263025 0.739967
vt 0.283157 0.743110
vt 0.029930 0.805545
vt 0.050449 0.805754
vt 0.043297 0.696802
vt 0.063555 0.701361
vt 0.260228 0.761663
vt 0.280456 0.763910
vt 0.030334 0.827760
vt 0.051012 0.826867
vt 0.258415 0.783523
vt 0.278780 0.784782
vt 0.031919 0.850147
vt 0.052764 0.848126
vt 0.257681 0.805561
vt 0.278200 0.805763
vt 0.034695 0.872710
vt 0.055731 0.869557
vt 0.258093 0.827775
vt 0.278770 0.826874
vt 0.038640 0.895480
vt 0.059926 0.891213
vt 0.259687 0.850160
vt 0.280529 0.848131
vt 0.043702 0.918544
vt 0.065361 0.913198
vt 0.262470 0.872720
vt 0.283503 0.869559
vt 0.049793 0.942084
vt 0.072050 0.935707
vt 0.266423 0.895487
vt 0.287706 0.891212
vt 0.056789 0.966485
vt 0.080058 0.959081
vt 0.271493 0.918547
vt 0.293147 0.913194
vt 0.064450 0.992725
vt 0.089577 0.983853
vt 0.998710 0.544116
vt 0.998735 0.521717
vt 0.998743 0.499327
vt 0.998730 0.476939
vt 0.998694 0.454551
vt 0.998636 0.432162
vt 0.998555 0.409773
vt 0.998456 0.387384
vt 0.998346 0.365000
vt 0.998249 0.342630
vt 0.998232 0.320297
vt 0.998480 0.298057
vt 0.999548 0.275983
vt 0.999548 0.998612
vt 0.998847 0.975748
vt 0.998689 0.953130
vt 0.998682 0.930646
vt 0.998710 0.908222
vt 0.998735 0.885823
vt 0.998743 0.863433
vt 0.998730 0.841045
vt 0.998695 0.818657
vt 0.998636 0.796269
vt 0.998555 0.773879
vt 0.998456 0.751490
vt 0.998346 0.729106
vt 0.998249 0.706736
vt 0.998232 0.684403
vt 0.998480 0.662164
vt 0.999548 0.640090
vt 0.999548 0.634505
vt 0.998847 0.611641
vt 0.998689 0.589024
vt 0.998682 0.566540
vt 0.468468 0.553697
vt 0.473680 0.575239
vt 0.479533 0.596420
vt 0.485729 0.617285
vt 0.491643 0.637963
vt 0.479358 0.638867
vt 0.473964 0.662578
vt 0.468792 0.686106
vt 0.464299 0.709570
vt 0.460696 0.732997
vt 0.458081 0.756374
vt 0.456500 0.779668
vt 0.455965 0.802837
vt 0.456475 0.825838
vt 0.458014 0.848624
vt 0.460557 0.871153
vt 0.464062 0.893384
vt 0.468468 0.915282
vt 0.473680 0.936824
vt 0.479533 0.958005
vt 0.485729 0.978869
vt 0.491643 0.999548
vt 0.479358 0.277283
vt 0.473964 0.300993
vt 0.468791 0.324522
vt 0.464299 0.347985
vt 0.460696 0.371412
vt 0.458081 0.394789
vt 0.456500 0.418083
vt 0.455965 0.441253
vt 0.456475 0.464253
vt 0.458014 0.487039
vt 0.460557 0.509568
vt 0.464062 0.531799
vt 0.774831 0.780710
vt 0.774779 0.803421
vt 0.772758 0.977810
vt 0.773227 0.998632
vt 0.774662 0.464665
vt 0.774481 0.486972
vt 0.774458 0.663984
vt 0.774490 0.687776
vt 0.773936 0.892249
vt 0.773587 0.913955
vt 0.774743 0.373408
vt 0.774817 0.396532
vt 0.773217 0.574193
vt 0.772888 0.595482
vt 0.774662 0.825928
vt 0.774831 0.278697
vt 0.774458 0.302721
vt 0.774237 0.509079
vt 0.774621 0.711335
vt 0.773217 0.935456
vt 0.774831 0.419447
vt 0.772758 0.616547
vt 0.774481 0.848235
vt 0.774490 0.326513
vt 0.773936 0.530986
vt 0.774743 0.734671
vt 0.774817 0.757795
vt 0.772888 0.956745
vt 0.774779 0.442157
vt 0.773227 0.637369
vt 0.774237 0.870342
vt 0.774621 0.350071
vt 0.773587 0.552692
vt 0.774831 0.639960
vt 0.776033 0.772223
vt 0.775847 0.794770
vt 0.777043 0.975704
vt 0.776783 0.998773
vt 0.852512 0.816416
vt 0.852425 0.838990
vt 0.777431 0.659819
vt 0.777347 0.682185
vt 0.775972 0.884995
vt 0.776211 0.907574
vt 0.853604 0.726619
vt 0.853226 0.749027
vt 0.852961 0.929751
vt 0.853220 0.952564
vt 0.775747 0.817321
vt 0.853835 0.637608
vt 0.854511 0.659670
vt 0.852435 0.861636
vt 0.777014 0.704645
vt 0.776513 0.930188
vt 0.852913 0.771456
vt 0.853371 0.975521
vt 0.775735 0.839874
vt 0.854388 0.681907
vt 0.852537 0.884312
vt 0.776638 0.727152
vt 0.776301 0.749682
vt 0.776831 0.952875
vt 0.852675 0.793913
vt 0.853046 0.998717
vt 0.775811 0.862431
vt 0.854018 0.704238
vt 0.852718 0.907013
vt 0.776712 0.637632
vt 0.316669 0.332366
vt 0.316050 0.354700
vt 0.314716 0.444206
vt 0.314743 0.466592
vt 0.228890 0.377613
vt 0.228468 0.400154
vt 0.317281 0.310088
vt 0.314838 0.421820
vt 0.229435 0.355124
vt 0.317660 0.287911
vt 0.315107 0.399438
vt 0.230063 0.332678
vt 0.317236 0.265924
vt 0.315517 0.377062
vt 0.230682 0.310292
vt 0.231652 0.601568
vt 0.231766 0.624364
vt 0.231067 0.288011
vt 0.231077 0.579008
vt 0.230643 0.265921
vt 0.230425 0.556595
vt 0.317467 0.601438
vt 0.317563 0.624347
vt 0.229833 0.534260
vt 0.316907 0.578765
vt 0.229352 0.511967
vt 0.316270 0.556238
vt 0.228998 0.489701
vt 0.315697 0.533789
vt 0.228762 0.467468
vt 0.315239 0.511377
vt 0.228608 0.445299
vt 0.314918 0.488982
vt 0.228205 0.422811
vt 0.002741 0.337688
vt 0.002763 0.359475
vt 0.089766 0.403131
vt 0.089686 0.424980
vt 0.089091 0.294328
vt 0.089675 0.315959
vt 0.002715 0.381294
vt 0.089610 0.446835
vt 0.089866 0.337688
vt 0.002641 0.403131
vt 0.089539 0.468697
vt 0.089888 0.359475
vt 0.002561 0.424980
vt 0.089474 0.490567
vt 0.002485 0.446835
vt 0.089411 0.512452
vt 0.002414 0.468697
vt 0.089336 0.534363
vt 0.002349 0.490567
vt 0.089226 0.556323
vt 0.002285 0.512452
vt 0.089022 0.578366
vt 0.002211 0.534363
vt 0.088584 0.600547
vt 0.002101 0.556323
vt 0.087577 0.622913
vt 0.001896 0.578366
vt 0.000477 0.272928
vt 0.001965 0.294328
vt 0.001459 0.600547
vt 0.002549 0.315959
vt 0.089840 0.381294
vt 0.000452 0.622913
vt 0.087603 0.272928
vt 0.600524 0.284731
vt 0.602529 0.306166
vt 0.603924 0.393598
vt 0.603895 0.415576
vt 0.603397 0.688074
vt 0.603763 0.709919
vt 0.601948 0.974666
vt 0.600494 0.997303
vt 0.603898 0.371642
vt 0.602529 0.666359
vt 0.602638 0.952257
vt 0.600524 0.644925
vt 0.603012 0.930018
vt 0.601948 0.614473
vt 0.600494 0.637110
vt 0.603247 0.907886
vt 0.602638 0.592063
vt 0.603415 0.885815
vt 0.603012 0.569824
vt 0.603548 0.863779
vt 0.603247 0.547692
vt 0.603659 0.841762
vt 0.603415 0.525622
vt 0.603755 0.819756
vt 0.603548 0.503585
vt 0.603835 0.797759
vt 0.603659 0.481568
vt 0.603895 0.775769
vt 0.603763 0.349725
vt 0.603755 0.459563
vt 0.603924 0.753792
vt 0.603397 0.327880
vt 0.603835 0.437565
vt 0.603898 0.731836
vt 0.240761 0.925335
vt 0.246301 0.949748
vt 0.024460 0.974415
vt 0.030169 0.999548
vt 0.236021 0.901072
vt 0.018498 0.949739
vt 0.232300 0.876915
vt 0.012965 0.925322
vt 0.229724 0.852864
vt 0.008234 0.901055
vt 0.228355 0.828952
vt 0.004521 0.876894
vt 0.228205 0.805228
vt 0.001953 0.852841
vt 0.229243 0.781745
vt 0.000593 0.828927
vt 0.231395 0.758558
vt 0.015333 0.691029
vt 0.010784 0.713185
vt 0.000452 0.805200
vt 0.234537 0.735707
vt 0.020126 0.669151
vt 0.001500 0.781717
vt 0.238498 0.713211
vt 0.024679 0.647425
vt 0.003661 0.758530
vt 0.243037 0.691054
vt 0.028169 0.625730
vt 0.006814 0.735679
vt 0.247820 0.669173
vt 0.252272 0.974420
vt 0.257989 0.999548
vt 0.252363 0.647443
vt 0.255843 0.625745
vt 0.431851 0.379761
vt 0.400923 0.379761
vt 0.400923 0.387930
vt 0.431851 0.387930
vt 0.431851 0.485962
vt 0.400923 0.485962
vt 0.400923 0.494132
vt 0.431851 0.494132
vt 0.431851 0.526809
vt 0.400923 0.526809
vt 0.400923 0.534978
vt 0.431851 0.534978
vt 0.431851 0.371592
vt 0.400924 0.371592
vt 0.431851 0.477793
vt 0.400923 0.477793
vt 0.431851 0.363422
vt 0.400924 0.363422
vt 0.431851 0.469624
vt 0.400923 0.469624
vt 0.431851 0.616672
vt 0.400923 0.616672
vt 0.400923 0.624841
vt 0.431851 0.624841
vt 0.431851 0.461454
vt 0.400923 0.461454
vt 0.431851 0.608502
vt 0.400923 0.608502
vt 0.431851 0.453285
vt 0.400923 0.453285
vt 0.431851 0.600333
vt 0.400923 0.600333
vt 0.431851 0.445116
vt 0.400923 0.445116
vt 0.431851 0.592164
vt 0.400923 0.592164
vt 0.431851 0.436946
vt 0.400923 0.436946
vt 0.431851 0.583994
vt 0.400923 0.583994
vt 0.431851 0.428777
vt 0.400923 0.428777
vt 0.431851 0.575825
vt 0.400923 0.575825
vt 0.431851 0.420608
vt 0.400923 0.420608
vt 0.431851 0.567656
vt 0.400923 0.567656
vt 0.431851 0.412438
vt 0.400923 0.412438
vt 0.431851 0.518640
vt 0.400923 0.518640
vt 0.431851 0.559486
vt 0.400923 0.559486
vt 0.431851 0.404269
vt 0.400923 0.404269
vt 0.431851 0.510470
vt 0.400923 0.510470
vt 0.431851 0.551317
vt 0.400923 0.551317
vt 0.431851 0.396100
vt 0.400923 0.396100
vt 0.431851 0.502301
vt 0.400923 0.502301
vt 0.431851 0.543148
vt 0.400923 0.543148
vt 0.846216 0.375619
vt 0.838601 0.375127
vt 0.838026 0.384415
vt 0.845644 0.384866
vt 0.842655 0.495983
vt 0.835024 0.496024
vt 0.835099 0.505329
vt 0.842730 0.505247
vt 0.843527 0.542296
vt 0.835900 0.542543
vt 0.836225 0.551843
vt 0.843851 0.551556
vt 0.846839 0.366375
vt 0.839226 0.365842
vt 0.842630 0.486718
vt 0.834999 0.486718
vt 0.843253 0.533036
vt 0.835625 0.533241
vt 0.847511 0.357135
vt 0.839901 0.356561
vt 0.842655 0.477453
vt 0.835024 0.477412
vt 0.843029 0.523774
vt 0.835399 0.523938
vt 0.848233 0.347898
vt 0.840626 0.347284
vt 0.842730 0.468189
vt 0.835099 0.468107
vt 0.849004 0.338666
vt 0.841401 0.338010
vt 0.842855 0.458925
vt 0.835224 0.458802
vt 0.848233 0.625538
vt 0.840626 0.626153
vt 0.841401 0.635426
vt 0.849004 0.634770
vt 0.843029 0.449662
vt 0.835399 0.449498
vt 0.847511 0.616301
vt 0.839901 0.616875
vt 0.843253 0.440400
vt 0.835625 0.440195
vt 0.846839 0.607061
vt 0.839226 0.607594
vt 0.843527 0.431140
vt 0.835900 0.430893
vt 0.846216 0.597817
vt 0.838601 0.598309
vt 0.843851 0.421881
vt 0.836225 0.421593
vt 0.845644 0.588570
vt 0.838026 0.589021
vt 0.844225 0.412623
vt 0.836600 0.412295
vt 0.845121 0.579320
vt 0.837501 0.579730
vt 0.844648 0.403368
vt 0.837025 0.402999
vt 0.844648 0.570068
vt 0.837025 0.570437
vt 0.845121 0.394116
vt 0.837501 0.393706
vt 0.842855 0.514511
vt 0.835224 0.514634
vt 0.844225 0.560813
vt 0.836600 0.561141
vt 0.467166 0.242964
vt 0.461547 0.245516
vt 0.466745 0.255290
vt 0.472174 0.252050
vt 0.561467 0.232328
vt 0.556461 0.231106
vt 0.553402 0.239914
vt 0.558724 0.242567
vt 0.463702 0.233494
vt 0.457819 0.235113
vt 0.548142 0.247239
vt 0.551781 0.250771
vt 0.461952 0.223735
vt 0.455965 0.224298
vt 0.541740 0.253000
vt 0.544573 0.256990
vt 0.461935 0.213940
vt 0.456068 0.213516
vt 0.534485 0.257380
vt 0.536618 0.261784
vt 0.463413 0.204244
vt 0.457759 0.203199
vt 0.509214 0.167218
vt 0.508592 0.161254
vt 0.497877 0.163231
vt 0.499567 0.169019
vt 0.526663 0.260431
vt 0.527983 0.265032
vt 0.465927 0.193985
vt 0.459868 0.193302
vt 0.518955 0.167136
vt 0.519378 0.161246
vt 0.518473 0.262027
vt 0.518952 0.266806
vt 0.474255 0.184101
vt 0.470106 0.179575
vt 0.462305 0.187162
vt 0.466635 0.192245
vt 0.528455 0.168674
vt 0.529777 0.163063
vt 0.510126 0.262187
vt 0.509794 0.266978
vt 0.481918 0.177599
vt 0.478401 0.172711
vt 0.537610 0.171565
vt 0.539479 0.166260
vt 0.501849 0.260941
vt 0.500748 0.265647
vt 0.490375 0.172523
vt 0.487692 0.167129
vt 0.547153 0.175558
vt 0.548732 0.169802
vt 0.493773 0.258308
vt 0.491864 0.262965
vt 0.555741 0.185678
vt 0.561065 0.182343
vt 0.554889 0.173071
vt 0.548961 0.176479
vt 0.485961 0.254030
vt 0.482322 0.258711
vt 0.560898 0.194587
vt 0.566434 0.191956
vt 0.479762 0.247030
vt 0.475439 0.250008
vt 0.564458 0.203926
vt 0.570282 0.202251
vt 0.475098 0.239308
vt 0.470529 0.241460
vt 0.566280 0.213597
vt 0.572222 0.212982
vt 0.471904 0.231276
vt 0.467183 0.232580
vt 0.554336 0.253490
vt 0.546618 0.259936
vt 0.465445 0.214250
vt 0.466937 0.205031
vt 0.562025 0.245392
vt 0.465485 0.223449
vt 0.565038 0.233051
vt 0.562820 0.243496
vt 0.566377 0.223344
vt 0.562869 0.223072
vt 0.562772 0.213908
vt 0.561018 0.204869
vt 0.478793 0.261466
vt 0.557596 0.196133
vt 0.490628 0.266335
vt 0.480784 0.262568
vt 0.552545 0.187776
vt 0.499954 0.269058
vt 0.545519 0.179295
vt 0.509533 0.270476
vt 0.491894 0.175727
vt 0.500495 0.172435
vt 0.536313 0.174848
vt 0.519284 0.270316
vt 0.483976 0.180525
vt 0.527612 0.172034
vt 0.528919 0.268460
vt 0.476829 0.186800
vt 0.518661 0.170616
vt 0.538124 0.264995
vt 0.469953 0.195042
vt 0.509524 0.170730
vt 0.558074 0.222667
vt 0.472751 0.264758
vt 0.558018 0.214358
vt 0.479368 0.268463
vt 0.488878 0.271756
vt 0.556367 0.206200
vt 0.498731 0.274730
vt 0.553137 0.198325
vt 0.509179 0.276378
vt 0.548320 0.190837
vt 0.519945 0.276264
vt 0.541864 0.183956
vt 0.493979 0.180072
vt 0.501778 0.177076
vt 0.530611 0.274240
vt 0.534329 0.179350
vt 0.486821 0.184467
vt 0.540784 0.270394
vt 0.526464 0.176652
vt 0.480498 0.190305
vt 0.550108 0.264850
vt 0.518301 0.175374
vt 0.475261 0.197781
vt 0.558454 0.258049
vt 0.509981 0.175519
vt 0.471813 0.206317
vt 0.566321 0.250514
vt 0.470230 0.214688
vt 0.568931 0.243985
vt 0.570728 0.233970
vt 0.470279 0.223023
vt 0.572222 0.223691
vt 0.792363 0.469130
vt 0.776268 0.468177
vt 0.775881 0.477619
vt 0.792185 0.478022
vt 0.825199 0.350843
vt 0.810724 0.343545
vt 0.806593 0.351740
vt 0.820805 0.358850
vt 0.792952 0.460333
vt 0.776982 0.458790
vt 0.820605 0.619486
vt 0.805406 0.626622
vt 0.809677 0.635426
vt 0.825070 0.627795
vt 0.793913 0.451577
vt 0.778036 0.449452
vt 0.816675 0.611217
vt 0.801416 0.617750
vt 0.795231 0.442829
vt 0.779419 0.440167
vt 0.813167 0.602846
vt 0.797751 0.608777
vt 0.796911 0.434027
vt 0.781088 0.430936
vt 0.810022 0.594341
vt 0.794423 0.599693
vt 0.799030 0.425011
vt 0.782903 0.421805
vt 0.807208 0.585679
vt 0.791422 0.590507
vt 0.800497 0.416107
vt 0.784808 0.412636
vt 0.804702 0.576801
vt 0.788709 0.581238
vt 0.802347 0.407548
vt 0.786967 0.403580
vt 0.802503 0.567523
vt 0.786177 0.571995
vt 0.804576 0.399165
vt 0.789437 0.394639
vt 0.792504 0.514638
vt 0.776299 0.515604
vt 0.777071 0.525096
vt 0.793221 0.523535
vt 0.799754 0.558648
vt 0.783711 0.562675
vt 0.807157 0.390908
vt 0.792234 0.385811
vt 0.792129 0.505670
vt 0.775868 0.506091
vt 0.797518 0.549915
vt 0.781530 0.553342
vt 0.810073 0.382762
vt 0.795363 0.377103
vt 0.792095 0.496576
vt 0.775735 0.496572
vt 0.795711 0.541170
vt 0.779687 0.543972
vt 0.813314 0.374720
vt 0.798816 0.368520
vt 0.792456 0.487180
vt 0.775767 0.487123
vt 0.794286 0.532378
vt 0.778199 0.534555
vt 0.816884 0.366766
vt 0.802574 0.360068
vt 0.816661 0.394121
vt 0.814192 0.401965
vt 0.802585 0.505546
vt 0.802876 0.514063
vt 0.807551 0.547595
vt 0.809655 0.555743
vt 0.819458 0.386370
vt 0.802690 0.496986
vt 0.805854 0.539321
vt 0.822575 0.378726
vt 0.803295 0.488382
vt 0.804517 0.530961
vt 0.826022 0.371200
vt 0.802363 0.477875
vt 0.802799 0.486096
vt 0.803524 0.522537
vt 0.829832 0.363808
vt 0.802516 0.469577
vt 0.834095 0.356596
vt 0.803093 0.461263
vt 0.829909 0.614666
vt 0.834095 0.622036
vt 0.804044 0.452957
vt 0.826229 0.606954
vt 0.805361 0.444672
vt 0.822934 0.599033
vt 0.807074 0.436419
vt 0.819985 0.590947
vt 0.809280 0.428216
vt 0.817384 0.582712
vt 0.810361 0.417883
vt 0.809233 0.425913
vt 0.815161 0.574324
vt 0.812072 0.409890
vt 0.813416 0.565755
vt 0.812314 0.563656
vt 0.192484 0.220034
vt 0.195547 0.219810
vt 0.194384 0.211933
vt 0.191374 0.212625
vt 0.114703 0.194447
vt 0.112183 0.191770
vt 0.105515 0.198666
vt 0.108217 0.201485
vt 0.192497 0.227553
vt 0.195547 0.227704
vt 0.121369 0.188743
vt 0.119316 0.185861
vt 0.191673 0.235395
vt 0.194835 0.235520
vt 0.128583 0.184356
vt 0.127073 0.181263
vt 0.187264 0.243595
vt 0.189944 0.245448
vt 0.194310 0.238322
vt 0.191476 0.236438
vt 0.136230 0.181349
vt 0.135296 0.178129
vt 0.182423 0.249850
vt 0.184822 0.252041
vt 0.144102 0.179707
vt 0.143716 0.176502
vt 0.176668 0.255270
vt 0.178703 0.257835
vt 0.152065 0.179463
vt 0.152234 0.176102
vt 0.170042 0.259684
vt 0.171629 0.262586
vt 0.159898 0.180532
vt 0.160608 0.177377
vt 0.119418 0.257331
vt 0.116884 0.260647
vt 0.125643 0.266451
vt 0.128130 0.262967
vt 0.162686 0.262920
vt 0.163758 0.266085
vt 0.167395 0.182784
vt 0.168468 0.179811
vt 0.111697 0.250612
vt 0.108536 0.253570
vt 0.154794 0.264845
vt 0.155310 0.268182
vt 0.174835 0.185946
vt 0.175918 0.182882
vt 0.105259 0.242244
vt 0.101336 0.244425
vt 0.146578 0.265405
vt 0.146544 0.268817
vt 0.181231 0.192511
vt 0.183709 0.190533
vt 0.178276 0.184413
vt 0.175703 0.186530
vt 0.101423 0.232401
vt 0.097009 0.233203
vt 0.138184 0.264669
vt 0.137718 0.268092
vt 0.185689 0.198728
vt 0.188365 0.197123
vt 0.101393 0.221871
vt 0.097055 0.221378
vt 0.129313 0.262960
vt 0.128876 0.266554
vt 0.189097 0.205466
vt 0.191972 0.204300
vt 0.103723 0.211876
vt 0.099769 0.210663
vt 0.107429 0.202308
vt 0.103467 0.201018
vt 0.185181 0.242177
vt 0.189049 0.235107
vt 0.136953 0.183808
vt 0.129747 0.186711
vt 0.180589 0.248159
vt 0.144395 0.182222
vt 0.175125 0.253297
vt 0.151926 0.181960
vt 0.168849 0.257460
vt 0.159353 0.182954
vt 0.121377 0.254789
vt 0.129891 0.259987
vt 0.161889 0.260498
vt 0.166520 0.185104
vt 0.114115 0.248414
vt 0.154424 0.262292
vt 0.173760 0.188425
vt 0.108137 0.240660
vt 0.146636 0.262781
vt 0.179331 0.194065
vt 0.104577 0.231854
vt 0.138621 0.261990
vt 0.183632 0.199961
vt 0.104638 0.222229
vt 0.186890 0.206353
vt 0.106789 0.212827
vt 0.189062 0.213147
vt 0.110608 0.203594
vt 0.190120 0.220192
vt 0.116700 0.196484
vt 0.190105 0.227389
vt 0.122962 0.190939
vt 0.167471 0.254879
vt 0.173337 0.251003
vt 0.158721 0.185779
vt 0.151773 0.184860
vt 0.123623 0.251847
vt 0.131349 0.256449
vt 0.160976 0.257691
vt 0.165444 0.187828
vt 0.116907 0.245894
vt 0.154010 0.259330
vt 0.171940 0.191062
vt 0.111322 0.238843
vt 0.146737 0.259726
vt 0.177162 0.195921
vt 0.107919 0.231327
vt 0.139243 0.258829
vt 0.181243 0.201411
vt 0.108354 0.222630
vt 0.184323 0.207393
vt 0.110373 0.213962
vt 0.186370 0.213757
vt 0.113989 0.205604
vt 0.187356 0.220369
vt 0.119113 0.198784
vt 0.187280 0.227132
vt 0.124848 0.193461
vt 0.186016 0.234109
vt 0.131123 0.189427
vt 0.182736 0.240570
vt 0.137812 0.186654
vt 0.178451 0.246194
vt 0.144747 0.185135
vt 0.146816 0.257702
vt 0.153737 0.257372
vt 0.175747 0.197194
vt 0.170805 0.192714
vt 0.110304 0.231490
vt 0.113534 0.237502
vt 0.139706 0.256741
vt 0.179668 0.202394
vt 0.110796 0.222919
vt 0.110348 0.231442
vt 0.132348 0.254247
vt 0.182624 0.208097
vt 0.112729 0.214719
vt 0.184584 0.214172
vt 0.116161 0.206827
vt 0.185517 0.220491
vt 0.120778 0.200253
vt 0.185404 0.226945
vt 0.126135 0.195101
vt 0.184129 0.233465
vt 0.132062 0.191205
vt 0.181085 0.239531
vt 0.138405 0.188527
vt 0.177019 0.244902
vt 0.144996 0.187056
vt 0.172145 0.249491
vt 0.151685 0.186781
vt 0.166554 0.253177
vt 0.158310 0.187658
vt 0.125090 0.249873
vt 0.160368 0.255837
vt 0.164721 0.189635
vt 0.118728 0.244211
vt 0.202099 0.774074
vt 0.205261 0.764177
vt 0.199798 0.784170
vt 0.198409 0.794369
vt 0.197931 0.804598
vt 0.198365 0.814779
vt 0.199716 0.824838
vt 0.201991 0.834692
vt 0.205198 0.844256
vt 0.209344 0.853434
vt 0.214428 0.862124
vt 0.220431 0.870218
vt 0.227301 0.877631
vt 0.448208 0.736608
vt 0.455061 0.728552
vt 0.442236 0.745317
vt 0.437178 0.754540
vt 0.433043 0.764154
vt 0.429829 0.774053
vt 0.427531 0.784142
vt 0.426146 0.794338
vt 0.425671 0.804564
vt 0.426109 0.814743
vt 0.427463 0.824800
vt 0.429740 0.834652
vt 0.432950 0.844214
vt 0.437098 0.853390
vt 0.442184 0.862077
vt 0.448190 0.870168
vt 0.455061 0.877578
vt 0.220446 0.736664
vt 0.227301 0.728616
vt 0.214470 0.745364
vt 0.209406 0.754577
s 1
f 4/1/1 1/2/2 2/3/3
f 2/3/3 3/4/4 4/1/1
f 1/2/2 5/5/5 6/6/6
f 6/6/6 2/3/3 1/2/2
f 5/5/5 7/7/7 8/8/8
f 8/8/8 6/6/6 5/5/5
f 7/7/7 9/9/9 10/10/10
f 10/10/10 8/8/8 7/7/7
f 9/9/9 11/11/11 12/12/12
f 12/12/12 10/10/10 9/9/9
f 11/11/11 13/13/13 14/14/14
f 14/14/14 12/12/12 11/11/11
f 13/13/13 15/15/15 16/16/16
f 16/16/16 14/14/14 13/13/13
f 15/15/15 17/17/17 18/18/18
f 18/18/18 16/16/16 15/15/15
f 17/17/17 19/19/19 20/20/20
f 20/20/20 18/18/18 17/17/17
f 19/19/19 21/21/21 22/22/22
f 22/22/22 20/20/20 19/19/19
f 21/21/21 23/23/23 24/24/24
f 24/24/24 22/22/22 21/21/21
f 23/23/23 25/25/25 26/26/26
f 26/26/26 24/24/24 23/23/23
f 25/25/25 27/27/27 28/28/28
f 28/28/28 26/26/26 25/25/25
f 27/27/27 29/29/1 30/30/29
f 30/30/29 28/28/28 27/27/27
f 3/4/4 2/3/3 31/31/30
f 31/31/30 32/32/31 3/4/4
f 2/3/3 6/6/6 33/33/32
f 33/33/32 31/31/30 2/3/3
f 6/6/6 8/8/8 34/34/33
f 34/34/33 33/33/32 6/6/6
f 8/8/8 10/10/10 35/35/34
f 35/35/34 34/34/33 8/8/8
f 10/10/10 12/12/12 36/36/35
f 36/36/35 35/35/34 10/10/10
f 12/12/12 14/14/14 37/37/36
f 37/37/36 36/36/35 12/12/12
f 14/14/14 16/16/16 38/38/37
f 38/38/37 37/37/36 14/14/14
f 16/16/16 18/18/18 39/39/38
f 39/39/38 38/38/37 16/16/16
f 18/18/18 20/20/20 40/40/39
f 40/40/39 39/39/38 18/18/18
f 20/20/20 22/22/22 41/41/40
f 41/41/40 40/40/39 20/20/20
f 22/22/22 24/24/24 42/42/41
f 42/42/41 41/41/40 22/22/22
f 24/24/24 26/26/26 43/43/42
f 43/43/42 42/42/41 24/24/24
f 26/26/26 28/28/28 44/44/43
f 44/44/43 43/43/42 26/26/26
f 28/28/28 30/30/29 45/45/44
f 45/45/44 44/44/43 28/28/28
f 32/32/31 31/31/30 46/46/45
f 46/46/45 47/47/46 32/32/31
f 31/31/30 33/33/32 48/48/47
f 48/48/47 46/46/45 31/31/30
f 33/33/32 34/34/33 49/49/48
f 49/49/48 48/48/47 33/33/32
f 34/34/33 35/35/34 50/50/49
f 50/50/49 49/49/48 34/34/33
f 35/35/34 36/36/35 51/51/50
f 51/51/50 50/50/49 35/35/34
f 36/36/35 37/37/36 52/52/51
f 52/52/51 51/51/50 36/36/35
f 37/37/36 38/38/37 53/53/52
f 53/53/52 52/52/51 37/37/36
f 38/38/37 39/39/38 54/54/53
f 54/54/53 53/53/52 38/38/37
f 39/39/38 40/40/39 55/55/54
f 55/55/54 54/54/53 39/39/38
f 40/40/39 41/41/40 56/56/55
f 56/56/55 55/55/54 40/40/39
f 41/41/40 42/42/41 57/57/56
f 57/57/56 56/56/55 41/41/40
f 42/42/41 43/43/42 58/58/57
f 58/58/57 57/57/56 42/42/41
f 43/43/42 44/44/43 59/59/58
f 59/59/58 58/58/57 43/43/42
f 44/44/43 45/45/44 60/60/59
f 60/60/59 59/59/58 44/44/43
f 47/47/46 46/46/45 61/61/60
f 61/61/60 62/62/61 47/47/46
f 46/46/45 48/48/47 63/63/62
f 63/63/62 61/61/60 46/46/45
f 48/48/47 49/49/48 64/64/63
f 64/64/63 63/63/62 48/48/47
f 49/49/48 50/50/49 65/65/64
f 65/65/64 64/64/63 49/49/48
f 50/50/49 51/51/50 66/66/65
f 66/66/65 65/65/64 50/50/49
f 51/51/50 52/52/51 67/67/66
f 67/67/66 66/66/65 51/51/50
f 52/52/51 53/53/52 68/68/67
f 68/68/67 67/67/66 52/52/51
f 53/53/52 54/54/53 69/69/68
f 69/69/68 68/68/67 53/53/52
f 54/54/53 55/55/54 70/70/69
f 70/70/69 69/69/68 54/54/53
f 55/55/54 56/56/55 71/71/70
f 71/71/70 70/70/69 55/55/54
f 56/56/55 57/57/56 72/72/71
f 72/72/71 71/71/70 56/56/55
f 57/57/56 58/58/57 73/73/72
f 73/73/72 72/72/71 57/57/56
f 58/58/57 59/59/58 74/74/73
f 74/74/73 73/73/72 58/58/57
f 59/59/58 60/60/59 75/75/61
f 75/75/61 74/74/73 59/59/58
f 62/62/61 61/61/60 76/76/74
f 76/76/74 77/77/75 62/62/61
f 61/61/60 63/63/62 78/78/76
f 78/78/76 76/76/74 61/61/60
f 63/63/62 64/64/63 79/79/77
f 79/79/77 78/78/76 63/63/62
f 64/64/63 65/65/64 80/80/78
f 80/80/78 79/79/77 64/64/63
f 65/65/64 66/66/65 81/81/79
f 81/81/79 80/80/78 65/65/64
f 66/66/65 67/67/66 82/82/80
f 82/82/80 81/81/79 66/66/65
f 67/67/66 68/68/67 83/83/81
f 83/83/81 82/82/80 67/67/66
f 68/68/67 69/69/68 84/84/82
f 84/84/82 83/83/81 68/68/67
f 69/69/68 70/70/69 85/85/83
f 85/85/83 84/84/82 69/69/68
f 70/70/69 71/71/70 86/86/84
f 86/86/84 85/85/83 70/70/69
f 71/71/70 72/72/71 87/87/85
f 87/87/85 86/86/84 71/71/70
f 72/72/71 73/73/72 88/88/86
f 88/88/86 87/87/85 72/72/71
f 73/73/72 74/74/73 89/89/87
f 89/89/87 88/88/86 73/73/72
f 74/74/73 75/75/61 90/90/75
f 90/90/75 89/89/87 74/74/73
f 77/77/75 76/76/74 91/91/88
f 91/91/88 92/92/89 77/77/75
f 76/76/74 78/78/76 93/93/90
f 93/93/90 91/91/88 76/76/74
f 78/78/76 79/79/77 94/94/91
f 94/94/91 93/93/90 78/78/76
f 79/79/77 80/80/78 95/95/92
f 95/95/92 94/94/91 79/79/77
f 80/80/78 81/81/79 96/96/93
f 96/96/93 95/95/92 80/80/78
f 81/81/79 82/82/80 97/97/94
f 97/97/94 96/96/93 81/81/79
f 82/82/80 83/83/81 98/98/95
f 98/98/95 97/97/94 82/82/80
f 83/83/81 84/84/82 99/99/96
f 99/99/96 98/98/95 83/83/81
f 84/84/82 85/85/83 100/100/97
f 100/100/97 99/99/96 84/84/82
f 85/85/83 86/86/84 101/101/98
f 101/101/98 100/100/97 85/85/83
f 86/86/84 87/87/85 102/102/99
f 102/102/99 101/101/98 86/86/84
f 87/87/85 88/88/86 103/103/100
f 103/103/100 102/102/99 87/87/85
f 88/88/86 89/89/87 104/104/101
f 104/104/101 103/103/100 88/88/86
f 89/89/87 90/90/75 105/105/102
f 105/105/102 104/104/101 89/89/87
f 92/92/89 91/91/88 106/106/103
f 106/106/103 107/107/104 92/92/89
f 91/91/88 93/93/90 108/108/105
f 108/108/105 106/106/103 91/91/88
f 93/93/90 94/94/91 109/109/106
f 109/109/106 108/108/105 93/93/90
f 94/94/91 95/95/92 110/110/107
f 110/110/107 109/109/106 94/94/91
f 95/95/92 96/96/93 111/111/108
f 111/111/108 110/110/107 95/95/92
f 96/96/93 97/97/94 112/112/109
f 112/112/109 111/111/108 96/96/93
f 97/97/94 98/98/95 113/113/110
f 113/113/110 112/112/109 97/97/94
f 98/98/95 99/99/96 114/114/111
f 114/114/111 113/113/110 98/98/95
f 99/99/96 100/100/97 115/115/112
f 115/115/112 114/114/111 99/99/96
f 100/100/97 101/101/98 116/116/113
f 116/116/113 115/115/112 100/100/97
f 101/101/98 102/102/99 117/117/114
f 117/117/114 116/116/113 101/101/98
f 102/102/99 103/103/100 118/118/115
f 118/118/115 117/117/114 102/102/99
f 103/103/100 104/104/101 119/119/116
f 119/119/116 118/118/115 103/103/100
f 104/104/101 105/105/102 120/120/117
f 120/120/117 119/119/116 104/104/101
f 107/107/104 106/106/103 121/121/118
f 121/121/118 122/122/119 107/107/104
f 106/106/103 108/108/105 123/123/120
f 123/123/120 121/121/118 106/106/103
f 108/108/105 109/109/106 124/124/121
f 124/124/121 123/123/120 108/108/105
f 109/109/106 110/110/107 125/125/122
f 125/125/122 124/124/121 109/109/106
f 110/110/107 111/111/108 126/126/123
f 126/126/123 125/125/122 110/110/107
f 111/111/108 112/112/109 127/127/124
f 127/127/124 126/126/123 111/111/108
f 112/112/109 113/113/110 128/128/125
f 128/128/125 127/127/124 112/112/109
f 113/113/110 114/114/111 129/129/126
f 129/129/126 128/128/125 113/113/110
f 114/114/111 115/115/112 130/130/127
f 130/130/127 129/129/126 114/114/111
f 115/115/112 116/116/113 131/131/128
f 131/131/128 130/130/127 115/115/112
f 116/116/113 117/117/114 132/132/129
f 132/132/129 131/131/128 116/116/113
f 117/117/114 118/118/115 133/133/130
f 133/133/130 132/132/129 117/117/114
f 118/118/115 119/119/116 134/134/131
f 134/134/131 133/133/130 118/118/115
f 119/119/116 120/120/117 135/135/132
f 135/135/132 134/134/131 119/119/116
f 122/122/119 121/121/118 136/136/133
f 136/136/133 137/137/134 122/122/119
f 121/121/118 123/123/120 138/138/135
f 138/138/135 136/136/133 121/121/118
f 123/123/120 124/124/121 139/139/136
f 139/139/136 138/138/135 123/123/120
f 124/124/121 125/125/122 140/140/137
f 140/140/137 139/139/136 124/124/121
f 125/125/122 126/126/123 141/141/138
f 141/141/138 140/140/137 125/125/122
f 126/126/123 127/127/124 142/142/139
f 142/142/139 141/141/138 126/126/123
f 127/127/124 128/128/125 143/143/140
f 143/143/140 142/142/139 127/127/124
f 128/128/125 129/129/126 144/144/141
f 144/144/141 143/143/140 128/128/125
f 129/129/126 130/130/127 145/145/142
f 145/145/142 144/144/141 129/129/126
f 130/130/127 131/131/128 146/146/143
f 146/146/143 145/145/142 130/130/127
f 131/131/128 132/132/129 147/147/144
f 147/147/144 146/146/143 131/131/128
f 132/132/129 133/133/130 148/148/145
f 148/148/145 147/147/144 132/132/129
f 133/133/130 134/134/131 149/149/146
f 149/149/146 148/148/145 133/133/130
f 134/134/131 135/135/132 150/150/147
f 150/150/147 149/149/146 134/134/131
f 137/137/134 136/136/133 151/151/148
f 151/151/148 152/152/149 137/137/134
f 136/136/133 138/138/135 153/153/150
f 153/153/150 151/151/148 136/136/133
f 138/138/135 139/139/136 154/154/151
f 154/154/151 153/153/150 138/138/135
f 139/139/136 140/140/137 155/155/152
f 155/155/152 154/154/151 139/139/136
f 140/140/137 141/141/138 156/156/153
f 156/156/153 155/155/152 140/140/137
f 141/141/138 142/142/139 157/157/154
f 157/157/154 156/156/153 141/141/138
f 142/142/139 143/143/140 158/158/155
f 158/158/155 157/157/154 142/142/139
f 143/143/140 144/144/141 159/159/156
f 159/159/156 158/158/155 143/143/140
f 144/144/141 145/145/142 160/160/157
f 160/160/157 159/159/156 144/144/141
f 145/145/142 146/146/143 161/161/158
f 161/161/158 160/160/157 145/145/142
f 146/146/143 147/147/144 162/162/159
f 162/162/159 161/161/158 146/146/143
f 147/147/144 148/148/145 163/163/160
f 163/163/160 162/162/159 147/147/144
f 148/148/145 149/149/146 164/164/161
f 164/164/161 163/163/160 148/148/145
f 149/149/146 150/150/147 165/165/149
f 165/165/149 164/164/161 149/149/146
f 152/152/149 151/151/148 166/166/162
f 166/166/162 167/167/163 152/152/149
f 151/151/148 153/153/150 168/168/164
f 168/168/164 166/166/162 151/151/148
f 153/153/150 154/154/151 169/169/165
f 169/169/165 168/168/164 153/153/150
f 154/154/151 155/155/152 170/170/166
f 170/170/166 169/169/165 154/154/151
f 155/155/152 156/156/153 171/171/167
f 171/171/167 170/170/166 155/155/152
f 156/156/153 157/157/154 172/172/168
f 172/172/168 171/171/167 156/156/153
f 157/157/154 158/158/155 173/173/169
f 173/173/169 172/172/168 157/157/154
f 158/158/155 159/159/156 174/174/170
f 174/174/170 173/173/169 158/158/155
f 159/159/156 160/160/157 175/175/171
f 175/175/171 174/174/170 159/159/156
f 160/160/157 161/161/158 176/176/172
f 176/176/172 175/175/171 160/160/157
f 161/161/158 162/162/159 177/177/173
f 177/177/173 176/176/172 161/161/158
f 162/162/159 163/163/160 178/178/174
f 178/178/174 177/177/173 162/162/159
f 163/163/160 164/164/161 179/179/175
f 179/179/175 178/178/174 163/163/160
f 164/164/161 165/165/149 180/180/176
f 180/180/176 179/179/175 164/164/161
f 167/167/163 166/166/162 181/181/177
f 181/181/177 182/182/178 167/167/163
f 166/166/162 168/168/164 183/183/179
f 183/183/179 181/181/177 166/166/162
f 168/168/164 169/169/165 184/184/180
f 184/184/180 183/183/179 168/168/164
f 169/169/165 170/170/166 185/185/181
f 185/185/181 184/184/180 169/169/165
f 170/170/166 171/171/167 186/186/182
f 186/186/182 185/185/181 170/170/166
f 171/171/167 172/172/168 187/187/183
f 187/187/183 186/186/182 171/171/167
f 172/172/168 173/173/169 188/188/184
f 188/188/184 187/187/183 172/172/168
f 173/173/169 174/174/170 189/189/185
f 189/189/185 188/188/184 173/173/169
f 174/174/170 175/175/171 190/190/186
f 190/190/186 189/189/185 174/174/170
f 175/175/171 176/176/172 191/191/187
f 191/191/187 190/190/186 175/175/171
f 176/176/172 177/177/173 192/192/188
f 192/192/188 191/191/187 176/176/172
f 177/177/173 178/178/174 193/193/189
f 193/193/189 192/192/188 177/177/173
f 178/178/174 179/179/175 194/194/190
f 194/194/190 193/193/189 178/178/174
f 179/179/175 180/180/176 195/195/191
f 195/195/191 194/194/190 179/179/175
f 182/182/178 181/181/177 196/196/192
f 196/196/192 197/197/193 182/182/178
f 181/181/177 183/183/179 198/198/194
f 198/198/194 196/196/192 181/181/177
f 183/183/179 184/184/180 199/199/195
f 199/199/195 198/198/194 183/183/179
f 184/184/180 185/185/181 200/200/196
f 200/200/196 199/199/195 184/184/180
f 185/185/181 186/186/182 201/201/197
f 201/201/197 200/200/196 185/185/181
f 186/186/182 187/187/183 202/202/198
f 202/202/198 201/201/197 186/186/182
f 187/187/183 188/188/184 203/203/199
f 203/203/199 202/202/198 187/187/183
f 188/188/184 189/189/185 204/204/200
f 204/204/200 203/203/199 188/188/184
f 189/189/185 190/190/186 205/205/201
f 205/205/201 204/204/200 189/189/185
f 190/190/186 191/191/187 206/206/202
f 206/206/202 205/205/201 190/190/186
f 191/191/187 192/192/188 207/207/203
f 207/207/203 206/206/202 191/191/187
f 192/192/188 193/193/189 208/208/204
f 208/208/204 207/207/203 192/192/188
f 193/193/189 194/194/190 209/209/205
f 209/209/205 208/208/204 193/193/189
f 194/194/190 195/195/191 210/210/193
f 210/210/193 209/209/205 194/194/190
f 197/197/193 196/196/192 211/211/206
f 211/211/206 212/212/207 197/197/193
f 196/196/192 198/198/194 213/213/208
f 213/213/208 211/211/206 196/196/192
f 198/198/194 199/199/195 214/214/209
f 214/214/209 213/213/208 198/198/194
f 199/199/195 200/200/196 215/215/210
f 215/215/210 214/214/209 199/199/195
f 200/200/196 201/201/197 216/216/211
f 216/216/211 215/215/210 200/200/196
f 201/201/197 202/202/198 217/217/212
f 217/217/212 216/216/211 201/201/197
f 202/202/198 203/203/199 218/218/213
f 218/218/213 217/217/212 202/202/198
f 203/203/199 204/204/200 219/219/214
f 219/219/214 218/218/213 203/203/199
f 204/204/200 205/205/201 220/220/215
f 220/220/215 219/219/214 204/204/200
f 205/205/201 206/206/202 221/221/216
f 221/221/216 220/220/215 205/205/201
f 206/206/202 207/207/203 222/222/217
f 222/222/217 221/221/216 206/206/202
f 207/207/203 208/208/204 223/223/218
f 223/223/218 222/222/217 207/207/203
f 208/208/204 209/209/205 224/224/219
f 224/224/219 223/223/218 208/208/204
f 209/209/205 210/210/193 225/225/220
f 225/225/220 224/224/219 209/209/205
f 212/212/207 211/211/206 226/226/221
f 226/226/221 227/227/222 212/212/207
f 211/211/206 213/213/208 228/228/223
f 228/228/223 226/226/221 211/211/206
f 213/213/208 214/214/209 229/229/224
f 229/229/224 228/228/223 213/213/208
f 214/214/209 215/215/210 230/230/225
f 230/230/225 229/229/224 214/214/209
f 215/215/210 216/216/211 231/231/226
f 231/231/226 230/230/225 215/215/210
f 216/216/211 217/217/212 232/232/227
f 232/232/227 231/231/226 216/216/211
f 217/217/212 218/218/213 233/233/228
f 233/233/228 232/232/227 217/217/212
f 218/218/213 219/219/214 234/234/229
f 234/234/229 233/233/228 218/218/213
f 219/219/214 220/220/215 235/235/230
f 235/235/230 234/234/229 219/219/214
f 220/220/215 221/221/216 236/236/231
f 236/236/231 235/235/230 220/220/215
f 221/221/216 222/222/217 237/237/232
f 237/237/232 236/236/231 221/221/216
f 222/222/217 223/223/218 238/238/233
f 238/238/233 237/237/232 222/222/217
f 223/223/218 224/224/219 239/239/234
f 239/239/234 238/238/233 223/223/218
f 224/224/219 225/225/220 240/240/235
f 240/240/235 239/239/234 224/224/219
f 227/227/222 226/226/221 241/241/236
f 241/241/236 242/242/237 227/227/222
f 226/226/221 228/228/223 243/243/238
f 243/243/238 241/241/236 226/226/221
f 228/228/223 229/229/224 244/244/239
f 244/244/239 243/243/238 228/228/223
f 229/229/224 230/230/225 245/245/240
f 245/245/240 244/244/239 229/229/224
f 230/230/225 231/231/226 246/246/241
f 246/246/241 245/245/240 230/230/225
f 231/231/226 232/232/227 247/247/242
f 247/247/242 246/246/241 231/231/226
f 232/232/227 233/233/228 248/248/243
f 248/248/243 247/247/242 232/232/227
f 233/233/228 234/234/229 249/249/244
f 249/249/244 248/248/243 233/233/228
f 234/234/229 235/235/230 250/250/245
f 250/250/245 249/249/244 234/234/229
f 235/235/230 236/236/231 251/251/246
f 251/251/246 250/250/245 235/235/230
f 236/236/231 237/237/232 252/252/247
f 252/252/247 251/251/246 236/236/231
f 237/237/232 238/238/233 253/253/248
f 253/253/248 252/252/247 237/237/232
f 238/238/233 239/239/234 254/254/249
f 254/254/249 253/253/248 238/238/233
f 239/239/234 240/240/235 255/255/250
f 255/255/250 254/254/249 239/239/234
f 242/242/237 241/241/236 256/256/251
f 256/256/251 257/257/252 242/242/237
f 241/241/236 243/243/238 258/258/253
f 258/258/253 256/256/251 241/241/236
f 243/243/238 244/244/239 259/259/254
f 259/259/254 258/258/253 243/243/238
f 244/244/239 245/245/240 260/260/255
f 260/260/255 259/259/254 244/244/239
f 245/245/240 246/246/241 261/261/256
f 261/261/256 260/260/255 245/245/240
f 246/246/241 247/247/242 262/262/257
f 262/262/257 261/261/256 246/246/241
f 247/247/242 248/248/243 263/263/258
f 263/263/258 262/262/257 247/247/242
f 248/248/243 249/249/244 264/264/259
f 264/264/259 263/263/258 248/248/243
f 249/249/244 250/250/245 265/265/260
f 265/265/260 264/264/259 249/249/244
f 250/250/245 251/251/246 266/266/261
f 266/266/261 265/265/260 250/250/245
f 251/251/246 252/252/247 267/267/262
f 267/267/262 266/266/261 251/251/246
f 252/252/247 253/253/248 268/268/263
f 268/268/263 267/267/262 252/252/247
f 253/253/248 254/254/249 269/269/264
f 269/269/264 268/268/263 253/253/248
f 254/254/249 255/255/250 270/270/265
f 270/270/265 269/269/264 254/254/249
f 257/257/252 256/256/251 271/271/266
f 271/271/266 272/272/267 257/257/252
f 256/256/251 258/258/253 273/273/268
f 273/273/268 271/271/266 256/256/251
f 258/258/253 259/259/254 274/274/269
f 274/274/269 273/273/268 258/258/253
f 259/259/254 260/260/255 275/275/270
f 275/275/270 274/274/269 259/259/254
f 260/260/255 261/261/256 276/276/271
f 276/276/271 275/275/270 260/260/255
f 261/261/256 262/262/257 277/277/272
f 277/277/272 276/276/271 261/261/256
f 262/262/257 263/263/258 278/278/273
f 278/278/273 277/277/272 262/262/257
f 263/263/258 264/264/259 279/279/274
f 279/279/274 278/278/273 263/263/258
f 264/264/259 265/265/260 280/280/275
f 280/280/275 279/279/274 264/264/259
f 265/265/260 266/266/261 281/281/276
f 281/281/276 280/280/275 265/265/260
f 266/266/261 267/267/262 282/282/277
f 282/282/277 281/281/276 266/266/261
f 267/267/262 268/268/263 283/283/278
f 283/283/278 282/282/277 267/267/262
f 268/268/263 269/269/264 284/284/279
f 284/284/279 283/283/278 268/268/263
f 269/269/264 270/270/265 285/285/280
f 285/285/280 284/284/279 269/269/264
f 272/272/267 271/271/266 286/286/281
f 286/286/281 287/287/282 272/272/267
f 271/271/266 273/273/268 288/288/283
f 288/288/283 286/286/281 271/271/266
f 273/273/268 274/274/269 289/289/284
f 289/289/284 288/288/283 273/273/268
f 274/274/269 275/275/270 290/290/285
f 290/290/285 289/289/284 274/274/269
f 275/275/270 276/276/271 291/291/286
f 291/291/286 290/290/285 275/275/270
f 276/276/271 277/277/272 292/292/287
f 292/292/287 291/291/286 276/276/271
f 277/277/272 278/278/273 293/293/288
f 293/293/288 292/292/287 277/277/272
f 278/278/273 279/279/274 294/294/289
f 294/294/289 293/293/288 278/278/273
f 279/279/274 280/280/275 295/295/290
f 295/295/290 294/294/289 279/279/274
f 280/280/275 281/281/276 296/296/291
f 296/296/291 295/295/290 280/280/275
f 281/281/276 282/282/277 297/297/292
f 297/297/292 296/296/291 281/281/276
f 282/282/277 283/283/278 298/298/293
f 298/298/293 297/297/292 282/282/277
f 283/283/278 284/284/279 299/299/294
f 299/299/294 298/298/293 283/283/278
f 284/284/279 285/285/280 300/300/295
f 300/300/295 299/299/294 284/284/279
f 287/287/282 286/286/281 301/301/296
f 301/301/296 302/302/297 287/287/282
f 286/286/281 288/288/283 303/303/298
f 303/303/298 301/301/296 286/286/281
f 288/288/283 289/289/284 304/304/299
f 304/304/299 303/303/298 288/288/283
f 289/289/284 290/290/285 305/305/300
f 305/305/300 304/304/299 289/289/284
f 290/290/285 291/291/286 306/306/301
f 306/306/301 305/305/300 290/290/285
f 291/291/286 292/292/287 307/307/302
f 307/307/302 306/306/301 291/291/286
f 292/292/287 293/293/288 308/308/303
f 308/308/303 307/307/302 292/292/287
f 293/293/288 294/294/289 309/309/304
f 309/309/304 308/308/303 293/293/288
f 294/294/289 295/295/290 310/310/305
f 310/310/305 309/309/304 294/294/289
f 295/295/290 296/296/291 311/311/306
f 311/311/306 310/310/305 295/295/290
f 296/296/291 297/297/292 312/312/307
f 312/312/307 311/311/306 296/296/291
f 297/297/292 298/298/293 313/313/308
f 313/313/308 312/312/307 297/297/292
f 298/298/293 299/299/294 314/314/309
f 314/314/309 313/313/308 298/298/293
f 299/299/294 300/300/295 315/315/310
f 315/315/310 314/314/309 299/299/294
f 302/302/297 301/301/296 316/316/311
f 316/316/311 317/317/312 302/302/297
f 301/301/296 303/303/298 318/318/313
f 318/318/313 316/316/311 301/301/296
f 303/303/298 304/304/299 319/319/314
f 319/319/314 318/318/313 303/303/298
f 304/304/299 305/305/300 320/320/315
f 320/320/315 319/319/314 304/304/299
f 305/305/300 306/306/301 321/321/316
f 321/321/316 320/320/315 305/305/300
f 306/306/301 307/307/302 322/322/317
f 322/322/317 321/321/316 306/306/301
f 307/307/302 308/308/303 323/323/318
f 323/323/318 322/322/317 307/307/302
f 308/308/303 309/309/304 324/324/319
f 324/324/319 323/323/318 308/308/303
f 309/309/304 310/310/305 325/325/320
f 325/325/320 324/324/319 309/309/304
f 310/310/305 311/311/306 326/326/321
f 326/326/321 325/325/320 310/310/305
f 311/311/306 312/312/307 327/327/322
f 327/327/322 326/326/321 311/311/306
f 312/312/307 313/313/308 328/328/323
f 328/328/323 327/327/322 312/312/307
f 313/313/308 314/314/309 329/329/324
f 329/329/324 328/328/323 313/313/308
f 314/314/309 315/315/310 330/330/325
f 330/330/325 329/329/324 314/314/309
f 317/317/312 316/316/311 331/331/326
f 331/331/326 332/332/327 317/317/312
f 316/316/311 318/318/313 333/333/328
f 333/333/328 331/331/326 316/316/311
f 318/318/313 319/319/314 334/334/329
f 334/334/329 333/333/328 318/318/313
f 319/319/314 320/320/315 335/335/330
f 335/335/330 334/334/329 319/319/314
f 320/320/315 321/321/316 336/336/331
f 336/336/331 335/335/330 320/320/315
f 321/321/316 322/322/317 337/337/332
f 337/337/332 336/336/331 321/321/316
f 322/322/317 323/323/318 338/338/333
f 338/338/333 337/337/332 322/322/317
f 323/323/318 324/324/319 339/339/334
f 339/339/334 338/338/333 323/323/318
f 324/324/319 325/325/320 340/340/335
f 340/340/335 339/339/334 324/324/319
f 325/325/320 326/326/321 341/341/336
f 341/341/336 340/340/335 325/325/320
f 326/326/321 327/327/322 342/342/337
f 342/342/337 341/341/336 326/326/321
f 327/327/322 328/328/323 343/343/338
f 343/343/338 342/342/337 327/327/322
f 328/328/323 329/329/324 344/344/339
f 344/344/339 343/343/338 328/328/323
f 329/329/324 330/330/325 345/345/340
f 345/345/340 344/344/339 329/329/324
f 332/332/327 331/331/326 346/346/341
f 346/346/341 347/347/342 332/332/327
f 331/331/326 333/333/328 348/348/343
f 348/348/343 346/346/341 331/331/326
f 333/333/328 334/334/329 349/349/344
f 349/349/344 348/348/343 333/333/328
f 334/334/329 335/335/330 350/350/345
f 350/350/345 349/349/344 334/334/329
f 335/335/330 336/336/331 351/351/346
f 351/351/346 350/350/345 335/335/330
f 336/336/331 337/337/332 352/352/347
f 352/352/347 351/351/346 336/336/331
f 337/337/332 338/338/333 353/353/348
f 353/353/348 352/352/347 337/337/332
f 338/338/333 339/339/334 354/354/349
f 354/354/349 353/353/348 338/338/333
f 339/339/334 340/340/335 355/355/350
f 355/355/350 354/354/349 339/339/334
f 340/340/335 341/341/336 356/356/351
f 356/356/351 355/355/350 340/340/335
f 341/341/336 342/342/337 357/357/352
f 357/357/352 356/356/351 341/341/336
f 342/342/337 343/343/338 358/358/353
f 358/358/353 357/357/352 342/342/337
f 343/343/338 344/344/339 359/359/354
f 359/359/354 358/358/353 343/343/338
f 344/344/339 345/345/340 360/360/342
f 360/360/342 359/359/354 344/344/339
f 347/347/342 346/346/341 361/361/355
f 361/361/355 362/362/356 347/347/342
f 346/346/341 348/348/343 363/363/357
f 363/363/357 361/361/355 346/346/341
f 348/348/343 349/349/344 364/364/358
f 364/364/358 363/363/357 348/348/343
f 349/349/344 350/350/345 365/365/359
f 365/365/359 364/364/358 349/349/344
f 350/350/345 351/351/346 366/366/360
f 366/366/360 365/365/359 350/350/345
f 351/351/346 352/352/347 367/367/361
f 367/367/361 366/366/360 351/351/346
f 352/352/347 353/353/348 368/368/362
f 368/368/362 367/367/361 352/352/347
f 353/353/348 354/354/349 369/369/363
f 369/369/363 368/368/362 353/353/348
f 354/354/349 355/355/350 370/370/364
f 370/370/364 369/369/363 354/354/349
f 355/355/350 356/356/351 371/371/365
f 371/371/365 370/370/364 355/355/350
f 356/356/351 357/357/352 372/372/366
f 372/372/366 371/371/365 356/356/351
f 357/357/352 358/358/353 373/373/367
f 373/373/367 372/372/366 357/357/352
f 358/358/353 359/359/354 374/374/368
f 374/374/368 373/373/367 358/358/353
f 359/359/354 360/360/342 375/375/369
f 375/375/369 374/374/368 359/359/354
f 362/362/356 361/361/355 376/376/370
f 376/376/370 377/377/371 362/362/356
f 361/361/355 363/363/357 378/378/372
f 378/378/372 376/376/370 361/361/355
f 363/363/357 364/364/358 379/379/373
f 379/379/373 378/378/372 363/363/357
f 364/364/358 365/365/359 380/380/374
f 380/380/374 379/379/373 364/364/358
f 365/365/359 366/366/360 381/381/375
f 381/381/375 380/380/374 365/365/359
f 366/366/360 367/367/361 382/382/376
f 382/382/376 381/381/375 366/366/360
f 367/367/361 368/368/362 383/383/377
f 383/383/377 382/382/376 367/367/361
f 368/368/362 369/369/363 384/384/378
f 384/384/378 383/383/377 368/368/362
f 369/369/363 370/370/364 385/385/379
f 385/385/379 384/384/378 369/369/363
f 370/370/364 371/371/365 386/386/380
f 386/386/380 385/385/379 370/370/364
f 371/371/365 372/372/366 387/387/381
f 387/387/381 386/386/380 371/371/365
f 372/372/366 373/373/367 388/388/382
f 388/388/382 387/387/381 372/372/366
f 373/373/367 374/374/368 389/389/383
f 389/389/383 388/388/382 373/373/367
f 374/374/368 375/375/369 390/390/384
f 390/390/384 389/389/383 374/374/368
f 377/377/371 376/376/370 391/391/385
f 391/391/385 392/392/386 377/377/371
f 376/376/370 378/378/372 393/393/387
f 393/393/387 391/391/385 376/376/370
f 378/378/372 379/379/373 394/394/388
f 394/394/388 393/393/387 378/378/372
f 379/379/373 380/380/374 395/395/389
f 395/395/389 394/394/388 379/379/373
f 380/380/374 381/381/375 396/396/390
f 396/396/390 395/395/389 380/380/374
f 381/381/375 382/382/376 397/397/391
f 397/397/391 396/396/390 381/381/375
f 382/382/376 383/383/377 398/398/392
f 398/398/392 397/397/391 382/382/376
f 383/383/377 384/384/378 399/399/393
f 399/399/393 398/398/392 383/383/377
f 384/384/378 385/385/379 400/400/394
f 400/400/394 399/399/393 384/384/378
f 385/385/379 386/386/380 401/401/395
f 401/401/395 400/400/394 385/385/379
f 386/386/380 387/387/381 402/402/396
f 402/402/396 401/401/395 386/386/380
f 387/387/381 388/388/382 403/403/397
f 403/403/397 402/402/396 387/387/381
f 388/388/382 389/389/383 404/404/398
f 404/404/398 403/403/397 388/388/382
f 389/389/383 390/390/384 405/405/399
f 405/405/399 404/404/398 389/389/383
f 392/392/386 391/391/385 406/406/400
f 406/406/400 407/407/401 392/392/386
f 391/391/385 393/393/387 408/408/402
f 408/408/402 406/406/400 391/391/385
f 393/393/387 394/394/388 409/409/403
f 409/409/403 408/408/402 393/393/387
f 394/394/388 395/395/389 410/410/404
f 410/410/404 409/409/403 394/394/388
f 395/395/389 396/396/390 411/411/405
f 411/411/405 410/410/404 395/395/389
f 396/396/390 397/397/391 412/412/406
f 412/412/406 411/411/405 396/396/390
f 397/397/391 398/398/392 413/413/407
f 413/413/407 412/412/406 397/397/391
f 398/398/392 399/399/393 414/414/408
f 414/414/408 413/413/407 398/398/392
f 399/399/393 400/400/394 415/415/409
f 415/415/409 414/414/408 399/399/393
f 400/400/394 401/401/395 416/416/410
f 416/416/410 415/415/409 400/400/394
f 401/401/395 402/402/396 417/417/411
f 417/417/411 416/416/410 401/401/395
f 402/402/396 403/403/397 418/418/412
f 418/418/412 417/417/411 402/402/396
f 403/403/397 404/404/398 419/419/413
f 419/419/413 418/418/412 403/403/397
f 404/404/398 405/405/399 420/420/414
f 420/420/414 419/419/413 404/404/398
f 407/407/401 406/406/400 421/421/415
f 421/421/415 422/422/416 407/407/401
f 406/406/400 408/408/402 423/423/417
f 423/423/417 421/421/415 406/406/400
f 408/408/402 409/409/403 424/424/418
f 424/424/418 423/423/417 408/408/402
f 409/409/403 410/410/404 425/425/419
f 425/425/419 424/424/418 409/409/403
f 410/410/404 411/411/405 426/426/420
f 426/426/420 425/425/419 410/410/404
f 411/411/405 412/412/406 427/427/421
f 427/427/421 426/426/420 411/411/405
f 412/412/406 413/413/407 428/428/422
f 428/428/422 427/427/421 412/412/406
f 413/413/407 414/414/408 429/429/423
f 429/429/423 428/428/422 413/413/407
f 414/414/408 415/415/409 430/430/424
f 430/430/424 429/429/423 414/414/408
f 415/415/409 416/416/410 431/431/425
f 431/431/425 430/430/424 415/415/409
f 416/416/410 417/417/411 432/432/426
f 432/432/426 431/431/425 416/416/410
f 417/417/411 418/418/412 433/433/427
f 433/433/427 432/432/426 417/417/411
f 418/418/412 419/419/413 434/434/428
f 434/434/428 433/433/427 418/418/412
f 419/419/413 420/420/414 435/435/416
f 435/435/416 434/434/428 419/419/413
f 422/422/416 421/421/415 436/436/429
f 436/436/429 437/437/430 422/422/416
f 421/421/415 423/423/417 438/438/431
f 438/438/431 436/436/429 421/421/415
f 423/423/417 424/424/418 439/439/432
f 439/439/432 438/438/431 423/423/417
f 424/424/418 425/425/419 440/440/433
f 440/440/433 439/439/432 424/424/418
f 425/425/419 426/426/420 441/441/434
f 441/441/434 440/440/433 425/425/419
f 426/426/420 427/427/421 442/442/435
f 442/442/435 441/441/434 426/426/420
f 427/427/421 428/428/422 443/443/436
f 443/443/436 442/442/435 427/427/421
f 428/428/422 429/429/423 444/444/437
f 444/444/437 443/443/436 428/428/422
f 429/429/423 430/430/424 445/445/438
f 445/445/438 444/444/437 429/429/423
f 430/430/424 431/431/425 446/446/439
f 446/446/439 445/445/438 430/430/424
f 431/431/425 432/432/426 447/447/440
f 447/447/440 446/446/439 431/431/425
f 432/432/426 433/433/427 448/448/441
f 448/448/441 447/447/440 432/432/426
f 433/433/427 434/434/428 449/449/442
f 449/449/442 448/448/441 433/433/427
f 434/434/428 435/435/416 450/450/443
f 450/450/443 449/449/442 434/434/428
f 437/437/430 436/436/429 451/451/444
f 451/451/444 452/452/445 437/437/430
f 436/436/429 438/438/431 453/453/446
f 453/453/446 451/451/444 436/436/429
f 438/438/431 439/439/432 454/454/447
f 454/454/447 453/453/446 438/438/431
f 439/439/432 440/440/433 455/455/448
f 455/455/448 454/454/447 439/439/432
f 440/440/433 441/441/434 456/456/449
f 456/456/449 455/455/448 440/440/433
f 441/441/434 442/442/435 457/457/450
f 457/457/450 456/456/449 441/441/434
f 442/442/435 443/443/436 458/458/451
f 458/458/451 457/457/450 442/442/435
f 443/443/436 444/444/437 459/459/452
f 459/459/452 458/458/451 443/443/436
f 444/444/437 445/445/438 460/460/453
f 460/460/453 459/459/452 444/444/437
f 445/445/438 446/446/439 461/461/454
f 461/461/454 460/460/453 445/445/438
f 446/446/439 447/447/440 462/462/455
f 462/462/455 461/461/454 446/446/439
f 447/447/440 448/448/441 463/463/456
f 463/463/456 462/462/455 447/447/440
f 448/448/441 449/449/442 464/464/457
f 464/464/457 463/463/456 448/448/441
f 449/449/442 450/450/443 465/465/458
f 465/465/458 464/464/457 449/449/442
f 452/452/445 451/451/444 466/466/459
f 466/466/459 467/467/460 452/452/445
f 451/451/444 453/453/446 468/468/461
f 468/468/461 466/466/459 451/451/444
f 453/453/446 454/454/447 469/469/462
f 469/469/462 468/468/461 453/453/446
f 454/454/447 455/455/448 470/470/463
f 470/470/463 469/469/462 454/454/447
f 455/455/448 456/456/449 471/471/464
f 471/471/464 470/470/463 455/455/448
f 456/456/449 457/457/450 472/472/465
f 472/472/465 471/471/464 456/456/449
f 457/457/450 458/458/451 473/473/466
f 473/473/466 472/472/465 457/457/450
f 458/458/451 459/459/452 474/474/467
f 474/474/467 473/473/466 458/458/451
f 459/459/452 460/460/453 475/475/468
f 475/475/468 474/474/467 459/459/452
f 460/460/453 461/461/454 476/476/469
f 476/476/469 475/475/468 460/460/453
f 461/461/454 462/462/455 477/477/470
f 477/477/470 476/476/469 461/461/454
f 462/462/455 463/463/456 478/478/471
f 478/478/471 477/477/470 462/462/455
f 463/463/456 464/464/457 479/479/472
f 479/479/472 478/478/471 463/463/456
f 464/464/457 465/465/458 480/480/473
f 480/480/473 479/479/472 464/464/457
f 467/467/460 466/466/459 481/481/474
f 481/481/474 482/482/475 467/467/460
f 466/466/459 468/468/461 483/483/476
f 483/483/476 481/481/474 466/466/459
f 468/468/461 469/469/462 484/484/477
f 484/484/477 483/483/476 468/468/461
f 469/469/462 470/470/463 485/485/478
f 485/485/478 484/484/477 469/469/462
f 470/470/463 471/471/464 486/486/479
f 486/486/479 485/485/478 470/470/463
f 471/471/464 472/472/465 487/487/480
f 487/487/480 486/486/479 471/471/464
f 472/472/465 473/473/466 488/488/481
f 488/488/481 487/487/480 472/472/465
f 473/473/466 474/474/467 489/489/482
f 489/489/482 488/488/481 473/473/466
f 474/474/467 475/475/468 490/490/483
f 490/490/483 489/489/482 474/474/467
f 475/475/468 476/476/469 491/491/484
f 491/491/484 490/490/483 475/475/468
f 476/476/469 477/477/470 492/492/485
f 492/492/485 491/491/484 476/476/469
f 477/477/470 478/478/471 493/493/486
f 493/493/486 492/492/485 477/477/470
f 478/478/471 479/479/472 494/494/487
f 494/494/487 493/493/486 478/478/471
f 479/479/472 480/480/473 495/495/488
f 495/495/488 494/494/487 479/479/472
f 482/482/475 481/481/474 496/496/489
f 496/496/489 497/497/490 482/482/475
f 481/481/474 483/483/476 498/498/491
f 498/498/491 496/496/489 481/481/474
f 483/483/476 484/484/477 499/499/492
f 499/499/492 498/498/491 483/483/476
f 484/484/477 485/485/478 500/500/493
f 500/500/493 499/499/492 484/484/477
f 485/485/478 486/486/479 501/501/494
f 501/501/494 500/500/493 485/485/478
f 486/486/479 487/487/480 502/502/495
f 502/502/495 501/501/494 486/486/479
f 487/487/480 488/488/481 503/503/496
f 503/503/496 502/502/495 487/487/480
f 488/488/481 489/489/482 504/504/497
f 504/504/497 503/503/496 488/488/481
f 489/489/482 490/490/483 505/505/498
f 505/505/498 504/504/497 489/489/482
f 490/490/483 491/491/484 506/506/499
f 506/506/499 505/505/498 490/490/483
f 491/491/484 492/492/485 507/507/500
f 507/507/500 506/506/499 491/491/484
f 492/492/485 493/493/486 508/508/501
f 508/508/501 507/507/500 492/492/485
f 493/493/486 494/494/487 509/509/502
f 509/509/502 508/508/501 493/493/486
f 494/494/487 495/495/488 510/510/503
f 510/510/503 509/509/502 494/494/487
f 497/497/490 496/496/489 511/511/504
f 511/511/504 512/512/505 497/497/490
f 496/496/489 498/498/491 513/513/506
f 513/513/506 511/511/504 496/496/489
f 498/498/491 499/499/492 514/514/507
f 514/514/507 513/513/506 498/498/491
f 499/499/492 500/500/493 515/515/508
f 515/515/508 514/514/507 499/499/492
f 500/500/493 501/501/494 516/516/509
f 516/516/509 515/515/508 500/500/493
f 501/501/494 502/502/495 517/517/510
f 517/517/510 516/516/509 501/501/494
f 502/502/495 503/503/496 518/518/511
f 518/518/511 517/517/510 502/502/495
f 503/503/496 504/504/497 519/519/512
f 519/519/512 518/518/511 503/503/496
f 504/504/497 505/505/498 520/520/513
f 520/520/513 519/519/512 504/504/497
f 505/505/498 506/506/499 521/521/514
f 521/521/514 520/520/513 505/505/498
f 506/506/499 507/507/500 522/522/515
f 522/522/515 521/521/514 506/506/499
f 507/507/500 508/508/501 523/523/516
f 523/523/516 522/522/515 507/507/500
f 508/508/501 509/509/502 524/524/517
f 524/524/517 523/523/516 508/508/501
f 509/509/502 510/510/503 525/525/518
f 525/525/518 524/524/517 509/509/502
f 512/512/505 511/511/504 526/526/519
f 526/526/519 527/527/520 512/512/505
f 511/511/504 513/513/506 528/528/521
f 528/528/521 526/526/519 511/511/504
f 513/513/506 514/514/507 529/529/522
f 529/529/522 528/528/521 513/513/506
f 514/514/507 515/515/508 530/530/523
f 530/530/523 529/529/522 514/514/507
f 515/515/508 516/516/509 531/531/524
f 531/531/524 530/530/523 515/515/508
f 516/516/509 517/517/510 532/532/525
f 532/532/525 531/531/524 516/516/509
f 517/517/510 518/518/511 533/533/526
f 533/533/526 532/532/525 517/517/510
f 518/518/511 519/519/512 534/534/527
f 534/534/527 533/533/526 518/518/511
f 519/519/512 520/520/513 535/535/528
f 535/535/528 534/534/527 519/519/512
f 520/520/513 521/521/514 536/536/529
f 536/536/529 535/535/528 520/520/513
f 521/521/514 522/522/515 537/537/530
f 537/537/530 536/536/529 521/521/514
f 522/522/515 523/523/516 538/538/531
f 538/538/531 537/537/530 522/522/515
f 523/523/516 524/524/517 539/539/532
f 539/539/532 538/538/531 523/523/516
f 524/524/517 525/525/518 540/540/520
f 540/540/520 539/539/532 524/524/517
f 527/527/520 526/526/519 541/541/533
f 541/541/533 542/542/534 527/527/520
f 526/526/519 528/528/521 543/543/535
f 543/543/535 541/541/533 526/526/519
f 528/528/521 529/529/522 544/544/536
f 544/544/536 543/543/535 528/528/521
f 529/529/522 530/530/523 545/545/537
f 545/545/537 544/544/536 529/529/522
f 530/530/523 531/531/524 546/546/538
f 546/546/538 545/545/537 530/530/523
f 531/531/524 532/532/525 547/547/539
f 547/547/539 546/546/538 531/531/524
f 532/532/525 533/533/526 548/548/540
f 548/548/540 547/547/539 532/532/525
f 533/533/526 534/534/527 549/549/541
f 549/549/541 548/548/540 533/533/526
f 534/534/527 535/535/528 550/550/542
f 550/550/542 549/549/541 534/534/527
f 535/535/528 536/536/529 551/551/543
f 551/551/543 550/550/542 535/535/528
f 536/536/529 537/537/530 552/552/544
f 552/552/544 551/551/543 536/536/529
f 537/537/530 538/538/531 553/553/545
f 553/553/545 552/552/544 537/537/530
f 538/538/531 539/539/532 554/554/546
f 554/554/546 553/553/545 538/538/531
f 539/539/532 540/540/520 555/555/547
f 555/555/547 554/554/546 539/539/532
f 559/556/548 556/557/549 557/558/550
f 557/558/550 558/559/551 559/556/548
f 561/560/552 559/556/548 558/559/551
f 558/559/551 560/561/553 561/560/552
f 563/562/554 561/560/552 560/561/553
f 560/561/553 562/563/555 563/562/554
f 565/564/556 563/562/554 562/563/555
f 562/563/555 564/565/557 565/564/556
f 569/566/558 566/567/556 567/568/559
f 567/568/559 568/569/560 569/566/558
f 571/570/561 569/566/558 568/569/560
f 568/569/560 570/571/562 571/570/561
f 573/572/563 571/570/561 570/571/562
f 570/571/562 572/573/564 573/572/563
f 575/574/565 573/572/563 572/573/564
f 572/573/564 574/575/566 575/574/565
f 577/576/567 575/574/565 574/575/566
f 574/575/566 576/577/568 577/576/567
f 579/578/569 577/576/567 576/577/568
f 576/577/568 578/579/570 579/578/569
f 581/580/571 579/578/569 578/579/570
f 578/579/570 580/581/572 581/580/571
f 583/582/573 581/580/571 580/581/572
f 580/581/572 582/583/574 583/582/573
f 585/584/575 583/582/573 582/583/574
f 582/583/574 584/585/576 585/584/575
f 587/586/577 585/584/575 584/585/576
f 584/585/576 586/587/578 587/586/577
f 589/588/579 587/586/577 586/587/578
f 586/587/578 588/589/580 589/588/579
f 591/590/581 589/588/579 588/589/580
f 588/589/580 590/591/582 591/590/581
f 593/592/583 591/590/581 590/591/582
f 590/591/582 592/593/584 593/592/583
f 595/594/585 593/592/583 592/593/584
f 592/593/584 594/595/586 595/594/585
f 597/596/587 595/594/585 594/595/586
f 594/595/586 596/597/588 597/596/587
f 599/598/589 597/596/587 596/597/588
f 596/597/588 598/599/590 599/598/589
f 603/600/591 600/601/589 601/602/592
f 601/602/592 602/603/593 603/600/591
f 605/604/594 603/600/591 602/603/593
f 602/603/593 604/605/595 605/604/594
f 607/606/596 605/604/594 604/605/595
f 604/605/595 606/607/597 607/606/596
f 609/608/598 607/606/596 606/607/597
f 606/607/597 608/609/599 609/608/598
f 611/610/600 609/608/598 608/609/599
f 608/609/599 610/611/601 611/610/600
f 613/612/602 611/610/600 610/611/601
f 610/611/601 612/613/603 613/612/602
f 615/614/604 613/612/602 612/613/603
f 612/613/603 614/615/605 615/614/604
f 617/616/606 615/614/604 614/615/605
f 614/615/605 616/617/607 617/616/606
f 619/618/608 617/616/606 616/617/607
f 616/617/607 618/619/609 619/618/608
f 621/620/610 619/618/608 618/619/609
f 618/619/609 620/621/611 621/620/610
f 623/622/612 621/620/610 620/621/611
f 620/621/611 622/623/613 623/622/612
f 556/557/549 623/622/612 622/623/613
f 622/623/613 557/558/550 556/557/549
f 627/624/614 624/625/615 625/626/616
f 625/626/616 626/627/617 627/624/614
f 631/628/618 628/629/619 629/630/620
f 629/630/620 630/631/621 631/628/618
f 635/632/622 632/633/623 633/634/624
f 633/634/624 634/635/625 635/632/622
f 639/636/626 636/637/627 637/638/628
f 637/638/628 638/639/629 639/636/626
f 643/640/630 640/641/631 641/642/632
f 641/642/632 642/643/633 643/640/630
f 647/644/634 644/645/635 645/646/636
f 645/646/636 646/647/637 647/644/634
f 649/648/638 648/649/639 644/645/635
f 644/645/635 647/644/634 649/648/638
f 653/650/640 650/651/641 651/652/642
f 651/652/642 652/653/643 653/650/640
f 626/627/617 625/626/616 654/654/644
f 654/654/644 655/655/645 626/627/617
f 630/631/621 629/630/620 656/656/646
f 656/656/646 657/657/647 630/631/621
f 634/635/625 633/634/624 658/658/648
f 658/658/648 659/659/649 634/635/625
f 638/639/629 637/638/628 660/660/650
f 660/660/650 661/661/651 638/639/629
f 642/643/633 641/642/632 662/662/652
f 662/662/652 663/663/653 642/643/633
f 646/647/637 645/646/636 664/664/654
f 664/664/654 665/665/655 646/647/637
f 652/653/643 651/652/642 666/666/656
f 666/666/656 667/667/657 652/653/643
f 655/655/645 654/654/644 668/668/658
f 668/668/658 669/669/659 655/655/645
f 657/657/647 656/656/646 670/670/660
f 670/670/660 671/671/661 657/657/647
f 659/659/649 658/658/648 672/672/662
f 672/672/662 673/673/663 659/659/649
f 661/661/651 660/660/650 674/674/664
f 674/674/664 675/675/665 661/661/651
f 663/663/653 662/662/652 676/676/666
f 676/676/666 677/677/667 663/663/653
f 665/665/655 664/664/654 678/678/668
f 678/678/668 679/679/669 665/665/655
f 667/667/657 666/666/656 680/680/670
f 680/680/670 681/681/671 667/667/657
f 685/682/659 682/683/672 683/684/673
f 683/684/673 684/685/674 685/682/659
f 671/671/661 670/670/660 686/686/675
f 686/686/675 687/687/676 671/671/661
f 673/673/663 672/672/662 688/688/677
f 688/688/677 689/689/678 673/673/663
f 675/675/665 674/674/664 624/625/615
f 624/625/615 627/624/614 675/675/665
f 677/677/667 676/676/666 628/629/619
f 628/629/619 631/628/618 677/677/667
f 679/679/669 678/678/668 690/690/679
f 690/690/679 691/691/622 679/679/669
f 681/681/671 680/680/670 636/637/627
f 636/637/627 639/636/626 681/681/671
f 684/685/674 683/684/673 640/641/631
f 640/641/631 643/640/630 684/685/674
f 687/687/676 686/686/675 648/649/639
f 648/649/639 649/648/638 687/687/676
f 689/689/678 688/688/677 650/651/641
f 650/651/641 653/650/640 689/689/678
f 695/692/680 692/693/680 693/694/681
f 693/694/681 694/695/681 695/692/680
f 699/696/682 696/697/682 697/698/683
f 697/698/683 698/699/683 699/696/682
f 694/695/681 693/694/681 700/700/684
f 700/700/684 701/701/684 694/695/681
f 698/699/683 697/698/683 702/702/685
f 702/702/685 703/703/685 698/699/683
f 701/701/684 700/700/684 704/704/686
f 704/704/686 705/705/686 701/701/684
f 703/703/685 702/702/685 706/706/687
f 706/706/687 707/707/687 703/703/685
f 705/705/686 704/704/686 708/708/688
f 708/708/688 709/709/688 705/705/686
f 707/707/687 706/706/687 710/710/689
f 710/710/689 711/711/689 707/707/687
f 715/712/690 712/713/690 713/714/691
f 713/714/691 714/715/691 715/712/690
f 709/709/688 708/708/688 716/716/692
f 716/716/692 717/717/692 709/709/688
f 711/711/689 710/710/689 718/718/693
f 718/718/693 719/719/693 711/711/689
f 714/715/691 713/714/691 720/720/694
f 720/720/694 721/721/694 714/715/691
f 717/717/692 716/716/692 722/722/695
f 722/722/695 723/723/695 717/717/692
f 719/719/693 718/718/693 724/724/696
f 724/724/696 725/725/696 719/719/693
f 721/721/694 720/720/694 726/726/697
f 726/726/697 727/727/697 721/721/694
f 723/723/695 722/722/695 728/728/698
f 728/728/698 729/729/698 723/723/695
f 725/725/696 724/724/696 730/730/699
f 730/730/699 731/731/699 725/725/696
f 727/727/697 726/726/697 732/732/700
f 732/732/700 733/733/700 727/727/697
f 729/729/698 728/728/698 734/734/701
f 734/734/701 735/735/701 729/729/698
f 731/731/699 730/730/699 736/736/702
f 736/736/702 737/737/702 731/731/699
f 733/733/700 732/732/700 738/738/703
f 738/738/703 739/739/703 733/733/700
f 735/735/701 734/734/701 712/713/690
f 712/713/690 715/712/690 735/735/701
f 737/737/702 736/736/702 740/740/704
f 740/740/704 741/741/704 737/737/702
f 739/739/703 738/738/703 742/742/705
f 742/742/705 743/743/705 739/739/703
f 741/741/704 740/740/704 744/744/706
f 744/744/706 745/745/706 741/741/704
f 743/743/705 742/742/705 746/746/707
f 746/746/707 747/747/707 743/743/705
f 745/745/706 744/744/706 748/748/708
f 748/748/708 749/749/708 745/745/706
f 747/747/707 746/746/707 750/750/709
f 750/750/709 751/751/709 747/747/707
f 749/749/708 748/748/708 752/752/710
f 752/752/710 753/753/710 749/749/708
f 751/751/709 750/750/709 754/754/711
f 754/754/711 755/755/711 751/751/709
f 753/753/710 752/752/710 692/693/680
f 692/693/680 695/692/680 753/753/710
f 755/755/711 754/754/711 696/697/682
f 696/697/682 699/696/682 755/755/711
f 759/756/712 756/705/713 757/709/714
f 757/709/714 758/757/715 759/756/712
f 763/758/716 760/707/717 761/711/718
f 761/711/718 762/759/719 763/758/716
f 767/760/720 764/712/721 765/715/722
f 765/715/722 766/761/723 767/760/720
f 758/757/715 757/709/714 768/717/724
f 768/717/724 769/762/725 758/757/715
f 762/759/719 761/711/718 770/719/726
f 770/719/726 771/763/727 762/759/719
f 766/761/723 765/715/722 772/721/728
f 772/721/728 773/764/729 766/761/723
f 769/762/725 768/717/724 774/723/730
f 774/723/730 775/765/731 769/762/725
f 771/763/727 770/719/726 776/725/732
f 776/725/732 777/766/733 771/763/727
f 773/764/729 772/721/728 778/727/734
f 778/727/734 779/767/735 773/764/729
f 775/765/731 774/723/730 780/729/736
f 780/729/736 781/768/737 775/765/731
f 777/766/733 776/725/732 782/731/738
f 782/731/738 783/769/739 777/766/733
f 779/767/735 778/727/734 784/733/740
f 784/733/740 785/770/741 779/767/735
f 781/768/737 780/729/736 786/735/742
f 786/735/742 787/771/743 781/768/737
f 783/769/739 782/731/738 788/737/744
f 788/737/744 789/772/745 783/769/739
f 785/770/741 784/733/740 790/739/746
f 790/739/746 791/773/747 785/770/741
f 787/771/743 786/735/742 764/712/721
f 764/712/721 767/760/720 787/771/743
f 789/772/745 788/737/744 792/741/748
f 792/741/748 793/774/749 789/772/745
f 791/773/747 790/739/746 794/743/750
f 794/743/750 795/775/751 791/773/747
f 793/774/749 792/741/748 796/745/752
f 796/745/752 797/776/753 793/774/749
f 795/775/751 794/743/750 798/747/754
f 798/747/754 799/777/755 795/775/751
f 797/776/753 796/745/752 800/749/756
f 800/749/756 801/778/757 797/776/753
f 799/777/755 798/747/754 802/751/758
f 802/751/758 803/779/759 799/777/755
f 801/778/757 800/749/756 804/753/760
f 804/753/760 805/780/761 801/778/757
f 803/779/759 802/751/758 806/755/762
f 806/755/762 807/781/763 803/779/759
f 805/780/761 804/753/760 808/692/764
f 808/692/764 809/782/765 805/780/761
f 807/781/763 806/755/762 810/696/766
f 810/696/766 811/783/767 807/781/763
f 809/782/765 808/692/764 812/695/768
f 812/695/768 813/784/769 809/782/765
f 811/783/767 810/696/766 814/699/770
f 814/699/770 815/785/771 811/783/767
f 813/784/769 812/695/768 816/701/772
f 816/701/772 817/786/773 813/784/769
f 815/785/771 814/699/770 818/703/774
f 818/703/774 819/787/775 815/785/771
f 817/786/773 816/701/772 756/705/713
f 756/705/713 759/756/712 817/786/773
f 819/787/775 818/703/774 760/707/717
f 760/707/717 763/758/716 819/787/775
f 823/788/776 820/789/777 821/790/778
f 821/790/778 822/791/779 823/788/776
f 827/792/780 824/793/733 825/794/739
f 825/794/739 826/795/781 827/792/780
f 831/796/782 828/797/783 829/798/741
f 829/798/741 830/799/784 831/796/782
f 822/791/779 821/790/778 832/800/743
f 832/800/743 833/801/785 822/791/779
f 826/795/781 825/794/739 834/802/745
f 834/802/745 835/803/786 826/795/781
f 830/799/784 836/804/741 837/805/787
f 837/805/787 838/806/788 830/799/784
f 833/801/785 832/800/743 839/807/720
f 839/807/720 840/808/789 833/801/785
f 835/803/786 834/802/745 841/809/790
f 841/809/790 842/810/791 835/803/786
f 838/806/788 837/805/787 843/811/792
f 843/811/792 844/812/793 838/806/788
f 842/810/791 841/809/790 845/813/753
f 845/813/753 846/814/794 842/810/791
f 844/812/793 843/811/792 847/815/755
f 847/815/755 848/816/795 844/812/793
f 846/814/794 849/817/753 850/818/796
f 850/818/796 851/819/797 846/814/794
f 848/816/795 847/815/755 852/820/759
f 852/820/759 853/821/798 848/816/795
f 851/819/797 850/818/796 854/822/799
f 854/822/799 855/823/800 851/819/797
f 853/821/798 852/820/759 856/824/763
f 856/824/763 857/825/801 853/821/798
f 855/823/800 854/822/799 858/826/802
f 858/826/802 859/827/803 855/823/800
f 857/825/801 856/824/763 860/828/767
f 860/828/767 861/829/804 857/825/801
f 859/827/803 858/826/802 862/830/769
f 862/830/769 863/831/805 859/827/803
f 861/829/804 860/828/767 864/832/806
f 864/832/806 865/833/807 861/829/804
f 863/831/805 862/830/769 866/834/773
f 866/834/773 867/835/808 863/831/805
f 865/833/807 864/832/806 868/836/775
f 868/836/775 869/837/809 865/833/807
f 867/835/808 866/834/773 870/838/712
f 870/838/712 871/839/810 867/835/808
f 869/837/809 868/836/775 872/840/811
f 872/840/811 873/841/812 869/837/809
f 871/839/810 870/838/712 874/842/813
f 874/842/813 875/843/814 871/839/810
f 873/841/812 872/840/811 876/844/815
f 876/844/815 877/845/816 873/841/812
f 840/808/789 839/807/720 878/846/723
f 878/846/723 879/847/817 840/808/789
f 875/843/814 874/842/813 880/848/725
f 880/848/725 881/849/818 875/843/814
f 877/845/816 876/844/815 882/850/727
f 882/850/727 883/851/819 877/845/816
f 879/847/817 878/846/723 884/852/729
f 884/852/729 885/853/820 879/847/817
f 881/849/818 880/848/725 820/789/777
f 820/789/777 823/788/776 881/849/818
f 883/851/819 882/850/727 824/793/733
f 824/793/733 827/792/780 883/851/819
f 885/853/820 884/852/729 828/797/783
f 828/797/783 831/796/782 885/853/820
f 887/854/821 865/833/807 869/837/809
f 869/837/809 886/855/822 887/854/821
f 889/856/823 859/827/803 863/831/805
f 863/831/805 888/857/824 889/856/823
f 891/858/825 867/835/808 871/839/810
f 871/839/810 890/859/826 891/858/825
f 892/860/827 861/829/804 865/833/807
f 865/833/807 887/854/821 892/860/827
f 893/861/828 855/823/800 859/827/803
f 859/827/803 889/856/823 893/861/828
f 895/862/829 853/821/798 857/825/801
f 857/825/801 894/863/830 895/862/829
f 896/864/831 851/819/797 855/823/800
f 855/823/800 893/861/828 896/864/831
f 897/865/832 848/816/795 853/821/798
f 853/821/798 895/862/829 897/865/832
f 898/866/833 846/814/794 851/819/797
f 851/819/797 896/864/831 898/866/833
f 899/867/834 844/812/793 848/816/795
f 848/816/795 897/865/832 899/867/834
f 900/868/835 842/810/791 846/814/794
f 846/814/794 898/866/833 900/868/835
f 901/869/836 838/806/788 844/812/793
f 844/812/793 899/867/834 901/869/836
f 902/870/837 835/803/786 842/810/791
f 842/810/791 900/868/835 902/870/837
f 904/871/838 833/801/785 840/808/789
f 840/808/789 903/872/839 904/871/838
f 905/873/840 830/799/784 838/806/788
f 838/806/788 901/869/836 905/873/840
f 906/874/841 826/795/781 835/803/786
f 835/803/786 902/870/837 906/874/841
f 886/855/822 869/837/809 873/841/812
f 873/841/812 907/875/842 886/855/822
f 908/876/843 822/791/779 833/801/785
f 833/801/785 904/871/838 908/876/843
f 909/877/844 831/796/782 830/799/784
f 830/799/784 905/873/840 909/877/844
f 910/878/845 827/792/780 826/795/781
f 826/795/781 906/874/841 910/878/845
f 911/879/846 823/788/776 822/791/779
f 822/791/779 908/876/843 911/879/846
f 912/880/847 885/853/820 831/796/782
f 831/796/782 909/877/844 912/880/847
f 913/881/848 883/851/819 827/792/780
f 827/792/780 910/878/845 913/881/848
f 914/882/849 881/849/818 823/788/776
f 823/788/776 911/879/846 914/882/849
f 915/883/850 879/847/817 885/853/820
f 885/853/820 912/880/847 915/883/850
f 916/884/851 877/845/816 883/851/819
f 883/851/819 913/881/848 916/884/851
f 917/885/852 875/843/814 881/849/818
f 881/849/818 914/882/849 917/885/852
f 903/872/839 840/808/789 879/847/817
f 879/847/817 915/883/850 903/872/839
f 907/875/842 873/841/812 877/845/816
f 877/845/816 916/884/851 907/875/842
f 890/859/826 871/839/810 875/843/814
f 875/843/814 917/885/852 890/859/826
f 888/857/824 863/831/805 867/835/808
f 867/835/808 891/858/825 888/857/824
f 894/863/830 857/825/801 861/829/804
f 861/829/804 892/860/827 894/863/830
f 921/886/853 918/887/854 919/888/855
f 919/888/855 920/889/856 921/886/853
f 925/890/857 922/891/858 923/892/859
f 923/892/859 924/893/860 925/890/857
f 929/894/861 926/895/862 927/896/863
f 927/896/863 928/897/864 929/894/861
f 933/898/865 930/899/866 931/900/867
f 931/900/867 932/901/868 933/898/865
f 937/902/869 934/903/870 935/904/871
f 935/904/871 936/905/872 937/902/869
f 941/906/873 938/907/874 939/908/875
f 939/908/875 940/909/876 941/906/873
f 945/910/877 942/911/878 943/912/879
f 943/912/879 944/913/880 945/910/877
f 947/914/881 946/915/882 918/887/854
f 918/887/854 921/886/853 947/914/881
f 949/916/883 948/917/884 922/891/858
f 922/891/858 925/890/857 949/916/883
f 951/918/885 950/919/886 926/895/862
f 926/895/862 929/894/861 951/918/885
f 955/920/887 952/921/888 953/922/889
f 953/922/889 954/923/865 955/920/887
f 957/924/890 956/925/891 934/903/870
f 934/903/870 937/902/869 957/924/890
f 959/926/892 958/927/893 938/907/874
f 938/907/874 941/906/873 959/926/892
f 963/928/894 960/929/895 961/930/896
f 961/930/896 962/931/897 963/928/894
f 962/931/897 961/930/896 942/911/878
f 942/911/878 945/910/877 962/931/897
f 965/932/898 964/933/899 946/915/882
f 946/915/882 947/914/881 965/932/898
f 967/934/900 966/935/901 948/917/884
f 948/917/884 949/916/883 967/934/900
f 969/936/902 968/937/903 950/919/886
f 950/919/886 951/918/885 969/936/902
f 971/938/904 970/939/905 952/921/888
f 952/921/888 955/920/887 971/938/904
f 973/940/906 972/941/907 956/925/891
f 956/925/891 957/924/890 973/940/906
f 975/942/908 974/943/909 958/927/893
f 958/927/893 959/926/892 975/942/908
f 977/944/910 976/945/911 960/929/895
f 960/929/895 963/928/894 977/944/910
f 979/946/912 978/947/913 964/933/899
f 964/933/899 965/932/898 979/946/912
f 981/948/914 980/949/915 966/935/901
f 966/935/901 967/934/900 981/948/914
f 983/950/916 982/951/917 968/937/903
f 968/937/903 969/936/902 983/950/916
f 920/889/856 919/888/855 970/939/905
f 970/939/905 971/938/904 920/889/856
f 924/893/860 923/892/859 972/941/907
f 972/941/907 973/940/906 924/893/860
f 928/897/864 927/896/863 974/943/909
f 974/943/909 975/942/908 928/897/864
f 932/901/868 931/900/867 976/945/911
f 976/945/911 977/944/910 932/901/868
f 936/905/872 935/904/871 978/947/913
f 978/947/913 979/946/912 936/905/872
f 940/909/876 939/908/875 984/952/918
f 984/952/918 985/953/914 940/909/876
f 944/913/880 943/912/879 982/951/917
f 982/951/917 983/950/916 944/913/880
f 989/954/919 986/955/920 987/956/921
f 987/956/921 988/957/922 989/954/919
f 993/958/923 990/959/924 991/960/925
f 991/960/925 992/961/926 993/958/923
f 997/962/927 994/963/928 995/964/929
f 995/964/929 996/965/930 997/962/927
f 999/966/931 998/967/932 986/955/920
f 986/955/920 989/954/919 999/966/931
f 1001/968/933 1000/969/934 990/959/924
f 990/959/924 993/958/923 1001/968/933
f 1003/970/935 1002/971/936 994/963/928
f 994/963/928 997/962/927 1003/970/935
f 1005/972/937 1004/973/938 998/967/932
f 998/967/932 999/966/931 1005/972/937
f 1007/974/939 1006/975/940 1000/969/934
f 1000/969/934 1001/968/933 1007/974/939
f 1009/976/941 1008/977/942 1002/971/936
f 1002/971/936 1003/970/935 1009/976/941
f 1011/978/943 1010/979/944 1004/973/938
f 1004/973/938 1005/972/937 1011/978/943
f 1013/980/945 1012/981/946 1006/975/940
f 1006/975/940 1007/974/939 1013/980/945
f 1015/982/947 1014/983/948 1008/977/942
f 1008/977/942 1009/976/941 1015/982/947
f 1019/984/949 1016/985/950 1017/986/951
f 1017/986/951 1018/987/952 1019/984/949
f 988/957/922 987/956/921 1012/981/946
f 1012/981/946 1013/980/945 988/957/922
f 1021/988/953 1020/989/954 1014/983/948
f 1014/983/948 1015/982/947 1021/988/953
f 1023/990/955 1022/991/956 1016/985/950
f 1016/985/950 1019/984/949 1023/990/955
f 1025/992/957 1024/993/958 1020/989/954
f 1020/989/954 1021/988/953 1025/992/957
f 1027/994/959 1026/995/960 1022/991/956
f 1022/991/956 1023/990/955 1027/994/959
f 1031/996/961 1028/997/962 1029/998/958
f 1029/998/958 1030/999/963 1031/996/961
f 1033/1000/964 1032/1001/965 1026/995/960
f 1026/995/960 1027/994/959 1033/1000/964
f 1035/1002/966 1034/1003/967 1028/997/962
f 1028/997/962 1031/996/961 1035/1002/966
f 1037/1004/968 1036/1005/969 1032/1001/965
f 1032/1001/965 1033/1000/964 1037/1004/968
f 1039/1006/970 1038/1007/971 1034/1003/967
f 1034/1003/967 1035/1002/966 1039/1006/970
f 1041/1008/972 1040/1009/973 1036/1005/969
f 1036/1005/969 1037/1004/968 1041/1008/972
f 1043/1010/974 1042/1011/975 1038/1007/971
f 1038/1007/971 1039/1006/970 1043/1010/974
f 1045/1012/976 1044/1013/977 1040/1009/973
f 1040/1009/973 1041/1008/972 1045/1012/976
f 1047/1014/978 1046/1015/979 1042/1011/975
f 1042/1011/975 1043/1010/974 1047/1014/978
f 1049/1016/980 1048/1017/981 1044/1013/977
f 1044/1013/977 1045/1012/976 1049/1016/980
f 1051/1018/982 1050/1019/983 1046/1015/979
f 1046/1015/979 1047/1014/978 1051/1018/982
f 1053/1020/984 1052/1021/985 1048/1017/981
f 1048/1017/981 1049/1016/980 1053/1020/984
f 992/961/926 991/960/925 1050/1019/983
f 1050/1019/983 1051/1018/982 992/961/926
f 996/965/930 995/964/929 1052/1021/985
f 1052/1021/985 1053/1020/984 996/965/930
f 1057/1022/986 1054/1023/987 1055/1024/988
f 1055/1024/988 1056/1025/989 1057/1022/986
f 1061/1026/990 1058/1027/991 1059/1028/992
f 1059/1028/992 1060/1029/993 1061/1026/990
f 1065/1030/994 1062/1031/995 1063/1032/996
f 1063/1032/996 1064/1033/997 1065/1030/994
f 1069/1034/998 1066/1035/999 1067/1036/987
f 1067/1036/987 1068/1037/986 1069/1034/998
f 1071/1038/1000 1070/1039/1001 1058/1027/991
f 1058/1027/991 1061/1026/990 1071/1038/1000
f 1073/1040/1002 1072/1041/1003 1062/1031/995
f 1062/1031/995 1065/1030/994 1073/1040/1002
f 1075/1042/1004 1074/1043/1005 1066/1035/999
f 1066/1035/999 1069/1034/998 1075/1042/1004
f 1077/1044/1006 1076/1045/1007 1072/1041/1003
f 1072/1041/1003 1073/1040/1002 1077/1044/1006
f 1079/1046/1008 1078/1047/1009 1074/1043/1005
f 1074/1043/1005 1075/1042/1004 1079/1046/1008
f 1083/1048/1010 1080/1049/1011 1081/1050/1007
f 1081/1050/1007 1082/1051/1006 1083/1048/1010
f 1085/1052/1012 1084/1053/1013 1078/1047/1009
f 1078/1047/1009 1079/1046/1008 1085/1052/1012
f 1087/1054/1014 1086/1055/1015 1080/1049/1011
f 1080/1049/1011 1083/1048/1010 1087/1054/1014
f 1089/1056/1016 1088/1057/1017 1084/1053/1013
f 1084/1053/1013 1085/1052/1012 1089/1056/1016
f 1091/1058/1018 1090/1059/1019 1086/1055/1015
f 1086/1055/1015 1087/1054/1014 1091/1058/1018
f 1093/1060/1020 1092/1061/1021 1088/1057/1017
f 1088/1057/1017 1089/1056/1016 1093/1060/1020
f 1095/1062/1022 1094/1063/1023 1090/1059/1019
f 1090/1059/1019 1091/1058/1018 1095/1062/1022
f 1097/1064/1024 1096/1065/1025 1092/1061/1021
f 1092/1061/1021 1093/1060/1020 1097/1064/1024
f 1099/1066/1026 1098/1067/1027 1094/1063/1023
f 1094/1063/1023 1095/1062/1022 1099/1066/1026
f 1101/1068/1028 1100/1069/1029 1096/1065/1025
f 1096/1065/1025 1097/1064/1024 1101/1068/1028
f 1103/1070/1030 1102/1071/1031 1098/1067/1027
f 1098/1067/1027 1099/1066/1026 1103/1070/1030
f 1105/1072/1032 1104/1073/1033 1100/1069/1029
f 1100/1069/1029 1101/1068/1028 1105/1072/1032
f 1107/1074/1034 1106/1075/1035 1102/1071/1031
f 1102/1071/1031 1103/1070/1030 1107/1074/1034
f 1109/1076/1036 1108/1077/1037 1104/1073/1033
f 1104/1073/1033 1105/1072/1032 1109/1076/1036
f 1111/1078/1038 1110/1079/1039 1070/1039/1001
f 1070/1039/1001 1071/1038/1000 1111/1078/1038
f 1113/1080/1040 1112/1081/1041 1106/1075/1035
f 1106/1075/1035 1107/1074/1034 1113/1080/1040
f 1115/1082/1042 1114/1083/1043 1108/1077/1037
f 1108/1077/1037 1109/1076/1036 1115/1082/1042
f 1117/1084/1044 1116/1085/1045 1110/1079/1039
f 1110/1079/1039 1111/1078/1038 1117/1084/1044
f 1119/1086/1046 1118/1087/1047 1112/1081/1041
f 1112/1081/1041 1113/1080/1040 1119/1086/1046
f 1121/1088/1048 1120/1089/1049 1114/1083/1043
f 1114/1083/1043 1115/1082/1042 1121/1088/1048
f 1056/1025/989 1055/1024/988 1116/1085/1045
f 1116/1085/1045 1117/1084/1044 1056/1025/989
f 1060/1029/993 1059/1028/992 1118/1087/1047
f 1118/1087/1047 1119/1086/1046 1060/1029/993
f 1064/1033/997 1063/1032/996 1120/1089/1049
f 1120/1089/1049 1121/1088/1048 1064/1033/997
f 1125/1090/1050 1122/1091/1051 1123/1092/1052
f 1123/1092/1052 1124/1093/1053 1125/1090/1050
f 1129/1094/1054 1126/1095/1055 1127/1096/1056
f 1127/1096/1056 1128/1097/1057 1129/1094/1054
f 1131/1098/1058 1130/1099/1059 1122/1091/1051
f 1122/1091/1051 1125/1090/1050 1131/1098/1058
f 1133/1100/1060 1132/1101/1061 1126/1095/1055
f 1126/1095/1055 1129/1094/1054 1133/1100/1060
f 1135/1102/1062 1134/1103/1063 1130/1099/1059
f 1130/1099/1059 1131/1098/1058 1135/1102/1062
f 1137/1104/1064 1136/1105/1065 1132/1101/1061
f 1132/1101/1061 1133/1100/1060 1137/1104/1064
f 1139/1106/1066 1138/1107/1067 1134/1103/1063
f 1134/1103/1063 1135/1102/1062 1139/1106/1066
f 1141/1108/1068 1140/1109/1069 1136/1105/1065
f 1136/1105/1065 1137/1104/1064 1141/1108/1068
f 1143/1110/1070 1142/1111/1071 1138/1107/1067
f 1138/1107/1067 1139/1106/1066 1143/1110/1070
f 1145/1112/1072 1144/1113/1073 1140/1109/1069
f 1140/1109/1069 1141/1108/1068 1145/1112/1072
f 1147/1114/1074 1146/1115/1075 1142/1111/1071
f 1142/1111/1071 1143/1110/1070 1147/1114/1074
f 1149/1116/1076 1148/1117/1077 1144/1113/1073
f 1144/1113/1073 1145/1112/1072 1149/1116/1076
f 1151/1118/1078 1150/1119/1079 1146/1115/1075
f 1146/1115/1075 1147/1114/1074 1151/1118/1078
f 1153/1120/1080 1152/1121/1081 1148/1117/1077
f 1148/1117/1077 1149/1116/1076 1153/1120/1080
f 1155/1122/1082 1154/1123/1083 1150/1119/1079
f 1150/1119/1079 1151/1118/1078 1155/1122/1082
f 1159/1124/1084 1156/1125/1085 1157/1126/1086
f 1157/1126/1086 1158/1127/1087 1159/1124/1084
f 1161/1128/1088 1160/1129/1089 1152/1121/1081
f 1152/1121/1081 1153/1120/1080 1161/1128/1088
f 1163/1130/1090 1162/1131/1091 1154/1123/1083
f 1154/1123/1083 1155/1122/1082 1163/1130/1090
f 1165/1132/1092 1164/1133/1093 1156/1125/1085
f 1156/1125/1085 1159/1124/1084 1165/1132/1092
f 1167/1134/1094 1166/1135/1095 1160/1129/1089
f 1160/1129/1089 1161/1128/1088 1167/1134/1094
f 1169/1136/1096 1168/1137/1097 1162/1131/1091
f 1162/1131/1091 1163/1130/1090 1169/1136/1096
f 1171/1138/1098 1170/1139/1099 1164/1133/1093
f 1164/1133/1093 1165/1132/1092 1171/1138/1098
f 1173/1140/1100 1172/1141/1101 1166/1135/1095
f 1166/1135/1095 1167/1134/1094 1173/1140/1100
f 1175/1142/1102 1174/1143/1103 1168/1137/1097
f 1168/1137/1097 1169/1136/1096 1175/1142/1102
f 1177/1144/1104 1176/1145/1105 1170/1139/1099
f 1170/1139/1099 1171/1138/1098 1177/1144/1104
f 1179/1146/1106 1178/1147/1107 1172/1141/1101
f 1172/1141/1101 1173/1140/1100 1179/1146/1106
f 1181/1148/1108 1180/1149/1109 1174/1143/1103
f 1174/1143/1103 1175/1142/1102 1181/1148/1108
f 1185/1150/1110 1182/1151/1111 1183/1152/1112
f 1183/1152/1112 1184/1153/1104 1185/1150/1110
f 1158/1127/1087 1157/1126/1086 1178/1147/1107
f 1178/1147/1107 1179/1146/1106 1158/1127/1087
f 1187/1154/1113 1186/1155/1114 1180/1149/1109
f 1180/1149/1109 1181/1148/1108 1187/1154/1113
f 1124/1093/1053 1123/1092/1052 1182/1151/1111
f 1182/1151/1111 1185/1150/1110 1124/1093/1053
f 1189/1156/1057 1188/1157/1115 1186/1155/1114
f 1186/1155/1114 1187/1154/1113 1189/1156/1057
f 1193/1158/1116 1190/1159/1117 1191/1160/1118
f 1191/1160/1118 1192/1161/1119 1193/1158/1116
f 1197/1162/1120 1194/1163/1121 1195/1164/1122
f 1195/1164/1122 1196/1165/1123 1197/1162/1120
f 1199/1166/1124 1198/1167/1125 1190/1159/1117
f 1190/1159/1117 1193/1158/1116 1199/1166/1124
f 1201/1168/1126 1200/1169/1127 1194/1163/1121
f 1194/1163/1121 1197/1162/1120 1201/1168/1126
f 1203/1170/1128 1202/1171/1129 1198/1167/1125
f 1198/1167/1125 1199/1166/1124 1203/1170/1128
f 1205/1172/1130 1204/1173/1131 1200/1169/1127
f 1200/1169/1127 1201/1168/1126 1205/1172/1130
f 1207/1174/1132 1206/1175/1133 1202/1171/1129
f 1202/1171/1129 1203/1170/1128 1207/1174/1132
f 1209/1176/1134 1208/1177/1135 1204/1173/1131
f 1204/1173/1131 1205/1172/1130 1209/1176/1134
f 1211/1178/1136 1210/1179/1137 1206/1175/1133
f 1206/1175/1133 1207/1174/1132 1211/1178/1136
f 1215/1180/1138 1212/1181/1139 1213/1182/1140
f 1213/1182/1140 1214/1183/1141 1215/1180/1138
f 1217/1184/1142 1216/1185/1143 1208/1177/1135
f 1208/1177/1135 1209/1176/1134 1217/1184/1142
f 1219/1186/1144 1218/1187/1145 1210/1179/1137
f 1210/1179/1137 1211/1178/1136 1219/1186/1144
f 1221/1188/1146 1220/1189/1147 1212/1181/1139
f 1212/1181/1139 1215/1180/1138 1221/1188/1146
f 1223/1190/1148 1222/1191/1149 1216/1185/1143
f 1216/1185/1143 1217/1184/1142 1223/1190/1148
f 1225/1192/1150 1224/1193/1151 1218/1187/1145
f 1218/1187/1145 1219/1186/1144 1225/1192/1150
f 1227/1194/1152 1226/1195/1153 1220/1189/1147
f 1220/1189/1147 1221/1188/1146 1227/1194/1152
f 1229/1196/1154 1228/1197/1155 1222/1191/1149
f 1222/1191/1149 1223/1190/1148 1229/1196/1154
f 1231/1198/1156 1230/1199/1157 1224/1193/1151
f 1224/1193/1151 1225/1192/1150 1231/1198/1156
f 1233/1200/1158 1232/1201/1159 1226/1195/1153
f 1226/1195/1153 1227/1194/1152 1233/1200/1158
f 1235/1202/1160 1234/1203/1161 1228/1197/1155
f 1228/1197/1155 1229/1196/1154 1235/1202/1160
f 1237/1204/1162 1236/1205/1163 1230/1199/1157
f 1230/1199/1157 1231/1198/1156 1237/1204/1162
f 1241/1206/1164 1238/1207/1165 1239/1208/1159
f 1239/1208/1159 1240/1209/1166 1241/1206/1164
f 1214/1183/1141 1213/1182/1140 1234/1203/1161
f 1234/1203/1161 1235/1202/1160 1214/1183/1141
f 1243/1210/1167 1242/1211/1168 1236/1205/1163
f 1236/1205/1163 1237/1204/1162 1243/1210/1167
f 1245/1212/1169 1244/1213/1170 1238/1207/1165
f 1238/1207/1165 1241/1206/1164 1245/1212/1169
f 1247/1214/1171 1246/1215/1172 1242/1211/1168
f 1242/1211/1168 1243/1210/1167 1247/1214/1171
f 1249/1216/1173 1248/1217/1174 1244/1213/1170
f 1244/1213/1170 1245/1212/1169 1249/1216/1173
f 1253/1218/1175 1250/1219/1176 1251/1220/1177
f 1251/1220/1177 1252/1221/1178 1253/1218/1175
f 1255/1222/1179 1254/1223/1180 1248/1217/1174
f 1248/1217/1174 1249/1216/1173 1255/1222/1179
f 1257/1224/1181 1256/1225/1182 1250/1219/1176
f 1250/1219/1176 1253/1218/1175 1257/1224/1181
f 1192/1161/1119 1191/1160/1118 1254/1223/1180
f 1254/1223/1180 1255/1222/1179 1192/1161/1119
f 1196/1165/1123 1195/1164/1122 1256/1225/1182
f 1256/1225/1182 1257/1224/1181 1196/1165/1123
f 1259/1226/1183 1207/1174/1132 1203/1170/1128
f 1203/1170/1128 1258/1227/1184 1259/1226/1183
f 1261/1228/1185 1209/1176/1134 1205/1172/1130
f 1205/1172/1130 1260/1229/1186 1261/1228/1185
f 1262/1230/1187 1211/1178/1136 1207/1174/1132
f 1207/1174/1132 1259/1226/1183 1262/1230/1187
f 1264/1231/1188 1215/1180/1138 1214/1183/1141
f 1214/1183/1141 1263/1232/1189 1264/1231/1188
f 1265/1233/1190 1217/1184/1142 1209/1176/1134
f 1209/1176/1134 1261/1228/1185 1265/1233/1190
f 1266/1234/1191 1219/1186/1144 1211/1178/1136
f 1211/1178/1136 1262/1230/1187 1266/1234/1191
f 1267/1235/1192 1221/1188/1146 1215/1180/1138
f 1215/1180/1138 1264/1231/1188 1267/1235/1192
f 1268/1236/1193 1223/1190/1148 1217/1184/1142
f 1217/1184/1142 1265/1233/1190 1268/1236/1193
f 1269/1237/1194 1225/1192/1150 1219/1186/1144
f 1219/1186/1144 1266/1234/1191 1269/1237/1194
f 1270/1238/1195 1227/1194/1152 1221/1188/1146
f 1221/1188/1146 1267/1235/1192 1270/1238/1195
f 1271/1239/1196 1229/1196/1154 1223/1190/1148
f 1223/1190/1148 1268/1236/1193 1271/1239/1196
f 1272/1240/1197 1231/1198/1156 1225/1192/1150
f 1225/1192/1150 1269/1237/1194 1272/1240/1197
f 1273/1241/1198 1233/1200/1158 1227/1194/1152
f 1227/1194/1152 1270/1238/1195 1273/1241/1198
f 1274/1242/1199 1235/1202/1160 1229/1196/1154
f 1229/1196/1154 1271/1239/1196 1274/1242/1199
f 1275/1243/1200 1237/1204/1162 1231/1198/1156
f 1231/1198/1156 1272/1240/1197 1275/1243/1200
f 1277/1244/1201 1241/1206/1164 1240/1209/1166
f 1240/1209/1166 1276/1245/1202 1277/1244/1201
f 1263/1232/1189 1214/1183/1141 1235/1202/1160
f 1235/1202/1160 1274/1242/1199 1263/1232/1189
f 1278/1246/1203 1243/1210/1167 1237/1204/1162
f 1237/1204/1162 1275/1243/1200 1278/1246/1203
f 1279/1247/1204 1245/1212/1169 1241/1206/1164
f 1241/1206/1164 1277/1244/1201 1279/1247/1204
f 1280/1248/1205 1247/1214/1171 1243/1210/1167
f 1243/1210/1167 1278/1246/1203 1280/1248/1205
f 1281/1249/1206 1249/1216/1173 1245/1212/1169
f 1245/1212/1169 1279/1247/1204 1281/1249/1206
f 1283/1250/1207 1253/1218/1175 1252/1221/1178
f 1252/1221/1178 1282/1251/1208 1283/1250/1207
f 1284/1252/1209 1255/1222/1179 1249/1216/1173
f 1249/1216/1173 1281/1249/1206 1284/1252/1209
f 1285/1253/1210 1257/1224/1181 1253/1218/1175
f 1253/1218/1175 1283/1250/1207 1285/1253/1210
f 1286/1254/1211 1192/1161/1119 1255/1222/1179
f 1255/1222/1179 1284/1252/1209 1286/1254/1211
f 1287/1255/1212 1196/1165/1123 1257/1224/1181
f 1257/1224/1181 1285/1253/1210 1287/1255/1212
f 1288/1256/1213 1193/1158/1116 1192/1161/1119
f 1192/1161/1119 1286/1254/1211 1288/1256/1213
f 1289/1257/1214 1197/1162/1120 1196/1165/1123
f 1196/1165/1123 1287/1255/1212 1289/1257/1214
f 1290/1258/1215 1199/1166/1124 1193/1158/1116
f 1193/1158/1116 1288/1256/1213 1290/1258/1215
f 1291/1259/1216 1201/1168/1126 1197/1162/1120
f 1197/1162/1120 1289/1257/1214 1291/1259/1216
f 1258/1227/1184 1203/1170/1128 1199/1166/1124
f 1199/1166/1124 1290/1258/1215 1258/1227/1184
f 1260/1229/1186 1205/1172/1130 1201/1168/1126
f 1201/1168/1126 1291/1259/1216 1260/1229/1186
f 995/964/929 1292/1260/1217 1293/1261/1218
f 1293/1261/1218 1052/1021/985 995/964/929
f 991/960/925 1294/1262/1219 1295/1263/1220
f 1295/1263/1220 1050/1019/983 991/960/925
f 1052/1021/985 1293/1261/1218 1296/1264/1221
f 1296/1264/1221 1048/1017/981 1052/1021/985
f 1050/1019/983 1295/1263/1220 1297/1265/1222
f 1297/1265/1222 1046/1015/979 1050/1019/983
f 1048/1017/981 1296/1264/1221 1298/1266/1223
f 1298/1266/1223 1044/1013/977 1048/1017/981
f 1046/1015/979 1297/1265/1222 1299/1267/1224
f 1299/1267/1224 1042/1011/975 1046/1015/979
f 1044/1013/977 1298/1266/1223 1300/1268/1225
f 1300/1268/1225 1040/1009/973 1044/1013/977
f 1042/1011/975 1299/1267/1224 1301/1269/1226
f 1301/1269/1226 1038/1007/971 1042/1011/975
f 1040/1009/973 1300/1268/1225 1302/1270/1227
f 1302/1270/1227 1036/1005/969 1040/1009/973
f 1038/1007/971 1301/1269/1226 1303/1271/1228
f 1303/1271/1228 1034/1003/967 1038/1007/971
f 1036/1005/969 1302/1270/1227 1304/1272/1229
f 1304/1272/1229 1032/1001/965 1036/1005/969
f 1034/1003/967 1303/1271/1228 1305/1273/1230
f 1305/1273/1230 1028/997/962 1034/1003/967
f 1032/1001/965 1304/1272/1229 1306/1274/1231
f 1306/1274/1231 1026/995/960 1032/1001/965
f 1028/997/962 1305/1273/1230 1307/1275/1232
f 1307/1275/1232 1029/998/958 1028/997/962
f 1026/995/960 1306/1274/1231 1308/1276/1233
f 1308/1276/1233 1022/991/956 1026/995/960
f 1024/993/958 1309/1277/1232 1310/1278/1234
f 1310/1278/1234 1020/989/954 1024/993/958
f 1022/991/956 1308/1276/1233 1311/1279/1235
f 1311/1279/1235 1016/985/950 1022/991/956
f 1020/989/954 1310/1278/1234 1312/1280/1236
f 1312/1280/1236 1014/983/948 1020/989/954
f 987/956/921 1313/1281/1237 1314/1282/1238
f 1314/1282/1238 1012/981/946 987/956/921
f 1016/985/950 1311/1279/1235 1315/1283/1239
f 1315/1283/1239 1017/986/951 1016/985/950
f 1014/983/948 1312/1280/1236 1316/1284/1240
f 1316/1284/1240 1008/977/942 1014/983/948
f 1012/981/946 1314/1282/1238 1317/1285/1241
f 1317/1285/1241 1006/975/940 1012/981/946
f 1010/979/944 1318/1286/1239 1319/1287/1242
f 1319/1287/1242 1004/973/938 1010/979/944
f 1008/977/942 1316/1284/1240 1320/1288/1243
f 1320/1288/1243 1002/971/936 1008/977/942
f 1006/975/940 1317/1285/1241 1321/1289/1244
f 1321/1289/1244 1000/969/934 1006/975/940
f 1004/973/938 1319/1287/1242 1322/1290/1245
f 1322/1290/1245 998/967/932 1004/973/938
f 1002/971/936 1320/1288/1243 1323/1291/1246
f 1323/1291/1246 994/963/928 1002/971/936
f 1000/969/934 1321/1289/1244 1324/1292/1247
f 1324/1292/1247 990/959/924 1000/969/934
f 998/967/932 1322/1290/1245 1325/1293/1248
f 1325/1293/1248 986/955/920 998/967/932
f 994/963/928 1323/1291/1246 1292/1260/1217
f 1292/1260/1217 995/964/929 994/963/928
f 990/959/924 1324/1292/1247 1294/1262/1219
f 1294/1262/1219 991/960/925 990/959/924
f 986/955/920 1325/1293/1248 1313/1281/1237
f 1313/1281/1237 987/956/921 986/955/920
f 1327/1294/1249 620/621/611 618/619/609
f 618/619/609 1326/1295/1250 1327/1294/1249
f 1329/1296/1251 602/603/593 601/602/592
f 601/602/592 1328/1297/1252 1329/1296/1251
f 1331/1298/1253 582/583/574 580/581/572
f 580/581/572 1330/1299/1254 1331/1298/1253
f 1333/1300/1255 562/563/555 560/561/553
f 560/561/553 1332/1301/1256 1333/1300/1255
f 1335/1302/1257 610/611/601 608/609/599
f 608/609/599 1334/1303/1258 1335/1302/1257
f 1337/1304/1259 590/591/582 588/589/580
f 588/589/580 1336/1305/1260 1337/1304/1259
f 1339/1306/1261 572/573/564 570/571/562
f 570/571/562 1338/1307/1262 1339/1306/1261
f 1326/1295/1250 618/619/609 616/617/607
f 616/617/607 1340/1308/1263 1326/1295/1250
f 1342/1309/1252 598/599/590 596/597/588
f 596/597/588 1341/1310/1264 1342/1309/1252
f 1330/1299/1254 580/581/572 578/579/570
f 578/579/570 1343/1311/1265 1330/1299/1254
f 1332/1301/1256 560/561/553 558/559/551
f 558/559/551 1344/1312/1266 1332/1301/1256
f 1334/1303/1258 608/609/599 606/607/597
f 606/607/597 1345/1313/1267 1334/1303/1258
f 1336/1305/1260 588/589/580 586/587/578
f 586/587/578 1346/1314/1268 1336/1305/1260
f 1338/1307/1262 570/571/562 568/569/560
f 568/569/560 1347/1315/1269 1338/1307/1262
f 1340/1308/1263 616/617/607 614/615/605
f 614/615/605 1348/1316/1270 1340/1308/1263
f 1341/1310/1264 596/597/588 594/595/586
f 594/595/586 1349/1317/1271 1341/1310/1264
f 1343/1311/1265 578/579/570 576/577/568
f 576/577/568 1350/1318/1272 1343/1311/1265
f 1352/1319/1273 557/558/550 622/623/613
f 622/623/613 1351/1320/1274 1352/1319/1273
f 1344/1312/1266 558/559/551 557/558/550
f 557/558/550 1352/1319/1273 1344/1312/1266
f 1345/1313/1267 606/607/597 604/605/595
f 604/605/595 1353/1321/1275 1345/1313/1267
f 1346/1314/1268 586/587/578 584/585/576
f 584/585/576 1354/1322/1276 1346/1314/1268
f 1347/1315/1269 568/569/560 567/568/559
f 567/568/559 1355/1323/1277 1347/1315/1269
f 1348/1316/1270 614/615/605 612/613/603
f 612/613/603 1356/1324/1278 1348/1316/1270
f 1349/1317/1271 594/595/586 592/593/584
f 592/593/584 1357/1325/1279 1349/1317/1271
f 1350/1318/1272 576/577/568 574/575/566
f 574/575/566 1358/1326/1280 1350/1318/1272
f 1351/1320/1274 622/623/613 620/621/611
f 620/621/611 1327/1294/1249 1351/1320/1274
f 1353/1321/1275 604/605/595 602/603/593
f 602/603/593 1329/1296/1251 1353/1321/1275
f 1354/1322/1276 584/585/576 582/583/574
f 582/583/574 1331/1298/1253 1354/1322/1276
f 1359/1327/1277 564/565/557 562/563/555
f 562/563/555 1333/1300/1255 1359/1327/1277
f 1356/1324/1278 612/613/603 610/611/601
f 610/611/601 1335/1302/1257 1356/1324/1278
f 1357/1325/1279 592/593/584 590/591/582
f 590/591/582 1337/1304/1259 1357/1325/1279
f 1358/1326/1280 574/575/566 572/573/564
f 572/573/564 1339/1306/1261 1358/1326/1280
f 1361/1328/1281 963/928/894 962/931/897
f 962/931/897 1360/1329/1282 1361/1328/1281
f 1363/1330/1283 969/936/902 951/918/885
f 951/918/885 1362/1331/1284 1363/1330/1283
f 1365/1332/1285 973/940/906 957/924/890
f 957/924/890 1364/1333/1286 1365/1332/1285
f 1366/1334/1287 977/944/910 963/928/894
f 963/928/894 1361/1328/1281 1366/1334/1287
f 1367/1335/1288 983/950/916 969/936/902
f 969/936/902 1363/1330/1283 1367/1335/1288
f 1368/1336/1289 924/893/860 973/940/906
f 973/940/906 1365/1332/1285 1368/1336/1289
f 1369/1337/1290 932/901/868 977/944/910
f 977/944/910 1366/1334/1287 1369/1337/1290
f 1370/1338/1291 944/913/880 983/950/916
f 983/950/916 1367/1335/1288 1370/1338/1291
f 1371/1339/1292 925/890/857 924/893/860
f 924/893/860 1368/1336/1289 1371/1339/1292
f 1372/1340/1293 933/898/865 932/901/868
f 932/901/868 1369/1337/1290 1372/1340/1293
f 1373/1341/1294 945/910/877 944/913/880
f 944/913/880 1370/1338/1291 1373/1341/1294
f 1374/1342/1295 949/916/883 925/890/857
f 925/890/857 1371/1339/1292 1374/1342/1295
f 1376/1343/1296 955/920/887 954/923/865
f 954/923/865 1375/1344/1293 1376/1343/1296
f 1360/1329/1282 962/931/897 945/910/877
f 945/910/877 1373/1341/1294 1360/1329/1282
f 1377/1345/1297 967/934/900 949/916/883
f 949/916/883 1374/1342/1295 1377/1345/1297
f 1378/1346/1298 971/938/904 955/920/887
f 955/920/887 1376/1343/1296 1378/1346/1298
f 1379/1347/1299 981/948/914 967/934/900
f 967/934/900 1377/1345/1297 1379/1347/1299
f 1380/1348/1300 920/889/856 971/938/904
f 971/938/904 1378/1346/1298 1380/1348/1300
f 1382/1349/1301 940/909/876 985/953/914
f 985/953/914 1381/1350/1299 1382/1349/1301
f 1383/1351/1302 921/886/853 920/889/856
f 920/889/856 1380/1348/1300 1383/1351/1302
f 1384/1352/1303 941/906/873 940/909/876
f 940/909/876 1382/1349/1301 1384/1352/1303
f 1385/1353/1304 947/914/881 921/886/853
f 921/886/853 1383/1351/1302 1385/1353/1304
f 1386/1354/1305 959/926/892 941/906/873
f 941/906/873 1384/1352/1303 1386/1354/1305
f 1387/1355/1306 965/932/898 947/914/881
f 947/914/881 1385/1353/1304 1387/1355/1306
f 1388/1356/1307 975/942/908 959/926/892
f 959/926/892 1386/1354/1305 1388/1356/1307
f 1389/1357/1308 979/946/912 965/932/898
f 965/932/898 1387/1355/1306 1389/1357/1308
f 1390/1358/1309 928/897/864 975/942/908
f 975/942/908 1388/1356/1307 1390/1358/1309
f 1391/1359/1310 936/905/872 979/946/912
f 979/946/912 1389/1357/1308 1391/1359/1310
f 1392/1360/1311 929/894/861 928/897/864
f 928/897/864 1390/1358/1309 1392/1360/1311
f 1393/1361/1312 937/902/869 936/905/872
f 936/905/872 1391/1359/1310 1393/1361/1312
f 1362/1331/1284 951/918/885 929/894/861
f 929/894/861 1392/1360/1311 1362/1331/1284
f 1364/1333/1286 957/924/890 937/902/869
f 937/902/869 1393/1361/1312 1364/1333/1286
f 688/688/677 1394/1362/1313 1395/1363/1314
f 1395/1363/1314 650/651/641 688/688/677
f 686/686/675 1396/1364/1315 1397/1365/1316
f 1397/1365/1316 648/649/639 686/686/675
f 683/684/673 1398/1366/1317 1399/1367/1318
f 1399/1367/1318 640/641/631 683/684/673
f 680/680/670 1400/1368/1319 1401/1369/1320
f 1401/1369/1320 636/637/627 680/680/670
f 678/678/668 1402/1370/1321 1403/1371/1322
f 1403/1371/1322 690/690/679 678/678/668
f 676/676/666 1404/1372/1323 1405/1373/1324
f 1405/1373/1324 628/629/619 676/676/666
f 674/674/664 1406/1374/1325 1407/1375/1326
f 1407/1375/1326 624/625/615 674/674/664
f 672/672/662 1408/1376/1327 1394/1362/1313
f 1394/1362/1313 688/688/677 672/672/662
f 670/670/660 1409/1377/1328 1396/1364/1315
f 1396/1364/1315 686/686/675 670/670/660
f 682/683/672 1410/1378/1329 1398/1366/1317
f 1398/1366/1317 683/684/673 682/683/672
f 666/666/656 1411/1379/1330 1400/1368/1319
f 1400/1368/1319 680/680/670 666/666/656
f 664/664/654 1412/1380/1331 1402/1370/1321
f 1402/1370/1321 678/678/668 664/664/654
f 662/662/652 1413/1381/1332 1404/1372/1323
f 1404/1372/1323 676/676/666 662/662/652
f 660/660/650 1414/1382/1333 1406/1374/1325
f 1406/1374/1325 674/674/664 660/660/650
f 658/658/648 1415/1383/1334 1408/1376/1327
f 1408/1376/1327 672/672/662 658/658/648
f 656/656/646 1416/1384/1335 1409/1377/1328
f 1409/1377/1328 670/670/660 656/656/646
f 654/654/644 1417/1385/1336 1418/1386/1337
f 1418/1386/1337 668/668/658 654/654/644
f 651/652/642 1419/1387/1338 1411/1379/1330
f 1411/1379/1330 666/666/656 651/652/642
f 645/646/636 1420/1388/1339 1412/1380/1331
f 1412/1380/1331 664/664/654 645/646/636
f 641/642/632 1421/1389/1340 1413/1381/1332
f 1413/1381/1332 662/662/652 641/642/632
f 637/638/628 1422/1390/1341 1414/1382/1333
f 1414/1382/1333 660/660/650 637/638/628
f 633/634/624 1423/1391/1342 1415/1383/1334
f 1415/1383/1334 658/658/648 633/634/624
f 629/630/620 1424/1392/1343 1416/1384/1335
f 1416/1384/1335 656/656/646 629/630/620
f 625/626/616 1425/1393/1344 1417/1385/1336
f 1417/1385/1336 654/654/644 625/626/616
f 650/651/641 1395/1363/1314 1419/1387/1338
f 1419/1387/1338 651/652/642 650/651/641
f 648/649/639 1397/1365/1316 1426/1394/1345
f 1426/1394/1345 644/645/635 648/649/639
f 644/645/635 1426/1394/1345 1420/1388/1339
f 1420/1388/1339 645/646/636 644/645/635
f 640/641/631 1399/1367/1318 1421/1389/1340
f 1421/1389/1340 641/642/632 640/641/631
f 636/637/627 1401/1369/1320 1422/1390/1341
f 1422/1390/1341 637/638/628 636/637/627
f 632/633/623 1427/1395/1346 1423/1391/1342
f 1423/1391/1342 633/634/624 632/633/623
f 628/629/619 1405/1373/1324 1424/1392/1343
f 1424/1392/1343 629/630/620 628/629/619
f 624/625/615 1407/1375/1326 1425/1393/1344
f 1425/1393/1344 625/626/616 624/625/615
f 1429/1396/1347 913/881/848 910/878/845
f 910/878/845 1428/1397/1348 1429/1396/1347
f 1431/1398/1349 914/882/849 911/879/846
f 911/879/846 1430/1399/1350 1431/1398/1349
f 1433/1400/1351 915/883/850 912/880/847
f 912/880/847 1432/1401/1352 1433/1400/1351
f 1434/1402/1353 916/884/851 913/881/848
f 913/881/848 1429/1396/1347 1434/1402/1353
f 1435/1403/1354 917/885/852 914/882/849
f 914/882/849 1431/1398/1349 1435/1403/1354
f 1436/1404/1355 903/872/839 915/883/850
f 915/883/850 1433/1400/1351 1436/1404/1355
f 1437/1405/1356 907/875/842 916/884/851
f 916/884/851 1434/1402/1353 1437/1405/1356
f 1438/1406/1357 890/859/826 917/885/852
f 917/885/852 1435/1403/1354 1438/1406/1357
f 1439/1407/1358 886/855/822 907/875/842
f 907/875/842 1437/1405/1356 1439/1407/1358
f 1440/1408/1359 891/858/825 890/859/826
f 890/859/826 1438/1406/1357 1440/1408/1359
f 1441/1409/1360 887/854/821 886/855/822
f 886/855/822 1439/1407/1358 1441/1409/1360
f 1442/1410/1361 888/857/824 891/858/825
f 891/858/825 1440/1408/1359 1442/1410/1361
f 1443/1411/1362 892/860/827 887/854/821
f 887/854/821 1441/1409/1360 1443/1411/1362
f 1444/1412/1363 889/856/823 888/857/824
f 888/857/824 1442/1410/1361 1444/1412/1363
f 1445/1413/1364 894/863/830 892/860/827
f 892/860/827 1443/1411/1362 1445/1413/1364
f 1446/1414/1365 893/861/828 889/856/823
f 889/856/823 1444/1412/1363 1446/1414/1365
f 1447/1415/1366 895/862/829 894/863/830
f 894/863/830 1445/1413/1364 1447/1415/1366
f 1448/1416/1367 896/864/831 893/861/828
f 893/861/828 1446/1414/1365 1448/1416/1367
f 1449/1417/1368 897/865/832 895/862/829
f 895/862/829 1447/1415/1366 1449/1417/1368
f 1450/1418/1369 898/866/833 896/864/831
f 896/864/831 1448/1416/1367 1450/1418/1369
f 1451/1419/1370 899/867/834 897/865/832
f 897/865/832 1449/1417/1368 1451/1419/1370
f 1452/1420/1371 900/868/835 898/866/833
f 898/866/833 1450/1418/1369 1452/1420/1371
f 1453/1421/1372 901/869/836 899/867/834
f 899/867/834 1451/1419/1370 1453/1421/1372
f 1454/1422/1373 902/870/837 900/868/835
f 900/868/835 1452/1420/1371 1454/1422/1373
f 1455/1423/1374 904/871/838 903/872/839
f 903/872/839 1436/1404/1355 1455/1423/1374
f 1456/1424/1375 905/873/840 901/869/836
f 901/869/836 1453/1421/1372 1456/1424/1375
f 1457/1425/1376 906/874/841 902/870/837
f 902/870/837 1454/1422/1373 1457/1425/1376
f 1458/1426/1377 908/876/843 904/871/838
f 904/871/838 1455/1423/1374 1458/1426/1377
f 1459/1427/1378 909/877/844 905/873/840
f 905/873/840 1456/1424/1375 1459/1427/1378
f 1428/1397/1348 910/878/845 906/874/841
f 906/874/841 1457/1425/1376 1428/1397/1348
f 1430/1399/1350 911/879/846 908/876/843
f 908/876/843 1458/1426/1377 1430/1399/1350
f 1432/1401/1352 912/880/847 909/877/844
f 909/877/844 1459/1427/1378 1432/1401/1352
f 1451/1419/1370 1449/1417/1368 1460/1428/1379
f 1452/1420/1371 1450/1418/1369 1460/1428/1379
f 1453/1421/1372 1451/1419/1370 1460/1428/1379
f 1454/1422/1373 1452/1420/1371 1460/1428/1379
f 1455/1423/1374 1436/1404/1355 1460/1428/1379
f 1456/1424/1375 1453/1421/1372 1460/1428/1379
f 1457/1425/1376 1454/1422/1373 1460/1428/1379
f 1458/1426/1377 1455/1423/1374 1460/1428/1379
f 1459/1427/1378 1456/1424/1375 1460/1428/1379
f 1428/1397/1348 1457/1425/1376 1460/1428/1379
f 1430/1399/1350 1458/1426/1377 1460/1428/1379
f 1432/1401/1352 1459/1427/1378 1460/1428/1379
f 1429/1396/1347 1428/1397/1348 1460/1428/1379
f 1431/1398/1349 1430/1399/1350 1460/1428/1379
f 1433/1400/1351 1432/1401/1352 1460/1428/1379
f 1434/1402/1353 1429/1396/1347 1460/1428/1379
f 1435/1403/1354 1431/1398/1349 1460/1428/1379
f 1436/1404/1355 1433/1400/1351 1460/1428/1379
f 1437/1405/1356 1434/1402/1353 1460/1428/1379
f 1438/1406/1357 1435/1403/1354 1460/1428/1379
f 1439/1407/1358 1437/1405/1356 1460/1428/1379
f 1440/1408/1359 1438/1406/1357 1460/1428/1379
f 1441/1409/1360 1439/1407/1358 1460/1428/1379
f 1442/1410/1361 1440/1408/1359 1460/1428/1379
f 1443/1411/1362 1441/1409/1360 1460/1428/1379
f 1444/1412/1363 1442/1410/1361 1460/1428/1379
f 1445/1413/1364 1443/1411/1362 1460/1428/1379
f 1446/1414/1365 1444/1412/1363 1460/1428/1379
f 1447/1415/1366 1445/1413/1364 1460/1428/1379
f 1448/1416/1367 1446/1414/1365 1460/1428/1379
f 1449/1417/1368 1447/1415/1366 1460/1428/1379
f 1450/1418/1369 1448/1416/1367 1460/1428/1379
f 1464/1429/1380 1461/1430/1381 1462/1431/1382
f 1462/1431/1382 1463/1432/1383 1464/1429/1380
f 1461/1430/1381 1465/1433/1384 1466/1434/1385
f 1466/1434/1385 1462/1431/1382 1461/1430/1381
f 1465/1433/1384 1467/1435/1386 1468/1436/1387
f 1468/1436/1387 1466/1434/1385 1465/1433/1384
f 1467/1435/1386 1469/1437/1388 1470/1438/1389
f 1470/1438/1389 1468/1436/1387 1467/1435/1386
f 1469/1437/1388 1471/1439/1390 1472/1440/1391
f 1472/1440/1391 1470/1438/1389 1469/1437/1388
f 1471/1439/1390 1473/1441/1392 1474/1442/1393
f 1474/1442/1393 1472/1440/1391 1471/1439/1390
f 1473/1441/1392 1475/1443/1394 1476/1444/1395
f 1476/1444/1395 1474/1442/1393 1473/1441/1392
f 1475/1443/1394 1477/1445/1396 1478/1446/1397
f 1478/1446/1397 1476/1444/1395 1475/1443/1394
f 1477/1445/1396 1479/1447/1398 1480/1448/1399
f 1480/1448/1399 1478/1446/1397 1477/1445/1396
f 1479/1447/1398 1481/1449/1400 1482/1450/1401
f 1482/1450/1401 1480/1448/1399 1479/1447/1398
f 1481/1449/1400 1483/1451/1402 1484/1452/1403
f 1484/1452/1403 1482/1450/1401 1481/1449/1400
f 1483/1451/1402 1485/1453/1404 1486/1454/1405
f 1486/1454/1405 1484/1452/1403 1483/1451/1402
f 1490/1455/1406 1487/1456/1407 1488/1457/1408
f 1488/1457/1408 1489/1458/1409 1490/1455/1406
f 1487/1456/1407 1491/1459/1410 1492/1460/1411
f 1492/1460/1411 1488/1457/1408 1487/1456/1407
f 1491/1459/1410 1493/1461/1412 1494/1462/1413
f 1494/1462/1413 1492/1460/1411 1491/1459/1410
f 1493/1461/1412 1495/1463/1414 1496/1464/1415
f 1496/1464/1415 1494/1462/1413 1493/1461/1412
f 1495/1463/1414 1497/1465/1416 1498/1466/1417
f 1498/1466/1417 1496/1464/1415 1495/1463/1414
f 1497/1465/1416 1499/1467/1418 1500/1468/1419
f 1500/1468/1419 1498/1466/1417 1497/1465/1416
f 1499/1467/1418 1501/1469/1420 1502/1470/1421
f 1502/1470/1421 1500/1468/1419 1499/1467/1418
f 1501/1469/1420 1503/1471/1422 1504/1472/1423
f 1504/1472/1423 1502/1470/1421 1501/1469/1420
f 1503/1471/1422 1505/1473/1424 1506/1474/1425
f 1506/1474/1425 1504/1472/1423 1503/1471/1422
f 1505/1473/1424 1507/1475/1426 1508/1476/1427
f 1508/1476/1427 1506/1474/1425 1505/1473/1424
f 1507/1475/1426 1509/1477/1428 1510/1478/1429
f 1510/1478/1429 1508/1476/1427 1507/1475/1426
f 1509/1477/1428 1511/1479/1430 1512/1480/1431
f 1512/1480/1431 1510/1478/1429 1509/1477/1428
f 1511/1479/1430 1513/1481/1432 1514/1482/1433
f 1514/1482/1433 1512/1480/1431 1511/1479/1430
f 1513/1481/1432 1515/1483/1434 1516/1484/1435
f 1516/1484/1435 1514/1482/1433 1513/1481/1432
f 1515/1483/1434 1517/1485/1436 1518/1486/1437
f 1518/1486/1437 1516/1484/1435 1515/1483/1434
f 1517/1485/1436 1519/1487/1438 1520/1488/1439
f 1520/1488/1439 1518/1486/1437 1517/1485/1436
f 1524/1489/1440 1521/1490/1441 1522/1491/1442
f 1522/1491/1442 1523/1492/1443 1524/1489/1440
f 1521/1490/1441 1525/1493/1444 1526/1494/1445
f 1526/1494/1445 1522/1491/1442 1521/1490/1441
f 1525/1493/1444 1527/1495/1446 1528/1496/1447
f 1528/1496/1447 1526/1494/1445 1525/1493/1444
f 1527/1495/1446 1464/1429/1380 1463/1432/1383
f 1463/1432/1383 1528/1496/1447 1527/1495/1446
f 1420/1388/1339 1426/1394/1345 1529/1497/1448
f 1529/1497/1448 1530/1498/1449 1420/1388/1339
f 1412/1380/1331 1420/1388/1339 1530/1498/1449
f 1530/1498/1449 1531/1499/1450 1412/1380/1331
f 1402/1370/1321 1412/1380/1331 1531/1499/1450
f 1531/1499/1450 1532/1500/1451 1402/1370/1321
f 1403/1371/1322 1402/1370/1321 1532/1500/1451
f 1532/1500/1451 1533/1501/1452 1403/1371/1322
f 1423/1391/1342 1427/1395/1346 1534/1502/1453
f 1534/1502/1453 1535/1503/1454 1423/1391/1342
f 1415/1383/1334 1423/1391/1342 1535/1503/1454
f 1535/1503/1454 1536/1504/1455 1415/1383/1334
f 1408/1376/1327 1415/1383/1334 1536/1504/1455
f 1536/1504/1455 1537/1505/1456 1408/1376/1327
f 1394/1362/1313 1408/1376/1327 1537/1505/1456
f 1537/1505/1456 1538/1506/1457 1394/1362/1313
f 1395/1363/1314 1394/1362/1313 1538/1506/1457
f 1538/1506/1457 1539/1507/1458 1395/1363/1314
f 1419/1387/1338 1395/1363/1314 1539/1507/1458
f 1539/1507/1458 1540/1508/1459 1419/1387/1338
f 1411/1379/1330 1419/1387/1338 1540/1508/1459
f 1540/1508/1459 1541/1509/1460 1411/1379/1330
f 1400/1368/1319 1411/1379/1330 1541/1509/1460
f 1541/1509/1460 1542/1510/1461 1400/1368/1319
f 1401/1369/1320 1400/1368/1319 1542/1510/1461
f 1542/1510/1461 1543/1511/1462 1401/1369/1320
f 1422/1390/1341 1401/1369/1320 1543/1511/1462
f 1543/1511/1462 1544/1512/1463 1422/1390/1341
f 1414/1382/1333 1422/1390/1341 1544/1512/1463
f 1544/1512/1463 1545/1513/1464 1414/1382/1333
f 1406/1374/1325 1414/1382/1333 1545/1513/1464
f 1545/1513/1464 1546/1514/1465 1406/1374/1325
f 1407/1375/1326 1406/1374/1325 1546/1514/1465
f 1546/1514/1465 1547/1515/1466 1407/1375/1326
f 1425/1393/1344 1407/1375/1326 1547/1515/1466
f 1547/1515/1466 1548/1516/1467 1425/1393/1344
f 1417/1385/1336 1425/1393/1344 1548/1516/1467
f 1548/1516/1467 1549/1517/1468 1417/1385/1336
f 1418/1386/1337 1417/1385/1336 1549/1517/1468
f 1549/1517/1468 1550/1518/1469 1418/1386/1337
f 1398/1366/1317 1410/1378/1329 1551/1519/1470
f 1551/1519/1470 1552/1520/1471 1398/1366/1317
f 1399/1367/1318 1398/1366/1317 1552/1520/1471
f 1552/1520/1471 1553/1521/1472 1399/1367/1318
f 1421/1389/1340 1399/1367/1318 1553/1521/1472
f 1553/1521/1472 1554/1522/1473 1421/1389/1340
f 1413/1381/1332 1421/1389/1340 1554/1522/1473
f 1554/1522/1473 1555/1523/1474 1413/1381/1332
f 1404/1372/1323 1413/1381/1332 1555/1523/1474
f 1555/1523/1474 1556/1524/1475 1404/1372/1323
f 1405/1373/1324 1404/1372/1323 1556/1524/1475
f 1556/1524/1475 1557/1525/1476 1405/1373/1324
f 1424/1392/1343 1405/1373/1324 1557/1525/1476
f 1557/1525/1476 1558/1526/1477 1424/1392/1343
f 1416/1384/1335 1424/1392/1343 1558/1526/1477
f 1558/1526/1477 1559/1527/1478 1416/1384/1335
f 1409/1377/1328 1416/1384/1335 1559/1527/1478
f 1559/1527/1478 1560/1528/1479 1409/1377/1328
f 1396/1364/1315 1409/1377/1328 1560/1528/1479
f 1560/1528/1479 1561/1529/1480 1396/1364/1315
f 1397/1365/1316 1396/1364/1315 1561/1529/1480
f 1561/1529/1480 1562/1530/1481 1397/1365/1316
f 1426/1394/1345 1397/1365/1316 1562/1530/1481
f 1562/1530/1481 1529/1497/1448 1426/1394/1345
f 1564/1531/1482 1563/1532/1483 1464/1429/1380
f 1464/1429/1380 1527/1495/1446 1564/1531/1482
f 1565/1533/1484 1564/1531/1482 1527/1495/1446
f 1527/1495/1446 1525/1493/1444 1565/1533/1484
f 1566/1534/1485 1565/1533/1484 1525/1493/1444
f 1525/1493/1444 1521/1490/1441 1566/1534/1485
f 1567/1535/1486 1566/1534/1485 1521/1490/1441
f 1521/1490/1441 1524/1489/1440 1567/1535/1486
f 1569/1536/1487 1568/1537/1488 1519/1487/1438
f 1519/1487/1438 1517/1485/1436 1569/1536/1487
f 1570/1538/1489 1569/1536/1487 1517/1485/1436
f 1517/1485/1436 1515/1483/1434 1570/1538/1489
f 1571/1539/1490 1570/1538/1489 1515/1483/1434
f 1515/1483/1434 1513/1481/1432 1571/1539/1490
f 1572/1540/1491 1571/1539/1490 1513/1481/1432
f 1513/1481/1432 1511/1479/1430 1572/1540/1491
f 1573/1541/1492 1572/1540/1491 1511/1479/1430
f 1511/1479/1430 1509/1477/1428 1573/1541/1492
f 1574/1542/1493 1573/1541/1492 1509/1477/1428
f 1509/1477/1428 1507/1475/1426 1574/1542/1493
f 1575/1543/1494 1574/1542/1493 1507/1475/1426
f 1507/1475/1426 1505/1473/1424 1575/1543/1494
f 1576/1544/1495 1575/1543/1494 1505/1473/1424
f 1505/1473/1424 1503/1471/1422 1576/1544/1495
f 1577/1545/1496 1576/1544/1495 1503/1471/1422
f 1503/1471/1422 1501/1469/1420 1577/1545/1496
f 1578/1546/1497 1577/1545/1496 1501/1469/1420
f 1501/1469/1420 1499/1467/1418 1578/1546/1497
f 1579/1547/1498 1578/1546/1497 1499/1467/1418
f 1499/1467/1418 1497/1465/1416 1579/1547/1498
f 1580/1548/1499 1579/1547/1498 1497/1465/1416
f 1497/1465/1416 1495/1463/1414 1580/1548/1499
f 1581/1549/1500 1580/1548/1499 1495/1463/1414
f 1495/1463/1414 1493/1461/1412 1581/1549/1500
f 1582/1550/1501 1581/1549/1500 1493/1461/1412
f 1493/1461/1412 1491/1459/1410 1582/1550/1501
f 1583/1551/1502 1582/1550/1501 1491/1459/1410
f 1491/1459/1410 1487/1456/1407 1583/1551/1502
f 1584/1552/1503 1583/1551/1502 1487/1456/1407
f 1487/1456/1407 1490/1455/1406 1584/1552/1503
f 1586/1553/1504 1585/1554/1505 1485/1453/1404
f 1485/1453/1404 1483/1451/1402 1586/1553/1504
f 1587/1555/1506 1586/1553/1504 1483/1451/1402
f 1483/1451/1402 1481/1449/1400 1587/1555/1506
f 1588/1556/1507 1587/1555/1506 1481/1449/1400
f 1481/1449/1400 1479/1447/1398 1588/1556/1507
f 1589/1557/1508 1588/1556/1507 1479/1447/1398
f 1479/1447/1398 1477/1445/1396 1589/1557/1508
f 1590/1558/1509 1589/1557/1508 1477/1445/1396
f 1477/1445/1396 1475/1443/1394 1590/1558/1509
f 1591/1559/1510 1590/1558/1509 1475/1443/1394
f 1475/1443/1394 1473/1441/1392 1591/1559/1510
f 1592/1560/1511 1591/1559/1510 1473/1441/1392
f 1473/1441/1392 1471/1439/1390 1592/1560/1511
f 1593/1561/1512 1592/1560/1511 1471/1439/1390
f 1471/1439/1390 1469/1437/1388 1593/1561/1512
f 1594/1562/1513 1593/1561/1512 1469/1437/1388
f 1469/1437/1388 1467/1435/1386 1594/1562/1513
f 1595/1563/1514 1594/1562/1513 1467/1435/1386
f 1467/1435/1386 1465/1433/1384 1595/1563/1514
f 1596/1564/1515 1595/1563/1514 1465/1433/1384
f 1465/1433/1384 1461/1430/1381 1596/1564/1515
f 1563/1532/1483 1596/1564/1515 1461/1430/1381
f 1461/1430/1381 1464/1429/1380 1563/1532/1483
f 1600/1565/1516 1597/1566/1517 1598/1567/1518
f 1598/1567/1518 1599/1568/1519 1600/1565/1516
f 1604/1569/1520 1601/1570/1521 1602/1571/1522
f 1602/1571/1522 1603/1572/1523 1604/1569/1520
f 1608/1573/1524 1605/1574/1525 1606/1575/1526
f 1606/1575/1526 1607/1576/1527 1608/1573/1524
f 1599/1568/1519 1598/1567/1518 1609/1577/1528
f 1609/1577/1528 1610/1578/1529 1599/1568/1519
f 1603/1572/1523 1602/1571/1522 1611/1579/1530
f 1611/1579/1530 1612/1580/1531 1603/1572/1523
f 1607/1576/1527 1606/1575/1526 1613/1581/1532
f 1613/1581/1532 1614/1582/1533 1607/1576/1527
f 1610/1578/1529 1609/1577/1528 1615/1583/1534
f 1615/1583/1534 1616/1584/1535 1610/1578/1529
f 1612/1580/1531 1611/1579/1530 1617/1585/1536
f 1617/1585/1536 1618/1586/1537 1612/1580/1531
f 1614/1582/1533 1613/1581/1532 1619/1587/1538
f 1619/1587/1538 1620/1588/1539 1614/1582/1533
f 1616/1584/1535 1615/1583/1534 1621/1589/1540
f 1621/1589/1540 1622/1590/1541 1616/1584/1535
f 1618/1586/1537 1617/1585/1536 1623/1591/1542
f 1623/1591/1542 1624/1592/1543 1618/1586/1537
f 1622/1590/1541 1621/1589/1540 1625/1593/1544
f 1625/1593/1544 1626/1594/1545 1622/1590/1541
f 1624/1592/1543 1623/1591/1542 1627/1595/1546
f 1627/1595/1546 1628/1596/1547 1624/1592/1543
f 1626/1594/1545 1625/1593/1544 1629/1597/1548
f 1629/1597/1548 1630/1598/1549 1626/1594/1545
f 1628/1596/1547 1627/1595/1546 1631/1599/1550
f 1631/1599/1550 1632/1600/1551 1628/1596/1547
f 1630/1598/1549 1629/1597/1548 1633/1601/1552
f 1633/1601/1552 1634/1602/1553 1630/1598/1549
f 1632/1600/1551 1631/1599/1550 1635/1603/1554
f 1635/1603/1554 1636/1604/1555 1632/1600/1551
f 1634/1602/1553 1633/1601/1552 1637/1605/1556
f 1637/1605/1556 1638/1606/1557 1634/1602/1553
f 1636/1604/1555 1635/1603/1554 1639/1607/1558
f 1639/1607/1558 1640/1608/1559 1636/1604/1555
f 1638/1606/1557 1637/1605/1556 1641/1609/1560
f 1641/1609/1560 1642/1610/1561 1638/1606/1557
f 1640/1608/1559 1639/1607/1558 1643/1611/1562
f 1643/1611/1562 1644/1612/1563 1640/1608/1559
f 1642/1610/1561 1641/1609/1560 1645/1613/1564
f 1645/1613/1564 1646/1614/1565 1642/1610/1561
f 1644/1612/1563 1643/1611/1562 1647/1615/1566
f 1647/1615/1566 1648/1616/1567 1644/1612/1563
f 1646/1614/1565 1645/1613/1564 1649/1617/1568
f 1649/1617/1568 1650/1618/1569 1646/1614/1565
f 1654/1619/1570 1651/1620/1571 1652/1621/1572
f 1652/1621/1572 1653/1622/1573 1654/1619/1570
f 1650/1618/1569 1649/1617/1568 1655/1623/1574
f 1655/1623/1574 1656/1624/1575 1650/1618/1569
f 1653/1622/1573 1652/1621/1572 1657/1625/1576
f 1657/1625/1576 1658/1626/1577 1653/1622/1573
f 1620/1588/1539 1619/1587/1538 1659/1627/1578
f 1659/1627/1578 1660/1628/1579 1620/1588/1539
f 1656/1624/1575 1655/1623/1574 1661/1629/1580
f 1661/1629/1580 1662/1630/1581 1656/1624/1575
f 1658/1626/1577 1657/1625/1576 1597/1566/1517
f 1597/1566/1517 1600/1565/1516 1658/1626/1577
f 1660/1628/1579 1659/1627/1578 1601/1570/1521
f 1601/1570/1521 1604/1569/1520 1660/1628/1579
f 1664/1631/1582 1663/1632/1583 1605/1574/1525
f 1605/1574/1525 1608/1573/1524 1664/1631/1582
f 1063/1032/996 1665/1633/1584 1666/1634/1585
f 1666/1634/1585 1120/1089/1049 1063/1032/996
f 1059/1028/992 1667/1635/1586 1668/1636/1587
f 1668/1636/1587 1118/1087/1047 1059/1028/992
f 1055/1024/988 1669/1637/1588 1670/1638/1589
f 1670/1638/1589 1116/1085/1045 1055/1024/988
f 1120/1089/1049 1666/1634/1585 1671/1639/1590
f 1671/1639/1590 1114/1083/1043 1120/1089/1049
f 1118/1087/1047 1668/1636/1587 1672/1640/1591
f 1672/1640/1591 1112/1081/1041 1118/1087/1047
f 1116/1085/1045 1670/1638/1589 1673/1641/1592
f 1673/1641/1592 1110/1079/1039 1116/1085/1045
f 1114/1083/1043 1671/1639/1590 1674/1642/1593
f 1674/1642/1593 1108/1077/1037 1114/1083/1043
f 1112/1081/1041 1672/1640/1591 1675/1643/1594
f 1675/1643/1594 1106/1075/1035 1112/1081/1041
f 1110/1079/1039 1673/1641/1592 1676/1644/1595
f 1676/1644/1595 1070/1039/1001 1110/1079/1039
f 1108/1077/1037 1674/1642/1593 1677/1645/1596
f 1677/1645/1596 1104/1073/1033 1108/1077/1037
f 1106/1075/1035 1675/1643/1594 1678/1646/1597
f 1678/1646/1597 1102/1071/1031 1106/1075/1035
f 1104/1073/1033 1677/1645/1596 1679/1647/1598
f 1679/1647/1598 1100/1069/1029 1104/1073/1033
f 1102/1071/1031 1678/1646/1597 1680/1648/1599
f 1680/1648/1599 1098/1067/1027 1102/1071/1031
f 1100/1069/1029 1679/1647/1598 1681/1649/1600
f 1681/1649/1600 1096/1065/1025 1100/1069/1029
f 1098/1067/1027 1680/1648/1599 1682/1650/1601
f 1682/1650/1601 1094/1063/1023 1098/1067/1027
f 1096/1065/1025 1681/1649/1600 1683/1651/1602
f 1683/1651/1602 1092/1061/1021 1096/1065/1025
f 1094/1063/1023 1682/1650/1601 1684/1652/1603
f 1684/1652/1603 1090/1059/1019 1094/1063/1023
f 1092/1061/1021 1683/1651/1602 1685/1653/1604
f 1685/1653/1604 1088/1057/1017 1092/1061/1021
f 1090/1059/1019 1684/1652/1603 1686/1654/1605
f 1686/1654/1605 1086/1055/1015 1090/1059/1019
f 1088/1057/1017 1685/1653/1604 1687/1655/1606
f 1687/1655/1606 1084/1053/1013 1088/1057/1017
f 1086/1055/1015 1686/1654/1605 1688/1656/1607
f 1688/1656/1607 1080/1049/1011 1086/1055/1015
f 1084/1053/1013 1687/1655/1606 1689/1657/1608
f 1689/1657/1608 1078/1047/1009 1084/1053/1013
f 1080/1049/1011 1688/1656/1607 1690/1658/1609
f 1690/1658/1609 1081/1050/1007 1080/1049/1011
f 1078/1047/1009 1689/1657/1608 1691/1659/1610
f 1691/1659/1610 1074/1043/1005 1078/1047/1009
f 1076/1045/1007 1692/1660/1609 1693/1661/1611
f 1693/1661/1611 1072/1041/1003 1076/1045/1007
f 1074/1043/1005 1691/1659/1610 1694/1662/1612
f 1694/1662/1612 1066/1035/999 1074/1043/1005
f 1072/1041/1003 1693/1661/1611 1695/1663/1613
f 1695/1663/1613 1062/1031/995 1072/1041/1003
f 1070/1039/1001 1676/1644/1595 1696/1664/1614
f 1696/1664/1614 1058/1027/991 1070/1039/1001
f 1066/1035/999 1694/1662/1612 1697/1665/1615
f 1697/1665/1615 1067/1036/987 1066/1035/999
f 1062/1031/995 1695/1663/1613 1665/1633/1584
f 1665/1633/1584 1063/1032/996 1062/1031/995
f 1058/1027/991 1696/1664/1614 1667/1635/1586
f 1667/1635/1586 1059/1028/992 1058/1027/991
f 1054/1023/987 1698/1666/1615 1669/1637/1588
f 1669/1637/1588 1055/1024/988 1054/1023/987
f 1663/1632/1583 1699/1667/1616 1700/1668/1617
f 1700/1668/1617 1605/1574/1525 1663/1632/1583
f 1659/1627/1578 1701/1669/1618 1702/1670/1619
f 1702/1670/1619 1601/1570/1521 1659/1627/1578
f 1657/1625/1576 1703/1671/1620 1704/1672/1621
f 1704/1672/1621 1597/1566/1517 1657/1625/1576
f 1655/1623/1574 1705/1673/1622 1706/1674/1616
f 1706/1674/1616 1661/1629/1580 1655/1623/1574
f 1619/1587/1538 1707/1675/1623 1701/1669/1618
f 1701/1669/1618 1659/1627/1578 1619/1587/1538
f 1652/1621/1572 1708/1676/1624 1703/1671/1620
f 1703/1671/1620 1657/1625/1576 1652/1621/1572
f 1649/1617/1568 1709/1677/1625 1705/1673/1622
f 1705/1673/1622 1655/1623/1574 1649/1617/1568
f 1651/1620/1571 1710/1678/1626 1708/1676/1624
f 1708/1676/1624 1652/1621/1572 1651/1620/1571
f 1645/1613/1564 1711/1679/1627 1709/1677/1625
f 1709/1677/1625 1649/1617/1568 1645/1613/1564
f 1643/1611/1562 1712/1680/1628 1713/1681/1626
f 1713/1681/1626 1647/1615/1566 1643/1611/1562
f 1641/1609/1560 1714/1682/1629 1711/1679/1627
f 1711/1679/1627 1645/1613/1564 1641/1609/1560
f 1639/1607/1558 1715/1683/1630 1712/1680/1628
f 1712/1680/1628 1643/1611/1562 1639/1607/1558
f 1637/1605/1556 1716/1684/1631 1714/1682/1629
f 1714/1682/1629 1641/1609/1560 1637/1605/1556
f 1635/1603/1554 1717/1685/1632 1715/1683/1630
f 1715/1683/1630 1639/1607/1558 1635/1603/1554
f 1633/1601/1552 1718/1686/1633 1716/1684/1631
f 1716/1684/1631 1637/1605/1556 1633/1601/1552
f 1631/1599/1550 1719/1687/1634 1717/1685/1632
f 1717/1685/1632 1635/1603/1554 1631/1599/1550
f 1629/1597/1548 1720/1688/1635 1718/1686/1633
f 1718/1686/1633 1633/1601/1552 1629/1597/1548
f 1627/1595/1546 1721/1689/1636 1719/1687/1634
f 1719/1687/1634 1631/1599/1550 1627/1595/1546
f 1625/1593/1544 1722/1690/1637 1720/1688/1635
f 1720/1688/1635 1629/1597/1548 1625/1593/1544
f 1623/1591/1542 1723/1691/1638 1721/1689/1636
f 1721/1689/1636 1627/1595/1546 1623/1591/1542
f 1621/1589/1540 1724/1692/1639 1722/1690/1637
f 1722/1690/1637 1625/1593/1544 1621/1589/1540
f 1617/1585/1536 1725/1693/1640 1723/1691/1638
f 1723/1691/1638 1623/1591/1542 1617/1585/1536
f 1615/1583/1534 1726/1694/1641 1724/1692/1639
f 1724/1692/1639 1621/1589/1540 1615/1583/1534
f 1613/1581/1532 1727/1695/1642 1707/1675/1623
f 1707/1675/1623 1619/1587/1538 1613/1581/1532
f 1611/1579/1530 1728/1696/1643 1725/1693/1640
f 1725/1693/1640 1617/1585/1536 1611/1579/1530
f 1609/1577/1528 1729/1697/1644 1726/1694/1641
f 1726/1694/1641 1615/1583/1534 1609/1577/1528
f 1606/1575/1526 1730/1698/1645 1727/1695/1642
f 1727/1695/1642 1613/1581/1532 1606/1575/1526
f 1602/1571/1522 1731/1699/1646 1728/1696/1643
f 1728/1696/1643 1611/1579/1530 1602/1571/1522
f 1598/1567/1518 1732/1700/1647 1729/1697/1644
f 1729/1697/1644 1609/1577/1528 1598/1567/1518
f 1605/1574/1525 1700/1668/1617 1730/1698/1645
f 1730/1698/1645 1606/1575/1526 1605/1574/1525
f 1601/1570/1521 1702/1670/1619 1731/1699/1646
f 1731/1699/1646 1602/1571/1522 1601/1570/1521
f 1597/1566/1517 1704/1672/1621 1732/1700/1647
f 1732/1700/1647 1598/1567/1518 1597/1566/1517
f 1736/1701/1648 1733/1702/1649 1734/1703/1650
f 1734/1703/1650 1735/1704/1651 1736/1701/1648
f 1740/1705/1652 1737/1706/1653 1738/1707/1654
f 1738/1707/1654 1739/1708/1655 1740/1705/1652
f 1735/1704/1651 1734/1703/1650 1741/1709/1656
f 1741/1709/1656 1742/1710/1657 1735/1704/1651
f 1746/1711/1658 1743/1712/1659 1744/1713/1660
f 1744/1713/1660 1745/1714/1661 1746/1711/1658
f 1739/1708/1655 1738/1707/1654 1747/1715/1662
f 1747/1715/1662 1748/1716/1663 1739/1708/1655
f 1742/1710/1657 1741/1709/1656 1749/1717/1664
f 1749/1717/1664 1750/1718/1665 1742/1710/1657
f 1745/1714/1661 1744/1713/1660 1751/1719/1666
f 1751/1719/1666 1752/1720/1667 1745/1714/1661
f 1756/1721/1663 1753/1722/1668 1754/1723/1669
f 1754/1723/1669 1755/1724/1670 1756/1721/1663
f 1750/1718/1665 1749/1717/1664 1757/1725/1671
f 1757/1725/1671 1758/1726/1672 1750/1718/1665
f 1752/1720/1667 1751/1719/1666 1759/1727/1673
f 1759/1727/1673 1760/1728/1674 1752/1720/1667
f 1755/1724/1670 1754/1723/1669 1761/1729/1675
f 1761/1729/1675 1762/1730/1676 1755/1724/1670
f 1758/1726/1672 1757/1725/1671 1763/1731/1677
f 1763/1731/1677 1764/1732/1678 1758/1726/1672
f 1760/1728/1674 1759/1727/1673 1765/1733/1679
f 1765/1733/1679 1766/1734/1680 1760/1728/1674
f 1762/1730/1676 1761/1729/1675 1767/1735/1681
f 1767/1735/1681 1768/1736/1682 1762/1730/1676
f 1764/1732/1678 1763/1731/1677 1769/1737/1683
f 1769/1737/1683 1770/1738/1684 1764/1732/1678
f 1766/1734/1680 1765/1733/1679 1771/1739/1685
f 1771/1739/1685 1772/1740/1686 1766/1734/1680
f 1768/1736/1682 1767/1735/1681 1743/1712/1659
f 1743/1712/1659 1746/1711/1658 1768/1736/1682
f 1770/1738/1684 1769/1737/1683 1773/1741/1687
f 1773/1741/1687 1774/1742/1688 1770/1738/1684
f 1772/1740/1686 1771/1739/1685 1775/1743/1689
f 1775/1743/1689 1776/1744/1690 1772/1740/1686
f 1774/1742/1688 1773/1741/1687 1777/1745/1691
f 1777/1745/1691 1778/1746/1692 1774/1742/1688
f 1776/1744/1690 1775/1743/1689 1779/1747/1693
f 1779/1747/1693 1780/1748/1694 1776/1744/1690
f 1778/1746/1692 1777/1745/1691 1781/1749/1695
f 1781/1749/1695 1782/1750/1696 1778/1746/1692
f 1780/1748/1694 1779/1747/1693 1783/1751/1697
f 1783/1751/1697 1784/1752/1698 1780/1748/1694
f 1782/1750/1696 1781/1749/1695 1785/1753/1699
f 1785/1753/1699 1786/1754/1700 1782/1750/1696
f 1784/1752/1698 1783/1751/1697 1787/1755/1701
f 1787/1755/1701 1788/1756/1702 1784/1752/1698
f 1786/1754/1700 1785/1753/1699 1789/1757/1703
f 1789/1757/1703 1790/1758/1704 1786/1754/1700
f 1788/1756/1702 1787/1755/1701 1791/1759/1705
f 1791/1759/1705 1792/1760/1706 1788/1756/1702
f 1790/1758/1704 1789/1757/1703 1793/1761/1707
f 1793/1761/1707 1794/1762/1708 1790/1758/1704
f 1792/1760/1706 1791/1759/1705 1795/1763/1709
f 1795/1763/1709 1796/1764/1710 1792/1760/1706
f 1794/1762/1708 1793/1761/1707 1797/1765/1711
f 1797/1765/1711 1798/1766/1712 1794/1762/1708
f 1796/1764/1710 1795/1763/1709 1799/1767/1713
f 1799/1767/1713 1800/1768/1648 1796/1764/1710
f 1798/1766/1712 1797/1765/1711 1737/1706/1653
f 1737/1706/1653 1740/1705/1652 1798/1766/1712
f 1195/1164/1122 1137/1104/1064 1133/1100/1060
f 1133/1100/1060 1256/1225/1182 1195/1164/1122
f 1191/1160/1118 1135/1102/1062 1131/1098/1058
f 1131/1098/1058 1254/1223/1180 1191/1160/1118
f 1256/1225/1182 1133/1100/1060 1129/1094/1054
f 1129/1094/1054 1250/1219/1176 1256/1225/1182
f 1254/1223/1180 1131/1098/1058 1125/1090/1050
f 1125/1090/1050 1248/1217/1174 1254/1223/1180
f 1250/1219/1176 1129/1094/1054 1128/1097/1057
f 1128/1097/1057 1251/1220/1177 1250/1219/1176
f 1248/1217/1174 1125/1090/1050 1124/1093/1053
f 1124/1093/1053 1244/1213/1170 1248/1217/1174
f 1246/1215/1172 1189/1156/1057 1187/1154/1113
f 1187/1154/1113 1242/1211/1168 1246/1215/1172
f 1244/1213/1170 1124/1093/1053 1185/1150/1110
f 1185/1150/1110 1238/1207/1165 1244/1213/1170
f 1242/1211/1168 1187/1154/1113 1181/1148/1108
f 1181/1148/1108 1236/1205/1163 1242/1211/1168
f 1213/1182/1140 1158/1127/1087 1179/1146/1106
f 1179/1146/1106 1234/1203/1161 1213/1182/1140
f 1238/1207/1165 1185/1150/1110 1184/1153/1104
f 1184/1153/1104 1239/1208/1159 1238/1207/1165
f 1236/1205/1163 1181/1148/1108 1175/1142/1102
f 1175/1142/1102 1230/1199/1157 1236/1205/1163
f 1234/1203/1161 1179/1146/1106 1173/1140/1100
f 1173/1140/1100 1228/1197/1155 1234/1203/1161
f 1232/1201/1159 1177/1144/1104 1171/1138/1098
f 1171/1138/1098 1226/1195/1153 1232/1201/1159
f 1230/1199/1157 1175/1142/1102 1169/1136/1096
f 1169/1136/1096 1224/1193/1151 1230/1199/1157
f 1228/1197/1155 1173/1140/1100 1167/1134/1094
f 1167/1134/1094 1222/1191/1149 1228/1197/1155
f 1226/1195/1153 1171/1138/1098 1165/1132/1092
f 1165/1132/1092 1220/1189/1147 1226/1195/1153
f 1224/1193/1151 1169/1136/1096 1163/1130/1090
f 1163/1130/1090 1218/1187/1145 1224/1193/1151
f 1222/1191/1149 1167/1134/1094 1161/1128/1088
f 1161/1128/1088 1216/1185/1143 1222/1191/1149
f 1220/1189/1147 1165/1132/1092 1159/1124/1084
f 1159/1124/1084 1212/1181/1139 1220/1189/1147
f 1218/1187/1145 1163/1130/1090 1155/1122/1082
f 1155/1122/1082 1210/1179/1137 1218/1187/1145
f 1216/1185/1143 1161/1128/1088 1153/1120/1080
f 1153/1120/1080 1208/1177/1135 1216/1185/1143
f 1212/1181/1139 1159/1124/1084 1158/1127/1087
f 1158/1127/1087 1213/1182/1140 1212/1181/1139
f 1210/1179/1137 1155/1122/1082 1151/1118/1078
f 1151/1118/1078 1206/1175/1133 1210/1179/1137
f 1208/1177/1135 1153/1120/1080 1149/1116/1076
f 1149/1116/1076 1204/1173/1131 1208/1177/1135
f 1206/1175/1133 1151/1118/1078 1147/1114/1074
f 1147/1114/1074 1202/1171/1129 1206/1175/1133
f 1204/1173/1131 1149/1116/1076 1145/1112/1072
f 1145/1112/1072 1200/1169/1127 1204/1173/1131
f 1202/1171/1129 1147/1114/1074 1143/1110/1070
f 1143/1110/1070 1198/1167/1125 1202/1171/1129
f 1200/1169/1127 1145/1112/1072 1141/1108/1068
f 1141/1108/1068 1194/1163/1121 1200/1169/1127
f 1198/1167/1125 1143/1110/1070 1139/1106/1066
f 1139/1106/1066 1190/1159/1117 1198/1167/1125
f 1194/1163/1121 1141/1108/1068 1137/1104/1064
f 1137/1104/1064 1195/1164/1122 1194/1163/1121
f 1190/1159/1117 1139/1106/1066 1135/1102/1062
f 1135/1102/1062 1191/1160/1118 1190/1159/1117
f 1802/1769/1714 1801/1770/1715 1596/1564/1515
f 1596/1564/1515 1563/1532/1483 1802/1769/1714
f 1801/1770/1715 1803/1771/1716 1595/1563/1514
f 1595/1563/1514 1596/1564/1515 1801/1770/1715
f 1803/1771/1716 1804/1772/1717 1594/1562/1513
f 1594/1562/1513 1595/1563/1514 1803/1771/1716
f 1804/1772/1717 1805/1773/1718 1593/1561/1512
f 1593/1561/1512 1594/1562/1513 1804/1772/1717
f 1805/1773/1718 1806/1774/1719 1592/1560/1511
f 1592/1560/1511 1593/1561/1512 1805/1773/1718
f 1806/1774/1719 1807/1775/1720 1591/1559/1510
f 1591/1559/1510 1592/1560/1511 1806/1774/1719
f 1807/1775/1720 1808/1776/1721 1590/1558/1509
f 1590/1558/1509 1591/1559/1510 1807/1775/1720
f 1808/1776/1721 1809/1777/1722 1589/1557/1508
f 1589/1557/1508 1590/1558/1509 1808/1776/1721
f 1809/1777/1722 1810/1778/1723 1588/1556/1507
f 1588/1556/1507 1589/1557/1508 1809/1777/1722
f 1810/1778/1723 1811/1779/1724 1587/1555/1506
f 1587/1555/1506 1588/1556/1507 1810/1778/1723
f 1811/1779/1724 1812/1780/1725 1586/1553/1504
f 1586/1553/1504 1587/1555/1506 1811/1779/1724
f 1812/1780/1725 1813/1781/1726 1585/1554/1505
f 1585/1554/1505 1586/1553/1504 1812/1780/1725
f 1815/1782/1726 1814/1783/1727 1583/1551/1502
f 1583/1551/1502 1584/1552/1503 1815/1782/1726
f 1814/1783/1727 1816/1784/1728 1582/1550/1501
f 1582/1550/1501 1583/1551/1502 1814/1783/1727
f 1816/1784/1728 1817/1785/1729 1581/1549/1500
f 1581/1549/1500 1582/1550/1501 1816/1784/1728
f 1817/1785/1729 1818/1786/1730 1580/1548/1499
f 1580/1548/1499 1581/1549/1500 1817/1785/1729
f 1818/1786/1730 1819/1787/1731 1579/1547/1498
f 1579/1547/1498 1580/1548/1499 1818/1786/1730
f 1819/1787/1731 1820/1788/1732 1578/1546/1497
f 1578/1546/1497 1579/1547/1498 1819/1787/1731
f 1820/1788/1732 1821/1789/1733 1577/1545/1496
f 1577/1545/1496 1578/1546/1497 1820/1788/1732
f 1821/1789/1733 1822/1790/1734 1576/1544/1495
f 1576/1544/1495 1577/1545/1496 1821/1789/1733
f 1822/1790/1734 1823/1791/1735 1575/1543/1494
f 1575/1543/1494 1576/1544/1495 1822/1790/1734
f 1823/1791/1735 1824/1792/1736 1574/1542/1493
f 1574/1542/1493 1575/1543/1494 1823/1791/1735
f 1824/1792/1736 1825/1793/1737 1573/1541/1492
f 1573/1541/1492 1574/1542/1493 1824/1792/1736
f 1825/1793/1737 1826/1794/1738 1572/1540/1491
f 1572/1540/1491 1573/1541/1492 1825/1793/1737
f 1826/1794/1738 1827/1795/1739 1571/1539/1490
f 1571/1539/1490 1572/1540/1491 1826/1794/1738
f 1827/1795/1739 1828/1796/1740 1570/1538/1489
f 1570/1538/1489 1571/1539/1490 1827/1795/1739
f 1828/1796/1740 1829/1797/1741 1569/1536/1487
f 1569/1536/1487 1570/1538/1489 1828/1796/1740
f 1829/1797/1741 1830/1798/1742 1568/1537/1488
f 1568/1537/1488 1569/1536/1487 1829/1797/1741
f 1832/1799/1742 1831/1800/1743 1566/1534/1485
f 1566/1534/1485 1567/1535/1486 1832/1799/1742
f 1831/1800/1743 1833/1801/1744 1565/1533/1484
f 1565/1533/1484 1566/1534/1485 1831/1800/1743
f 1833/1801/1744 1834/1802/1745 1564/1531/1482
f 1564/1531/1482 1565/1533/1484 1833/1801/1744
f 1834/1802/1745 1802/1769/1714 1563/1532/1483
f 1563/1532/1483 1564/1531/1482 1834/1802/1745
f 1530/1498/1449 1529/1497/1448 1835/1803/1746
f 1835/1803/1746 1836/1804/1747 1530/1498/1449
f 1531/1499/1450 1530/1498/1449 1836/1804/1747
f 1836/1804/1747 1837/1805/1748 1531/1499/1450
f 1532/1500/1451 1531/1499/1450 1837/1805/1748
f 1837/1805/1748 1838/1806/1749 1532/1500/1451
f 1533/1501/1452 1532/1500/1451 1838/1806/1749
f 1838/1806/1749 1839/1807/1750 1533/1501/1452
f 1535/1503/1454 1534/1502/1453 1840/1808/1751
f 1840/1808/1751 1841/1809/1752 1535/1503/1454
f 1536/1504/1455 1535/1503/1454 1841/1809/1752
f 1841/1809/1752 1842/1810/1753 1536/1504/1455
f 1537/1505/1456 1536/1504/1455 1842/1810/1753
f 1842/1810/1753 1843/1811/1754 1537/1505/1456
f 1538/1506/1457 1537/1505/1456 1843/1811/1754
f 1843/1811/1754 1844/1812/1755 1538/1506/1457
f 1539/1507/1458 1538/1506/1457 1844/1812/1755
f 1844/1812/1755 1845/1813/1756 1539/1507/1458
f 1540/1508/1459 1539/1507/1458 1845/1813/1756
f 1845/1813/1756 1846/1814/1757 1540/1508/1459
f 1541/1509/1460 1540/1508/1459 1846/1814/1757
f 1846/1814/1757 1847/1815/1758 1541/1509/1460
f 1542/1510/1461 1541/1509/1460 1847/1815/1758
f 1847/1815/1758 1848/1816/1759 1542/1510/1461
f 1543/1511/1462 1542/1510/1461 1848/1816/1759
f 1848/1816/1759 1849/1817/1760 1543/1511/1462
f 1544/1512/1463 1543/1511/1462 1849/1817/1760
f 1849/1817/1760 1850/1818/1761 1544/1512/1463
f 1545/1513/1464 1544/1512/1463 1850/1818/1761
f 1850/1818/1761 1851/1819/1762 1545/1513/1464
f 1546/1514/1465 1545/1513/1464 1851/1819/1762
f 1851/1819/1762 1852/1820/1763 1546/1514/1465
f 1547/1515/1466 1546/1514/1465 1852/1820/1763
f 1852/1820/1763 1853/1821/1764 1547/1515/1466
f 1548/1516/1467 1547/1515/1466 1853/1821/1764
f 1853/1821/1764 1854/1822/1765 1548/1516/1467
f 1549/1517/1468 1548/1516/1467 1854/1822/1765
f 1854/1822/1765 1855/1823/1766 1549/1517/1468
f 1550/1518/1469 1549/1517/1468 1855/1823/1766
f 1855/1823/1766 1856/1824/1767 1550/1518/1469
f 1552/1520/1471 1551/1519/1470 1857/1825/1768
f 1857/1825/1768 1858/1826/1769 1552/1520/1471
f 1553/1521/1472 1552/1520/1471 1858/1826/1769
f 1858/1826/1769 1859/1827/1770 1553/1521/1472
f 1554/1522/1473 1553/1521/1472 1859/1827/1770
f 1859/1827/1770 1860/1828/1771 1554/1522/1473
f 1555/1523/1474 1554/1522/1473 1860/1828/1771
f 1860/1828/1771 1861/1829/1772 1555/1523/1474
f 1556/1524/1475 1555/1523/1474 1861/1829/1772
f 1861/1829/1772 1862/1830/1773 1556/1524/1475
f 1557/1525/1476 1556/1524/1475 1862/1830/1773
f 1862/1830/1773 1863/1831/1774 1557/1525/1476
f 1558/1526/1477 1557/1525/1476 1863/1831/1774
f 1863/1831/1774 1864/1832/1775 1558/1526/1477
f 1559/1527/1478 1558/1526/1477 1864/1832/1775
f 1864/1832/1775 1865/1833/1776 1559/1527/1478
f 1560/1528/1479 1559/1527/1478 1865/1833/1776
f 1865/1833/1776 1866/1834/1777 1560/1528/1479
f 1561/1529/1480 1560/1528/1479 1866/1834/1777
f 1866/1834/1777 1867/1835/1778 1561/1529/1480
f 1562/1530/1481 1561/1529/1480 1867/1835/1778
f 1867/1835/1778 1868/1836/1779 1562/1530/1481
f 1529/1497/1448 1562/1530/1481 1868/1836/1779
f 1868/1836/1779 1835/1803/1746 1529/1497/1448
f 1870/1837/1780 1327/1294/1249 1326/1295/1250
f 1326/1295/1250 1869/1838/1781 1870/1837/1780
f 1872/1839/1782 1329/1296/1251 1328/1297/1252
f 1328/1297/1252 1871/1840/1783 1872/1839/1782
f 1874/1841/1784 1331/1298/1253 1330/1299/1254
f 1330/1299/1254 1873/1842/1785 1874/1841/1784
f 1876/1843/1786 1333/1300/1255 1332/1301/1256
f 1332/1301/1256 1875/1844/1787 1876/1843/1786
f 1878/1845/1788 1335/1302/1257 1334/1303/1258
f 1334/1303/1258 1877/1846/1789 1878/1845/1788
f 1880/1847/1790 1337/1304/1259 1336/1305/1260
f 1336/1305/1260 1879/1848/1791 1880/1847/1790
f 1882/1849/1792 1339/1306/1261 1338/1307/1262
f 1338/1307/1262 1881/1850/1793 1882/1849/1792
f 1869/1838/1781 1326/1295/1250 1340/1308/1263
f 1340/1308/1263 1883/1851/1794 1869/1838/1781
f 1885/1852/1783 1342/1309/1252 1341/1310/1264
f 1341/1310/1264 1884/1853/1795 1885/1852/1783
f 1873/1842/1785 1330/1299/1254 1343/1311/1265
f 1343/1311/1265 1886/1854/1796 1873/1842/1785
f 1875/1844/1787 1332/1301/1256 1344/1312/1266
f 1344/1312/1266 1887/1855/1797 1875/1844/1787
f 1877/1846/1789 1334/1303/1258 1345/1313/1267
f 1345/1313/1267 1888/1856/1798 1877/1846/1789
f 1879/1848/1791 1336/1305/1260 1346/1314/1268
f 1346/1314/1268 1889/1857/1799 1879/1848/1791
f 1881/1850/1793 1338/1307/1262 1347/1315/1269
f 1347/1315/1269 1890/1858/1800 1881/1850/1793
f 1883/1851/1794 1340/1308/1263 1348/1316/1270
f 1348/1316/1270 1891/1859/1801 1883/1851/1794
f 1884/1853/1795 1341/1310/1264 1349/1317/1271
f 1349/1317/1271 1892/1860/1802 1884/1853/1795
f 1886/1854/1796 1343/1311/1265 1350/1318/1272
f 1350/1318/1272 1893/1861/1803 1886/1854/1796
f 1895/1862/1804 1352/1319/1273 1351/1320/1274
f 1351/1320/1274 1894/1863/1805 1895/1862/1804
f 1887/1855/1797 1344/1312/1266 1352/1319/1273
f 1352/1319/1273 1895/1862/1804 1887/1855/1797
f 1888/1856/1798 1345/1313/1267 1353/1321/1275
f 1353/1321/1275 1896/1864/1806 1888/1856/1798
f 1889/1857/1799 1346/1314/1268 1354/1322/1276
f 1354/1322/1276 1897/1865/1807 1889/1857/1799
f 1890/1858/1800 1347/1315/1269 1355/1323/1277
f 1355/1323/1277 1898/1866/1808 1890/1858/1800
f 1891/1859/1801 1348/1316/1270 1356/1324/1278
f 1356/1324/1278 1899/1867/1809 1891/1859/1801
f 1892/1860/1802 1349/1317/1271 1357/1325/1279
f 1357/1325/1279 1900/1868/1810 1892/1860/1802
f 1893/1861/1803 1350/1318/1272 1358/1326/1280
f 1358/1326/1280 1901/1869/1811 1893/1861/1803
f 1894/1863/1805 1351/1320/1274 1327/1294/1249
f 1327/1294/1249 1870/1837/1780 1894/1863/1805
f 1896/1864/1806 1353/1321/1275 1329/1296/1251
f 1329/1296/1251 1872/1839/1782 1896/1864/1806
f 1897/1865/1807 1354/1322/1276 1331/1298/1253
f 1331/1298/1253 1874/1841/1784 1897/1865/1807
f 1902/1870/1808 1359/1327/1277 1333/1300/1255
f 1333/1300/1255 1876/1843/1786 1902/1870/1808
f 1899/1867/1809 1356/1324/1278 1335/1302/1257
f 1335/1302/1257 1878/1845/1788 1899/1867/1809
f 1900/1868/1810 1357/1325/1279 1337/1304/1259
f 1337/1304/1259 1880/1847/1790 1900/1868/1810
f 1901/1869/1811 1358/1326/1280 1339/1306/1261
f 1339/1306/1261 1882/1849/1792 1901/1869/1811
f 943/912/879 1903/1871/1812 1904/1872/1813
f 1904/1872/1813 982/951/917 943/912/879
f 939/908/875 1905/1873/1814 1906/1874/1815
f 1906/1874/1815 984/952/918 939/908/875
f 935/904/871 1907/1875/1816 1908/1876/1817
f 1908/1876/1817 978/947/913 935/904/871
f 931/900/867 1909/1877/1818 1910/1878/1819
f 1910/1878/1819 976/945/911 931/900/867
f 927/896/863 1911/1879/1820 1912/1880/1821
f 1912/1880/1821 974/943/909 927/896/863
f 923/892/859 1913/1881/1822 1914/1882/1823
f 1914/1882/1823 972/941/907 923/892/859
f 919/888/855 1915/1883/1824 1916/1884/1825
f 1916/1884/1825 970/939/905 919/888/855
f 982/951/917 1904/1872/1813 1917/1885/1826
f 1917/1885/1826 968/937/903 982/951/917
f 980/949/915 1918/1886/1815 1919/1887/1827
f 1919/1887/1827 966/935/901 980/949/915
f 978/947/913 1908/1876/1817 1920/1888/1828
f 1920/1888/1828 964/933/899 978/947/913
f 976/945/911 1910/1878/1819 1921/1889/1829
f 1921/1889/1829 960/929/895 976/945/911
f 974/943/909 1912/1880/1821 1922/1890/1830
f 1922/1890/1830 958/927/893 974/943/909
f 972/941/907 1914/1882/1823 1923/1891/1831
f 1923/1891/1831 956/925/891 972/941/907
f 970/939/905 1916/1884/1825 1924/1892/1832
f 1924/1892/1832 952/921/888 970/939/905
f 968/937/903 1917/1885/1826 1925/1893/1833
f 1925/1893/1833 950/919/886 968/937/903
f 966/935/901 1919/1887/1827 1926/1894/1834
f 1926/1894/1834 948/917/884 966/935/901
f 964/933/899 1920/1888/1828 1927/1895/1835
f 1927/1895/1835 946/915/882 964/933/899
f 961/930/896 1928/1896/1836 1929/1897/1837
f 1929/1897/1837 942/911/878 961/930/896
f 960/929/895 1921/1889/1829 1928/1896/1836
f 1928/1896/1836 961/930/896 960/929/895
f 958/927/893 1922/1890/1830 1930/1898/1838
f 1930/1898/1838 938/907/874 958/927/893
f 956/925/891 1923/1891/1831 1931/1899/1839
f 1931/1899/1839 934/903/870 956/925/891
f 952/921/888 1924/1892/1832 1932/1900/1840
f 1932/1900/1840 953/922/889 952/921/888
f 950/919/886 1925/1893/1833 1933/1901/1841
f 1933/1901/1841 926/895/862 950/919/886
f 948/917/884 1926/1894/1834 1934/1902/1842
f 1934/1902/1842 922/891/858 948/917/884
f 946/915/882 1927/1895/1835 1935/1903/1843
f 1935/1903/1843 918/887/854 946/915/882
f 942/911/878 1929/1897/1837 1903/1871/1812
f 1903/1871/1812 943/912/879 942/911/878
f 938/907/874 1930/1898/1838 1905/1873/1814
f 1905/1873/1814 939/908/875 938/907/874
f 934/903/870 1931/1899/1839 1907/1875/1816
f 1907/1875/1816 935/904/871 934/903/870
f 930/899/866 1936/1904/1840 1909/1877/1818
f 1909/1877/1818 931/900/867 930/899/866
f 926/895/862 1933/1901/1841 1911/1879/1820
f 1911/1879/1820 927/896/863 926/895/862
f 922/891/858 1934/1902/1842 1913/1881/1822
f 1913/1881/1822 923/892/859 922/891/858
f 918/887/854 1935/1903/1843 1915/1883/1824
f 1915/1883/1824 919/888/855 918/887/854
f 1325/1293/1248 1937/1905/1844 1938/1906/1845
f 1938/1906/1845 1313/1281/1237 1325/1293/1248
f 1324/1292/1247 1939/1907/1846 1940/1908/1847
f 1940/1908/1847 1294/1262/1219 1324/1292/1247
f 1323/1291/1246 1941/1909/1848 1942/1910/1849
f 1942/1910/1849 1292/1260/1217 1323/1291/1246
f 1322/1290/1245 1943/1911/1850 1937/1905/1844
f 1937/1905/1844 1325/1293/1248 1322/1290/1245
f 1321/1289/1244 1944/1912/1851 1939/1907/1846
f 1939/1907/1846 1324/1292/1247 1321/1289/1244
f 1320/1288/1243 1945/1913/1852 1941/1909/1848
f 1941/1909/1848 1323/1291/1246 1320/1288/1243
f 1319/1287/1242 1946/1914/1853 1943/1911/1850
f 1943/1911/1850 1322/1290/1245 1319/1287/1242
f 1317/1285/1241 1947/1915/1854 1944/1912/1851
f 1944/1912/1851 1321/1289/1244 1317/1285/1241
f 1316/1284/1240 1948/1916/1855 1945/1913/1852
f 1945/1913/1852 1320/1288/1243 1316/1284/1240
f 1318/1286/1239 1949/1917/1856 1946/1914/1853
f 1946/1914/1853 1319/1287/1242 1318/1286/1239
f 1314/1282/1238 1950/1918/1857 1947/1915/1854
f 1947/1915/1854 1317/1285/1241 1314/1282/1238
f 1312/1280/1236 1951/1919/1858 1948/1916/1855
f 1948/1916/1855 1316/1284/1240 1312/1280/1236
f 1311/1279/1235 1952/1920/1859 1953/1921/1860
f 1953/1921/1860 1315/1283/1239 1311/1279/1235
f 1313/1281/1237 1938/1906/1845 1950/1918/1857
f 1950/1918/1857 1314/1282/1238 1313/1281/1237
f 1310/1278/1234 1954/1922/1861 1951/1919/1858
f 1951/1919/1858 1312/1280/1236 1310/1278/1234
f 1308/1276/1233 1955/1923/1862 1952/1920/1859
f 1952/1920/1859 1311/1279/1235 1308/1276/1233
f 1309/1277/1232 1956/1924/1863 1954/1922/1861
f 1954/1922/1861 1310/1278/1234 1309/1277/1232
f 1306/1274/1231 1957/1925/1864 1955/1923/1862
f 1955/1923/1862 1308/1276/1233 1306/1274/1231
f 1305/1273/1230 1958/1926/1865 1959/1927/1866
f 1959/1927/1866 1307/1275/1232 1305/1273/1230
f 1304/1272/1229 1960/1928/1867 1957/1925/1864
f 1957/1925/1864 1306/1274/1231 1304/1272/1229
f 1303/1271/1228 1961/1929/1868 1958/1926/1865
f 1958/1926/1865 1305/1273/1230 1303/1271/1228
f 1302/1270/1227 1962/1930/1869 1960/1928/1867
f 1960/1928/1867 1304/1272/1229 1302/1270/1227
f 1301/1269/1226 1963/1931/1870 1961/1929/1868
f 1961/1929/1868 1303/1271/1228 1301/1269/1226
f 1300/1268/1225 1964/1932/1871 1962/1930/1869
f 1962/1930/1869 1302/1270/1227 1300/1268/1225
f 1299/1267/1224 1965/1933/1872 1963/1931/1870
f 1963/1931/1870 1301/1269/1226 1299/1267/1224
f 1298/1266/1223 1966/1934/1873 1964/1932/1871
f 1964/1932/1871 1300/1268/1225 1298/1266/1223
f 1297/1265/1222 1967/1935/1874 1965/1933/1872
f 1965/1933/1872 1299/1267/1224 1297/1265/1222
f 1296/1264/1221 1968/1936/1875 1966/1934/1873
f 1966/1934/1873 1298/1266/1223 1296/1264/1221
f 1295/1263/1220 1969/1937/1876 1967/1935/1874
f 1967/1935/1874 1297/1265/1222 1295/1263/1220
f 1293/1261/1218 1970/1938/1877 1968/1936/1875
f 1968/1936/1875 1296/1264/1221 1293/1261/1218
f 1294/1262/1219 1940/1908/1847 1969/1937/1876
f 1969/1937/1876 1295/1263/1220 1294/1262/1219
f 1292/1260/1217 1942/1910/1849 1970/1938/1877
f 1970/1938/1877 1293/1261/1218 1292/1260/1217
f 1704/1672/1621 1971/1939/1878 1972/1940/1879
f 1972/1940/1879 1732/1700/1647 1704/1672/1621
f 1702/1670/1619 1973/1941/1880 1974/1942/1881
f 1974/1942/1881 1731/1699/1646 1702/1670/1619
f 1700/1668/1617 1975/1943/1882 1976/1944/1883
f 1976/1944/1883 1730/1698/1645 1700/1668/1617
f 1732/1700/1647 1972/1940/1879 1977/1945/1884
f 1977/1945/1884 1729/1697/1644 1732/1700/1647
f 1731/1699/1646 1974/1942/1881 1978/1946/1885
f 1978/1946/1885 1728/1696/1643 1731/1699/1646
f 1730/1698/1645 1976/1944/1883 1979/1947/1886
f 1979/1947/1886 1727/1695/1642 1730/1698/1645
f 1729/1697/1644 1977/1945/1884 1980/1948/1887
f 1980/1948/1887 1726/1694/1641 1729/1697/1644
f 1728/1696/1643 1978/1946/1885 1981/1949/1888
f 1981/1949/1888 1725/1693/1640 1728/1696/1643
f 1727/1695/1642 1979/1947/1886 1982/1950/1889
f 1982/1950/1889 1707/1675/1623 1727/1695/1642
f 1726/1694/1641 1980/1948/1887 1983/1951/1890
f 1983/1951/1890 1724/1692/1639 1726/1694/1641
f 1725/1693/1640 1981/1949/1888 1984/1952/1891
f 1984/1952/1891 1723/1691/1638 1725/1693/1640
f 1724/1692/1639 1983/1951/1890 1985/1953/1892
f 1985/1953/1892 1722/1690/1637 1724/1692/1639
f 1723/1691/1638 1984/1952/1891 1986/1954/1893
f 1986/1954/1893 1721/1689/1636 1723/1691/1638
f 1722/1690/1637 1985/1953/1892 1987/1955/1894
f 1987/1955/1894 1720/1688/1635 1722/1690/1637
f 1721/1689/1636 1986/1954/1893 1988/1956/1895
f 1988/1956/1895 1719/1687/1634 1721/1689/1636
f 1720/1688/1635 1987/1955/1894 1989/1957/1896
f 1989/1957/1896 1718/1686/1633 1720/1688/1635
f 1719/1687/1634 1988/1956/1895 1990/1958/1897
f 1990/1958/1897 1717/1685/1632 1719/1687/1634
f 1718/1686/1633 1989/1957/1896 1991/1959/1898
f 1991/1959/1898 1716/1684/1631 1718/1686/1633
f 1717/1685/1632 1990/1958/1897 1992/1960/1899
f 1992/1960/1899 1715/1683/1630 1717/1685/1632
f 1716/1684/1631 1991/1959/1898 1993/1961/1900
f 1993/1961/1900 1714/1682/1629 1716/1684/1631
f 1715/1683/1630 1992/1960/1899 1994/1962/1901
f 1994/1962/1901 1712/1680/1628 1715/1683/1630
f 1714/1682/1629 1993/1961/1900 1995/1963/1902
f 1995/1963/1902 1711/1679/1627 1714/1682/1629
f 1712/1680/1628 1994/1962/1901 1996/1964/1903
f 1996/1964/1903 1713/1681/1626 1712/1680/1628
f 1711/1679/1627 1995/1963/1902 1997/1965/1904
f 1997/1965/1904 1709/1677/1625 1711/1679/1627
f 1710/1678/1626 1998/1966/1905 1999/1967/1906
f 1999/1967/1906 1708/1676/1624 1710/1678/1626
f 1709/1677/1625 1997/1965/1904 2000/1968/1907
f 2000/1968/1907 1705/1673/1622 1709/1677/1625
f 1708/1676/1624 1999/1967/1906 2001/1969/1908
f 2001/1969/1908 1703/1671/1620 1708/1676/1624
f 1707/1675/1623 1982/1950/1889 2002/1970/1909
f 2002/1970/1909 1701/1669/1618 1707/1675/1623
f 1705/1673/1622 2000/1968/1907 2003/1971/1910
f 2003/1971/1910 1706/1674/1616 1705/1673/1622
f 1703/1671/1620 2001/1969/1908 1971/1939/1878
f 1971/1939/1878 1704/1672/1621 1703/1671/1620
f 1701/1669/1618 2002/1970/1909 1973/1941/1880
f 1973/1941/1880 1702/1670/1619 1701/1669/1618
f 1699/1667/1616 2004/1972/1911 1975/1943/1882
f 1975/1943/1882 1700/1668/1617 1699/1667/1616
f 1698/1666/1615 2005/1973/1912 2006/1974/1913
f 2006/1974/1913 1669/1637/1588 1698/1666/1615
f 1696/1664/1614 2007/1975/1914 2008/1976/1915
f 2008/1976/1915 1667/1635/1586 1696/1664/1614
f 1695/1663/1613 2009/1977/1916 2010/1978/1917
f 2010/1978/1917 1665/1633/1584 1695/1663/1613
f 1694/1662/1612 2011/1979/1918 2012/1980/1912
f 2012/1980/1912 1697/1665/1615 1694/1662/1612
f 1676/1644/1595 2013/1981/1919 2007/1975/1914
f 2007/1975/1914 1696/1664/1614 1676/1644/1595
f 1693/1661/1611 2014/1982/1920 2009/1977/1916
f 2009/1977/1916 1695/1663/1613 1693/1661/1611
f 1691/1659/1610 2015/1983/1921 2011/1979/1918
f 2011/1979/1918 1694/1662/1612 1691/1659/1610
f 1692/1660/1609 2016/1984/1922 2014/1982/1920
f 2014/1982/1920 1693/1661/1611 1692/1660/1609
f 1689/1657/1608 2017/1985/1923 2015/1983/1921
f 2015/1983/1921 1691/1659/1610 1689/1657/1608
f 1688/1656/1607 2018/1986/1924 2019/1987/1922
f 2019/1987/1922 1690/1658/1609 1688/1656/1607
f 1687/1655/1606 2020/1988/1925 2017/1985/1923
f 2017/1985/1923 1689/1657/1608 1687/1655/1606
f 1686/1654/1605 2021/1989/1926 2018/1986/1924
f 2018/1986/1924 1688/1656/1607 1686/1654/1605
f 1685/1653/1604 2022/1990/1927 2020/1988/1925
f 2020/1988/1925 1687/1655/1606 1685/1653/1604
f 1684/1652/1603 2023/1991/1928 2021/1989/1926
f 2021/1989/1926 1686/1654/1605 1684/1652/1603
f 1683/1651/1602 2024/1992/1929 2022/1990/1927
f 2022/1990/1927 1685/1653/1604 1683/1651/1602
f 1682/1650/1601 2025/1993/1930 2023/1991/1928
f 2023/1991/1928 1684/1652/1603 1682/1650/1601
f 1681/1649/1600 2026/1994/1931 2024/1992/1929
f 2024/1992/1929 1683/1651/1602 1681/1649/1600
f 1680/1648/1599 2027/1995/1932 2025/1993/1930
f 2025/1993/1930 1682/1650/1601 1680/1648/1599
f 1679/1647/1598 2028/1996/1933 2026/1994/1931
f 2026/1994/1931 1681/1649/1600 1679/1647/1598
f 1678/1646/1597 2029/1997/1934 2027/1995/1932
f 2027/1995/1932 1680/1648/1599 1678/1646/1597
f 1677/1645/1596 2030/1998/1935 2028/1996/1933
f 2028/1996/1933 1679/1647/1598 1677/1645/1596
f 1675/1643/1594 2031/1999/1936 2029/1997/1934
f 2029/1997/1934 1678/1646/1597 1675/1643/1594
f 1674/1642/1593 2032/2000/1937 2030/1998/1935
f 2030/1998/1935 1677/1645/1596 1674/1642/1593
f 1673/1641/1592 2033/2001/1938 2013/1981/1919
f 2013/1981/1919 1676/1644/1595 1673/1641/1592
f 1672/1640/1591 2034/2002/1939 2031/1999/1936
f 2031/1999/1936 1675/1643/1594 1672/1640/1591
f 1671/1639/1590 2035/2003/1940 2032/2000/1937
f 2032/2000/1937 1674/1642/1593 1671/1639/1590
f 1670/1638/1589 2036/2004/1941 2033/2001/1938
f 2033/2001/1938 1673/1641/1592 1670/1638/1589
f 1668/1636/1587 2037/2005/1942 2034/2002/1939
f 2034/2002/1939 1672/1640/1591 1668/1636/1587
f 1666/1634/1585 2038/2006/1943 2035/2003/1940
f 2035/2003/1940 1671/1639/1590 1666/1634/1585
f 1669/1637/1588 2006/1974/1913 2036/2004/1941
f 2036/2004/1941 1670/1638/1589 1669/1637/1588
f 1667/1635/1586 2008/1976/1915 2037/2005/1942
f 2037/2005/1942 1668/1636/1587 1667/1635/1586
f 1665/1633/1584 2010/1978/1917 2038/2006/1943
f 2038/2006/1943 1666/1634/1585 1665/1633/1584
f 1797/1765/1711 2039/2007/1944 2040/2008/1945
f 2040/2008/1945 1737/1706/1653 1797/1765/1711
f 1795/1763/1709 2041/2009/1946 2042/2010/1947
f 2042/2010/1947 1799/1767/1713 1795/1763/1709
f 1793/1761/1707 2043/2011/1948 2039/2007/1944
f 2039/2007/1944 1797/1765/1711 1793/1761/1707
f 1791/1759/1705 2044/2012/1949 2041/2009/1946
f 2041/2009/1946 1795/1763/1709 1791/1759/1705
f 1789/1757/1703 2045/2013/1950 2043/2011/1948
f 2043/2011/1948 1793/1761/1707 1789/1757/1703
f 1787/1755/1701 2046/2014/1951 2044/2012/1949
f 2044/2012/1949 1791/1759/1705 1787/1755/1701
f 1785/1753/1699 2047/2015/1952 2045/2013/1950
f 2045/2013/1950 1789/1757/1703 1785/1753/1699
f 1783/1751/1697 2048/2016/1953 2046/2014/1951
f 2046/2014/1951 1787/1755/1701 1783/1751/1697
f 1781/1749/1695 2049/2017/1954 2047/2015/1952
f 2047/2015/1952 1785/1753/1699 1781/1749/1695
f 1779/1747/1693 2050/2018/1955 2048/2016/1953
f 2048/2016/1953 1783/1751/1697 1779/1747/1693
f 1777/1745/1691 2051/2019/1956 2049/2017/1954
f 2049/2017/1954 1781/1749/1695 1777/1745/1691
f 1775/1743/1689 2052/2020/1957 2050/2018/1955
f 2050/2018/1955 1779/1747/1693 1775/1743/1689
f 1773/1741/1687 2053/2021/1958 2051/2019/1956
f 2051/2019/1956 1777/1745/1691 1773/1741/1687
f 1771/1739/1685 2054/2022/1959 2052/2020/1957
f 2052/2020/1957 1775/1743/1689 1771/1739/1685
f 1769/1737/1683 2055/2023/1960 2053/2021/1958
f 2053/2021/1958 1773/1741/1687 1769/1737/1683
f 1767/1735/1681 2056/2024/1961 2057/2025/1962
f 2057/2025/1962 1743/1712/1659 1767/1735/1681
f 1765/1733/1679 2058/2026/1963 2054/2022/1959
f 2054/2022/1959 1771/1739/1685 1765/1733/1679
f 1763/1731/1677 2059/2027/1964 2055/2023/1960
f 2055/2023/1960 1769/1737/1683 1763/1731/1677
f 1761/1729/1675 2060/2028/1965 2056/2024/1961
f 2056/2024/1961 1767/1735/1681 1761/1729/1675
f 1759/1727/1673 2061/2029/1966 2058/2026/1963
f 2058/2026/1963 1765/1733/1679 1759/1727/1673
f 1757/1725/1671 2062/2030/1967 2059/2027/1964
f 2059/2027/1964 1763/1731/1677 1757/1725/1671
f 1754/1723/1669 2063/2031/1968 2060/2028/1965
f 2060/2028/1965 1761/1729/1675 1754/1723/1669
f 1751/1719/1666 2064/2032/1969 2061/2029/1966
f 2061/2029/1966 1759/1727/1673 1751/1719/1666
f 1749/1717/1664 2065/2033/1970 2062/2030/1967
f 2062/2030/1967 1757/1725/1671 1749/1717/1664
f 1753/1722/1668 2066/2034/1971 2063/2031/1968
f 2063/2031/1968 1754/1723/1669 1753/1722/1668
f 1744/1713/1660 2067/2035/1972 2064/2032/1969
f 2064/2032/1969 1751/1719/1666 1744/1713/1660
f 1741/1709/1656 2068/2036/1973 2065/2033/1970
f 2065/2033/1970 1749/1717/1664 1741/1709/1656
f 1738/1707/1654 2069/2037/1974 2070/2038/1975
f 2070/2038/1975 1747/1715/1662 1738/1707/1654
f 1743/1712/1659 2057/2025/1962 2067/2035/1972
f 2067/2035/1972 1744/1713/1660 1743/1712/1659
f 1734/1703/1650 2071/2039/1976 2068/2036/1973
f 2068/2036/1973 1741/1709/1656 1734/1703/1650
f 1737/1706/1653 2040/2008/1945 2069/2037/1974
f 2069/2037/1974 1738/1707/1654 1737/1706/1653
f 1733/1702/1649 2072/2040/1947 2071/2039/1976
f 2071/2039/1976 1734/1703/1650 1733/1702/1649
f 1188/1157/1115 1736/1701/1648 1735/1704/1651
f 1735/1704/1651 1186/1155/1114 1188/1157/1115
f 1123/1092/1052 1740/1705/1652 1739/1708/1655
f 1739/1708/1655 1182/1151/1111 1123/1092/1052
f 1186/1155/1114 1735/1704/1651 1742/1710/1657
f 1742/1710/1657 1180/1149/1109 1186/1155/1114
f 1157/1126/1086 1746/1711/1658 1745/1714/1661
f 1745/1714/1661 1178/1147/1107 1157/1126/1086
f 1182/1151/1111 1739/1708/1655 1748/1716/1663
f 1748/1716/1663 1183/1152/1112 1182/1151/1111
f 1180/1149/1109 1742/1710/1657 1750/1718/1665
f 1750/1718/1665 1174/1143/1103 1180/1149/1109
f 1178/1147/1107 1745/1714/1661 1752/1720/1667
f 1752/1720/1667 1172/1141/1101 1178/1147/1107
f 1176/1145/1105 1756/1721/1663 1755/1724/1670
f 1755/1724/1670 1170/1139/1099 1176/1145/1105
f 1174/1143/1103 1750/1718/1665 1758/1726/1672
f 1758/1726/1672 1168/1137/1097 1174/1143/1103
f 1172/1141/1101 1752/1720/1667 1760/1728/1674
f 1760/1728/1674 1166/1135/1095 1172/1141/1101
f 1170/1139/1099 1755/1724/1670 1762/1730/1676
f 1762/1730/1676 1164/1133/1093 1170/1139/1099
f 1168/1137/1097 1758/1726/1672 1764/1732/1678
f 1764/1732/1678 1162/1131/1091 1168/1137/1097
f 1166/1135/1095 1760/1728/1674 1766/1734/1680
f 1766/1734/1680 1160/1129/1089 1166/1135/1095
f 1164/1133/1093 1762/1730/1676 1768/1736/1682
f 1768/1736/1682 1156/1125/1085 1164/1133/1093
f 1162/1131/1091 1764/1732/1678 1770/1738/1684
f 1770/1738/1684 1154/1123/1083 1162/1131/1091
f 1160/1129/1089 1766/1734/1680 1772/1740/1686
f 1772/1740/1686 1152/1121/1081 1160/1129/1089
f 1156/1125/1085 1768/1736/1682 1746/1711/1658
f 1746/1711/1658 1157/1126/1086 1156/1125/1085
f 1154/1123/1083 1770/1738/1684 1774/1742/1688
f 1774/1742/1688 1150/1119/1079 1154/1123/1083
f 1152/1121/1081 1772/1740/1686 1776/1744/1690
f 1776/1744/1690 1148/1117/1077 1152/1121/1081
f 1150/1119/1079 1774/1742/1688 1778/1746/1692
f 1778/1746/1692 1146/1115/1075 1150/1119/1079
f 1148/1117/1077 1776/1744/1690 1780/1748/1694
f 1780/1748/1694 1144/1113/1073 1148/1117/1077
f 1146/1115/1075 1778/1746/1692 1782/1750/1696
f 1782/1750/1696 1142/1111/1071 1146/1115/1075
f 1144/1113/1073 1780/1748/1694 1784/1752/1698
f 1784/1752/1698 1140/1109/1069 1144/1113/1073
f 1142/1111/1071 1782/1750/1696 1786/1754/1700
f 1786/1754/1700 1138/1107/1067 1142/1111/1071
f 1140/1109/1069 1784/1752/1698 1788/1756/1702
f 1788/1756/1702 1136/1105/1065 1140/1109/1069
f 1138/1107/1067 1786/1754/1700 1790/1758/1704
f 1790/1758/1704 1134/1103/1063 1138/1107/1067
f 1136/1105/1065 1788/1756/1702 1792/1760/1706
f 1792/1760/1706 1132/1101/1061 1136/1105/1065
f 1134/1103/1063 1790/1758/1704 1794/1762/1708
f 1794/1762/1708 1130/1099/1059 1134/1103/1063
f 1132/1101/1061 1792/1760/1706 1796/1764/1710
f 1796/1764/1710 1126/1095/1055 1132/1101/1061
f 1130/1099/1059 1794/1762/1708 1798/1766/1712
f 1798/1766/1712 1122/1091/1051 1130/1099/1059
f 1126/1095/1055 1796/1764/1710 1800/1768/1648
f 1800/1768/1648 1127/1096/1056 1126/1095/1055
f 1122/1091/1051 1798/1766/1712 1740/1705/1652
f 1740/1705/1652 1123/1092/1052 1122/1091/1051
f 2076/2041/1977 2073/2042/1977 2074/2043/1978
f 2074/2043/1978 2075/2044/1978 2076/2041/1977
f 2080/2045/1979 2077/2046/1979 2078/2047/1980
f 2078/2047/1980 2079/2048/1980 2080/2045/1979
f 2084/2049/1981 2081/2050/1981 2082/2051/1982
f 2082/2051/1982 2083/2052/1982 2084/2049/1981
f 2086/2053/1983 2085/2054/1983 2073/2042/1977
f 2073/2042/1977 2076/2041/1977 2086/2053/1983
f 2088/2055/1984 2087/2056/1984 2077/2046/1979
f 2077/2046/1979 2080/2045/1979 2088/2055/1984
f 2090/2057/1985 2089/2058/1985 2085/2054/1983
f 2085/2054/1983 2086/2053/1983 2090/2057/1985
f 2092/2059/1986 2091/2060/1986 2087/2056/1984
f 2087/2056/1984 2088/2055/1984 2092/2059/1986
f 2096/2061/1987 2093/2062/1987 2094/2063/1985
f 2094/2063/1985 2095/2064/1985 2096/2061/1987
f 2098/2065/1988 2097/2066/1988 2091/2060/1986
f 2091/2060/1986 2092/2059/1986 2098/2065/1988
f 2100/2067/1989 2099/2068/1989 2093/2062/1987
f 2093/2062/1987 2096/2061/1987 2100/2067/1989
f 2102/2069/1990 2101/2070/1990 2097/2066/1988
f 2097/2066/1988 2098/2065/1988 2102/2069/1990
f 2104/2071/1991 2103/2072/1991 2099/2068/1989
f 2099/2068/1989 2100/2067/1989 2104/2071/1991
f 2106/2073/1992 2105/2074/1992 2101/2070/1990
f 2101/2070/1990 2102/2069/1990 2106/2073/1992
f 2108/2075/1993 2107/2076/1993 2103/2072/1991
f 2103/2072/1991 2104/2071/1991 2108/2075/1993
f 2110/2077/1994 2109/2078/1994 2105/2074/1992
f 2105/2074/1992 2106/2073/1992 2110/2077/1994
f 2112/2079/1995 2111/2080/1995 2107/2076/1993
f 2107/2076/1993 2108/2075/1993 2112/2079/1995
f 2114/2081/1996 2113/2082/1996 2109/2078/1994
f 2109/2078/1994 2110/2077/1994 2114/2081/1996
f 2116/2083/1997 2115/2084/1997 2111/2080/1995
f 2111/2080/1995 2112/2079/1995 2116/2083/1997
f 2118/2085/1998 2117/2086/1998 2113/2082/1996
f 2113/2082/1996 2114/2081/1996 2118/2085/1998
f 2120/2087/1999 2119/2088/1999 2115/2084/1997
f 2115/2084/1997 2116/2083/1997 2120/2087/1999
f 2122/2089/2000 2121/2090/2000 2117/2086/1998
f 2117/2086/1998 2118/2085/1998 2122/2089/2000
f 2124/2091/2001 2123/2092/2001 2081/2050/1981
f 2081/2050/1981 2084/2049/1981 2124/2091/2001
f 2126/2093/2002 2125/2094/2002 2119/2088/1999
f 2119/2088/1999 2120/2087/1999 2126/2093/2002
f 2128/2095/2003 2127/2096/2003 2121/2090/2000
f 2121/2090/2000 2122/2089/2000 2128/2095/2003
f 2130/2097/2004 2129/2098/2004 2123/2092/2001
f 2123/2092/2001 2124/2091/2001 2130/2097/2004
f 2132/2099/2005 2131/2100/2005 2125/2094/2002
f 2125/2094/2002 2126/2093/2002 2132/2099/2005
f 2134/2101/2006 2133/2102/2006 2127/2096/2003
f 2127/2096/2003 2128/2095/2003 2134/2101/2006
f 2136/2103/2007 2135/2104/2007 2129/2098/2004
f 2129/2098/2004 2130/2097/2004 2136/2103/2007
f 2138/2105/2008 2137/2106/2008 2131/2100/2005
f 2131/2100/2005 2132/2099/2005 2138/2105/2008
f 2075/2044/1978 2074/2043/1978 2133/2102/2006
f 2133/2102/2006 2134/2101/2006 2075/2044/1978
f 2079/2048/1980 2078/2047/1980 2135/2104/2007
f 2135/2104/2007 2136/2103/2007 2079/2048/1980
f 2083/2052/1982 2082/2051/1982 2137/2106/2008
f 2137/2106/2008 2138/2105/2008 2083/2052/1982
f 2142/2107/2009 2139/2108/2009 2140/2109/2010
f 2140/2109/2010 2141/2110/2010 2142/2107/2009
f 2146/2111/2011 2143/2112/2011 2144/2113/2012
f 2144/2113/2012 2145/2114/2012 2146/2111/2011
f 2150/2115/2013 2147/2116/2013 2148/2117/2014
f 2148/2117/2014 2149/2118/2014 2150/2115/2013
f 2152/2119/2015 2151/2120/2016 2139/2108/2009
f 2139/2108/2009 2142/2107/2009 2152/2119/2015
f 2154/2121/2017 2153/2122/2017 2143/2112/2011
f 2143/2112/2011 2146/2111/2011 2154/2121/2017
f 2156/2123/2018 2155/2124/2019 2147/2116/2013
f 2147/2116/2013 2150/2115/2013 2156/2123/2018
f 2158/2125/2020 2157/2126/2021 2151/2120/2016
f 2151/2120/2016 2152/2119/2015 2158/2125/2020
f 2160/2127/2022 2159/2128/2022 2153/2122/2017
f 2153/2122/2017 2154/2121/2017 2160/2127/2022
f 2162/2129/2023 2161/2130/2023 2155/2124/2019
f 2155/2124/2019 2156/2123/2018 2162/2129/2023
f 2164/2131/2024 2163/2132/2024 2157/2126/2021
f 2157/2126/2021 2158/2125/2020 2164/2131/2024
f 2166/2133/2025 2165/2134/2025 2159/2128/2022
f 2159/2128/2022 2160/2127/2022 2166/2133/2025
f 2168/2135/2026 2167/2136/2026 2163/2132/2024
f 2163/2132/2024 2164/2131/2024 2168/2135/2026
f 2170/2137/2027 2169/2138/2028 2165/2134/2025
f 2165/2134/2025 2166/2133/2025 2170/2137/2027
f 2174/2139/2029 2171/2140/2029 2172/2141/2026
f 2172/2141/2026 2173/2142/2026 2174/2139/2029
f 2176/2143/2030 2175/2144/2030 2169/2138/2028
f 2169/2138/2028 2170/2137/2027 2176/2143/2030
f 2178/2145/2031 2177/2146/2031 2171/2140/2029
f 2171/2140/2029 2174/2139/2029 2178/2145/2031
f 2180/2147/2032 2179/2148/2033 2175/2144/2030
f 2175/2144/2030 2176/2143/2030 2180/2147/2032
f 2182/2149/2034 2181/2150/2035 2177/2146/2031
f 2177/2146/2031 2178/2145/2031 2182/2149/2034
f 2184/2151/2036 2183/2152/2036 2179/2148/2033
f 2179/2148/2033 2180/2147/2032 2184/2151/2036
f 2186/2153/2037 2185/2154/2037 2181/2150/2035
f 2181/2150/2035 2182/2149/2034 2186/2153/2037
f 2188/2155/2038 2187/2156/2038 2183/2152/2036
f 2183/2152/2036 2184/2151/2036 2188/2155/2038
f 2190/2157/2039 2189/2158/2040 2185/2154/2037
f 2185/2154/2037 2186/2153/2037 2190/2157/2039
f 2192/2159/2041 2191/2160/2041 2187/2156/2038
f 2187/2156/2038 2188/2155/2038 2192/2159/2041
f 2194/2161/2042 2193/2162/2042 2189/2158/2040
f 2189/2158/2040 2190/2157/2039 2194/2161/2042
f 2196/2163/2043 2195/2164/2043 2191/2160/2041
f 2191/2160/2041 2192/2159/2041 2196/2163/2043
f 2198/2165/2044 2197/2166/2044 2193/2162/2042
f 2193/2162/2042 2194/2161/2042 2198/2165/2044
f 2200/2167/2045 2199/2168/2045 2195/2164/2043
f 2195/2164/2043 2196/2163/2043 2200/2167/2045
f 2202/2169/2046 2201/2170/2046 2161/2130/2023
f 2161/2130/2023 2162/2129/2023 2202/2169/2046
f 2204/2171/2047 2203/2172/2047 2197/2166/2044
f 2197/2166/2044 2198/2165/2044 2204/2171/2047
f 2141/2110/2010 2140/2109/2010 2199/2168/2045
f 2199/2168/2045 2200/2167/2045 2141/2110/2010
f 2145/2114/2012 2144/2113/2012 2201/2170/2046
f 2201/2170/2046 2202/2169/2046 2145/2114/2012
f 2149/2118/2014 2148/2117/2014 2203/2172/2047
f 2203/2172/2047 2204/2171/2047 2149/2118/2014
f 2208/2173/2048 2205/2174/2048 2206/2175/2049
f 2206/2175/2049 2207/2176/2049 2208/2173/2048
f 2212/2177/2050 2209/2178/2050 2210/2179/2051
f 2210/2179/2051 2211/2180/2051 2212/2177/2050
f 2214/2181/2052 2213/2182/2052 2205/2174/2048
f 2205/2174/2048 2208/2173/2048 2214/2181/2052
f 2211/2180/2051 2210/2179/2051 2215/2183/2053
f 2215/2183/2053 2216/2184/2053 2211/2180/2051
f 2218/2185/2054 2217/2186/2054 2213/2182/2052
f 2213/2182/2052 2214/2181/2052 2218/2185/2054
f 2216/2184/2053 2215/2183/2053 2219/2187/2055
f 2219/2187/2055 2220/2188/2055 2216/2184/2053
f 2222/2189/2056 2221/2190/2056 2217/2186/2054
f 2217/2186/2054 2218/2185/2054 2222/2189/2056
f 2220/2188/2055 2219/2187/2055 2223/2191/2057
f 2223/2191/2057 2224/2192/2057 2220/2188/2055
f 2226/2193/2058 2225/2194/2058 2221/2190/2056
f 2221/2190/2056 2222/2189/2056 2226/2193/2058
f 2230/2195/2059 2227/2196/2059 2228/2197/2060
f 2228/2197/2060 2229/2198/2060 2230/2195/2059
f 2224/2192/2057 2223/2191/2057 2231/2199/2061
f 2231/2199/2061 2232/2200/2061 2224/2192/2057
f 2234/2201/2062 2233/2202/2062 2225/2194/2058
f 2225/2194/2058 2226/2193/2058 2234/2201/2062
f 2236/2203/2063 2235/2204/2063 2227/2196/2059
f 2227/2196/2059 2230/2195/2059 2236/2203/2063
f 2232/2200/2061 2231/2199/2061 2237/2205/2064
f 2237/2205/2064 2238/2206/2064 2232/2200/2061
f 2242/2207/2065 2239/2208/2065 2240/2209/2062
f 2240/2209/2062 2241/2210/2062 2242/2207/2065
f 2244/2211/2066 2243/2212/2066 2235/2204/2063
f 2235/2204/2063 2236/2203/2063 2244/2211/2066
f 2238/2206/2064 2237/2205/2064 2245/2213/2067
f 2245/2213/2067 2246/2214/2067 2238/2206/2064
f 2248/2215/2068 2247/2216/2068 2239/2208/2065
f 2239/2208/2065 2242/2207/2065 2248/2215/2068
f 2250/2217/2069 2249/2218/2069 2243/2212/2066
f 2243/2212/2066 2244/2211/2066 2250/2217/2069
f 2246/2214/2067 2245/2213/2067 2251/2219/2070
f 2251/2219/2070 2252/2220/2070 2246/2214/2067
f 2254/2221/2071 2253/2222/2071 2247/2216/2068
f 2247/2216/2068 2248/2215/2068 2254/2221/2071
f 2256/2223/2072 2255/2224/2072 2249/2218/2069
f 2249/2218/2069 2250/2217/2069 2256/2223/2072
f 2252/2220/2070 2251/2219/2070 2257/2225/2073
f 2257/2225/2073 2258/2226/2073 2252/2220/2070
f 2229/2198/2060 2228/2197/2060 2253/2222/2071
f 2253/2222/2071 2254/2221/2071 2229/2198/2060
f 2262/2227/2074 2259/2228/2074 2260/2229/2072
f 2260/2229/2072 2261/2230/2072 2262/2227/2074
f 2258/2226/2073 2257/2225/2073 2263/2231/2075
f 2263/2231/2075 2264/2232/2075 2258/2226/2073
f 2266/2233/2076 2265/2234/2076 2259/2228/2074
f 2259/2228/2074 2262/2227/2074 2266/2233/2076
f 2264/2232/2075 2263/2231/2075 2267/2235/2077
f 2267/2235/2077 2268/2236/2077 2264/2232/2075
f 2270/2237/2078 2269/2238/2078 2265/2234/2076
f 2265/2234/2076 2266/2233/2076 2270/2237/2078
f 2268/2236/2077 2267/2235/2077 2271/2239/2079
f 2271/2239/2079 2272/2240/2079 2268/2236/2077
f 2274/2241/2080 2273/2242/2080 2269/2238/2078
f 2269/2238/2078 2270/2237/2078 2274/2241/2080
f 2272/2240/2079 2271/2239/2079 2275/2243/2081
f 2275/2243/2081 2276/2244/2081 2272/2240/2079
f 2280/2245/1983 2277/2184/1983 2278/2188/1977
f 2278/2188/1977 2279/2246/1977 2280/2245/1983
f 2284/2189/1984 2281/2247/1984 2282/2248/1979
f 2282/2248/1979 2283/2193/1979 2284/2189/1984
f 2286/2249/1985 2285/2180/1985 2277/2184/1983
f 2277/2184/1983 2280/2245/1983 2286/2249/1985
f 2288/2185/1986 2287/2250/1986 2281/2247/1984
f 2281/2247/1984 2284/2189/1984 2288/2185/1986
f 2291/2251/1987 2289/2177/1987 2285/2180/1985
f 2285/2180/1985 2290/2252/1985 2291/2251/1987
f 2293/2181/1988 2292/2244/1988 2287/2250/1986
f 2287/2250/1986 2288/2185/1986 2293/2181/1988
f 2295/2253/1989 2294/2254/1989 2289/2177/1987
f 2289/2177/1987 2291/2251/1987 2295/2253/1989
f 2297/2173/1990 2296/2240/1990 2292/2244/1988
f 2292/2244/1988 2293/2181/1988 2297/2173/1990
f 2299/2241/1991 2298/2255/1991 2294/2254/1989
f 2294/2254/1989 2295/2253/1989 2299/2241/1991
f 2301/2176/1992 2300/2236/1992 2296/2240/1990
f 2296/2240/1990 2297/2173/1990 2301/2176/1992
f 2303/2237/1993 2302/2256/1993 2298/2255/1991
f 2298/2255/1991 2299/2241/1991 2303/2237/1993
f 2305/2257/2082 2304/2232/2082 2300/2236/1992
f 2300/2236/1992 2301/2176/1992 2305/2257/2082
f 2307/2233/1995 2306/2258/1995 2302/2256/1993
f 2302/2256/1993 2303/2237/1993 2307/2233/1995
f 2310/2259/1996 2308/2226/1996 2304/2232/2083
f 2304/2232/2083 2309/2260/1994 2310/2259/1996
f 2312/2227/1997 2311/2261/1997 2306/2258/1995
f 2306/2258/1995 2307/2233/1995 2312/2227/1997
f 2314/2262/1998 2313/2220/1998 2308/2226/1996
f 2308/2226/1996 2310/2259/1996 2314/2262/1998
f 2316/2230/2084 2315/2263/2084 2311/2261/1997
f 2311/2261/1997 2312/2227/1997 2316/2230/2084
f 2318/2264/2000 2317/2214/2000 2313/2220/1998
f 2313/2220/1998 2314/2262/1998 2318/2264/2000
f 2322/2221/2001 2319/2265/2001 2320/2266/1981
f 2320/2266/1981 2321/2198/1981 2322/2221/2001
f 2325/2217/2002 2323/2267/2002 2315/2263/2085
f 2315/2263/2085 2324/2223/2085 2325/2217/2002
f 2327/2268/2003 2326/2206/2003 2317/2214/2000
f 2317/2214/2000 2318/2264/2000 2327/2268/2003
f 2329/2215/2004 2328/2269/2004 2319/2265/2001
f 2319/2265/2001 2322/2221/2001 2329/2215/2004
f 2331/2211/2005 2330/2270/2005 2323/2267/2002
f 2323/2267/2002 2325/2217/2002 2331/2211/2005
f 2333/2271/2006 2332/2200/2006 2326/2206/2003
f 2326/2206/2003 2327/2268/2003 2333/2271/2006
f 2335/2207/2007 2334/2272/2007 2328/2269/2004
f 2328/2269/2004 2329/2215/2004 2335/2207/2007
f 2337/2203/2008 2336/2273/2008 2330/2270/2005
f 2330/2270/2005 2331/2211/2005 2337/2203/2008
f 2339/2274/1978 2338/2192/1978 2332/2200/2006
f 2332/2200/2006 2333/2271/2006 2339/2274/1978
f 2341/2210/1980 2340/2275/1980 2334/2272/2007
f 2334/2272/2007 2335/2207/2007 2341/2210/1980
f 2343/2195/1982 2342/2276/1982 2336/2273/2008
f 2336/2273/2008 2337/2203/2008 2343/2195/1982
f 2279/2246/1977 2278/2188/1977 2338/2192/1978
f 2338/2192/1978 2339/2274/1978 2279/2246/1977
f 2283/2193/1979 2282/2248/1979 2340/2275/1980
f 2340/2275/1980 2344/2201/1980 2283/2193/1979
f 2321/2198/1981 2320/2266/1981 2342/2276/1982
f 2342/2276/1982 2343/2195/1982 2321/2198/1981
f 2346/2254/2086 2345/2277/2086 2209/2178/2050
f 2209/2178/2050 2212/2177/2050 2346/2254/2086
f 2207/2176/2049 2206/2175/2049 2347/2278/2087
f 2347/2278/2087 2348/2257/2087 2207/2176/2049
f 2350/2255/2088 2349/2279/2088 2345/2277/2086
f 2345/2277/2086 2346/2254/2086 2350/2255/2088
f 2354/2260/2087 2351/2280/2087 2352/2281/2089
f 2352/2281/2089 2353/2259/2089 2354/2260/2087
f 2356/2256/2090 2355/2282/2090 2349/2279/2088
f 2349/2279/2088 2350/2255/2088 2356/2256/2090
f 2353/2259/2089 2352/2281/2089 2357/2283/2091
f 2357/2283/2091 2358/2262/2091 2353/2259/2089
f 2360/2258/2092 2359/2284/2093 2355/2282/2090
f 2355/2282/2090 2356/2256/2090 2360/2258/2092
f 2358/2262/2091 2357/2283/2091 2361/2285/2094
f 2361/2285/2094 2362/2264/2094 2358/2262/2091
f 2364/2261/2095 2363/2286/2095 2359/2284/2093
f 2359/2284/2093 2360/2258/2092 2364/2261/2095
f 2362/2264/2094 2361/2285/2094 2365/2287/2096
f 2365/2287/2096 2366/2268/2096 2362/2264/2094
f 2368/2263/2097 2367/2288/2097 2363/2286/2095
f 2363/2286/2095 2364/2261/2095 2368/2263/2097
f 2372/2265/2098 2369/2289/2098 2370/2290/2099
f 2370/2290/2099 2371/2266/2099 2372/2265/2098
f 2366/2268/2096 2365/2287/2096 2373/2291/2100
f 2373/2291/2100 2374/2271/2100 2366/2268/2096
f 2376/2267/2101 2375/2292/2101 2367/2288/2097
f 2367/2288/2097 2368/2263/2097 2376/2267/2101
f 2378/2269/2102 2377/2293/2102 2369/2289/2098
f 2369/2289/2098 2372/2265/2098 2378/2269/2102
f 2374/2271/2100 2373/2291/2100 2379/2294/2103
f 2379/2294/2103 2380/2274/2103 2374/2271/2100
f 2382/2270/2104 2381/2295/2104 2375/2292/2101
f 2375/2292/2101 2376/2267/2101 2382/2270/2104
f 2384/2272/2105 2383/2296/2105 2377/2293/2102
f 2377/2293/2102 2378/2269/2102 2384/2272/2105
f 2380/2274/2103 2379/2294/2103 2385/2297/2106
f 2385/2297/2106 2386/2246/2106 2380/2274/2103
f 2388/2273/2107 2387/2298/2107 2381/2295/2104
f 2381/2295/2104 2382/2270/2104 2388/2273/2107
f 2390/2275/2108 2389/2299/2108 2383/2296/2105
f 2383/2296/2105 2384/2272/2105 2390/2275/2108
f 2386/2246/2106 2385/2297/2106 2391/2300/2109
f 2391/2300/2109 2392/2245/2109 2386/2246/2106
f 2394/2276/2110 2393/2301/2110 2387/2298/2107
f 2387/2298/2107 2388/2273/2107 2394/2276/2110
f 2396/2248/2111 2395/2302/2111 2389/2299/2108
f 2389/2299/2108 2390/2275/2108 2396/2248/2111
f 2392/2245/2109 2391/2300/2109 2397/2303/2112
f 2397/2303/2112 2398/2249/2112 2392/2245/2109
f 2371/2266/2099 2370/2290/2099 2393/2301/2110
f 2393/2301/2110 2394/2276/2110 2371/2266/2099
f 2400/2247/2113 2399/2304/2113 2395/2302/2111
f 2395/2302/2111 2396/2248/2111 2400/2247/2113
f 2404/2252/2112 2401/2305/2112 2402/2306/2114
f 2402/2306/2114 2403/2251/2114 2404/2252/2112
f 2406/2250/2115 2405/2307/2115 2399/2304/2113
f 2399/2304/2113 2400/2247/2113 2406/2250/2115
f 2403/2251/2114 2402/2306/2114 2407/2308/2116
f 2407/2308/2116 2408/2253/2116 2403/2251/2114
f 2276/2244/2081 2275/2243/2081 2405/2307/2115
f 2405/2307/2115 2406/2250/2115 2276/2244/2081
f 2408/2253/2116 2407/2308/2116 2273/2242/2080
f 2273/2242/2080 2274/2241/2080 2408/2253/2116
f 2412/2309/1984 2409/2310/1984 2410/2311/1979
f 2410/2311/1979 2411/2312/1979 2412/2309/1984
f 2416/2313/1985 2413/2314/1985 2414/2315/1983
f 2414/2315/1983 2415/2316/1983 2416/2313/1985
f 2418/2317/1986 2417/2318/1986 2409/2310/1984
f 2409/2310/1984 2412/2309/1984 2418/2317/1986
f 2422/2319/1987 2419/2320/1987 2420/2321/1985
f 2420/2321/1985 2421/2322/1985 2422/2319/1987
f 2424/2323/1988 2423/2324/1988 2417/2318/1986
f 2417/2318/1986 2418/2317/1986 2424/2323/1988
f 2426/2325/1989 2425/2326/1989 2419/2320/1987
f 2419/2320/1987 2422/2319/1987 2426/2325/1989
f 2428/2327/1990 2427/2328/1990 2423/2324/1988
f 2423/2324/1988 2424/2323/1988 2428/2327/1990
f 2430/2329/1991 2429/2330/1991 2425/2326/1989
f 2425/2326/1989 2426/2325/1989 2430/2329/1991
f 2432/2331/1992 2431/2332/1992 2427/2328/1990
f 2427/2328/1990 2428/2327/1990 2432/2331/1992
f 2434/2333/1993 2433/2334/1993 2429/2330/1991
f 2429/2330/1991 2430/2329/1991 2434/2333/1993
f 2436/2335/1994 2435/2336/1994 2431/2332/1992
f 2431/2332/1992 2432/2331/1992 2436/2335/1994
f 2438/2337/1995 2437/2338/1995 2433/2334/1993
f 2433/2334/1993 2434/2333/1993 2438/2337/1995
f 2440/2339/1996 2439/2340/1996 2435/2336/1994
f 2435/2336/1994 2436/2335/1994 2440/2339/1996
f 2442/2341/1997 2441/2342/1997 2437/2338/1995
f 2437/2338/1995 2438/2337/1995 2442/2341/1997
f 2444/2343/1998 2443/2344/1998 2439/2340/1996
f 2439/2340/1996 2440/2339/1996 2444/2343/1998
f 2446/2345/1999 2445/2346/1999 2441/2342/1997
f 2441/2342/1997 2442/2341/1997 2446/2345/1999
f 2448/2347/2000 2447/2348/2000 2443/2344/1998
f 2443/2344/1998 2444/2343/1998 2448/2347/2000
f 2452/2349/2001 2449/2350/2001 2450/2351/1981
f 2450/2351/1981 2451/2352/1981 2452/2349/2001
f 2454/2353/2002 2453/2354/2002 2445/2346/1999
f 2445/2346/1999 2446/2345/1999 2454/2353/2002
f 2456/2355/2003 2455/2356/2003 2447/2348/2000
f 2447/2348/2000 2448/2347/2000 2456/2355/2003
f 2458/2357/2004 2457/2358/2004 2449/2350/2001
f 2449/2350/2001 2452/2349/2001 2458/2357/2004
f 2460/2359/2005 2459/2360/2005 2453/2354/2002
f 2453/2354/2002 2454/2353/2002 2460/2359/2005
f 2462/2361/2006 2461/2362/2006 2455/2356/2003
f 2455/2356/2003 2456/2355/2003 2462/2361/2006
f 2464/2363/2007 2463/2364/2007 2457/2358/2004
f 2457/2358/2004 2458/2357/2004 2464/2363/2007
f 2466/2365/2008 2465/2366/2008 2459/2360/2005
f 2459/2360/2005 2460/2359/2005 2466/2365/2008
f 2468/2367/1978 2467/2368/1978 2461/2362/2006
f 2461/2362/2006 2462/2361/2006 2468/2367/1978
f 2470/2369/1980 2469/2370/1980 2463/2364/2007
f 2463/2364/2007 2464/2363/2007 2470/2369/1980
f 2472/2371/1982 2471/2372/1982 2465/2366/2008
f 2465/2366/2008 2466/2365/2008 2472/2371/1982
f 2474/2373/1977 2473/2374/1977 2467/2368/1978
f 2467/2368/1978 2468/2367/1978 2474/2373/1977
f 2411/2312/1979 2410/2311/1979 2469/2370/1980
f 2469/2370/1980 2470/2369/1980 2411/2312/1979
f 2451/2352/1981 2450/2351/1981 2471/2372/1982
f 2471/2372/1982 2472/2371/1982 2451/2352/1981
f 2415/2316/1983 2414/2315/1983 2473/2374/1977
f 2473/2374/1977 2474/2373/1977 2415/2316/1983
f 2478/2375/2117 2475/2355/2117 2476/2347/2118
f 2476/2347/2118 2477/2376/2118 2478/2375/2117
f 2482/2377/2119 2479/2357/2119 2480/2349/2120
f 2480/2349/2120 2481/2378/2120 2482/2377/2119
f 2486/2379/2121 2483/2359/2121 2484/2353/2122
f 2484/2353/2122 2485/2380/2122 2486/2379/2121
f 2488/2381/2123 2487/2361/2123 2475/2355/2117
f 2475/2355/2117 2478/2375/2117 2488/2381/2123
f 2490/2382/2124 2489/2363/2124 2479/2357/2119
f 2479/2357/2119 2482/2377/2119 2490/2382/2124
f 2492/2383/2125 2491/2365/2125 2483/2359/2121
f 2483/2359/2121 2486/2379/2121 2492/2383/2125
f 2494/2384/2126 2493/2367/2126 2487/2361/2123
f 2487/2361/2123 2488/2381/2123 2494/2384/2126
f 2496/2385/2127 2495/2369/2127 2489/2363/2124
f 2489/2363/2124 2490/2382/2124 2496/2385/2127
f 2498/2386/2128 2497/2371/2128 2491/2365/2125
f 2491/2365/2125 2492/2383/2125 2498/2386/2128
f 2500/2387/2129 2499/2373/2129 2493/2367/2126
f 2493/2367/2126 2494/2384/2126 2500/2387/2129
f 2503/2388/2130 2501/2312/2130 2495/2369/2127
f 2495/2369/2127 2502/2389/2127 2503/2388/2130
f 2505/2390/2131 2504/2352/2131 2497/2371/2128
f 2497/2371/2128 2498/2386/2128 2505/2390/2131
f 2507/2391/2132 2506/2316/2133 2499/2373/2129
f 2499/2373/2129 2500/2387/2129 2507/2391/2132
f 2509/2392/2134 2508/2309/2135 2501/2312/2130
f 2501/2312/2130 2503/2388/2130 2509/2392/2134
f 2511/2393/2136 2510/2313/2136 2506/2316/2133
f 2506/2316/2133 2507/2391/2132 2511/2393/2136
f 2513/2394/2137 2512/2317/2137 2508/2309/2135
f 2508/2309/2135 2509/2392/2134 2513/2394/2137
f 2517/2395/2138 2514/2319/2139 2515/2322/2136
f 2515/2322/2136 2516/2396/2136 2517/2395/2138
f 2519/2397/2140 2518/2323/2140 2512/2317/2137
f 2512/2317/2137 2513/2394/2137 2519/2397/2140
f 2521/2398/2141 2520/2325/2141 2514/2319/2139
f 2514/2319/2139 2517/2395/2138 2521/2398/2141
f 2523/2399/2142 2522/2327/2142 2518/2323/2140
f 2518/2323/2140 2519/2397/2140 2523/2399/2142
f 2525/2400/2143 2524/2329/2143 2520/2325/2141
f 2520/2325/2141 2521/2398/2141 2525/2400/2143
f 2527/2401/2144 2526/2331/2144 2522/2327/2142
f 2522/2327/2142 2523/2399/2142 2527/2401/2144
f 2529/2402/2145 2528/2333/2145 2524/2329/2143
f 2524/2329/2143 2525/2400/2143 2529/2402/2145
f 2531/2403/2146 2530/2335/2146 2526/2331/2144
f 2526/2331/2144 2527/2401/2144 2531/2403/2146
f 2533/2404/2147 2532/2337/2147 2528/2333/2145
f 2528/2333/2145 2529/2402/2145 2533/2404/2147
f 2536/2405/2148 2534/2339/2148 2530/2335/2149
f 2530/2335/2149 2535/2406/2149 2536/2405/2148
f 2538/2407/2150 2537/2341/2150 2532/2337/2147
f 2532/2337/2147 2533/2404/2147 2538/2407/2150
f 2540/2408/2151 2539/2343/2152 2534/2339/2148
f 2534/2339/2148 2536/2405/2148 2540/2408/2151
f 2542/2409/2153 2541/2345/2153 2537/2341/2150
f 2537/2341/2150 2538/2407/2150 2542/2409/2153
f 2477/2376/2118 2476/2347/2118 2539/2343/2152
f 2539/2343/2152 2540/2408/2151 2477/2376/2118
f 2481/2378/2120 2480/2349/2120 2504/2352/2131
f 2504/2352/2131 2505/2390/2131 2481/2378/2120
f 2485/2380/2122 2484/2353/2122 2541/2345/2154
f 2541/2345/2154 2543/2410/2154 2485/2380/2122
f 2547/2411/2155 2544/2412/2155 2545/2413/2156
f 2545/2413/2156 2546/2414/2156 2547/2411/2155
f 2551/2415/2157 2548/2416/2157 2549/2417/2158
f 2549/2417/2158 2550/2418/2158 2551/2415/2157
f 2553/2419/2159 2552/2420/2159 2544/2412/2155
f 2544/2412/2155 2547/2411/2155 2553/2419/2159
f 2555/2421/2160 2554/2422/2160 2548/2416/2157
f 2548/2416/2157 2551/2415/2157 2555/2421/2160
f 2557/2423/2161 2556/2424/2161 2552/2420/2159
f 2552/2420/2159 2553/2419/2159 2557/2423/2161
f 2559/2425/2162 2558/2426/2163 2554/2422/2160
f 2554/2422/2160 2555/2421/2160 2559/2425/2162
f 2563/2427/2164 2560/2428/2164 2561/2429/2161
f 2561/2429/2161 2562/2430/2161 2563/2427/2164
f 2565/2431/2165 2564/2432/2166 2558/2426/2163
f 2558/2426/2163 2559/2425/2162 2565/2431/2165
f 2567/2433/2167 2566/2434/2167 2560/2428/2164
f 2560/2428/2164 2563/2427/2164 2567/2433/2167
f 2569/2435/2168 2568/2436/2168 2564/2432/2166
f 2564/2432/2166 2565/2431/2165 2569/2435/2168
f 2571/2437/2169 2570/2438/2170 2566/2434/2167
f 2566/2434/2167 2567/2433/2167 2571/2437/2169
f 2573/2439/2171 2572/2440/2171 2568/2436/2168
f 2568/2436/2168 2569/2435/2168 2573/2439/2171
f 2575/2441/2172 2574/2442/2172 2570/2438/2170
f 2570/2438/2170 2571/2437/2169 2575/2441/2172
f 2577/2443/2173 2576/2444/2174 2572/2440/2171
f 2572/2440/2171 2573/2439/2171 2577/2443/2173
f 2581/2445/2175 2578/2446/2175 2579/2447/2176
f 2579/2447/2176 2580/2448/2176 2581/2445/2175
f 2583/2449/2177 2582/2450/2177 2574/2442/2172
f 2574/2442/2172 2575/2441/2172 2583/2449/2177
f 2585/2451/2178 2584/2452/2178 2576/2444/2174
f 2576/2444/2174 2577/2443/2173 2585/2451/2178
f 2587/2453/2179 2586/2454/2179 2578/2446/2175
f 2578/2446/2175 2581/2445/2175 2587/2453/2179
f 2589/2455/2180 2588/2456/2180 2582/2450/2177
f 2582/2450/2177 2583/2449/2177 2589/2455/2180
f 2591/2457/2181 2590/2458/2181 2584/2452/2178
f 2584/2452/2178 2585/2451/2178 2591/2457/2181
f 2593/2459/2182 2592/2460/2182 2586/2454/2179
f 2586/2454/2179 2587/2453/2179 2593/2459/2182
f 2595/2461/2183 2594/2462/2183 2588/2456/2180
f 2588/2456/2180 2589/2455/2180 2595/2461/2183
f 2599/2463/2184 2596/2464/2184 2597/2465/2181
f 2597/2465/2181 2598/2466/2181 2599/2463/2184
f 2601/2467/2185 2600/2468/2185 2592/2460/2182
f 2592/2460/2182 2593/2459/2182 2601/2467/2185
f 2603/2469/2186 2602/2470/2186 2594/2462/2183
f 2594/2462/2183 2595/2461/2183 2603/2469/2186
f 2605/2471/2187 2604/2472/2187 2596/2464/2184
f 2596/2464/2184 2599/2463/2184 2605/2471/2187
f 2607/2473/2188 2606/2474/2188 2600/2468/2185
f 2600/2468/2185 2601/2467/2185 2607/2473/2188
f 2609/2475/2176 2608/2476/2176 2602/2470/2186
f 2602/2470/2186 2603/2469/2186 2609/2475/2176
f 2611/2477/2189 2610/2478/2189 2604/2472/2187
f 2604/2472/2187 2605/2471/2187 2611/2477/2189
f 2613/2479/2190 2612/2480/2190 2606/2474/2188
f 2606/2474/2188 2607/2473/2188 2613/2479/2190
f 2546/2414/2156 2545/2413/2156 2610/2478/2189
f 2610/2478/2189 2611/2477/2189 2546/2414/2156
f 2615/2481/2158 2614/2482/2158 2612/2480/2190
f 2612/2480/2190 2613/2479/2190 2615/2481/2158
f 2619/2483/1993 2616/2427/1993 2617/2430/2191
f 2617/2430/2191 2618/2484/2191 2619/2483/1993
f 2623/2485/1994 2620/2431/1994 2621/2425/1992
f 2621/2425/1992 2622/2486/1992 2623/2485/1994
f 2625/2487/1995 2624/2433/1995 2616/2427/1993
f 2616/2427/1993 2619/2483/1993 2625/2487/1995
f 2627/2488/1996 2626/2435/1996 2620/2431/1994
f 2620/2431/1994 2623/2485/1994 2627/2488/1996
f 2629/2489/1997 2628/2437/1997 2624/2433/1995
f 2624/2433/1995 2625/2487/1995 2629/2489/1997
f 2631/2490/1998 2630/2439/1998 2626/2435/1996
f 2626/2435/1996 2627/2488/1996 2631/2490/1998
f 2633/2491/1999 2632/2441/1999 2628/2437/1997
f 2628/2437/1997 2629/2489/1997 2633/2491/1999
f 2635/2492/2000 2634/2443/2000 2630/2439/1998
f 2630/2439/1998 2631/2490/1998 2635/2492/2000
f 2639/2493/2001 2636/2445/2001 2637/2448/1981
f 2637/2448/1981 2638/2494/1981 2639/2493/2001
f 2641/2495/2002 2640/2449/2002 2632/2441/1999
f 2632/2441/1999 2633/2491/1999 2641/2495/2002
f 2643/2496/2003 2642/2451/2003 2634/2443/2000
f 2634/2443/2000 2635/2492/2000 2643/2496/2003
f 2645/2497/2004 2644/2453/2004 2636/2445/2001
f 2636/2445/2001 2639/2493/2001 2645/2497/2004
f 2647/2498/2005 2646/2455/2005 2640/2449/2002
f 2640/2449/2002 2641/2495/2002 2647/2498/2005
f 2649/2499/2006 2648/2457/2006 2642/2451/2003
f 2642/2451/2003 2643/2496/2003 2649/2499/2006
f 2651/2500/2007 2650/2459/2007 2644/2453/2004
f 2644/2453/2004 2645/2497/2004 2651/2500/2007
f 2653/2501/2008 2652/2461/2008 2646/2455/2005
f 2646/2455/2005 2647/2498/2005 2653/2501/2008
f 2656/2502/1978 2654/2463/1978 2655/2466/2006
f 2655/2466/2006 2649/2499/2006 2656/2502/1978
f 2658/2503/1980 2657/2467/1980 2650/2459/2007
f 2650/2459/2007 2651/2500/2007 2658/2503/1980
f 2660/2504/1982 2659/2469/1982 2652/2461/2008
f 2652/2461/2008 2653/2501/2008 2660/2504/1982
f 2662/2505/1977 2661/2471/1977 2654/2463/1978
f 2654/2463/1978 2656/2502/1978 2662/2505/1977
f 2664/2506/1979 2663/2473/1979 2657/2467/1980
f 2657/2467/1980 2658/2503/1980 2664/2506/1979
f 2638/2494/1981 2665/2475/1981 2659/2469/1982
f 2659/2469/1982 2660/2504/1982 2638/2494/1981
f 2667/2507/1983 2666/2477/1983 2661/2471/1977
f 2661/2471/1977 2662/2505/1977 2667/2507/1983
f 2669/2508/1984 2668/2479/1984 2663/2473/1979
f 2663/2473/1979 2664/2506/1979 2669/2508/1984
f 2671/2509/1985 2670/2414/1985 2666/2477/1983
f 2666/2477/1983 2667/2507/1983 2671/2509/1985
f 2673/2510/1986 2672/2481/1986 2668/2479/1984
f 2668/2479/1984 2669/2508/1984 2673/2510/1986
f 2675/2511/1987 2674/2411/1987 2670/2414/1985
f 2670/2414/1985 2671/2509/1985 2675/2511/1987
f 2678/2512/1988 2676/2415/1988 2677/2418/2192
f 2677/2418/2192 2673/2510/2192 2678/2512/1988
f 2680/2513/1989 2679/2419/1989 2674/2411/1987
f 2674/2411/1987 2675/2511/1987 2680/2513/1989
f 2682/2514/1990 2681/2421/1990 2676/2415/1988
f 2676/2415/1988 2678/2512/1988 2682/2514/1990
f 2618/2484/1991 2683/2423/1991 2679/2419/1989
f 2679/2419/1989 2680/2513/1989 2618/2484/1991
f 2622/2486/1992 2621/2425/1992 2681/2421/1990
f 2681/2421/1990 2682/2514/1990 2622/2486/1992
f 2687/2515/2193 2684/2491/2193 2685/2489/2194
f 2685/2489/2194 2686/2516/2194 2687/2515/2193
f 2691/2517/2195 2688/2492/2195 2689/2490/2196
f 2689/2490/2196 2690/2518/2196 2691/2517/2195
f 2695/2519/2197 2692/2493/2197 2693/2494/2198
f 2693/2494/2198 2694/2520/2198 2695/2519/2197
f 2697/2521/2199 2696/2495/2199 2684/2491/2193
f 2684/2491/2193 2687/2515/2193 2697/2521/2199
f 2699/2522/2200 2698/2496/2200 2688/2492/2195
f 2688/2492/2195 2691/2517/2195 2699/2522/2200
f 2701/2523/2201 2700/2497/2201 2692/2493/2197
f 2692/2493/2197 2695/2519/2197 2701/2523/2201
f 2703/2524/2202 2702/2498/2202 2696/2495/2199
f 2696/2495/2199 2697/2521/2199 2703/2524/2202
f 2705/2525/2203 2704/2499/2203 2698/2496/2200
f 2698/2496/2200 2699/2522/2200 2705/2525/2203
f 2707/2526/2204 2706/2500/2204 2700/2497/2201
f 2700/2497/2201 2701/2523/2201 2707/2526/2204
f 2709/2527/2205 2708/2501/2205 2702/2498/2202
f 2702/2498/2202 2703/2524/2202 2709/2527/2205
f 2711/2528/2206 2710/2502/2206 2704/2499/2203
f 2704/2499/2203 2705/2525/2203 2711/2528/2206
f 2713/2529/2207 2712/2503/2207 2706/2500/2204
f 2706/2500/2204 2707/2526/2204 2713/2529/2207
f 2715/2530/2208 2714/2504/2208 2708/2501/2205
f 2708/2501/2205 2709/2527/2205 2715/2530/2208
f 2717/2531/2209 2716/2505/2209 2710/2502/2206
f 2710/2502/2206 2711/2528/2206 2717/2531/2209
f 2719/2532/2210 2718/2506/2210 2712/2503/2207
f 2712/2503/2207 2713/2529/2207 2719/2532/2210
f 2694/2520/2198 2693/2494/2198 2714/2504/2208
f 2714/2504/2208 2715/2530/2208 2694/2520/2198
f 2721/2533/2211 2720/2507/2211 2716/2505/2209
f 2716/2505/2209 2717/2531/2209 2721/2533/2211
f 2723/2534/2212 2722/2508/2212 2718/2506/2210
f 2718/2506/2210 2719/2532/2210 2723/2534/2212
f 2725/2535/2213 2724/2509/2213 2720/2507/2211
f 2720/2507/2211 2721/2533/2211 2725/2535/2213
f 2727/2536/2214 2726/2510/2214 2722/2508/2212
f 2722/2508/2212 2723/2534/2212 2727/2536/2214
f 2729/2537/2215 2728/2511/2215 2724/2509/2213
f 2724/2509/2213 2725/2535/2213 2729/2537/2215
f 2731/2538/2216 2730/2512/2216 2726/2510/2214
f 2726/2510/2214 2727/2536/2214 2731/2538/2216
f 2733/2539/2217 2732/2513/2217 2728/2511/2215
f 2728/2511/2215 2729/2537/2215 2733/2539/2217
f 2735/2540/2218 2734/2514/2218 2730/2512/2216
f 2730/2512/2216 2731/2538/2216 2735/2540/2218
f 2737/2541/2219 2736/2484/2219 2732/2513/2217
f 2732/2513/2217 2733/2539/2217 2737/2541/2219
f 2739/2542/2220 2738/2486/2220 2734/2514/2218
f 2734/2514/2218 2735/2540/2218 2739/2542/2220
f 2741/2543/2221 2740/2483/2221 2736/2484/2219
f 2736/2484/2219 2737/2541/2219 2741/2543/2221
f 2743/2544/2222 2742/2485/2222 2738/2486/2220
f 2738/2486/2220 2739/2542/2220 2743/2544/2222
f 2745/2545/2223 2744/2487/2223 2740/2483/2221
f 2740/2483/2221 2741/2543/2221 2745/2545/2223
f 2747/2546/2224 2746/2488/2224 2742/2485/2222
f 2742/2485/2222 2743/2544/2222 2747/2546/2224
f 2686/2516/2194 2685/2489/2194 2744/2487/2223
f 2744/2487/2223 2745/2545/2223 2686/2516/2194
f 2690/2518/2196 2689/2490/2196 2746/2488/2224
f 2746/2488/2224 2747/2546/2224 2690/2518/2196
s 0
f 2751/2547/2225 2748/2527/2225 2749/2524/2225
f 2749/2524/2225 2750/2548/2225 2751/2547/2225
f 2755/2549/2225 2752/2528/2225 2753/2525/2225
f 2753/2525/2225 2754/2550/2225 2755/2549/2225
f 2759/2551/2225 2756/2529/2225 2757/2526/2225
f 2757/2526/2225 2758/2552/2225 2759/2551/2225
f 2761/2553/2225 2760/2530/2225 2748/2527/2225
f 2748/2527/2225 2751/2547/2225 2761/2553/2225
f 2763/2554/2225 2762/2531/2225 2752/2528/2225
f 2752/2528/2225 2755/2549/2225 2763/2554/2225
f 2766/2555/2225 2764/2532/2225 2756/2529/2225
f 2756/2529/2225 2765/2556/2225 2766/2555/2225
f 2768/2557/2225 2767/2520/2225 2760/2530/2225
f 2760/2530/2225 2761/2553/2225 2768/2557/2225
f 2770/2558/2225 2769/2533/2225 2762/2531/2225
f 2762/2531/2225 2763/2554/2225 2770/2558/2225
f 2772/2559/2225 2771/2534/2225 2764/2532/2225
f 2764/2532/2225 2766/2555/2225 2772/2559/2225
f 2774/2560/2225 2773/2535/2225 2769/2533/2225
f 2769/2533/2225 2770/2558/2225 2774/2560/2225
f 2776/2561/2225 2775/2536/2225 2771/2534/2225
f 2771/2534/2225 2772/2559/2225 2776/2561/2225
f 2778/2562/2225 2777/2537/2225 2773/2535/2225
f 2773/2535/2225 2774/2560/2225 2778/2562/2225
f 2780/2563/2225 2779/2538/2225 2775/2536/2225
f 2775/2536/2225 2776/2561/2225 2780/2563/2225
f 2782/2564/2225 2781/2539/2225 2777/2537/2225
f 2777/2537/2225 2778/2562/2225 2782/2564/2225
f 2784/2565/2225 2783/2540/2225 2779/2538/2225
f 2779/2538/2225 2780/2563/2225 2784/2565/2225
f 2786/2566/2225 2785/2541/2225 2781/2539/2225
f 2781/2539/2225 2782/2564/2225 2786/2566/2225
f 2788/2567/2225 2787/2542/2225 2783/2540/2225
f 2783/2540/2225 2784/2565/2225 2788/2567/2225
f 2790/2568/2225 2789/2543/2225 2785/2541/2225
f 2785/2541/2225 2786/2566/2225 2790/2568/2225
f 2792/2569/2225 2791/2544/2225 2787/2542/2225
f 2787/2542/2225 2788/2567/2225 2792/2569/2225
f 2794/2570/2225 2793/2545/2225 2789/2543/2225
f 2789/2543/2225 2790/2568/2225 2794/2570/2225
f 2796/2571/2225 2795/2546/2225 2791/2544/2225
f 2791/2544/2225 2792/2569/2225 2796/2571/2225
f 2798/2572/2225 2797/2516/2225 2793/2545/2225
f 2793/2545/2225 2794/2570/2225 2798/2572/2225
f 2800/2573/2225 2799/2518/2225 2795/2546/2225
f 2795/2546/2225 2796/2571/2225 2800/2573/2225
f 2802/2574/2225 2801/2515/2225 2797/2516/2225
f 2797/2516/2225 2798/2572/2225 2802/2574/2225
f 2804/2575/2225 2803/2517/2225 2799/2518/2225
f 2799/2518/2225 2800/2573/2225 2804/2575/2225
f 2806/2576/2225 2805/2519/2225 2767/2520/2225
f 2767/2520/2225 2768/2557/2225 2806/2576/2225
f 2808/2577/2225 2807/2521/2225 2801/2515/2225
f 2801/2515/2225 2802/2574/2225 2808/2577/2225
f 2810/2578/2225 2809/2522/2225 2803/2517/2225
f 2803/2517/2225 2804/2575/2225 2810/2578/2225
f 2812/2579/2225 2811/2523/2225 2805/2519/2225
f 2805/2519/2225 2806/2576/2225 2812/2579/2225
f 2750/2548/2225 2749/2524/2225 2807/2521/2225
f 2807/2521/2225 2808/2577/2225 2750/2548/2225
f 2754/2550/2225 2753/2525/2225 2809/2522/2225
f 2809/2522/2225 2810/2578/2225 2754/2550/2225
f 2758/2552/2225 2757/2526/2225 2811/2523/2225
f 2811/2523/2225 2812/2579/2225 2758/2552/2225
s 1
f 1263/1232/1189 1274/1242/1199 2813/2580/2226
f 2813/2580/2226 2814/2581/2227 1263/1232/1189
f 1271/1239/1196 2815/2582/2228 2813/2580/2226
f 2813/2580/2226 1274/1242/1199 1271/1239/1196
f 1268/1236/1193 2816/2583/2229 2815/2582/2228
f 2815/2582/2228 1271/1239/1196 1268/1236/1193
f 1265/1233/1190 2817/2584/2230 2816/2583/2229
f 2816/2583/2229 1268/1236/1193 1265/1233/1190
f 1261/1228/1185 2818/2585/2231 2817/2584/2230
f 2817/2584/2230 1265/1233/1190 1261/1228/1185
f 1260/1229/1186 2819/2586/2232 2818/2585/2231
f 2818/2585/2231 1261/1228/1185 1260/1229/1186
f 1291/1259/1216 2820/2587/2233 2819/2586/2232
f 2819/2586/2232 1260/1229/1186 1291/1259/1216
f 1289/1257/1214 2821/2588/2234 2820/2587/2233
f 2820/2587/2233 1291/1259/1216 1289/1257/1214
f 1287/1255/1212 2822/2589/2235 2821/2588/2234
f 2821/2588/2234 1289/1257/1214 1287/1255/1212
f 1285/1253/1210 2823/2590/2236 2822/2589/2235
f 2822/2589/2235 1287/1255/1212 1285/1253/1210
f 1283/1250/1207 2824/2591/2237 2823/2590/2236
f 2823/2590/2236 1285/1253/1210 1283/1250/1207
f 1282/1251/1208 2825/2592/2238 2824/2591/2237
f 2824/2591/2237 1283/1250/1207 1282/1251/1208
f 1278/1246/1203 2826/2593/2239 2827/2594/2238
f 2827/2594/2238 1280/1248/1205 1278/1246/1203
f 1275/1243/1200 2828/2595/2240 2826/2593/2239
f 2826/2593/2239 1278/1246/1203 1275/1243/1200
f 1272/1240/1197 2829/2596/2241 2828/2595/2240
f 2828/2595/2240 1275/1243/1200 1272/1240/1197
f 1269/1237/1194 2830/2597/2242 2829/2596/2241
f 2829/2596/2241 1272/1240/1197 1269/1237/1194
f 1266/1234/1191 2831/2598/2243 2830/2597/2242
f 2830/2597/2242 1269/1237/1194 1266/1234/1191
f 1262/1230/1187 2832/2599/2244 2831/2598/2243
f 2831/2598/2243 1266/1234/1191 1262/1230/1187
f 1259/1226/1183 2833/2600/2245 2832/2599/2244
f 2832/2599/2244 1262/1230/1187 1259/1226/1183
f 1258/1227/1184 2834/2601/2246 2833/2600/2245
f 2833/2600/2245 1259/1226/1183 1258/1227/1184
f 1290/1258/1215 2835/2602/2247 2834/2601/2246
f 2834/2601/2246 1258/1227/1184 1290/1258/1215
f 1288/1256/1213 2836/2603/2248 2835/2602/2247
f 2835/2602/2247 1290/1258/1215 1288/1256/1213
f 1286/1254/1211 2837/2604/2249 2836/2603/2248
f 2836/2603/2248 1288/1256/1213 1286/1254/1211
f 1284/1252/1209 2838/2605/2250 2837/2604/2249
f 2837/2604/2249 1286/1254/1211 1284/1252/1209
f 1281/1249/1206 2839/2606/2251 2838/2605/2250
f 2838/2605/2250 1284/1252/1209 1281/1249/1206
f 1279/1247/1204 2840/2607/2252 2839/2606/2251
f 2839/2606/2251 1281/1249/1206 1279/1247/1204
f 1277/1244/1201 2841/2608/2253 2840/2607/2252
f 2840/2607/2252 1279/1247/1204 1277/1244/1201
f 1276/1245/1202 2842/2609/2254 2841/2608/2253
f 2841/2608/2253 1277/1244/1201 1276/1245/1202
f 1270/1238/1195 2843/2610/2255 2844/2611/2254
f 2844/2611/2254 1273/1241/1198 1270/1238/1195
f 1267/1235/1192 2845/2612/2256 2843/2610/2255
f 2843/2610/2255 1270/1238/1195 1267/1235/1192
f 1264/1231/1188 2846/2613/2257 2845/2612/2256
f 2845/2612/2256 1267/1235/1192 1264/1231/1188
f 1263/1232/1189 2814/2581/2227 2846/2613/2257
f 2846/2613/2257 1264/1231/1188 1263/1232/1189
